2026-04-22 14:39:59,339 [INFO] Activator:176 - 


2026-04-22 14:39:59,342 [INFO] Activator:177 - !SESSION log4j initialized
2026-04-22 14:40:01,665 [INFO] LogOutputStream:77 - [STDOUT_REDIRECT] 
2026-04-22 14:40:02,965 [INFO] McuFinderGlobals:63 - Set McuFinder mode to 2 (CubeIDE integrated)
2026-04-22 14:40:03,935 [INFO] ApplicationProperties:184 - Using Application install path: /opt/st/stm32cubeide_1.18.1/plugins/com.st.stm32cube.common.mx_6.14.1.202504091515
2026-04-22 14:40:03,950 [INFO] DbMcusXml:78 - Set database path to: /opt/st/stm32cubeide_1.18.1/plugins/com.st.stm32cube.common.mx_6.14.1.202504091515//db//mcu/
2026-04-22 14:40:03,950 [INFO] ApiDb:274 - Set plugin database path to: /opt/st/stm32cubeide_1.18.1/plugins/com.st.stm32cube.common.mx_6.14.1.202504091515//db//plugins/boardmanager/
2026-04-22 14:40:03,950 [WARN] ApiDb:259 - Overriding images path with different value:  => /opt/st/stm32cubeide_1.18.1/plugins/com.st.stm32cube.common.mx_6.14.1.202504091515//db//plugins/mcufinder/images/
2026-04-22 14:40:03,955 [INFO] ApiDb:250 - Set database path to: /home/vatcraft/.stmcufinder/plugins/mcufinder//mcu/
2026-04-22 14:40:03,956 [INFO] DbMcusAds:125 - Set database path to: /home/vatcraft/.stmcufinder/plugins/mcufinder//mcu/
2026-04-22 14:40:03,958 [INFO] CrossReferenceDbSqlite:203 - Set database path to: /home/vatcraft/.stmcufinder/plugins/mcufinder//mcu/cs/
2026-04-22 14:40:04,078 [INFO] RulesReader:64 - Compatibility file has been processed (302 Rules)
2026-04-22 14:40:04,141 [INFO] DbMcusXml:78 - Set database path to: /opt/st/stm32cubeide_1.18.1/plugins/com.st.stm32cube.common.mx_6.14.1.202504091515//db//mcu/
2026-04-22 14:40:04,141 [INFO] ApiDb:274 - Set plugin database path to: /opt/st/stm32cubeide_1.18.1/plugins/com.st.stm32cube.common.mx_6.14.1.202504091515//db//plugins/boardmanager/
2026-04-22 14:40:04,141 [INFO] ApiDb:261 - Set plugin images path to: /opt/st/stm32cubeide_1.18.1/plugins/com.st.stm32cube.common.mx_6.14.1.202504091515//db//plugins/mcufinder/images/
2026-04-22 14:40:04,142 [WARN] DbFile:41 - Overriding database path with different value: /home/vatcraft/.stmcufinder/plugins/mcufinder/ => /home/vatcraft/.stmcufinder/plugins/mcufinder
2026-04-22 14:40:04,142 [INFO] ApiDb:250 - Set database path to: /home/vatcraft/.stmcufinder/plugins/mcufinder//mcu/
2026-04-22 14:40:04,142 [WARN] DbFile:41 - Overriding database path with different value: /home/vatcraft/.stmcufinder/plugins/mcufinder/ => /home/vatcraft/.stmcufinder/plugins/mcufinder
2026-04-22 14:40:04,142 [INFO] DbMcusAds:125 - Set database path to: /home/vatcraft/.stmcufinder/plugins/mcufinder//mcu/
2026-04-22 14:40:04,142 [WARN] DbFile:41 - Overriding database path with different value: /home/vatcraft/.stmcufinder/plugins/mcufinder/ => /home/vatcraft/.stmcufinder/plugins/mcufinder
2026-04-22 14:40:04,142 [WARN] DbFile:41 - Overriding database path with different value: /home/vatcraft/.stmcufinder/plugins/mcufinder/ => /home/vatcraft/.stmcufinder/plugins/mcufinder
2026-04-22 14:40:04,142 [INFO] CrossReferenceDbSqlite:203 - Set database path to: /home/vatcraft/.stmcufinder/plugins/mcufinder//mcu/cs/
2026-04-22 14:40:04,204 [INFO] MainPanel:272 - HeapMemory: 268435456
2026-04-22 14:40:04,341 [INFO] DbMcusXml:78 - Set database path to: /opt/st/stm32cubeide_1.18.1/plugins/com.st.stm32cube.common.mx_6.14.1.202504091515//db//mcu/
2026-04-22 14:40:04,341 [INFO] ApiDb:274 - Set plugin database path to: /opt/st/stm32cubeide_1.18.1/plugins/com.st.stm32cube.common.mx_6.14.1.202504091515//db//plugins/boardmanager/
2026-04-22 14:40:04,341 [INFO] ApiDb:261 - Set plugin images path to: /opt/st/stm32cubeide_1.18.1/plugins/com.st.stm32cube.common.mx_6.14.1.202504091515//db//plugins/mcufinder/images/
2026-04-22 14:40:04,341 [WARN] DbFile:41 - Overriding database path with different value: /home/vatcraft/.stmcufinder/plugins/mcufinder/ => /home/vatcraft/.stmcufinder/plugins/mcufinder
2026-04-22 14:40:04,342 [INFO] ApiDb:250 - Set database path to: /home/vatcraft/.stmcufinder/plugins/mcufinder//mcu/
2026-04-22 14:40:04,342 [WARN] DbFile:41 - Overriding database path with different value: /home/vatcraft/.stmcufinder/plugins/mcufinder/ => /home/vatcraft/.stmcufinder/plugins/mcufinder
2026-04-22 14:40:04,342 [INFO] DbMcusAds:125 - Set database path to: /home/vatcraft/.stmcufinder/plugins/mcufinder//mcu/
2026-04-22 14:40:04,342 [WARN] DbFile:41 - Overriding database path with different value: /home/vatcraft/.stmcufinder/plugins/mcufinder/ => /home/vatcraft/.stmcufinder/plugins/mcufinder
2026-04-22 14:40:04,342 [WARN] DbFile:41 - Overriding database path with different value: /home/vatcraft/.stmcufinder/plugins/mcufinder/ => /home/vatcraft/.stmcufinder/plugins/mcufinder
2026-04-22 14:40:04,342 [INFO] CrossReferenceDbSqlite:203 - Set database path to: /home/vatcraft/.stmcufinder/plugins/mcufinder//mcu/cs/
2026-04-22 14:40:04,394 [INFO] ApplicationProperties:184 - Using Application install path: /opt/st/stm32cubeide_1.18.1/plugins/com.st.stm32cube.common.mx_6.14.1.202504091515
2026-04-22 14:40:04,396 [INFO] PluginManage:196 - Search for loadable plugins [exclusion list=, ]
2026-04-22 14:40:04,398 [INFO] PluginManage:310 - Check plugin analytics
2026-04-22 14:40:04,661 [INFO] AnalyticsPlugin:253 - Accepted Software Licenses: 
2026-04-22 14:40:04,661 [INFO] AnalyticsPlugin:255 - Accepted CMSIS Pack Licenses: 
2026-04-22 14:40:04,661 [INFO] AnalyticsPlugin:257 - Accepted Firmware Licenses: FW.F4.1.28.0,FW.L4.1.18.0
2026-04-22 14:40:04,665 [INFO] PluginManage:359 - Loaded plugin analytics (category:tool,tabindex:-1)
2026-04-22 14:40:04,665 [INFO] PluginManage:310 - Check plugin cadmodel
2026-04-22 14:40:04,670 [INFO] CADModel:105 - Init CAD model plugin
2026-04-22 14:40:04,670 [INFO] PluginManage:359 - Loaded plugin cadmodel (category:power,tabindex:5)
2026-04-22 14:40:04,671 [INFO] PluginManage:310 - Check plugin clock
2026-04-22 14:40:04,680 [INFO] PluginManage:359 - Loaded plugin clock (category:base,tabindex:2)
2026-04-22 14:40:04,681 [INFO] PluginManage:310 - Check plugin ddr
2026-04-22 14:40:04,684 [INFO] PluginManage:359 - Loaded plugin ddr (category:tool,tabindex:6)
2026-04-22 14:40:04,684 [INFO] PluginManage:310 - Check plugin filemanager
2026-04-22 14:40:04,835 [INFO] PluginManage:359 - Loaded plugin filemanager (category:base,tabindex:10)
2026-04-22 14:40:04,835 [INFO] PluginManage:310 - Check plugin ipmanager
2026-04-22 14:40:04,841 [INFO] PluginManage:359 - Loaded plugin ipmanager (category:base,tabindex:5)
2026-04-22 14:40:04,841 [INFO] PluginManage:310 - Check plugin lpbam
2026-04-22 14:40:04,849 [INFO] PluginManage:359 - Loaded plugin lpbam (category:base,tabindex:0)
2026-04-22 14:40:04,850 [INFO] PluginManage:310 - Check plugin memorymap
2026-04-22 14:40:04,861 [INFO] PluginManage:359 - Loaded plugin memorymap (category:base,tabindex:4)
2026-04-22 14:40:04,861 [INFO] PluginManage:310 - Check plugin pinoutandconfiguration
2026-04-22 14:40:04,868 [INFO] PluginManage:359 - Loaded plugin pinoutandconfiguration (category:base,tabindex:1)
2026-04-22 14:40:04,868 [INFO] PluginManage:310 - Check plugin pinoutconfig
2026-04-22 14:40:04,971 [WARN] SupportedApi:132 - Cannot load RTOS API schema: s4s-elt-must-match.1: The content of 'definitions' must match (annotation?, (simpleType | complexType)?, (unique | key | keyref)*)). A problem was found starting at: attribute.
2026-04-22 14:40:05,119 [INFO] PluginManage:359 - Loaded plugin pinoutconfig (category:base,tabindex:0)
2026-04-22 14:40:05,120 [INFO] PluginManage:310 - Check plugin power
2026-04-22 14:40:05,127 [INFO] PluginManage:359 - Loaded plugin power (category:power,tabindex:4)
2026-04-22 14:40:05,128 [INFO] PluginManage:310 - Check plugin projectmanager
2026-04-22 14:40:05,143 [INFO] PluginManage:359 - Loaded plugin projectmanager (category:projectmanager,tabindex:4)
2026-04-22 14:40:05,143 [INFO] PluginManage:310 - Check plugin rif
2026-04-22 14:40:05,150 [INFO] PluginManage:359 - Loaded plugin rif (category:base,tabindex:3)
2026-04-22 14:40:05,150 [INFO] PluginManage:310 - Check plugin thirdparty
2026-04-22 14:40:05,290 [WARN] IntegrityCheckThread:84 - waiting for thirdparty lock release [integrity check]
2026-04-22 14:40:05,290 [INFO] PluginManage:359 - Loaded plugin thirdparty (category:base,tabindex:-1)
2026-04-22 14:40:05,290 [INFO] IntegrityCheckThread:86 - entering critical section [integrity check]
2026-04-22 14:40:05,290 [INFO] PluginManage:310 - Check plugin tools
2026-04-22 14:40:05,291 [INFO] ThirdPartyUpdaterWithRetryManager:70 - Updater plugin not ready yet. [1/15]
2026-04-22 14:40:05,292 [INFO] PluginManage:359 - Loaded plugin tools (category:base,tabindex:7)
2026-04-22 14:40:05,293 [INFO] PluginManage:310 - Check plugin tutovideos
2026-04-22 14:40:05,452 [INFO] PluginManage:359 - Loaded plugin tutovideos (category:base,tabindex:-1)
2026-04-22 14:40:05,452 [INFO] PluginManage:310 - Check plugin updater
2026-04-22 14:40:05,481 [INFO] PluginManage:359 - Loaded plugin updater (category:base,tabindex:12)
2026-04-22 14:40:05,481 [INFO] PluginManage:310 - Check plugin userauth
2026-04-22 14:40:05,485 [INFO] UserAuth:118 - Init User Auth plugin
2026-04-22 14:40:05,486 [INFO] PluginManage:359 - Loaded plugin userauth (category:base,tabindex:14)
2026-04-22 14:40:05,487 [INFO] PluginManage:283 - PluginManage : Loaded plugins [18]
2026-04-22 14:40:05,689 [INFO] PinOutPanel:1589 - setPackage(No Configuration,No Configuration)
2026-04-22 14:40:05,761 [INFO] CADModel:165 - CPN selected for project level
2026-04-22 14:40:05,761 [INFO] CADModel:114 - Register for checkConnection events
2026-04-22 14:40:05,772 [INFO] IPUIPlugin:80 - create IPUIPlugin
2026-04-22 14:40:05,772 [INFO] PluginManager:220 - loadIPPluginJar : add openamp
2026-04-22 14:40:05,778 [INFO] IPUIPlugin:80 - create IPUIPlugin
2026-04-22 14:40:05,778 [INFO] PluginManager:220 - loadIPPluginJar : add pdm2pcm
2026-04-22 14:40:05,781 [INFO] IPUIPlugin:80 - create IPUIPlugin
2026-04-22 14:40:05,781 [INFO] PluginManager:220 - loadIPPluginJar : add touchsensing
2026-04-22 14:40:05,789 [INFO] IPUIPlugin:80 - create IPUIPlugin
2026-04-22 14:40:05,792 [INFO] PluginManager:220 - loadIPPluginJar : add plateformsettings
2026-04-22 14:40:05,797 [INFO] IPUIPlugin:80 - create IPUIPlugin
2026-04-22 14:40:05,797 [INFO] PluginManager:220 - loadIPPluginJar : add resmgrutility
2026-04-22 14:40:05,803 [INFO] IPUIPlugin:80 - create IPUIPlugin
2026-04-22 14:40:05,804 [INFO] PluginManager:220 - loadIPPluginJar : add gic
2026-04-22 14:40:05,806 [INFO] IPUIPlugin:80 - create IPUIPlugin
2026-04-22 14:40:05,806 [INFO] PluginManager:220 - loadIPPluginJar : add genericplugin
2026-04-22 14:40:05,808 [INFO] IPUIPlugin:80 - create IPUIPlugin
2026-04-22 14:40:05,808 [INFO] PluginManager:220 - loadIPPluginJar : add tracer_emb
2026-04-22 14:40:05,811 [INFO] IPUIPlugin:80 - create IPUIPlugin
2026-04-22 14:40:05,811 [INFO] PluginManager:220 - loadIPPluginJar : add extmemmanager
2026-04-22 14:40:05,814 [INFO] IPUIPlugin:80 - create IPUIPlugin
2026-04-22 14:40:05,814 [INFO] PluginManager:220 - loadIPPluginJar : add spi
2026-04-22 14:40:05,821 [INFO] IPUIPlugin:80 - create IPUIPlugin
2026-04-22 14:40:05,822 [INFO] PluginManager:220 - loadIPPluginJar : add linkedlist
2026-04-22 14:40:05,824 [INFO] IPUIPlugin:80 - create IPUIPlugin
2026-04-22 14:40:05,824 [INFO] PluginManager:220 - loadIPPluginJar : add ucpd
2026-04-22 14:40:05,826 [INFO] IPUIPlugin:80 - create IPUIPlugin
2026-04-22 14:40:05,826 [INFO] PluginManager:220 - loadIPPluginJar : add i3c
2026-04-22 14:40:05,829 [INFO] IPUIPlugin:80 - create IPUIPlugin
2026-04-22 14:40:05,829 [INFO] PluginManager:220 - loadIPPluginJar : add hash
2026-04-22 14:40:05,833 [INFO] IPUIPlugin:80 - create IPUIPlugin
2026-04-22 14:40:05,833 [INFO] PluginManager:220 - loadIPPluginJar : add nvic
2026-04-22 14:40:05,837 [INFO] IPUIPlugin:80 - create IPUIPlugin
2026-04-22 14:40:05,837 [INFO] PluginManager:220 - loadIPPluginJar : add usbx
2026-04-22 14:40:05,839 [INFO] IPUIPlugin:80 - create IPUIPlugin
2026-04-22 14:40:05,840 [INFO] PluginManager:220 - loadIPPluginJar : add cryp
2026-04-22 14:40:05,842 [INFO] IPUIPlugin:80 - create IPUIPlugin
2026-04-22 14:40:05,842 [INFO] PluginManager:220 - loadIPPluginJar : add quadspi
2026-04-22 14:40:05,844 [INFO] IPUIPlugin:80 - create IPUIPlugin
2026-04-22 14:40:05,844 [INFO] PluginManager:220 - loadIPPluginJar : add ts
2026-04-22 14:40:05,847 [INFO] IPUIPlugin:80 - create IPUIPlugin
2026-04-22 14:40:05,847 [INFO] PluginManager:220 - loadIPPluginJar : add i2c
2026-04-22 14:40:05,850 [INFO] IPUIPlugin:80 - create IPUIPlugin
2026-04-22 14:40:05,850 [INFO] PluginManager:220 - loadIPPluginJar : add ipddr
2026-04-22 14:40:05,853 [INFO] IPUIPlugin:80 - create IPUIPlugin
2026-04-22 14:40:05,853 [INFO] PluginManager:220 - loadIPPluginJar : add aes
2026-04-22 14:40:05,856 [INFO] IPUIPlugin:80 - create IPUIPlugin
2026-04-22 14:40:05,856 [INFO] PluginManager:220 - loadIPPluginJar : add sai
2026-04-22 14:40:05,859 [INFO] IPUIPlugin:80 - create IPUIPlugin
2026-04-22 14:40:05,859 [INFO] PluginManager:220 - loadIPPluginJar : add dma3
2026-04-22 14:40:05,862 [INFO] IPUIPlugin:80 - create IPUIPlugin
2026-04-22 14:40:05,862 [INFO] PluginManager:220 - loadIPPluginJar : add lorawan
2026-04-22 14:40:05,865 [INFO] IPUIPlugin:80 - create IPUIPlugin
2026-04-22 14:40:05,865 [INFO] PluginManager:220 - loadIPPluginJar : add dfsdm
2026-04-22 14:40:05,868 [INFO] IPUIPlugin:80 - create IPUIPlugin
2026-04-22 14:40:05,868 [INFO] PluginManager:220 - loadIPPluginJar : add gtzc
2026-04-22 14:40:05,871 [INFO] IPUIPlugin:80 - create IPUIPlugin
2026-04-22 14:40:05,871 [INFO] PluginManager:220 - loadIPPluginJar : add can
2026-04-22 14:40:05,876 [INFO] IPUIPlugin:80 - create IPUIPlugin
2026-04-22 14:40:05,877 [INFO] PluginManager:220 - loadIPPluginJar : add freertos
2026-04-22 14:40:05,879 [INFO] IPUIPlugin:80 - create IPUIPlugin
2026-04-22 14:40:05,879 [INFO] PluginManager:220 - loadIPPluginJar : add usart
2026-04-22 14:40:05,885 [INFO] IPUIPlugin:80 - create IPUIPlugin
2026-04-22 14:40:05,885 [INFO] PluginManager:220 - loadIPPluginJar : add fmc
2026-04-22 14:40:05,889 [INFO] IPUIPlugin:80 - create IPUIPlugin
2026-04-22 14:40:05,890 [INFO] PluginManager:220 - loadIPPluginJar : add gpio
2026-04-22 14:40:05,892 [INFO] IPUIPlugin:80 - create IPUIPlugin
2026-04-22 14:40:05,892 [INFO] PluginManager:220 - loadIPPluginJar : add i2s
2026-04-22 14:40:05,899 [INFO] IPUIPlugin:80 - create IPUIPlugin
2026-04-22 14:40:05,900 [INFO] PluginManager:220 - loadIPPluginJar : add mdma
2026-04-22 14:40:05,901 [INFO] IPUIPlugin:80 - create IPUIPlugin
2026-04-22 14:40:05,901 [INFO] PluginManager:220 - loadIPPluginJar : add ltdc
2026-04-22 14:40:05,904 [INFO] IPUIPlugin:80 - create IPUIPlugin
2026-04-22 14:40:05,904 [INFO] PluginManager:220 - loadIPPluginJar : add opamp
2026-04-22 14:40:05,910 [INFO] IPUIPlugin:80 - create IPUIPlugin
2026-04-22 14:40:05,910 [INFO] PluginManager:220 - loadIPPluginJar : add adc
2026-04-22 14:40:05,913 [INFO] IPUIPlugin:80 - create IPUIPlugin
2026-04-22 14:40:05,914 [INFO] PluginManager:220 - loadIPPluginJar : add ddr_ctrl_phy
2026-04-22 14:40:05,920 [INFO] IPUIPlugin:80 - create IPUIPlugin
2026-04-22 14:40:05,920 [INFO] PluginManager:220 - loadIPPluginJar : add stm32_wpan
2026-04-22 14:40:05,926 [INFO] IPUIPlugin:80 - create IPUIPlugin
2026-04-22 14:40:05,926 [INFO] PluginManager:220 - loadIPPluginJar : add dma
2026-04-22 14:40:05,928 [INFO] IPUIPlugin:80 - create IPUIPlugin
2026-04-22 14:40:05,928 [INFO] PluginManager:220 - loadIPPluginJar : add tsc
2026-04-22 14:40:05,930 [INFO] IPUIPlugin:80 - create IPUIPlugin
2026-04-22 14:40:05,930 [INFO] PluginManager:220 - loadIPPluginJar : add comp
2026-04-22 14:40:05,931 [INFO] IPUIPlugin:80 - create IPUIPlugin
2026-04-22 14:40:05,932 [INFO] PluginManager:220 - loadIPPluginJar : add fatfs
2026-04-22 14:40:05,934 [INFO] IPUIPlugin:80 - create IPUIPlugin
2026-04-22 14:40:05,934 [INFO] PluginManager:220 - loadIPPluginJar : add tim
2026-04-22 14:40:05,936 [INFO] IPUIPlugin:80 - create IPUIPlugin
2026-04-22 14:40:05,937 [INFO] PluginManager:220 - loadIPPluginJar : add gfxmmu
2026-04-22 14:40:05,939 [INFO] IPUIPlugin:80 - create IPUIPlugin
2026-04-22 14:40:05,939 [INFO] PluginManager:220 - loadIPPluginJar : add radio
2026-04-22 14:40:06,050 [FATAL] Updater:351 - Updater called before beeing initialized
2026-04-22 14:40:06,084 [INFO] RulesReader:64 - Compatibility file has been processed (302 Rules)
2026-04-22 14:40:06,098 [INFO] RulesReader:64 - Compatibility file has been processed (302 Rules)
2026-04-22 14:40:06,107 [INFO] CADModel:165 - CPN selected for project level
2026-04-22 14:40:06,107 [INFO] CADModel:114 - Register for checkConnection events
2026-04-22 14:40:06,107 [FATAL] Updater:351 - Updater called before beeing initialized
2026-04-22 14:40:06,107 [ERROR] CADModel:125 - Updater not yet initialized, retry later 
2026-04-22 14:40:06,259 [FATAL] Updater:351 - Updater called before beeing initialized
2026-04-22 14:40:06,261 [INFO] CADModel:165 - CPN selected for project level
2026-04-22 14:40:06,261 [INFO] CADModel:114 - Register for checkConnection events
2026-04-22 14:40:06,262 [FATAL] Updater:351 - Updater called before beeing initialized
2026-04-22 14:40:06,262 [ERROR] CADModel:125 - Updater not yet initialized, retry later 
2026-04-22 14:40:06,266 [FATAL] Updater:351 - Updater called before beeing initialized
2026-04-22 14:40:06,367 [FATAL] Updater:351 - Updater called before beeing initialized
2026-04-22 14:40:06,371 [INFO] DbMcusAds:53 - JSON generation date=Fri Apr 10 16:19:02 ICT 2026 (1775812742310)
2026-04-22 14:40:06,371 [FATAL] Updater:351 - Updater called before beeing initialized
2026-04-22 14:40:06,406 [WARN] DetailPanel:346 - Failed to get advertising image, set to default
2026-04-22 14:40:06,656 [FATAL] Updater:351 - Updater called before beeing initialized
2026-04-22 14:40:06,658 [FATAL] Updater:351 - Updater called before beeing initialized
2026-04-22 14:40:06,658 [FATAL] Updater:351 - Updater called before beeing initialized
2026-04-22 14:40:06,658 [WARN] DetailPanel:346 - Failed to get advertising image, set to default
2026-04-22 14:40:06,660 [FATAL] Updater:351 - Updater called before beeing initialized
2026-04-22 14:40:06,698 [ERROR] Updater:1198 - MainUpdater not yet initialized. External WinMGr cannot be set.
2026-04-22 14:40:06,700 [INFO] Updater:1134 - Updater Version found : 6.14.1
2026-04-22 14:40:06,720 [INFO] ApplicationProperties:184 - Using Application install path: /opt/st/stm32cubeide_1.18.1/plugins/com.st.stm32cube.common.mx_6.14.1.202504091515
2026-04-22 14:40:07,068 [INFO] MainUpdater:2872 - connection check result : 10
2026-04-22 14:40:07,069 [INFO] MainUpdater:289 - Updater Check For Update Now.
2026-04-22 14:40:07,069 [INFO] MicroXplorer:498 - Change Database Version : DB.6.0.141
2026-04-22 14:40:07,082 [INFO] McuFinderGlobals:63 - Set McuFinder mode to 2 (CubeIDE integrated)
2026-04-22 14:40:07,086 [INFO] UserAuth:484 - Internet connection configuration mode: 1
2026-04-22 14:40:07,165 [INFO] JxBrowserEngine:152 - Initiate JxBrowser Engine with user profile folder
2026-04-22 14:40:07,379 [INFO] CheckServerUpdateThread:120 - End of CheckServer Thread
2026-04-22 14:40:07,487 [INFO] MainUpdater:2872 - connection check result : 10
2026-04-22 14:40:08,071 [INFO] MainUpdater:2872 - connection check result : 10
2026-04-22 14:40:08,133 [INFO] ApiDb:581 - Connected to CubeFinder SQLite database (/home/vatcraft/.stmcufinder/plugins/mcufinder/mcu/cube-finder-db.db)
2026-04-22 14:40:08,195 [INFO] MainUpdater:2872 - connection check result : 10
2026-04-22 14:40:08,276 [INFO] ApiDb:668 - CubeFinder database Data Model version=2.1
2026-04-22 14:40:08,276 [INFO] ApiDb:669 - CubeFinder database Configuration version=3.0.42
2026-04-22 14:40:08,276 [INFO] ApiDb:670 - CubeFinder database generation date=2026-03-11 (1773229989)
2026-04-22 14:40:08,277 [INFO] ApiDb:671 - CubeFinder database FW Pack versions=[FP-ATR-ASTRA1_V2.0.0, FP-SNS-FLIGHT1_V5.1.0, FP-SNS-MOTENV1_V5.1.0, FP-SNS-MOTENVWB1_V1.5.0, FP-SNS-SMARTAG2_V1.2.0, FP-SNS-STBOX1_V2.1.0, STM32Cube_FW_C0_V1.4.0, STM32Cube_FW_F4_V1.28.3, STM32Cube_FW_F7_V1.17.4, STM32Cube_FW_G0_V1.6.3, STM32Cube_FW_G4_V1.6.2, STM32Cube_FW_H5_V1.6.0, STM32Cube_FW_H7RS_V1.3.0, STM32Cube_FW_H7_V1.13.0, STM32Cube_FW_L0_V1.12.2, STM32Cube_FW_L4_V1.18.2, STM32Cube_FW_L5_V1.6.0, STM32Cube_FW_N6_V1.3.0, STM32Cube_FW_U0_V1.3.0, STM32Cube_FW_U3_V1.3.0, STM32Cube_FW_U5_V1.8.0, STM32Cube_FW_WB0_V1.4.0, STM32Cube_FW_WBA_V1.9.0, STM32Cube_FW_WB_V1.24.0, STM32Cube_FW_WL3_V1.4.0, STM32Cube_FW_WL_V1.5.0, X-CUBE-ALGOBUILD_V1.4.0, X-CUBE-ALS_V1.0.2, X-CUBE-AZRTOS-F4_V1.1.0, X-CUBE-AZRTOS-F7_V1.1.0, X-CUBE-AZRTOS-G0_V1.1.0, X-CUBE-AZRTOS-G4_V2.0.0, X-CUBE-AZRTOS-H7RS_V1.1.0, X-CUBE-AZRTOS-H7_V3.4.0, X-CUBE-AZRTOS-L4_V2.0.0, X-CUBE-AZRTOS-L5_V2.0.0, X-CUBE-AZRTOS-WB_V2.0.0, X-CUBE-AZRTOS-WL_V2.0.0, X-CUBE-BLE1_V7.1.0, X-CUBE-BLE2_V3.3.0, X-CUBE-BLEMGR_V4.1.0, X-CUBE-EEPRMA1_V5.2.0, X-CUBE-FREERTOS_V1.5.0, X-CUBE-GNSS1_V6.0.0, X-CUBE-MEMS1_V12.0.0, X-CUBE-NFC4_V3.0.0, X-CUBE-NFC7_V2.0.0, X-CUBE-SFXS2LP1_V4.0.0, X-CUBE-ST67W61_V1.2.0, X-CUBE-SUBG2_V5.0.0, X-CUBE-TOF1_V3.4.3]
2026-04-22 14:40:08,370 [ERROR] LogOutputStream:75 - [STDERR_REDIRECT] java.lang.NullPointerException: Cannot invoke "com.st.stm32cube.common.mx.targetselector.IdeMcuFinder.getBoard()" because "this.mcuFinder" is null
2026-04-22 14:40:08,372 [ERROR] LogOutputStream:75 - [STDERR_REDIRECT] 	at com.st.stm32cube.common.mx.targetselector.TargetSelectorAdapter.getBoard(TargetSelectorAdapter.java:372)
2026-04-22 14:40:08,373 [ERROR] LogOutputStream:75 - [STDERR_REDIRECT] 	at com.st.stm32cube.common.projectcreation.ui.wizard.TargetSetupPageAbstract.getSelectedTargetName(TargetSetupPageAbstract.java:462)
2026-04-22 14:40:08,373 [ERROR] LogOutputStream:75 - [STDERR_REDIRECT] 	at com.st.stm32cube.common.projectcreation.ui.wizard.ProjectSetupPageAbstract.getTargetObject(ProjectSetupPageAbstract.java:1105)
2026-04-22 14:40:08,374 [ERROR] LogOutputStream:75 - [STDERR_REDIRECT] 	at com.st.stm32cube.common.projectcreation.ui.projectStructure.ProjectStructureCompositeFactory.createProjectStructureComposite(ProjectStructureCompositeFactory.java:22)
2026-04-22 14:40:08,376 [ERROR] LogOutputStream:75 - [STDERR_REDIRECT] 	at com.st.stm32cube.common.projectcreation.ui.wizard.ProjectSetupPageAbstract.createControl(ProjectSetupPageAbstract.java:388)
2026-04-22 14:40:08,377 [ERROR] LogOutputStream:75 - [STDERR_REDIRECT] 	at org.eclipse.jface.wizard.Wizard.createPageControls(Wizard.java:180)
2026-04-22 14:40:08,377 [ERROR] LogOutputStream:75 - [STDERR_REDIRECT] 	at org.eclipse.jface.wizard.WizardDialog.createPageControls(WizardDialog.java:744)
2026-04-22 14:40:08,378 [ERROR] LogOutputStream:75 - [STDERR_REDIRECT] 	at org.eclipse.jface.wizard.WizardDialog.createContents(WizardDialog.java:637)
2026-04-22 14:40:08,378 [ERROR] LogOutputStream:75 - [STDERR_REDIRECT] 	at org.eclipse.jface.window.Window.create(Window.java:431)
2026-04-22 14:40:08,379 [ERROR] LogOutputStream:75 - [STDERR_REDIRECT] 	at org.eclipse.jface.dialogs.Dialog.create(Dialog.java:1092)
2026-04-22 14:40:08,382 [ERROR] LogOutputStream:75 - [STDERR_REDIRECT] 	at org.eclipse.jface.window.Window.open(Window.java:788)
2026-04-22 14:40:08,382 [ERROR] LogOutputStream:75 - [STDERR_REDIRECT] 	at com.st.stm32cube.ide.mcu.informationcenter.WelcomePageAction.run(WelcomePageAction.java:54)
2026-04-22 14:40:08,383 [ERROR] LogOutputStream:75 - [STDERR_REDIRECT] 	at org.eclipse.ui.internal.intro.impl.model.url.IntroURL.runAction(IntroURL.java:272)
2026-04-22 14:40:08,383 [ERROR] LogOutputStream:75 - [STDERR_REDIRECT] 	at org.eclipse.ui.internal.intro.impl.model.url.IntroURL.doExecute(IntroURL.java:187)
2026-04-22 14:40:08,383 [ERROR] LogOutputStream:75 - [STDERR_REDIRECT] 	at org.eclipse.ui.internal.intro.impl.model.url.IntroURL.lambda$0(IntroURL.java:142)
2026-04-22 14:40:08,384 [ERROR] LogOutputStream:75 - [STDERR_REDIRECT] 	at org.eclipse.swt.custom.BusyIndicator.showWhile(BusyIndicator.java:67)
2026-04-22 14:40:08,384 [ERROR] LogOutputStream:75 - [STDERR_REDIRECT] 	at org.eclipse.ui.internal.intro.impl.model.url.IntroURL.execute(IntroURL.java:142)
2026-04-22 14:40:08,385 [ERROR] LogOutputStream:75 - [STDERR_REDIRECT] 	at org.eclipse.ui.internal.intro.impl.presentations.BrowserIntroPartLocationListener.changing(BrowserIntroPartLocationListener.java:130)
2026-04-22 14:40:08,386 [ERROR] LogOutputStream:75 - [STDERR_REDIRECT] 	at org.eclipse.swt.browser.WebKit.webkit_decide_policy(WebKit.java:2300)
2026-04-22 14:40:08,386 [ERROR] LogOutputStream:75 - [STDERR_REDIRECT] 	at org.eclipse.swt.browser.WebKit.webViewProc(WebKit.java:609)
2026-04-22 14:40:08,388 [ERROR] LogOutputStream:75 - [STDERR_REDIRECT] 	at org.eclipse.swt.browser.WebKit.Proc(WebKit.java:530)
2026-04-22 14:40:08,388 [ERROR] LogOutputStream:75 - [STDERR_REDIRECT] 	at org.eclipse.swt.internal.gtk3.GTK3.gtk_main_iteration_do(Native Method)
2026-04-22 14:40:08,389 [ERROR] LogOutputStream:75 - [STDERR_REDIRECT] 	at org.eclipse.swt.widgets.Shell.setVisible(Shell.java:2995)
2026-04-22 14:40:08,389 [ERROR] LogOutputStream:75 - [STDERR_REDIRECT] 	at org.eclipse.swt.widgets.Shell.open(Shell.java:2050)
2026-04-22 14:40:08,389 [ERROR] LogOutputStream:75 - [STDERR_REDIRECT] 	at org.eclipse.jface.window.Window.open(Window.java:795)
2026-04-22 14:40:08,390 [ERROR] LogOutputStream:75 - [STDERR_REDIRECT] 	at org.eclipse.jface.dialogs.ProgressMonitorDialog.open(ProgressMonitorDialog.java:632)
2026-04-22 14:40:08,391 [ERROR] LogOutputStream:75 - [STDERR_REDIRECT] 	at org.eclipse.jface.dialogs.ProgressMonitorDialog.aboutToRun(ProgressMonitorDialog.java:541)
2026-04-22 14:40:08,392 [ERROR] LogOutputStream:75 - [STDERR_REDIRECT] 	at org.eclipse.jface.dialogs.ProgressMonitorDialog.run(ProgressMonitorDialog.java:467)
2026-04-22 14:40:08,393 [ERROR] LogOutputStream:75 - [STDERR_REDIRECT] 	at com.st.stm32cube.common.mx.targetselector.TargetSelectorAdapter.launchMCUFinder(TargetSelectorAdapter.java:286)
2026-04-22 14:40:08,394 [ERROR] LogOutputStream:75 - [STDERR_REDIRECT] 	at com.st.stm32cube.common.mx.targetselector.TargetSelectorAdapter.addTargetSelector(TargetSelectorAdapter.java:181)
2026-04-22 14:40:08,395 [ERROR] LogOutputStream:75 - [STDERR_REDIRECT] 	at com.st.stm32cube.common.projectcreation.ui.wizard.TargetSetupPageAbstract.createControl(TargetSetupPageAbstract.java:131)
2026-04-22 14:40:08,395 [ERROR] LogOutputStream:75 - [STDERR_REDIRECT] 	at org.eclipse.jface.wizard.Wizard.createPageControls(Wizard.java:180)
2026-04-22 14:40:08,397 [ERROR] LogOutputStream:75 - [STDERR_REDIRECT] 	at org.eclipse.jface.wizard.WizardDialog.createPageControls(WizardDialog.java:744)
2026-04-22 14:40:08,397 [ERROR] LogOutputStream:75 - [STDERR_REDIRECT] 	at org.eclipse.jface.wizard.WizardDialog.createContents(WizardDialog.java:637)
2026-04-22 14:40:08,398 [ERROR] LogOutputStream:75 - [STDERR_REDIRECT] 	at org.eclipse.jface.window.Window.create(Window.java:431)
2026-04-22 14:40:08,398 [ERROR] LogOutputStream:75 - [STDERR_REDIRECT] 	at org.eclipse.jface.dialogs.Dialog.create(Dialog.java:1092)
2026-04-22 14:40:08,399 [ERROR] LogOutputStream:75 - [STDERR_REDIRECT] 	at org.eclipse.jface.window.Window.open(Window.java:788)
2026-04-22 14:40:08,399 [ERROR] LogOutputStream:75 - [STDERR_REDIRECT] 	at com.st.stm32cube.ide.mcu.informationcenter.WelcomePageAction.run(WelcomePageAction.java:54)
2026-04-22 14:40:08,401 [ERROR] LogOutputStream:75 - [STDERR_REDIRECT] 	at org.eclipse.ui.internal.intro.impl.model.url.IntroURL.runAction(IntroURL.java:272)
2026-04-22 14:40:08,402 [ERROR] LogOutputStream:75 - [STDERR_REDIRECT] 	at org.eclipse.ui.internal.intro.impl.model.url.IntroURL.doExecute(IntroURL.java:187)
2026-04-22 14:40:08,402 [ERROR] LogOutputStream:75 - [STDERR_REDIRECT] 	at org.eclipse.ui.internal.intro.impl.model.url.IntroURL.lambda$0(IntroURL.java:142)
2026-04-22 14:40:08,404 [ERROR] LogOutputStream:75 - [STDERR_REDIRECT] 	at org.eclipse.swt.custom.BusyIndicator.showWhile(BusyIndicator.java:67)
2026-04-22 14:40:08,405 [ERROR] LogOutputStream:75 - [STDERR_REDIRECT] 	at org.eclipse.ui.internal.intro.impl.model.url.IntroURL.execute(IntroURL.java:142)
2026-04-22 14:40:08,406 [ERROR] LogOutputStream:75 - [STDERR_REDIRECT] 	at org.eclipse.ui.internal.intro.impl.presentations.BrowserIntroPartLocationListener.changing(BrowserIntroPartLocationListener.java:130)
2026-04-22 14:40:08,406 [ERROR] LogOutputStream:75 - [STDERR_REDIRECT] 	at org.eclipse.swt.browser.WebKit.webkit_decide_policy(WebKit.java:2300)
2026-04-22 14:40:08,407 [ERROR] LogOutputStream:75 - [STDERR_REDIRECT] 	at org.eclipse.swt.browser.WebKit.webViewProc(WebKit.java:609)
2026-04-22 14:40:08,408 [ERROR] LogOutputStream:75 - [STDERR_REDIRECT] 	at org.eclipse.swt.browser.WebKit.Proc(WebKit.java:530)
2026-04-22 14:40:08,409 [ERROR] LogOutputStream:75 - [STDERR_REDIRECT] 	at org.eclipse.swt.internal.gtk3.GTK3.gtk_main_iteration_do(Native Method)
2026-04-22 14:40:08,409 [ERROR] LogOutputStream:75 - [STDERR_REDIRECT] 	at org.eclipse.swt.widgets.Display.readAndDispatch(Display.java:4514)
2026-04-22 14:40:08,410 [ERROR] LogOutputStream:75 - [STDERR_REDIRECT] 	at com.st.stm32cube.common.mx.oss.core.awtswtbridge.SwtInputBlocker.open(SwtInputBlocker.java:55)
2026-04-22 14:40:08,411 [ERROR] LogOutputStream:75 - [STDERR_REDIRECT] 	at com.st.stm32cube.common.mx.oss.core.awtswtbridge.SwtInputBlocker.block(SwtInputBlocker.java:111)
2026-04-22 14:40:08,411 [ERROR] LogOutputStream:75 - [STDERR_REDIRECT] 	at com.st.stm32cube.common.mx.oss.core.awtswtbridge.AwtEnvironment.invokeAwt(AwtEnvironment.java:179)
2026-04-22 14:40:08,414 [ERROR] LogOutputStream:75 - [STDERR_REDIRECT] 	at com.st.stm32cube.common.mx.oss.core.awtswtbridge.EmbeddedSwingComposite.populate(EmbeddedSwingComposite.java:286)
2026-04-22 14:40:08,414 [ERROR] LogOutputStream:75 - [STDERR_REDIRECT] 	at com.st.stm32cube.common.mx.oss.core.awtswtbridge.EmbeddedSwingComposite.populate(EmbeddedSwingComposite.java:332)
2026-04-22 14:40:08,415 [ERROR] LogOutputStream:75 - [STDERR_REDIRECT] 	at com.st.stm32cube.common.mx.targetselector.TargetSelectorAdapter$6.run(TargetSelectorAdapter.java:316)
2026-04-22 14:40:08,415 [ERROR] LogOutputStream:75 - [STDERR_REDIRECT] 	at org.eclipse.jface.operation.ModalContext.runInCurrentThread(ModalContext.java:434)
2026-04-22 14:40:08,416 [ERROR] LogOutputStream:75 - [STDERR_REDIRECT] 	at org.eclipse.jface.operation.ModalContext.run(ModalContext.java:354)
2026-04-22 14:40:08,416 [ERROR] LogOutputStream:75 - [STDERR_REDIRECT] 	at org.eclipse.jface.dialogs.ProgressMonitorDialog.run(ProgressMonitorDialog.java:470)
2026-04-22 14:40:08,417 [ERROR] LogOutputStream:75 - [STDERR_REDIRECT] 	at com.st.stm32cube.common.mx.targetselector.TargetSelectorAdapter.launchMCUFinder(TargetSelectorAdapter.java:286)
2026-04-22 14:40:08,417 [ERROR] LogOutputStream:75 - [STDERR_REDIRECT] 	at com.st.stm32cube.common.mx.targetselector.TargetSelectorAdapter.addTargetSelector(TargetSelectorAdapter.java:181)
2026-04-22 14:40:08,418 [ERROR] LogOutputStream:75 - [STDERR_REDIRECT] 	at com.st.stm32cube.common.projectcreation.ui.wizard.TargetSetupPageAbstract.createControl(TargetSetupPageAbstract.java:131)
2026-04-22 14:40:08,419 [ERROR] LogOutputStream:75 - [STDERR_REDIRECT] 	at org.eclipse.jface.wizard.Wizard.createPageControls(Wizard.java:180)
2026-04-22 14:40:08,419 [ERROR] LogOutputStream:75 - [STDERR_REDIRECT] 	at org.eclipse.jface.wizard.WizardDialog.createPageControls(WizardDialog.java:744)
2026-04-22 14:40:08,420 [ERROR] LogOutputStream:75 - [STDERR_REDIRECT] 	at org.eclipse.jface.wizard.WizardDialog.createContents(WizardDialog.java:637)
2026-04-22 14:40:08,421 [ERROR] LogOutputStream:75 - [STDERR_REDIRECT] 	at org.eclipse.jface.window.Window.create(Window.java:431)
2026-04-22 14:40:08,421 [ERROR] LogOutputStream:75 - [STDERR_REDIRECT] 	at org.eclipse.jface.dialogs.Dialog.create(Dialog.java:1092)
2026-04-22 14:40:08,422 [ERROR] LogOutputStream:75 - [STDERR_REDIRECT] 	at org.eclipse.jface.window.Window.open(Window.java:788)
2026-04-22 14:40:08,422 [ERROR] LogOutputStream:75 - [STDERR_REDIRECT] 	at com.st.stm32cube.ide.mcu.informationcenter.WelcomePageAction.run(WelcomePageAction.java:54)
2026-04-22 14:40:08,423 [ERROR] LogOutputStream:75 - [STDERR_REDIRECT] 	at org.eclipse.ui.internal.intro.impl.model.url.IntroURL.runAction(IntroURL.java:272)
2026-04-22 14:40:08,423 [ERROR] LogOutputStream:75 - [STDERR_REDIRECT] 	at org.eclipse.ui.internal.intro.impl.model.url.IntroURL.doExecute(IntroURL.java:187)
2026-04-22 14:40:08,424 [ERROR] LogOutputStream:75 - [STDERR_REDIRECT] 	at org.eclipse.ui.internal.intro.impl.model.url.IntroURL.lambda$0(IntroURL.java:142)
2026-04-22 14:40:08,424 [ERROR] LogOutputStream:75 - [STDERR_REDIRECT] 	at org.eclipse.swt.custom.BusyIndicator.showWhile(BusyIndicator.java:67)
2026-04-22 14:40:08,425 [ERROR] LogOutputStream:75 - [STDERR_REDIRECT] 	at org.eclipse.ui.internal.intro.impl.model.url.IntroURL.execute(IntroURL.java:142)
2026-04-22 14:40:08,425 [ERROR] LogOutputStream:75 - [STDERR_REDIRECT] 	at org.eclipse.ui.internal.intro.impl.presentations.BrowserIntroPartLocationListener.changing(BrowserIntroPartLocationListener.java:130)
2026-04-22 14:40:08,426 [ERROR] LogOutputStream:75 - [STDERR_REDIRECT] 	at org.eclipse.swt.browser.WebKit.webkit_decide_policy(WebKit.java:2300)
2026-04-22 14:40:08,426 [ERROR] LogOutputStream:75 - [STDERR_REDIRECT] 	at org.eclipse.swt.browser.WebKit.webViewProc(WebKit.java:609)
2026-04-22 14:40:08,426 [ERROR] LogOutputStream:75 - [STDERR_REDIRECT] 	at org.eclipse.swt.browser.WebKit.Proc(WebKit.java:530)
2026-04-22 14:40:08,427 [ERROR] LogOutputStream:75 - [STDERR_REDIRECT] 	at org.eclipse.swt.internal.gtk3.GTK3.gtk_main_iteration_do(Native Method)
2026-04-22 14:40:08,427 [ERROR] LogOutputStream:75 - [STDERR_REDIRECT] 	at org.eclipse.swt.widgets.Display.readAndDispatch(Display.java:4514)
2026-04-22 14:40:08,428 [ERROR] LogOutputStream:75 - [STDERR_REDIRECT] 	at org.eclipse.e4.ui.internal.workbench.swt.PartRenderingEngine$5.run(PartRenderingEngine.java:1151)
2026-04-22 14:40:08,428 [ERROR] LogOutputStream:75 - [STDERR_REDIRECT] 	at org.eclipse.core.databinding.observable.Realm.runWithDefault(Realm.java:339)
2026-04-22 14:40:08,428 [ERROR] LogOutputStream:75 - [STDERR_REDIRECT] 	at org.eclipse.e4.ui.internal.workbench.swt.PartRenderingEngine.run(PartRenderingEngine.java:1042)
2026-04-22 14:40:08,429 [ERROR] LogOutputStream:75 - [STDERR_REDIRECT] 	at org.eclipse.e4.ui.internal.workbench.E4Workbench.createAndRunUI(E4Workbench.java:153)
2026-04-22 14:40:08,430 [ERROR] LogOutputStream:75 - [STDERR_REDIRECT] 	at org.eclipse.ui.internal.Workbench.lambda$3(Workbench.java:639)
2026-04-22 14:40:08,430 [ERROR] LogOutputStream:75 - [STDERR_REDIRECT] 	at org.eclipse.core.databinding.observable.Realm.runWithDefault(Realm.java:339)
2026-04-22 14:40:08,431 [ERROR] LogOutputStream:75 - [STDERR_REDIRECT] 	at org.eclipse.ui.internal.Workbench.createAndRunWorkbench(Workbench.java:546)
2026-04-22 14:40:08,431 [ERROR] LogOutputStream:75 - [STDERR_REDIRECT] 	at org.eclipse.ui.PlatformUI.createAndRunWorkbench(PlatformUI.java:173)
2026-04-22 14:40:08,431 [ERROR] LogOutputStream:75 - [STDERR_REDIRECT] 	at org.eclipse.ui.internal.ide.application.IDEApplication.start(IDEApplication.java:152)
2026-04-22 14:40:08,432 [ERROR] LogOutputStream:75 - [STDERR_REDIRECT] 	at org.eclipse.equinox.internal.app.EclipseAppHandle.run(EclipseAppHandle.java:208)
2026-04-22 14:40:08,432 [ERROR] LogOutputStream:75 - [STDERR_REDIRECT] 	at org.eclipse.core.runtime.internal.adaptor.EclipseAppLauncher.runApplication(EclipseAppLauncher.java:143)
2026-04-22 14:40:08,432 [ERROR] LogOutputStream:75 - [STDERR_REDIRECT] 	at org.eclipse.core.runtime.internal.adaptor.EclipseAppLauncher.start(EclipseAppLauncher.java:109)
2026-04-22 14:40:08,433 [ERROR] LogOutputStream:75 - [STDERR_REDIRECT] 	at org.eclipse.core.runtime.adaptor.EclipseStarter.run(EclipseStarter.java:439)
2026-04-22 14:40:08,433 [ERROR] LogOutputStream:75 - [STDERR_REDIRECT] 	at org.eclipse.core.runtime.adaptor.EclipseStarter.run(EclipseStarter.java:271)
2026-04-22 14:40:08,433 [ERROR] LogOutputStream:75 - [STDERR_REDIRECT] 	at java.base/jdk.internal.reflect.DirectMethodHandleAccessor.invoke(DirectMethodHandleAccessor.java:103)
2026-04-22 14:40:08,434 [ERROR] LogOutputStream:75 - [STDERR_REDIRECT] 	at java.base/java.lang.reflect.Method.invoke(Method.java:580)
2026-04-22 14:40:08,434 [ERROR] LogOutputStream:75 - [STDERR_REDIRECT] 	at org.eclipse.equinox.launcher.Main.invokeFramework(Main.java:668)
2026-04-22 14:40:08,434 [ERROR] LogOutputStream:75 - [STDERR_REDIRECT] 	at org.eclipse.equinox.launcher.Main.basicRun(Main.java:605)
2026-04-22 14:40:08,435 [ERROR] LogOutputStream:75 - [STDERR_REDIRECT] 	at org.eclipse.equinox.launcher.Main.run(Main.java:1481)
2026-04-22 14:40:08,436 [ERROR] LogOutputStream:75 - [STDERR_REDIRECT] 	at org.eclipse.equinox.launcher.Main.main(Main.java:1454)
2026-04-22 14:40:08,499 [INFO] DbBoardsSqlite:226 - include board P-NUCLEO-WB55-NUCLEO as a kit item of type 'Nucleo-64'
2026-04-22 14:40:08,500 [INFO] DbBoardsSqlite:226 - include board P-NUCLEO-WB55-USBDONGLE as a kit item of type 'Nucleo USB Dongle'
2026-04-22 14:40:08,503 [INFO] DbBoardsSqlite:226 - include board STEVAL-IDP005V1 as a kit item of type 'Evaluation Board'
2026-04-22 14:40:08,503 [INFO] DbBoardsSqlite:226 - include board STEVAL-IDP005V2 as a kit item of type 'Evaluation Board'
2026-04-22 14:40:08,534 [ERROR] LogOutputStream:75 - [STDERR_REDIRECT] java.lang.NullPointerException: Cannot invoke "com.st.stm32cube.common.mx.targetselector.IdeMcuFinder.getBoard()" because "this.mcuFinder" is null
2026-04-22 14:40:08,535 [ERROR] LogOutputStream:75 - [STDERR_REDIRECT] 	at com.st.stm32cube.common.mx.targetselector.TargetSelectorAdapter.getBoard(TargetSelectorAdapter.java:372)
2026-04-22 14:40:08,535 [ERROR] LogOutputStream:75 - [STDERR_REDIRECT] 	at com.st.stm32cube.common.projectcreation.ui.wizard.TargetSetupPageAbstract.getSelectedTargetName(TargetSetupPageAbstract.java:462)
2026-04-22 14:40:08,535 [ERROR] LogOutputStream:75 - [STDERR_REDIRECT] 	at com.st.stm32cube.common.projectcreation.ui.wizard.ProjectSetupPageAbstract.getTargetObject(ProjectSetupPageAbstract.java:1105)
2026-04-22 14:40:08,536 [ERROR] LogOutputStream:75 - [STDERR_REDIRECT] 	at com.st.stm32cube.common.projectcreation.ui.projectStructure.ProjectStructureCompositeFactory.createProjectStructureComposite(ProjectStructureCompositeFactory.java:22)
2026-04-22 14:40:08,536 [ERROR] LogOutputStream:75 - [STDERR_REDIRECT] 	at com.st.stm32cube.common.projectcreation.ui.wizard.ProjectSetupPageAbstract.createControl(ProjectSetupPageAbstract.java:388)
2026-04-22 14:40:08,536 [ERROR] LogOutputStream:75 - [STDERR_REDIRECT] 	at org.eclipse.jface.wizard.Wizard.createPageControls(Wizard.java:180)
2026-04-22 14:40:08,537 [ERROR] LogOutputStream:75 - [STDERR_REDIRECT] 	at org.eclipse.jface.wizard.WizardDialog.createPageControls(WizardDialog.java:744)
2026-04-22 14:40:08,537 [ERROR] LogOutputStream:75 - [STDERR_REDIRECT] 	at org.eclipse.jface.wizard.WizardDialog.createContents(WizardDialog.java:637)
2026-04-22 14:40:08,537 [ERROR] LogOutputStream:75 - [STDERR_REDIRECT] 	at org.eclipse.jface.window.Window.create(Window.java:431)
2026-04-22 14:40:08,538 [ERROR] LogOutputStream:75 - [STDERR_REDIRECT] 	at org.eclipse.jface.dialogs.Dialog.create(Dialog.java:1092)
2026-04-22 14:40:08,538 [ERROR] LogOutputStream:75 - [STDERR_REDIRECT] 	at org.eclipse.jface.window.Window.open(Window.java:788)
2026-04-22 14:40:08,538 [ERROR] LogOutputStream:75 - [STDERR_REDIRECT] 	at com.st.stm32cube.ide.mcu.informationcenter.WelcomePageAction.run(WelcomePageAction.java:54)
2026-04-22 14:40:08,539 [ERROR] LogOutputStream:75 - [STDERR_REDIRECT] 	at org.eclipse.ui.internal.intro.impl.model.url.IntroURL.runAction(IntroURL.java:272)
2026-04-22 14:40:08,539 [ERROR] LogOutputStream:75 - [STDERR_REDIRECT] 	at org.eclipse.ui.internal.intro.impl.model.url.IntroURL.doExecute(IntroURL.java:187)
2026-04-22 14:40:08,540 [ERROR] LogOutputStream:75 - [STDERR_REDIRECT] 	at org.eclipse.ui.internal.intro.impl.model.url.IntroURL.lambda$0(IntroURL.java:142)
2026-04-22 14:40:08,540 [ERROR] LogOutputStream:75 - [STDERR_REDIRECT] 	at org.eclipse.swt.custom.BusyIndicator.showWhile(BusyIndicator.java:67)
2026-04-22 14:40:08,540 [ERROR] LogOutputStream:75 - [STDERR_REDIRECT] 	at org.eclipse.ui.internal.intro.impl.model.url.IntroURL.execute(IntroURL.java:142)
2026-04-22 14:40:08,541 [ERROR] LogOutputStream:75 - [STDERR_REDIRECT] 	at org.eclipse.ui.internal.intro.impl.presentations.BrowserIntroPartLocationListener.changing(BrowserIntroPartLocationListener.java:130)
2026-04-22 14:40:08,541 [ERROR] LogOutputStream:75 - [STDERR_REDIRECT] 	at org.eclipse.swt.browser.WebKit.webkit_decide_policy(WebKit.java:2300)
2026-04-22 14:40:08,542 [ERROR] LogOutputStream:75 - [STDERR_REDIRECT] 	at org.eclipse.swt.browser.WebKit.webViewProc(WebKit.java:609)
2026-04-22 14:40:08,542 [ERROR] LogOutputStream:75 - [STDERR_REDIRECT] 	at org.eclipse.swt.browser.WebKit.Proc(WebKit.java:530)
2026-04-22 14:40:08,542 [ERROR] LogOutputStream:75 - [STDERR_REDIRECT] 	at org.eclipse.swt.internal.gtk3.GTK3.gtk_main_iteration_do(Native Method)
2026-04-22 14:40:08,543 [ERROR] LogOutputStream:75 - [STDERR_REDIRECT] 	at org.eclipse.swt.widgets.Display.readAndDispatch(Display.java:4514)
2026-04-22 14:40:08,543 [ERROR] LogOutputStream:75 - [STDERR_REDIRECT] 	at com.st.stm32cube.common.mx.oss.core.awtswtbridge.SwtInputBlocker.open(SwtInputBlocker.java:55)
2026-04-22 14:40:08,544 [ERROR] LogOutputStream:75 - [STDERR_REDIRECT] 	at com.st.stm32cube.common.mx.oss.core.awtswtbridge.SwtInputBlocker.block(SwtInputBlocker.java:111)
2026-04-22 14:40:08,544 [ERROR] LogOutputStream:75 - [STDERR_REDIRECT] 	at com.st.stm32cube.common.mx.oss.core.awtswtbridge.AwtEnvironment.invokeAwt(AwtEnvironment.java:179)
2026-04-22 14:40:08,544 [ERROR] LogOutputStream:75 - [STDERR_REDIRECT] 	at com.st.stm32cube.common.mx.oss.core.awtswtbridge.EmbeddedSwingComposite.populate(EmbeddedSwingComposite.java:286)
2026-04-22 14:40:08,545 [ERROR] LogOutputStream:75 - [STDERR_REDIRECT] 	at com.st.stm32cube.common.mx.oss.core.awtswtbridge.EmbeddedSwingComposite.populate(EmbeddedSwingComposite.java:332)
2026-04-22 14:40:08,545 [ERROR] LogOutputStream:75 - [STDERR_REDIRECT] 	at com.st.stm32cube.common.mx.targetselector.TargetSelectorAdapter$6.run(TargetSelectorAdapter.java:316)
2026-04-22 14:40:08,545 [ERROR] LogOutputStream:75 - [STDERR_REDIRECT] 	at org.eclipse.jface.operation.ModalContext.runInCurrentThread(ModalContext.java:434)
2026-04-22 14:40:08,545 [ERROR] LogOutputStream:75 - [STDERR_REDIRECT] 	at org.eclipse.jface.operation.ModalContext.run(ModalContext.java:354)
2026-04-22 14:40:08,546 [ERROR] LogOutputStream:75 - [STDERR_REDIRECT] 	at org.eclipse.jface.dialogs.ProgressMonitorDialog.run(ProgressMonitorDialog.java:470)
2026-04-22 14:40:08,546 [ERROR] LogOutputStream:75 - [STDERR_REDIRECT] 	at com.st.stm32cube.common.mx.targetselector.TargetSelectorAdapter.launchMCUFinder(TargetSelectorAdapter.java:286)
2026-04-22 14:40:08,546 [ERROR] LogOutputStream:75 - [STDERR_REDIRECT] 	at com.st.stm32cube.common.mx.targetselector.TargetSelectorAdapter.addTargetSelector(TargetSelectorAdapter.java:181)
2026-04-22 14:40:08,547 [ERROR] LogOutputStream:75 - [STDERR_REDIRECT] 	at com.st.stm32cube.common.projectcreation.ui.wizard.TargetSetupPageAbstract.createControl(TargetSetupPageAbstract.java:131)
2026-04-22 14:40:08,547 [ERROR] LogOutputStream:75 - [STDERR_REDIRECT] 	at org.eclipse.jface.wizard.Wizard.createPageControls(Wizard.java:180)
2026-04-22 14:40:08,547 [ERROR] LogOutputStream:75 - [STDERR_REDIRECT] 	at org.eclipse.jface.wizard.WizardDialog.createPageControls(WizardDialog.java:744)
2026-04-22 14:40:08,548 [ERROR] LogOutputStream:75 - [STDERR_REDIRECT] 	at org.eclipse.jface.wizard.WizardDialog.createContents(WizardDialog.java:637)
2026-04-22 14:40:08,548 [ERROR] LogOutputStream:75 - [STDERR_REDIRECT] 	at org.eclipse.jface.window.Window.create(Window.java:431)
2026-04-22 14:40:08,548 [ERROR] LogOutputStream:75 - [STDERR_REDIRECT] 	at org.eclipse.jface.dialogs.Dialog.create(Dialog.java:1092)
2026-04-22 14:40:08,549 [ERROR] LogOutputStream:75 - [STDERR_REDIRECT] 	at org.eclipse.jface.window.Window.open(Window.java:788)
2026-04-22 14:40:08,549 [ERROR] LogOutputStream:75 - [STDERR_REDIRECT] 	at com.st.stm32cube.ide.mcu.informationcenter.WelcomePageAction.run(WelcomePageAction.java:54)
2026-04-22 14:40:08,549 [ERROR] LogOutputStream:75 - [STDERR_REDIRECT] 	at org.eclipse.ui.internal.intro.impl.model.url.IntroURL.runAction(IntroURL.java:272)
2026-04-22 14:40:08,550 [ERROR] LogOutputStream:75 - [STDERR_REDIRECT] 	at org.eclipse.ui.internal.intro.impl.model.url.IntroURL.doExecute(IntroURL.java:187)
2026-04-22 14:40:08,550 [ERROR] LogOutputStream:75 - [STDERR_REDIRECT] 	at org.eclipse.ui.internal.intro.impl.model.url.IntroURL.lambda$0(IntroURL.java:142)
2026-04-22 14:40:08,550 [ERROR] LogOutputStream:75 - [STDERR_REDIRECT] 	at org.eclipse.swt.custom.BusyIndicator.showWhile(BusyIndicator.java:67)
2026-04-22 14:40:08,551 [ERROR] LogOutputStream:75 - [STDERR_REDIRECT] 	at org.eclipse.ui.internal.intro.impl.model.url.IntroURL.execute(IntroURL.java:142)
2026-04-22 14:40:08,551 [ERROR] LogOutputStream:75 - [STDERR_REDIRECT] 	at org.eclipse.ui.internal.intro.impl.presentations.BrowserIntroPartLocationListener.changing(BrowserIntroPartLocationListener.java:130)
2026-04-22 14:40:08,551 [ERROR] LogOutputStream:75 - [STDERR_REDIRECT] 	at org.eclipse.swt.browser.WebKit.webkit_decide_policy(WebKit.java:2300)
2026-04-22 14:40:08,552 [ERROR] LogOutputStream:75 - [STDERR_REDIRECT] 	at org.eclipse.swt.browser.WebKit.webViewProc(WebKit.java:609)
2026-04-22 14:40:08,552 [ERROR] LogOutputStream:75 - [STDERR_REDIRECT] 	at org.eclipse.swt.browser.WebKit.Proc(WebKit.java:530)
2026-04-22 14:40:08,552 [ERROR] LogOutputStream:75 - [STDERR_REDIRECT] 	at org.eclipse.swt.internal.gtk3.GTK3.gtk_main_iteration_do(Native Method)
2026-04-22 14:40:08,553 [ERROR] LogOutputStream:75 - [STDERR_REDIRECT] 	at org.eclipse.swt.widgets.Display.readAndDispatch(Display.java:4514)
2026-04-22 14:40:08,553 [ERROR] LogOutputStream:75 - [STDERR_REDIRECT] 	at org.eclipse.e4.ui.internal.workbench.swt.PartRenderingEngine$5.run(PartRenderingEngine.java:1151)
2026-04-22 14:40:08,553 [ERROR] LogOutputStream:75 - [STDERR_REDIRECT] 	at org.eclipse.core.databinding.observable.Realm.runWithDefault(Realm.java:339)
2026-04-22 14:40:08,554 [ERROR] LogOutputStream:75 - [STDERR_REDIRECT] 	at org.eclipse.e4.ui.internal.workbench.swt.PartRenderingEngine.run(PartRenderingEngine.java:1042)
2026-04-22 14:40:08,554 [INFO] WebApp:169 - Instantiating new browser for Auth
2026-04-22 14:40:08,554 [ERROR] LogOutputStream:75 - [STDERR_REDIRECT] 	at org.eclipse.e4.ui.internal.workbench.E4Workbench.createAndRunUI(E4Workbench.java:153)
2026-04-22 14:40:08,555 [ERROR] LogOutputStream:75 - [STDERR_REDIRECT] 	at org.eclipse.ui.internal.Workbench.lambda$3(Workbench.java:639)
2026-04-22 14:40:08,555 [ERROR] LogOutputStream:75 - [STDERR_REDIRECT] 	at org.eclipse.core.databinding.observable.Realm.runWithDefault(Realm.java:339)
2026-04-22 14:40:08,555 [ERROR] LogOutputStream:75 - [STDERR_REDIRECT] 	at org.eclipse.ui.internal.Workbench.createAndRunWorkbench(Workbench.java:546)
2026-04-22 14:40:08,556 [ERROR] LogOutputStream:75 - [STDERR_REDIRECT] 	at org.eclipse.ui.PlatformUI.createAndRunWorkbench(PlatformUI.java:173)
2026-04-22 14:40:08,556 [ERROR] LogOutputStream:75 - [STDERR_REDIRECT] 	at org.eclipse.ui.internal.ide.application.IDEApplication.start(IDEApplication.java:152)
2026-04-22 14:40:08,556 [ERROR] LogOutputStream:75 - [STDERR_REDIRECT] 	at org.eclipse.equinox.internal.app.EclipseAppHandle.run(EclipseAppHandle.java:208)
2026-04-22 14:40:08,557 [ERROR] LogOutputStream:75 - [STDERR_REDIRECT] 	at org.eclipse.core.runtime.internal.adaptor.EclipseAppLauncher.runApplication(EclipseAppLauncher.java:143)
2026-04-22 14:40:08,557 [ERROR] LogOutputStream:75 - [STDERR_REDIRECT] 	at org.eclipse.core.runtime.internal.adaptor.EclipseAppLauncher.start(EclipseAppLauncher.java:109)
2026-04-22 14:40:08,565 [ERROR] LogOutputStream:75 - [STDERR_REDIRECT] 	at org.eclipse.core.runtime.adaptor.EclipseStarter.run(EclipseStarter.java:439)
2026-04-22 14:40:08,566 [ERROR] LogOutputStream:75 - [STDERR_REDIRECT] 	at org.eclipse.core.runtime.adaptor.EclipseStarter.run(EclipseStarter.java:271)
2026-04-22 14:40:08,567 [ERROR] LogOutputStream:75 - [STDERR_REDIRECT] 	at java.base/jdk.internal.reflect.DirectMethodHandleAccessor.invoke(DirectMethodHandleAccessor.java:103)
2026-04-22 14:40:08,573 [ERROR] LogOutputStream:75 - [STDERR_REDIRECT] 	at java.base/java.lang.reflect.Method.invoke(Method.java:580)
2026-04-22 14:40:08,574 [ERROR] LogOutputStream:75 - [STDERR_REDIRECT] 	at org.eclipse.equinox.launcher.Main.invokeFramework(Main.java:668)
2026-04-22 14:40:08,574 [ERROR] LogOutputStream:75 - [STDERR_REDIRECT] 	at org.eclipse.equinox.launcher.Main.basicRun(Main.java:605)
2026-04-22 14:40:08,576 [ERROR] LogOutputStream:75 - [STDERR_REDIRECT] 	at org.eclipse.equinox.launcher.Main.run(Main.java:1481)
2026-04-22 14:40:08,578 [ERROR] LogOutputStream:75 - [STDERR_REDIRECT] 	at org.eclipse.equinox.launcher.Main.main(Main.java:1454)
2026-04-22 14:40:08,753 [INFO] MainUpdater:2872 - connection check result : 10
2026-04-22 14:40:08,785 [INFO] ApiDb:240 - Found 895 in-development CPN: [B-G473E-ZEST1S, B-WB1M-WPAN1, B-WBA5M-WPAN, B-WL5M-SUBG1, NUCLEO-C031C6, NUCLEO-C051C8, NUCLEO-C071RB, NUCLEO-C092RC, NUCLEO-H503RB, NUCLEO-H533RE, NUCLEO-H563ZI, NUCLEO-H7S3L8, NUCLEO-N657X0-Q, NUCLEO-U031R8, NUCLEO-U083RC, NUCLEO-U385RG-Q, NUCLEO-U545RE-Q, NUCLEO-U5A5ZJ-Q, NUCLEO-WB05KZ, NUCLEO-WB07CC, NUCLEO-WB09KE, NUCLEO-WBA52CG, NUCLEO-WBA55CG, NUCLEO-WBA65RI, NUCLEO-WL33CC1, NUCLEO-WL33CC2, STEVAL-PROTEUS1, STEVAL-SMARTAG2, STEVAL-STWINBX1, STM320518-EVAL, STM32C0116-DK, STM32C011D6Y3TR, STM32C011D6Y6TR, STM32C011F4P3, STM32C011F4P6, STM32C011F4U3, STM32C011F4U6TR, STM32C011F6P3, STM32C011F6P6, STM32C011F6U3, STM32C011F6U6TR, STM32C011J4M3, STM32C011J4M6, STM32C011J6M3, STM32C011J6M6, STM32C0316-DK, STM32C031C4T3, STM32C031C4T6, STM32C031C4U3, STM32C031C4U6, STM32C031C6T3, STM32C031C6T6, STM32C031C6U3, STM32C031C6U6, STM32C031F4P3, STM32C031F4P6, STM32C031F6P3, STM32C031F6P6, STM32C031G4U3, STM32C031G4U6, STM32C031G6U3, STM32C031G6U6, STM32C031K4T3, STM32C031K4T6, STM32C031K4U3, STM32C031K4U6, STM32C031K6T3, STM32C031K6T6, STM32C031K6U3, STM32C031K6U6, STM32C051C6T6, STM32C051C6U6, STM32C051C8T6, STM32C051C8U6, STM32C051D8Y6TR, STM32C051F6P6, STM32C051F8P6, STM32C051G6U6, STM32C051G8U6, STM32C051K6T6, STM32C051K6U6, STM32C051K8T6, STM32C071C8T6, STM32C071C8T6N, STM32C071C8U6, STM32C071C8U6N, STM32C071CBT6, STM32C071CBT6N, STM32C071CBU6, STM32C071CBU6N, STM32C071F8P6, STM32C071F8P6N, STM32C071FBP6, STM32C071FBP6N, STM32C071FBY6TR, STM32C071G8U6, STM32C071G8U6N, STM32C071GBU6, STM32C071GBU6N, STM32C071K8T6, STM32C071K8T6N, STM32C071K8U6, STM32C071K8U6N, STM32C071KBT6, STM32C071KBT6N, STM32C071KBU6, STM32C071KBU6N, STM32C071R8T6, STM32C071R8T6N, STM32C071RBI6N, STM32C071RBT6, STM32C071RBT6N, STM32C091CBT6, STM32C091CBU6, STM32C091CCT6, STM32C091CCU6, STM32C091ECY6TR, STM32C091FBP6, STM32C091FCP6, STM32C091GBU6, STM32C091GCU6, STM32C091KBT6, STM32C091KBU6, STM32C091KCT6, STM32C091KCU6, STM32C091RBT6, STM32C091RCI6, STM32C091RCT6, STM32C092CBT6, STM32C092CBU6, STM32C092CCT6, STM32C092CCU6, STM32C092ECY6TR, STM32C092FBP6, STM32C092FCP6, STM32C092GBU6, STM32C092GCU6, STM32C092KBT6, STM32C092KBU6, STM32C092KCT6, STM32C092KCU6, STM32C092RBT6, STM32C092RCI6, STM32C092RCT6, STM32G071K8TXN, STM32G071K8UXN, STM32G081GBU6N, STM32G081KBT6N, STM32G081KBUXN, STM32G0B1CCT6N, STM32G0B1KCT6, STM32G0B1NEY6TR, STM32G0B1RCT6N, STM32G0C1CCT6, STM32G0C1CCT6N, STM32G0C1CCU6N, STM32G0C1CET6N, STM32G0C1CEU6N, STM32G0C1KCT6, STM32G0C1NEY6TR, STM32G0C1RCI6N, STM32G0C1RCT6N, STM32G0C1REI6N, STM32G0C1RET6N, STM32G0C1VCI6, STM32G0C1VEI6, STM32G411C6T3, STM32G411C6T6, STM32G411C6U3, STM32G411C6U6, STM32G411C8T3, STM32G411C8T6, STM32G411C8U3, STM32G411C8U6, STM32G411CBT3, STM32G411CBT6, STM32G411CBU3, STM32G411CBU6, STM32G411CCT3, STM32G411CCT6, STM32G411CCU3, STM32G411CCU6, STM32G411K6T3, STM32G411K6T6, STM32G411K6U3, STM32G411K6U6, STM32G411K8T3, STM32G411K8T6, STM32G411K8U3, STM32G411K8U6, STM32G411KBT3, STM32G411KBT6, STM32G411KBU3, STM32G411KBU6, STM32G411M6T3, STM32G411M6T6, STM32G411M8T3, STM32G411M8T6, STM32G411MBT3, STM32G411MBT6, STM32G411MCT3, STM32G411MCT6, STM32G411R6T3, STM32G411R6T6, STM32G411R8T3, STM32G411R8T6, STM32G411RBT3, STM32G411RBT6, STM32G411RCT3, STM32G411RCT6, STM32G414CBT3, STM32G414CBT6, STM32G414CBU3, STM32G414CBU6, STM32G414CCT3, STM32G414CCT6, STM32G414CCU3, STM32G414CCU6, STM32G414MBT3, STM32G414MBT6, STM32G414MCT3, STM32G414MCT6, STM32G414RBT3, STM32G414RBT6, STM32G414RCT3, STM32G414RCT6, STM32G414VBT3, STM32G414VBT6, STM32G414VCT3, STM32G414VCT6, STM32G431CBT3Z, STM32G431RBT3Z, STM32G471CCT6, STM32G471CCU6, STM32G471CET3, STM32G471CET6, STM32G471CEU3, STM32G471CEU6, STM32G471MCT6, STM32G471MET3, STM32G471MET6, STM32G471MEY6TR, STM32G471QCT6, STM32G471QET3, STM32G471RCT6, STM32G471RET3, STM32G471RET6, STM32G471VCH6, STM32G471VCI6, STM32G471VCT6, STM32G471VEH3, STM32G471VEH6, STM32G471VEI3, STM32G471VEI6, STM32G471VET3, STM32G471VET6, STM32G473QET3Z, STM32G473RET3Z, STM32G474CCT6, STM32G491RET3Z, STM32H503CBT6, STM32H503CBU6, STM32H503EBY6TR, STM32H503KBU6, STM32H503RBT6, STM32H523CCT6, STM32H523CCU6, STM32H523CET6, STM32H523CEU6, STM32H523HEY6TR, STM32H523RCT6, STM32H523RET6, STM32H523VCI6, STM32H523VCT6, STM32H523VEI6, STM32H523VET6, STM32H523ZCJ6, STM32H523ZCT6, STM32H523ZEJ6, STM32H523ZET6, STM32H533CET6, STM32H533CEU6, STM32H533HEY6TR, STM32H533RET6, STM32H533VEI6, STM32H533VET6, STM32H533ZEJ6, STM32H533ZET6, STM32H562AGI6, STM32H562AII6, STM32H562IGK6, STM32H562IGT6, STM32H562IIK6, STM32H562IIT6, STM32H562RGT6, STM32H562RGV6, STM32H562RIT6, STM32H562RIV6, STM32H562VGT6, STM32H562VIT6, STM32H562ZGT6, STM32H562ZIT6, STM32H563AGI6, STM32H563AII3Q, STM32H563AII6, STM32H563IGK6, STM32H563IGT6, STM32H563IIK3Q, STM32H563IIK6, STM32H563IIT3Q, STM32H563IIT6, STM32H563MIY3QTR, STM32H563RGT6, STM32H563RGV6, STM32H563RIT6, STM32H563RIV6, STM32H563VGT6, STM32H563VIT3Q, STM32H563VIT6, STM32H563ZGT6, STM32H563ZIT3Q, STM32H563ZIT6, STM32H573AII3Q, STM32H573AII6, STM32H573I-DK, STM32H573IIK3Q, STM32H573IIK6, STM32H573IIT3Q, STM32H573IIT6, STM32H573MIY3QTR, STM32H573RIT6, STM32H573RIV6, STM32H573VIT3Q, STM32H573VIT6, STM32H573ZIT3Q, STM32H573ZIT6, STM32H7R3A8I6, STM32H7R3I8K6, STM32H7R3I8T6, STM32H7R3L8H6, STM32H7R3L8H6H, STM32H7R3R8V6, STM32H7R3V8H6, STM32H7R3V8T6, STM32H7R3V8Y6TR, STM32H7R3Z8J6, STM32H7R3Z8T6, STM32H7R7A8I6, STM32H7R7I8K6, STM32H7R7I8T6, STM32H7R7L8H6, STM32H7R7L8H6H, STM32H7R7Z8J6, STM32H7S3A8I6, STM32H7S3I8K6, STM32H7S3I8T6, STM32H7S3L8H6, STM32H7S3L8H6H, STM32H7S3R8V6, STM32H7S3V8H6, STM32H7S3V8T6, STM32H7S3V8Y6TR, STM32H7S3Z8J6, STM32H7S3Z8T6, STM32H7S78-DK, STM32H7S7A8I6, STM32H7S7I8K6, STM32H7S7I8T6, STM32H7S7L8H6, STM32H7S7L8H6H, STM32H7S7Z8J6, STM32L4R5QGI6STR, STM32MP131AAE3, STM32MP131AAF3, STM32MP131AAG3, STM32MP131CAE3, STM32MP131CAF3, STM32MP131CAG3, STM32MP131DAE7, STM32MP131DAF7, STM32MP131DAG7, STM32MP131FAE7, STM32MP131FAF7, STM32MP131FAG7, STM32MP133AAE3, STM32MP133AAF3, STM32MP133AAG3, STM32MP133CAE3, STM32MP133CAF3, STM32MP133CAG3, STM32MP133DAE7, STM32MP133DAF7, STM32MP133DAG7, STM32MP133FAE7, STM32MP133FAF7, STM32MP133FAG7, STM32MP135AAE3, STM32MP135AAF3, STM32MP135AAG3, STM32MP135CAE3, STM32MP135CAF3, STM32MP135CAG3, STM32MP135DAE7, STM32MP135DAF7, STM32MP135DAG7, STM32MP135F-DK, STM32MP135FAE7, STM32MP135FAF7, STM32MP135FAF7T, STM32MP135FAF7U, STM32MP135FAG7, STM32MP231AAJ3, STM32MP231AAK3, STM32MP231AAL3, STM32MP231CAJ3, STM32MP231CAK3, STM32MP231CAL3, STM32MP231DAJ3, STM32MP231DAK3, STM32MP231DAL3, STM32MP231FAJ3, STM32MP231FAK3, STM32MP231FAL3, STM32MP233AAJ3, STM32MP233AAK3, STM32MP233AAL3, STM32MP233CAJ3, STM32MP233CAK3, STM32MP233CAL3, STM32MP233DAJ3, STM32MP233DAK3, STM32MP233DAL3, STM32MP233FAJ3, STM32MP233FAK3, STM32MP233FAL3, STM32MP235AAJ3, STM32MP235AAK3, STM32MP235AAL3, STM32MP235CAJ3, STM32MP235CAK3, STM32MP235CAL3, STM32MP235DAJ3, STM32MP235DAK3, STM32MP235DAL3, STM32MP235FAJ3, STM32MP235FAK3, STM32MP235FAL3, STM32MP251AAI3, STM32MP251AAJ3, STM32MP251AAK3, STM32MP251AAL3, STM32MP251CAI3, STM32MP251CAJ3, STM32MP251CAK3, STM32MP251CAL3, STM32MP251DAI3, STM32MP251DAJ3, STM32MP251DAK3, STM32MP251DAL3, STM32MP251FAI3, STM32MP251FAJ3, STM32MP251FAK3, STM32MP251FAL3, STM32MP253AAI3, STM32MP253AAJ3, STM32MP253AAK3, STM32MP253AAL3, STM32MP253CAI3, STM32MP253CAJ3, STM32MP253CAK3, STM32MP253CAL3, STM32MP253DAI3, STM32MP253DAJ3, STM32MP253DAK3, STM32MP253DAL3, STM32MP253FAI3, STM32MP253FAJ3, STM32MP253FAK3, STM32MP253FAL3, STM32MP255AAI3, STM32MP255AAJ3, STM32MP255AAK3, STM32MP255AAL3, STM32MP255CAI3, STM32MP255CAJ3, STM32MP255CAK3, STM32MP255CAL3, STM32MP255DAI3, STM32MP255DAJ3, STM32MP255DAK3, STM32MP255DAL3, STM32MP255FAI3, STM32MP255FAJ3, STM32MP255FAK3, STM32MP255FAL3, STM32MP257AAI3, STM32MP257AAJ3, STM32MP257AAK3, STM32MP257AAL3, STM32MP257CAI3, STM32MP257CAJ3, STM32MP257CAK3, STM32MP257CAL3, STM32MP257DAI3, STM32MP257DAJ3, STM32MP257DAK3, STM32MP257DAL3, STM32MP257F-DK, STM32MP257F-EV1, STM32MP257FAI3, STM32MP257FAJ3, STM32MP257FAK3, STM32MP257FAL3, STM32N645A0H3Q, STM32N645B0H3Q, STM32N645I0H3Q, STM32N645L0H3Q, STM32N645X0H3Q, STM32N645Z0H3Q, STM32N647A0H3Q, STM32N647B0H3Q, STM32N647I0H3Q, STM32N647L0H3Q, STM32N647X0H3Q, STM32N647Z0H3Q, STM32N655A0H3Q, STM32N655B0H3Q, STM32N655I0H3Q, STM32N655L0H3Q, STM32N655X0H3Q, STM32N655Z0H3Q, STM32N6570-DK, STM32N657A0H3Q, STM32N657B0H3Q, STM32N657I0H3Q, STM32N657L0H3Q, STM32N657X0H3Q, STM32N657Z0H3Q, STM32U031C6T6, STM32U031C6U6, STM32U031C8T6, STM32U031C8U6, STM32U031F4P6, STM32U031F6P6, STM32U031F8P6, STM32U031G6Y6TR, STM32U031G8Y6TR, STM32U031K4U6, STM32U031K6U6, STM32U031K8U6, STM32U031R6I6, STM32U031R6T6, STM32U031R8I6, STM32U031R8T6, STM32U073C8T6, STM32U073C8U6, STM32U073CBT6, STM32U073CBU6, STM32U073CCT6, STM32U073CCU6, STM32U073H8Y6TR, STM32U073HBY6TR, STM32U073HCY6TR, STM32U073K8U6, STM32U073KBU6, STM32U073KCU6, STM32U073M8I6, STM32U073M8T6, STM32U073MBI6, STM32U073MBT6, STM32U073MCI6, STM32U073MCT6, STM32U073R8I6, STM32U073R8T6, STM32U073RBI6, STM32U073RBT6, STM32U073RCI6, STM32U073RCT6, STM32U083C-DK, STM32U083CCT6, STM32U083CCU6, STM32U083HCY6TR, STM32U083KCU6, STM32U083MCI6, STM32U083MCT6, STM32U083RCI6, STM32U083RCT6, STM32U375CET6, STM32U375CET6Q, STM32U375CEU6, STM32U375CEU6Q, STM32U375CEY6QTR, STM32U375CGT6, STM32U375CGT6Q, STM32U375CGU6, STM32U375CGU6Q, STM32U375CGY6QTR, STM32U375KEU6, STM32U375KGU6, STM32U375REI6, STM32U375REI6Q, STM32U375RET6, STM32U375RET6Q, STM32U375REY6GTR, STM32U375REY6QTR, STM32U375RGI6, STM32U375RGI6Q, STM32U375RGT6, STM32U375RGT6Q, STM32U375RGY6GTR, STM32U375RGY6QTR, STM32U375VEI6, STM32U375VEI6Q, STM32U375VET6, STM32U375VET6Q, STM32U375VGI6, STM32U375VGI6Q, STM32U375VGT6, STM32U375VGT6Q, STM32U385CGT6, STM32U385CGT6Q, STM32U385CGU6, STM32U385CGU6Q, STM32U385CGY6QTR, STM32U385KGU6, STM32U385RGI6, STM32U385RGI6Q, STM32U385RGT6, STM32U385RGT6Q, STM32U385RGY6GTR, STM32U385RGY6QTR, STM32U385VGI6, STM32U385VGI6Q, STM32U385VGT6, STM32U385VGT6Q, STM32U535CBT6, STM32U535CBT6Q, STM32U535CBU6, STM32U535CBU6Q, STM32U535CCT6, STM32U535CCT6Q, STM32U535CCU6, STM32U535CCU6Q, STM32U535CET6, STM32U535CET6Q, STM32U535CEU6, STM32U535CEU6Q, STM32U535JEY6QTR, STM32U535NCY6QTR, STM32U535NEY6QTR, STM32U535RBI6, STM32U535RBI6Q, STM32U535RBT6, STM32U535RBT6Q, STM32U535RCI6, STM32U535RCI6Q, STM32U535RCT6, STM32U535RCT6Q, STM32U535REI6, STM32U535REI6Q, STM32U535RET6, STM32U535RET6Q, STM32U535VCI6, STM32U535VCI6Q, STM32U535VCT6, STM32U535VCT6Q, STM32U535VEI6, STM32U535VEI6Q, STM32U535VET6, STM32U535VET6Q, STM32U545CET6, STM32U545CET6Q, STM32U545CEU6, STM32U545CEU6Q, STM32U545JEY6QTR, STM32U545NEY6QTR, STM32U545REI6, STM32U545REI6Q, STM32U545RET6, STM32U545RET6Q, STM32U545VEI6, STM32U545VEI6Q, STM32U545VET6, STM32U545VET6Q, STM32U595AIH6, STM32U595AIH6Q, STM32U595AJH6, STM32U595AJH6Q, STM32U595QII6, STM32U595QII6Q, STM32U595QJI6, STM32U595QJI6Q, STM32U595RIT6, STM32U595RIT6Q, STM32U595RJT6, STM32U595RJT6Q, STM32U595VIT6, STM32U595VIT6Q, STM32U595VJT6, STM32U595VJT6Q, STM32U595ZIT6, STM32U595ZIT6Q, STM32U595ZIY6QTR, STM32U595ZJT6, STM32U595ZJT6Q, STM32U595ZJY6QTR, STM32U599BJY6QTR, STM32U599NIH6Q, STM32U599NJH6Q, STM32U599VIT6Q, STM32U599VJT6, STM32U599VJT6Q, STM32U599ZIT6Q, STM32U599ZIY6QTR, STM32U599ZJT6Q, STM32U599ZJY6QTR, STM32U5A5AJH6, STM32U5A5AJH6Q, STM32U5A5QII3Q , STM32U5A5QJI6, STM32U5A5QJI6Q, STM32U5A5RJT6, STM32U5A5RJT6Q, STM32U5A5VJT6, STM32U5A5VJT6Q, STM32U5A5ZJT6, STM32U5A5ZJT6Q, STM32U5A5ZJY6QTR, STM32U5A9BJY6QTR, STM32U5A9J-DK, STM32U5A9NJH6Q, STM32U5A9VJT6Q, STM32U5A9ZJT6Q, STM32U5A9ZJY6QTR, STM32U5F7VIT6, STM32U5F7VIT6Q, STM32U5F7VJT6, STM32U5F7VJT6Q, STM32U5F9BJY6QTR, STM32U5F9NJH6Q, STM32U5F9VIT6Q, STM32U5F9VJT6Q, STM32U5F9ZIJ6QTR, STM32U5F9ZIT6Q, STM32U5F9ZJJ6QTR, STM32U5F9ZJT6Q, STM32U5G7VJT6, STM32U5G7VJT6Q, STM32U5G9BJY6QTR, STM32U5G9J-DK1, STM32U5G9J-DK2, STM32U5G9NJH6Q, STM32U5G9VJT6Q, STM32U5G9ZJJ6QTR, STM32U5G9ZJT6Q, STM32WB05KZV6TR, STM32WB05KZV7TR, STM32WB05TZF6TR, STM32WB05TZF7TR, STM32WB06CCF6TR, STM32WB06CCF7TR, STM32WB06CCV6TR, STM32WB06CCV7TR, STM32WB06KCV6TR, STM32WB06KCV7TR, STM32WB07CCF6TR, STM32WB07CCF7TR, STM32WB07CCV6TR, STM32WB07CCV7TR, STM32WB07KCV6TR, STM32WB07KCV7TR, STM32WB09KEV6TR, STM32WB09KEV7TR, STM32WB09TEF6TR, STM32WB09TEF7TR, STM32WB1MMCH6, STM32WBA50KGU6, STM32WBA50KGU6TR, STM32WBA52CEU6, STM32WBA52CEU6TR, STM32WBA52CEU7, STM32WBA52CEU7TR, STM32WBA52CGU6, STM32WBA52CGU6TR, STM32WBA52CGU6U, STM32WBA52CGU7, STM32WBA52CGU7TR, STM32WBA52KEU6, STM32WBA52KEU6TR, STM32WBA52KGU6, STM32WBA52KGU6TR, STM32WBA54CEU6, STM32WBA54CEU6TR, STM32WBA54CEU7, STM32WBA54CEU7TR, STM32WBA54CGU6, STM32WBA54CGU6TR, STM32WBA54CGU7, STM32WBA54CGU7TR, STM32WBA54KEU6, STM32WBA54KEU6TR, STM32WBA54KEU7, STM32WBA54KEU7TR, STM32WBA54KGU6, STM32WBA54KGU6TR, STM32WBA54KGU7, STM32WBA54KGU7TR, STM32WBA55CEU6, STM32WBA55CEU6TR, STM32WBA55CEU7, STM32WBA55CEU7TR, STM32WBA55CGU6, STM32WBA55CGU6TR, STM32WBA55CGU6U, STM32WBA55CGU7, STM32WBA55CGU7TR, STM32WBA55G-DK1, STM32WBA55HEF6, STM32WBA55HEF7, STM32WBA55HGF6, STM32WBA55HGF7, STM32WBA55UEI6, STM32WBA55UEI6TR, STM32WBA55UEI7, STM32WBA55UEI7TR, STM32WBA55UGI6, STM32WBA55UGI6TR, STM32WBA55UGI7, STM32WBA55UGI7TR, STM32WBA5MJGH6TR, STM32WBA62CGU6, STM32WBA62CIU6, STM32WBA62MGF6, STM32WBA62MIF6, STM32WBA62PGI6, STM32WBA62PII6, STM32WBA63CGU6, STM32WBA63CGU7, STM32WBA63CIU6, STM32WBA63CIU7, STM32WBA64CGU6, STM32WBA64CGU7, STM32WBA64CIU6, STM32WBA64CIU7, STM32WBA65CGU6, STM32WBA65CGU7, STM32WBA65CIU6, STM32WBA65CIU7, STM32WBA65I-DK1, STM32WBA65MGF6, STM32WBA65MGF7, STM32WBA65MIF6, STM32WBA65MIF7, STM32WBA65PGI6, STM32WBA65PGI7, STM32WBA65PII6, STM32WBA65PII7, STM32WBA65RGV6, STM32WBA65RGV7, STM32WBA65RIV6, STM32WBA65RIV7, STM32WL30K8V6, STM32WL30KBV6, STM32WL31C8V6, STM32WL31CBV6, STM32WL31K8V6, STM32WL31KBV6, STM32WL33C8V6, STM32WL33C8V6TR, STM32WL33C8V7, STM32WL33C8V7TR, STM32WL33CBV6, STM32WL33CBV6TR, STM32WL33CBV7, STM32WL33CBV7TR, STM32WL33CCV6, STM32WL33CCV6TR, STM32WL33CCV7, STM32WL33CCV7A, STM32WL33CCV7ATR, STM32WL33CCV7TR, STM32WL33K8V6, STM32WL33K8V6TR, STM32WL33K8V7, STM32WL33K8V7TR, STM32WL33KBV6, STM32WL33KBV6TR, STM32WL33KBV7, STM32WL33KBV7TR, STM32WL33KCV6, STM32WL33KCV6TR, STM32WL33KCV7, STM32WL33KCV7TR, STM32WL5MOCH6, STM32WL5MOCH6TR]
2026-04-22 14:40:08,797 [WARN] PackLoader:240 - Cannot read IP mode file for STMicroelectronics.X-CUBE-AZRTOS-H7.3.5.0
2026-04-22 14:40:08,803 [INFO] ApiDb:668 - CubeFinder database Data Model version=2.1
2026-04-22 14:40:08,804 [INFO] ApiDb:669 - CubeFinder database Configuration version=3.0.42
2026-04-22 14:40:08,804 [INFO] ApiDb:670 - CubeFinder database generation date=2026-03-11 (1773229989)
2026-04-22 14:40:08,804 [INFO] ApiDb:671 - CubeFinder database FW Pack versions=[FP-ATR-ASTRA1_V2.0.0, FP-SNS-FLIGHT1_V5.1.0, FP-SNS-MOTENV1_V5.1.0, FP-SNS-MOTENVWB1_V1.5.0, FP-SNS-SMARTAG2_V1.2.0, FP-SNS-STBOX1_V2.1.0, STM32Cube_FW_C0_V1.4.0, STM32Cube_FW_F4_V1.28.3, STM32Cube_FW_F7_V1.17.4, STM32Cube_FW_G0_V1.6.3, STM32Cube_FW_G4_V1.6.2, STM32Cube_FW_H5_V1.6.0, STM32Cube_FW_H7RS_V1.3.0, STM32Cube_FW_H7_V1.13.0, STM32Cube_FW_L0_V1.12.2, STM32Cube_FW_L4_V1.18.2, STM32Cube_FW_L5_V1.6.0, STM32Cube_FW_N6_V1.3.0, STM32Cube_FW_U0_V1.3.0, STM32Cube_FW_U3_V1.3.0, STM32Cube_FW_U5_V1.8.0, STM32Cube_FW_WB0_V1.4.0, STM32Cube_FW_WBA_V1.9.0, STM32Cube_FW_WB_V1.24.0, STM32Cube_FW_WL3_V1.4.0, STM32Cube_FW_WL_V1.5.0, X-CUBE-ALGOBUILD_V1.4.0, X-CUBE-ALS_V1.0.2, X-CUBE-AZRTOS-F4_V1.1.0, X-CUBE-AZRTOS-F7_V1.1.0, X-CUBE-AZRTOS-G0_V1.1.0, X-CUBE-AZRTOS-G4_V2.0.0, X-CUBE-AZRTOS-H7RS_V1.1.0, X-CUBE-AZRTOS-H7_V3.4.0, X-CUBE-AZRTOS-L4_V2.0.0, X-CUBE-AZRTOS-L5_V2.0.0, X-CUBE-AZRTOS-WB_V2.0.0, X-CUBE-AZRTOS-WL_V2.0.0, X-CUBE-BLE1_V7.1.0, X-CUBE-BLE2_V3.3.0, X-CUBE-BLEMGR_V4.1.0, X-CUBE-EEPRMA1_V5.2.0, X-CUBE-FREERTOS_V1.5.0, X-CUBE-GNSS1_V6.0.0, X-CUBE-MEMS1_V12.0.0, X-CUBE-NFC4_V3.0.0, X-CUBE-NFC7_V2.0.0, X-CUBE-SFXS2LP1_V4.0.0, X-CUBE-ST67W61_V1.2.0, X-CUBE-SUBG2_V5.0.0, X-CUBE-TOF1_V3.4.3]
2026-04-22 14:40:08,814 [WARN] PackLoader:240 - Cannot read IP mode file for STMicroelectronics.FP-ATR-ASTRA1.2.0.2
2026-04-22 14:40:08,823 [WARN] PackLoader:240 - Cannot read IP mode file for STMicroelectronics.X-CUBE-SMBUS.2.1.0
2026-04-22 14:40:08,860 [WARN] PackLoader:240 - Cannot read IP mode file for STMicroelectronics.X-CUBE-AZRTOS-F7.1.1.0
2026-04-22 14:40:08,879 [ERROR] Engine:466 - /home/vatcraft/.stm32cubemx/thirdparties/pdsc/STMicroelectronics.FP-SNS-MOTENV1.5.1.0.pdsc: PDSC version is not supported
2026-04-22 14:40:08,887 [ERROR] Engine:466 - /home/vatcraft/.stm32cubemx/thirdparties/pdsc/WES.I-CUBE-Cesium.1.4.0.pdsc: PDSC version is not supported
2026-04-22 14:40:08,906 [WARN] PackLoader:240 - Cannot read IP mode file for STMicroelectronics.X-CUBE-DISPLAY.3.0.0
2026-04-22 14:40:08,929 [ERROR] LogOutputStream:75 - [STDERR_REDIRECT] java.lang.NullPointerException: Cannot invoke "com.st.stm32cube.common.mx.targetselector.IdeMcuFinder.getBoard()" because "this.mcuFinder" is null
2026-04-22 14:40:08,929 [ERROR] Engine:466 - /home/vatcraft/.stm32cubemx/thirdparties/pdsc/STMicroelectronics.FP-SNS-MOTENVWB1.1.5.0.pdsc: PDSC version is not supported
2026-04-22 14:40:08,930 [ERROR] LogOutputStream:75 - [STDERR_REDIRECT] 	at com.st.stm32cube.common.mx.targetselector.TargetSelectorAdapter.getBoard(TargetSelectorAdapter.java:372)
2026-04-22 14:40:08,930 [ERROR] LogOutputStream:75 - [STDERR_REDIRECT] 	at com.st.stm32cube.common.projectcreation.ui.wizard.TargetSetupPageAbstract.getSelectedTargetName(TargetSetupPageAbstract.java:462)
2026-04-22 14:40:08,930 [ERROR] LogOutputStream:75 - [STDERR_REDIRECT] 	at com.st.stm32cube.common.projectcreation.ui.wizard.ProjectSetupPageAbstract.getTargetObject(ProjectSetupPageAbstract.java:1105)
2026-04-22 14:40:08,931 [ERROR] LogOutputStream:75 - [STDERR_REDIRECT] 	at com.st.stm32cube.common.projectcreation.ui.projectStructure.ProjectStructureCompositeFactory.createProjectStructureComposite(ProjectStructureCompositeFactory.java:22)
2026-04-22 14:40:08,934 [ERROR] LogOutputStream:75 - [STDERR_REDIRECT] 	at com.st.stm32cube.common.projectcreation.ui.wizard.ProjectSetupPageAbstract.createControl(ProjectSetupPageAbstract.java:388)
2026-04-22 14:40:08,935 [ERROR] LogOutputStream:75 - [STDERR_REDIRECT] 	at org.eclipse.jface.wizard.Wizard.createPageControls(Wizard.java:180)
2026-04-22 14:40:08,935 [ERROR] LogOutputStream:75 - [STDERR_REDIRECT] 	at org.eclipse.jface.wizard.WizardDialog.createPageControls(WizardDialog.java:744)
2026-04-22 14:40:08,936 [ERROR] LogOutputStream:75 - [STDERR_REDIRECT] 	at org.eclipse.jface.wizard.WizardDialog.createContents(WizardDialog.java:637)
2026-04-22 14:40:08,936 [ERROR] LogOutputStream:75 - [STDERR_REDIRECT] 	at org.eclipse.jface.window.Window.create(Window.java:431)
2026-04-22 14:40:08,936 [ERROR] LogOutputStream:75 - [STDERR_REDIRECT] 	at org.eclipse.jface.dialogs.Dialog.create(Dialog.java:1092)
2026-04-22 14:40:08,937 [ERROR] LogOutputStream:75 - [STDERR_REDIRECT] 	at org.eclipse.jface.window.Window.open(Window.java:788)
2026-04-22 14:40:08,937 [ERROR] LogOutputStream:75 - [STDERR_REDIRECT] 	at com.st.stm32cube.ide.mcu.informationcenter.WelcomePageAction.run(WelcomePageAction.java:54)
2026-04-22 14:40:08,942 [ERROR] LogOutputStream:75 - [STDERR_REDIRECT] 	at org.eclipse.ui.internal.intro.impl.model.url.IntroURL.runAction(IntroURL.java:272)
2026-04-22 14:40:08,942 [ERROR] LogOutputStream:75 - [STDERR_REDIRECT] 	at org.eclipse.ui.internal.intro.impl.model.url.IntroURL.doExecute(IntroURL.java:187)
2026-04-22 14:40:08,943 [ERROR] LogOutputStream:75 - [STDERR_REDIRECT] 	at org.eclipse.ui.internal.intro.impl.model.url.IntroURL.lambda$0(IntroURL.java:142)
2026-04-22 14:40:08,943 [ERROR] LogOutputStream:75 - [STDERR_REDIRECT] 	at org.eclipse.swt.custom.BusyIndicator.showWhile(BusyIndicator.java:67)
2026-04-22 14:40:08,944 [ERROR] LogOutputStream:75 - [STDERR_REDIRECT] 	at org.eclipse.ui.internal.intro.impl.model.url.IntroURL.execute(IntroURL.java:142)
2026-04-22 14:40:08,948 [WARN] PackLoader:240 - Cannot read IP mode file for STMicroelectronics.X-CUBE-NFC10.1.0.0
2026-04-22 14:40:08,944 [ERROR] LogOutputStream:75 - [STDERR_REDIRECT] 	at org.eclipse.ui.internal.intro.impl.presentations.BrowserIntroPartLocationListener.changing(BrowserIntroPartLocationListener.java:130)
2026-04-22 14:40:08,952 [ERROR] LogOutputStream:75 - [STDERR_REDIRECT] 	at org.eclipse.swt.browser.WebKit.webkit_decide_policy(WebKit.java:2300)
2026-04-22 14:40:08,953 [ERROR] LogOutputStream:75 - [STDERR_REDIRECT] 	at org.eclipse.swt.browser.WebKit.webViewProc(WebKit.java:609)
2026-04-22 14:40:08,953 [ERROR] LogOutputStream:75 - [STDERR_REDIRECT] 	at org.eclipse.swt.browser.WebKit.Proc(WebKit.java:530)
2026-04-22 14:40:08,954 [ERROR] LogOutputStream:75 - [STDERR_REDIRECT] 	at org.eclipse.swt.internal.gtk3.GTK3.gtk_main_iteration_do(Native Method)
2026-04-22 14:40:08,954 [ERROR] LogOutputStream:75 - [STDERR_REDIRECT] 	at org.eclipse.swt.widgets.Display.readAndDispatch(Display.java:4514)
2026-04-22 14:40:08,954 [ERROR] LogOutputStream:75 - [STDERR_REDIRECT] 	at com.st.stm32cube.common.mx.oss.core.awtswtbridge.SwtInputBlocker.open(SwtInputBlocker.java:55)
2026-04-22 14:40:08,955 [ERROR] LogOutputStream:75 - [STDERR_REDIRECT] 	at com.st.stm32cube.common.mx.oss.core.awtswtbridge.SwtInputBlocker.block(SwtInputBlocker.java:111)
2026-04-22 14:40:08,955 [ERROR] LogOutputStream:75 - [STDERR_REDIRECT] 	at com.st.stm32cube.common.mx.oss.core.awtswtbridge.AwtEnvironment.invokeAwt(AwtEnvironment.java:179)
2026-04-22 14:40:08,955 [ERROR] LogOutputStream:75 - [STDERR_REDIRECT] 	at com.st.stm32cube.common.mx.oss.core.awtswtbridge.EmbeddedSwingComposite.populate(EmbeddedSwingComposite.java:286)
2026-04-22 14:40:08,956 [ERROR] LogOutputStream:75 - [STDERR_REDIRECT] 	at com.st.stm32cube.common.mx.oss.core.awtswtbridge.EmbeddedSwingComposite.populate(EmbeddedSwingComposite.java:332)
2026-04-22 14:40:08,956 [ERROR] LogOutputStream:75 - [STDERR_REDIRECT] 	at com.st.stm32cube.common.mx.targetselector.TargetSelectorAdapter$6.run(TargetSelectorAdapter.java:316)
2026-04-22 14:40:08,960 [ERROR] LogOutputStream:75 - [STDERR_REDIRECT] 	at org.eclipse.jface.operation.ModalContext.runInCurrentThread(ModalContext.java:434)
2026-04-22 14:40:08,960 [ERROR] LogOutputStream:75 - [STDERR_REDIRECT] 	at org.eclipse.jface.operation.ModalContext.run(ModalContext.java:354)
2026-04-22 14:40:08,960 [ERROR] LogOutputStream:75 - [STDERR_REDIRECT] 	at org.eclipse.jface.dialogs.ProgressMonitorDialog.run(ProgressMonitorDialog.java:470)
2026-04-22 14:40:08,961 [ERROR] LogOutputStream:75 - [STDERR_REDIRECT] 	at com.st.stm32cube.common.mx.targetselector.TargetSelectorAdapter.launchMCUFinder(TargetSelectorAdapter.java:286)
2026-04-22 14:40:08,964 [ERROR] LogOutputStream:75 - [STDERR_REDIRECT] 	at com.st.stm32cube.common.mx.targetselector.TargetSelectorAdapter.addTargetSelector(TargetSelectorAdapter.java:181)
2026-04-22 14:40:08,965 [ERROR] LogOutputStream:75 - [STDERR_REDIRECT] 	at com.st.stm32cube.common.projectcreation.ui.wizard.TargetSetupPageAbstract.createControl(TargetSetupPageAbstract.java:131)
2026-04-22 14:40:08,965 [ERROR] LogOutputStream:75 - [STDERR_REDIRECT] 	at org.eclipse.jface.wizard.Wizard.createPageControls(Wizard.java:180)
2026-04-22 14:40:08,966 [ERROR] LogOutputStream:75 - [STDERR_REDIRECT] 	at org.eclipse.jface.wizard.WizardDialog.createPageControls(WizardDialog.java:744)
2026-04-22 14:40:08,966 [ERROR] LogOutputStream:75 - [STDERR_REDIRECT] 	at org.eclipse.jface.wizard.WizardDialog.createContents(WizardDialog.java:637)
2026-04-22 14:40:08,966 [WARN] PackLoader:240 - Cannot read IP mode file for STMicroelectronics.X-CUBE-ST60.1.1.0
2026-04-22 14:40:08,966 [ERROR] LogOutputStream:75 - [STDERR_REDIRECT] 	at org.eclipse.jface.window.Window.create(Window.java:431)
2026-04-22 14:40:08,966 [ERROR] LogOutputStream:75 - [STDERR_REDIRECT] 	at org.eclipse.jface.dialogs.Dialog.create(Dialog.java:1092)
2026-04-22 14:40:08,967 [ERROR] LogOutputStream:75 - [STDERR_REDIRECT] 	at org.eclipse.jface.window.Window.open(Window.java:788)
2026-04-22 14:40:08,967 [ERROR] LogOutputStream:75 - [STDERR_REDIRECT] 	at com.st.stm32cube.ide.mcu.informationcenter.WelcomePageAction.run(WelcomePageAction.java:54)
2026-04-22 14:40:08,970 [ERROR] LogOutputStream:75 - [STDERR_REDIRECT] 	at org.eclipse.ui.internal.intro.impl.model.url.IntroURL.runAction(IntroURL.java:272)
2026-04-22 14:40:08,971 [ERROR] LogOutputStream:75 - [STDERR_REDIRECT] 	at org.eclipse.ui.internal.intro.impl.model.url.IntroURL.doExecute(IntroURL.java:187)
2026-04-22 14:40:08,971 [ERROR] LogOutputStream:75 - [STDERR_REDIRECT] 	at org.eclipse.ui.internal.intro.impl.model.url.IntroURL.lambda$0(IntroURL.java:142)
2026-04-22 14:40:08,972 [ERROR] LogOutputStream:75 - [STDERR_REDIRECT] 	at org.eclipse.swt.custom.BusyIndicator.showWhile(BusyIndicator.java:67)
2026-04-22 14:40:08,972 [ERROR] LogOutputStream:75 - [STDERR_REDIRECT] 	at org.eclipse.ui.internal.intro.impl.model.url.IntroURL.execute(IntroURL.java:142)
2026-04-22 14:40:08,972 [ERROR] LogOutputStream:75 - [STDERR_REDIRECT] 	at org.eclipse.ui.internal.intro.impl.presentations.BrowserIntroPartLocationListener.changing(BrowserIntroPartLocationListener.java:130)
2026-04-22 14:40:08,972 [ERROR] LogOutputStream:75 - [STDERR_REDIRECT] 	at org.eclipse.swt.browser.WebKit.webkit_decide_policy(WebKit.java:2300)
2026-04-22 14:40:08,973 [ERROR] LogOutputStream:75 - [STDERR_REDIRECT] 	at org.eclipse.swt.browser.WebKit.webViewProc(WebKit.java:609)
2026-04-22 14:40:08,975 [ERROR] LogOutputStream:75 - [STDERR_REDIRECT] 	at org.eclipse.swt.browser.WebKit.Proc(WebKit.java:530)
2026-04-22 14:40:08,975 [ERROR] LogOutputStream:75 - [STDERR_REDIRECT] 	at org.eclipse.swt.internal.gtk3.GTK3.gtk_main_iteration_do(Native Method)
2026-04-22 14:40:08,976 [ERROR] LogOutputStream:75 - [STDERR_REDIRECT] 	at org.eclipse.swt.widgets.Display.readAndDispatch(Display.java:4514)
2026-04-22 14:40:08,976 [ERROR] LogOutputStream:75 - [STDERR_REDIRECT] 	at org.eclipse.e4.ui.internal.workbench.swt.PartRenderingEngine$5.run(PartRenderingEngine.java:1151)
2026-04-22 14:40:08,976 [ERROR] LogOutputStream:75 - [STDERR_REDIRECT] 	at org.eclipse.core.databinding.observable.Realm.runWithDefault(Realm.java:339)
2026-04-22 14:40:08,977 [ERROR] LogOutputStream:75 - [STDERR_REDIRECT] 	at org.eclipse.e4.ui.internal.workbench.swt.PartRenderingEngine.run(PartRenderingEngine.java:1042)
2026-04-22 14:40:08,980 [ERROR] LogOutputStream:75 - [STDERR_REDIRECT] 	at org.eclipse.e4.ui.internal.workbench.E4Workbench.createAndRunUI(E4Workbench.java:153)
2026-04-22 14:40:08,981 [ERROR] LogOutputStream:75 - [STDERR_REDIRECT] 	at org.eclipse.ui.internal.Workbench.lambda$3(Workbench.java:639)
2026-04-22 14:40:08,981 [ERROR] LogOutputStream:75 - [STDERR_REDIRECT] 	at org.eclipse.core.databinding.observable.Realm.runWithDefault(Realm.java:339)
2026-04-22 14:40:08,982 [ERROR] LogOutputStream:75 - [STDERR_REDIRECT] 	at org.eclipse.ui.internal.Workbench.createAndRunWorkbench(Workbench.java:546)
2026-04-22 14:40:08,982 [ERROR] LogOutputStream:75 - [STDERR_REDIRECT] 	at org.eclipse.ui.PlatformUI.createAndRunWorkbench(PlatformUI.java:173)
2026-04-22 14:40:08,982 [ERROR] LogOutputStream:75 - [STDERR_REDIRECT] 	at org.eclipse.ui.internal.ide.application.IDEApplication.start(IDEApplication.java:152)
2026-04-22 14:40:08,982 [ERROR] LogOutputStream:75 - [STDERR_REDIRECT] 	at org.eclipse.equinox.internal.app.EclipseAppHandle.run(EclipseAppHandle.java:208)
2026-04-22 14:40:08,983 [WARN] PackLoader:240 - Cannot read IP mode file for emotas.I-CUBE-CANOPEN.1.3.0
2026-04-22 14:40:08,983 [ERROR] LogOutputStream:75 - [STDERR_REDIRECT] 	at org.eclipse.core.runtime.internal.adaptor.EclipseAppLauncher.runApplication(EclipseAppLauncher.java:143)
2026-04-22 14:40:08,983 [ERROR] LogOutputStream:75 - [STDERR_REDIRECT] 	at org.eclipse.core.runtime.internal.adaptor.EclipseAppLauncher.start(EclipseAppLauncher.java:109)
2026-04-22 14:40:08,984 [ERROR] LogOutputStream:75 - [STDERR_REDIRECT] 	at org.eclipse.core.runtime.adaptor.EclipseStarter.run(EclipseStarter.java:439)
2026-04-22 14:40:08,984 [ERROR] LogOutputStream:75 - [STDERR_REDIRECT] 	at org.eclipse.core.runtime.adaptor.EclipseStarter.run(EclipseStarter.java:271)
2026-04-22 14:40:08,984 [ERROR] LogOutputStream:75 - [STDERR_REDIRECT] 	at java.base/jdk.internal.reflect.DirectMethodHandleAccessor.invoke(DirectMethodHandleAccessor.java:103)
2026-04-22 14:40:08,985 [ERROR] LogOutputStream:75 - [STDERR_REDIRECT] 	at java.base/java.lang.reflect.Method.invoke(Method.java:580)
2026-04-22 14:40:08,985 [ERROR] LogOutputStream:75 - [STDERR_REDIRECT] 	at org.eclipse.equinox.launcher.Main.invokeFramework(Main.java:668)
2026-04-22 14:40:08,985 [ERROR] LogOutputStream:75 - [STDERR_REDIRECT] 	at org.eclipse.equinox.launcher.Main.basicRun(Main.java:605)
2026-04-22 14:40:08,985 [ERROR] LogOutputStream:75 - [STDERR_REDIRECT] 	at org.eclipse.equinox.launcher.Main.run(Main.java:1481)
2026-04-22 14:40:08,986 [ERROR] LogOutputStream:75 - [STDERR_REDIRECT] 	at org.eclipse.equinox.launcher.Main.main(Main.java:1454)
2026-04-22 14:40:09,002 [WARN] PackLoader:240 - Cannot read IP mode file for STMicroelectronics.X-CUBE-GNSS1.7.1.0
2026-04-22 14:40:09,016 [ERROR] Engine:466 - /home/vatcraft/.stm32cubemx/thirdparties/pdsc/STMicroelectronics.FP-SNS-STBOX1.2.1.0.pdsc: PDSC version is not supported
2026-04-22 14:40:09,025 [WARN] PackLoader:240 - Cannot read IP mode file for STMicroelectronics.FP-SNS-SMARTAG2.1.2.0
2026-04-22 14:40:09,030 [WARN] PackLoader:240 - Cannot read IP mode file for STMicroelectronics.FP-SNS-FLIGHT1.5.1.0
2026-04-22 14:40:09,051 [INFO] LogOutputStream:77 - [STDOUT_REDIRECT] 1 : Invalid condition id : UX_CORESTACK_Condition cause : null
2026-04-22 14:40:09,052 [INFO] LogOutputStream:77 - [STDOUT_REDIRECT] 1 : Invalid condition id : UX_CORESTACK_Condition cause : null
2026-04-22 14:40:09,052 [INFO] LogOutputStream:77 - [STDOUT_REDIRECT] 1 : Invalid condition id : UX_CORESTACK_Condition cause : null
2026-04-22 14:40:09,052 [INFO] LogOutputStream:77 - [STDOUT_REDIRECT] 1 : Invalid condition id : UX_CORESTACK_Condition cause : null
2026-04-22 14:40:09,053 [INFO] LogOutputStream:77 - [STDOUT_REDIRECT] 1 : Invalid condition id : UX_CORESTACK_Condition cause : null
2026-04-22 14:40:09,062 [WARN] PackLoader:240 - Cannot read IP mode file for STMicroelectronics.X-CUBE-AZRTOS-WL.2.0.0
2026-04-22 14:40:09,116 [WARN] PackLoader:240 - Cannot read IP mode file for STMicroelectronics.X-CUBE-AZRTOS-H7RS.1.2.0
2026-04-22 14:40:09,162 [WARN] PackLoader:240 - Cannot read IP mode file for STMicroelectronics.X-CUBE-BLE2.3.3.0
2026-04-22 14:40:09,241 [WARN] PackLoader:240 - Cannot read IP mode file for Infineon.AIROC-Wi-Fi-Bluetooth-STM32.1.8.0
2026-04-22 14:40:09,257 [WARN] PackLoader:240 - Cannot read IP mode file for STMicroelectronics.X-CUBE-NFC9.1.0.0
2026-04-22 14:40:09,274 [WARN] PackLoader:240 - Cannot read IP mode file for STMicroelectronics.X-CUBE-BLE1.7.1.0
2026-04-22 14:40:09,280 [WARN] PackLoader:240 - Cannot read IP mode file for wolfSSL.I-CUBE-wolfMQTT.1.19.2
2026-04-22 14:40:09,291 [WARN] PackLoader:240 - Cannot read IP mode file for STMicroelectronics.X-CUBE-EEPRMA1.5.2.0
2026-04-22 14:40:09,304 [WARN] PackLoader:240 - Cannot read IP mode file for wolfSSL.I-CUBE-wolfSSL.5.8.4
2026-04-22 14:40:09,311 [WARN] PackLoader:240 - Cannot read IP mode file for Cesanta.I-CUBE-Mongoose.7.20.0
2026-04-22 14:40:09,505 [WARN] PackLoader:240 - Cannot read IP mode file for STMicroelectronics.X-CUBE-MEMS1.12.0.0
2026-04-22 14:40:09,868 [WARN] PackLoader:240 - Cannot read IP mode file for STMicroelectronics.X-CUBE-AZRTOS-G0.1.1.0
2026-04-22 14:40:09,893 [WARN] PackLoader:240 - Cannot read IP mode file for STMicroelectronics.X-CUBE-NFC4.3.0.0
2026-04-22 14:40:09,918 [WARN] PackLoader:240 - Cannot read IP mode file for EmbeddedOffice.I-CUBE-FS-RTOS.1.0.1
2026-04-22 14:40:09,933 [WARN] PackLoader:240 - Cannot read IP mode file for STMicroelectronics.X-CUBE-WB05N.2.0.0
2026-04-22 14:40:09,945 [WARN] PackLoader:240 - Cannot read IP mode file for wolfSSL.I-CUBE-wolfTPM.3.8.0
2026-04-22 14:40:09,955 [WARN] PackLoader:240 - Cannot read IP mode file for STMicroelectronics.X-CUBE-TCPP.4.2.0
2026-04-22 14:40:09,974 [WARN] PackLoader:240 - Cannot read IP mode file for RealThread.X-CUBE-RT-Thread_Nano.4.1.1
2026-04-22 14:40:09,978 [WARN] PackLoader:240 - Cannot read IP mode file for STMicroelectronics.FP-ATR-SIGFOX1.3.2.0
2026-04-22 14:40:09,991 [ERROR] Engine:466 - /home/vatcraft/.stm32cubemx/thirdparties/pdsc/STMicroelectronics.X-CUBE-FREERTOS.1.5.0.pdsc: PDSC version is not supported
2026-04-22 14:40:10,000 [WARN] PackLoader:240 - Cannot read IP mode file for ITTIA_DB.I-CUBE-ITTIADB.8.9.0
2026-04-22 14:40:10,021 [WARN] PackLoader:240 - Cannot read IP mode file for STMicroelectronics.X-CUBE-NFC6.3.2.0
2026-04-22 14:40:10,033 [WARN] PackLoader:240 - Cannot read IP mode file for STMicroelectronics.X-CUBE-AI.10.2.0
2026-04-22 14:40:10,114 [WARN] PackLoader:240 - Cannot read IP mode file for SEGGER.I-CUBE-embOS.1.3.1
2026-04-22 14:40:10,329 [WARN] PackLoader:240 - Cannot read IP mode file for STMicroelectronics.X-CUBE-ALGOBUILD.1.4.0
2026-04-22 14:40:10,356 [WARN] PackLoader:240 - Cannot read IP mode file for STMicroelectronics.X-CUBE-PM33A1.1.0.0
2026-04-22 14:40:10,408 [WARN] PackLoader:240 - Cannot read IP mode file for STMicroelectronics.X-CUBE-AZRTOS-F4.1.1.0
2026-04-22 14:40:10,423 [WARN] PackLoader:240 - Cannot read IP mode file for STMicroelectronics.X-CUBE-ISPU.2.1.0
2026-04-22 14:40:10,446 [ERROR] Engine:466 - /home/vatcraft/.stm32cubemx/thirdparties/pdsc/STMicroelectronics.X-CUBE-IPS.3.2.0.pdsc: PDSC version is not supported
2026-04-22 14:40:10,450 [WARN] PackLoader:240 - Cannot read IP mode file for STMicroelectronics.eDS-WB_DPC_TT-BIDIR.2.1.1
2026-04-22 14:40:10,462 [WARN] PackLoader:240 - Cannot read IP mode file for STMicroelectronics.X-CUBE-NFC12.1.0.0
2026-04-22 14:40:10,505 [WARN] PackLoader:240 - Cannot read IP mode file for STMicroelectronics.X-CUBE-AZRTOS-L5.2.0.0
2026-04-22 14:40:10,532 [WARN] PackLoader:240 - Cannot read IP mode file for STMicroelectronics.eDS-WB_DPC_VIENNA.1.2.0
2026-04-22 14:40:10,535 [WARN] PackLoader:240 - Cannot read IP mode file for STMicroelectronics.eDS-WB_DPC_3PH2L-BIDIR.1.1.1
2026-04-22 14:40:10,543 [ERROR] Engine:466 - /home/vatcraft/.stm32cubemx/thirdparties/pdsc/STMicroelectronics.X-CUBE-ST67W61.1.3.0.pdsc: PDSC version is not supported
2026-04-22 14:40:10,551 [WARN] PackLoader:240 - Cannot read IP mode file for STMicroelectronics.X-CUBE-TOUCHGFX.4.26.1
2026-04-22 14:40:10,559 [WARN] PackLoader:240 - Cannot read IP mode file for STMicroelectronics.FP-SNS-STAIOTCFT.1.0.0
2026-04-22 14:40:10,569 [WARN] PackLoader:240 - Cannot read IP mode file for STMicroelectronics.X-CUBE-DPower.1.3.0
2026-04-22 14:40:10,626 [WARN] ConditionMgr:438 - getConditionDescription Invalid condition id : LAN8742 Phy interface Condition cause : null
2026-04-22 14:40:10,627 [WARN] PackLoader:240 - Cannot read IP mode file for STMicroelectronics.X-CUBE-AZRTOS-L4.2.0.0
2026-04-22 14:40:10,629 [WARN] ConditionMgr:1044 - genDependencies : Invalid condition id : LAN8742 Phy interface Condition cause : null
2026-04-22 14:40:10,630 [WARN] ConditionMgr:1044 - genDependencies : Invalid condition id : LAN8742 Phy interface Condition cause : null
2026-04-22 14:40:10,631 [WARN] ConditionMgr:1044 - genDependencies : Invalid condition id : LAN8742 Phy interface Condition cause : null
2026-04-22 14:40:10,646 [WARN] PackLoader:240 - Cannot read IP mode file for STMicroelectronics.X-CUBE-SFXS2LP1.4.0.0
2026-04-22 14:40:10,681 [WARN] PackLoader:240 - Cannot read IP mode file for STMicroelectronics.X-CUBE-WB05N.2.1.0
2026-04-22 14:40:10,695 [ERROR] Engine:466 - /home/vatcraft/.stm32cubemx/thirdparties/pdsc/STMicroelectronics.X-CUBE-ST67W61.1.2.0.pdsc: PDSC version is not supported
2026-04-22 14:40:10,713 [INFO] WebApp:463 - Apply proxy settings
2026-04-22 14:40:10,714 [INFO] WebApp:548 - Chromium requires no authentication
2026-04-22 14:40:10,718 [WARN] PackLoader:240 - Cannot read IP mode file for STMicroelectronics.X-CUBE-BLEMGR.4.1.0
2026-04-22 14:40:10,744 [WARN] ConditionMgr:438 - getConditionDescription Invalid condition id : UX DEVICE CLASS RTOS Condition cause : null
2026-04-22 14:40:10,744 [WARN] ConditionMgr:438 - getConditionDescription Invalid condition id : UX DEVICE CLASS RTOS Condition cause : null
2026-04-22 14:40:10,748 [INFO] WebApp:491 - Direct internet connection detected
2026-04-22 14:40:10,748 [WARN] PackLoader:240 - Cannot read IP mode file for STMicroelectronics.X-CUBE-AZRTOS-WB.2.0.0
2026-04-22 14:40:10,749 [WARN] ConditionMgr:1044 - genDependencies : Invalid condition id : UX DEVICE CLASS RTOS Condition cause : null
2026-04-22 14:40:10,749 [WARN] ConditionMgr:1044 - genDependencies : Invalid condition id : UX DEVICE CLASS RTOS Condition cause : null
2026-04-22 14:40:10,750 [WARN] ConditionMgr:1044 - genDependencies : Invalid condition id : UX DEVICE CLASS RTOS Condition cause : null
2026-04-22 14:40:10,750 [WARN] ConditionMgr:1044 - genDependencies : Invalid condition id : UX DEVICE CLASS RTOS Condition cause : null
2026-04-22 14:40:10,750 [WARN] ConditionMgr:1044 - genDependencies : Invalid condition id : UX DEVICE CLASS RTOS Condition cause : null
2026-04-22 14:40:10,758 [WARN] ConditionMgr:438 - getConditionDescription Invalid condition id : Cortex-A Device cause : null
2026-04-22 14:40:10,781 [WARN] ConditionMgr:1044 - genDependencies : Invalid condition id : Cortex-A Device cause : null
2026-04-22 14:40:10,781 [WARN] ConditionMgr:1044 - genDependencies : Invalid condition id : Cortex-A Device cause : null
2026-04-22 14:40:10,781 [WARN] ConditionMgr:1044 - genDependencies : Invalid condition id : Cortex-A Device cause : null
2026-04-22 14:40:10,793 [WARN] PackLoader:240 - Cannot read IP mode file for STMicroelectronics.X-CUBE-STSE01.2.0.0
2026-04-22 14:40:10,823 [INFO] WebApp:894 - Register for checkConnection events
2026-04-22 14:40:10,824 [INFO] WebApp:463 - Apply proxy settings
2026-04-22 14:40:10,824 [INFO] WebApp:548 - Chromium requires no authentication
2026-04-22 14:40:10,825 [INFO] WebApp:491 - Direct internet connection detected
2026-04-22 14:40:10,826 [WARN] PackLoader:240 - Cannot read IP mode file for STMicroelectronics.X-CUBE-SUBG2.5.0.0
2026-04-22 14:40:10,869 [WARN] PackLoader:240 - Cannot read IP mode file for STMicroelectronics.X-CUBE-AZRTOS-G4.2.0.0
2026-04-22 14:40:10,877 [WARN] PackLoader:240 - Cannot read IP mode file for wolfSSL.I-CUBE-wolfSSH.1.4.20
2026-04-22 14:40:10,885 [WARN] PackLoader:240 - Cannot read IP mode file for STMicroelectronics.X-CUBE-NFC7.2.0.0
2026-04-22 14:40:10,892 [WARN] PackLoader:240 - Cannot read IP mode file for STMicroelectronics.X-CUBE-ALS.1.0.2
2026-04-22 14:40:10,919 [WARN] PackLoader:240 - Cannot read IP mode file for STMicroelectronics.X-CUBE-TOF1.3.4.3
2026-04-22 14:40:10,945 [INFO] ThirdParty:978 - Integrity check success = true
2026-04-22 14:40:10,945 [INFO] IntegrityCheckThread:100 - exiting critical section [integrity check]
2026-04-22 14:40:10,946 [INFO] IntegrityCheckThread:103 - End integrity checks thread
2026-04-22 14:40:11,062 [INFO] WebApp:225 - Starting web application
2026-04-22 14:40:11,062 [INFO] WebApp:593 - Web application path used /opt/st/stm32cubeide_1.18.1/plugins/com.st.stm32cube.common.mx_6.14.1.202504091515/db/plugins/mcufinder/reactClient1/index.html
2026-04-22 14:40:11,217 [INFO] UserAuth:484 - Internet connection configuration mode: 1
2026-04-22 14:40:11,508 [INFO] WebApp:191 - Connection restablished
2026-04-22 14:40:13,733 [INFO] ApiDb:240 - Found 895 in-development CPN: [B-G473E-ZEST1S, B-WB1M-WPAN1, B-WBA5M-WPAN, B-WL5M-SUBG1, NUCLEO-C031C6, NUCLEO-C051C8, NUCLEO-C071RB, NUCLEO-C092RC, NUCLEO-H503RB, NUCLEO-H533RE, NUCLEO-H563ZI, NUCLEO-H7S3L8, NUCLEO-N657X0-Q, NUCLEO-U031R8, NUCLEO-U083RC, NUCLEO-U385RG-Q, NUCLEO-U545RE-Q, NUCLEO-U5A5ZJ-Q, NUCLEO-WB05KZ, NUCLEO-WB07CC, NUCLEO-WB09KE, NUCLEO-WBA52CG, NUCLEO-WBA55CG, NUCLEO-WBA65RI, NUCLEO-WL33CC1, NUCLEO-WL33CC2, STEVAL-PROTEUS1, STEVAL-SMARTAG2, STEVAL-STWINBX1, STM320518-EVAL, STM32C0116-DK, STM32C011D6Y3TR, STM32C011D6Y6TR, STM32C011F4P3, STM32C011F4P6, STM32C011F4U3, STM32C011F4U6TR, STM32C011F6P3, STM32C011F6P6, STM32C011F6U3, STM32C011F6U6TR, STM32C011J4M3, STM32C011J4M6, STM32C011J6M3, STM32C011J6M6, STM32C0316-DK, STM32C031C4T3, STM32C031C4T6, STM32C031C4U3, STM32C031C4U6, STM32C031C6T3, STM32C031C6T6, STM32C031C6U3, STM32C031C6U6, STM32C031F4P3, STM32C031F4P6, STM32C031F6P3, STM32C031F6P6, STM32C031G4U3, STM32C031G4U6, STM32C031G6U3, STM32C031G6U6, STM32C031K4T3, STM32C031K4T6, STM32C031K4U3, STM32C031K4U6, STM32C031K6T3, STM32C031K6T6, STM32C031K6U3, STM32C031K6U6, STM32C051C6T6, STM32C051C6U6, STM32C051C8T6, STM32C051C8U6, STM32C051D8Y6TR, STM32C051F6P6, STM32C051F8P6, STM32C051G6U6, STM32C051G8U6, STM32C051K6T6, STM32C051K6U6, STM32C051K8T6, STM32C071C8T6, STM32C071C8T6N, STM32C071C8U6, STM32C071C8U6N, STM32C071CBT6, STM32C071CBT6N, STM32C071CBU6, STM32C071CBU6N, STM32C071F8P6, STM32C071F8P6N, STM32C071FBP6, STM32C071FBP6N, STM32C071FBY6TR, STM32C071G8U6, STM32C071G8U6N, STM32C071GBU6, STM32C071GBU6N, STM32C071K8T6, STM32C071K8T6N, STM32C071K8U6, STM32C071K8U6N, STM32C071KBT6, STM32C071KBT6N, STM32C071KBU6, STM32C071KBU6N, STM32C071R8T6, STM32C071R8T6N, STM32C071RBI6N, STM32C071RBT6, STM32C071RBT6N, STM32C091CBT6, STM32C091CBU6, STM32C091CCT6, STM32C091CCU6, STM32C091ECY6TR, STM32C091FBP6, STM32C091FCP6, STM32C091GBU6, STM32C091GCU6, STM32C091KBT6, STM32C091KBU6, STM32C091KCT6, STM32C091KCU6, STM32C091RBT6, STM32C091RCI6, STM32C091RCT6, STM32C092CBT6, STM32C092CBU6, STM32C092CCT6, STM32C092CCU6, STM32C092ECY6TR, STM32C092FBP6, STM32C092FCP6, STM32C092GBU6, STM32C092GCU6, STM32C092KBT6, STM32C092KBU6, STM32C092KCT6, STM32C092KCU6, STM32C092RBT6, STM32C092RCI6, STM32C092RCT6, STM32G071K8TXN, STM32G071K8UXN, STM32G081GBU6N, STM32G081KBT6N, STM32G081KBUXN, STM32G0B1CCT6N, STM32G0B1KCT6, STM32G0B1NEY6TR, STM32G0B1RCT6N, STM32G0C1CCT6, STM32G0C1CCT6N, STM32G0C1CCU6N, STM32G0C1CET6N, STM32G0C1CEU6N, STM32G0C1KCT6, STM32G0C1NEY6TR, STM32G0C1RCI6N, STM32G0C1RCT6N, STM32G0C1REI6N, STM32G0C1RET6N, STM32G0C1VCI6, STM32G0C1VEI6, STM32G411C6T3, STM32G411C6T6, STM32G411C6U3, STM32G411C6U6, STM32G411C8T3, STM32G411C8T6, STM32G411C8U3, STM32G411C8U6, STM32G411CBT3, STM32G411CBT6, STM32G411CBU3, STM32G411CBU6, STM32G411CCT3, STM32G411CCT6, STM32G411CCU3, STM32G411CCU6, STM32G411K6T3, STM32G411K6T6, STM32G411K6U3, STM32G411K6U6, STM32G411K8T3, STM32G411K8T6, STM32G411K8U3, STM32G411K8U6, STM32G411KBT3, STM32G411KBT6, STM32G411KBU3, STM32G411KBU6, STM32G411M6T3, STM32G411M6T6, STM32G411M8T3, STM32G411M8T6, STM32G411MBT3, STM32G411MBT6, STM32G411MCT3, STM32G411MCT6, STM32G411R6T3, STM32G411R6T6, STM32G411R8T3, STM32G411R8T6, STM32G411RBT3, STM32G411RBT6, STM32G411RCT3, STM32G411RCT6, STM32G414CBT3, STM32G414CBT6, STM32G414CBU3, STM32G414CBU6, STM32G414CCT3, STM32G414CCT6, STM32G414CCU3, STM32G414CCU6, STM32G414MBT3, STM32G414MBT6, STM32G414MCT3, STM32G414MCT6, STM32G414RBT3, STM32G414RBT6, STM32G414RCT3, STM32G414RCT6, STM32G414VBT3, STM32G414VBT6, STM32G414VCT3, STM32G414VCT6, STM32G431CBT3Z, STM32G431RBT3Z, STM32G471CCT6, STM32G471CCU6, STM32G471CET3, STM32G471CET6, STM32G471CEU3, STM32G471CEU6, STM32G471MCT6, STM32G471MET3, STM32G471MET6, STM32G471MEY6TR, STM32G471QCT6, STM32G471QET3, STM32G471RCT6, STM32G471RET3, STM32G471RET6, STM32G471VCH6, STM32G471VCI6, STM32G471VCT6, STM32G471VEH3, STM32G471VEH6, STM32G471VEI3, STM32G471VEI6, STM32G471VET3, STM32G471VET6, STM32G473QET3Z, STM32G473RET3Z, STM32G474CCT6, STM32G491RET3Z, STM32H503CBT6, STM32H503CBU6, STM32H503EBY6TR, STM32H503KBU6, STM32H503RBT6, STM32H523CCT6, STM32H523CCU6, STM32H523CET6, STM32H523CEU6, STM32H523HEY6TR, STM32H523RCT6, STM32H523RET6, STM32H523VCI6, STM32H523VCT6, STM32H523VEI6, STM32H523VET6, STM32H523ZCJ6, STM32H523ZCT6, STM32H523ZEJ6, STM32H523ZET6, STM32H533CET6, STM32H533CEU6, STM32H533HEY6TR, STM32H533RET6, STM32H533VEI6, STM32H533VET6, STM32H533ZEJ6, STM32H533ZET6, STM32H562AGI6, STM32H562AII6, STM32H562IGK6, STM32H562IGT6, STM32H562IIK6, STM32H562IIT6, STM32H562RGT6, STM32H562RGV6, STM32H562RIT6, STM32H562RIV6, STM32H562VGT6, STM32H562VIT6, STM32H562ZGT6, STM32H562ZIT6, STM32H563AGI6, STM32H563AII3Q, STM32H563AII6, STM32H563IGK6, STM32H563IGT6, STM32H563IIK3Q, STM32H563IIK6, STM32H563IIT3Q, STM32H563IIT6, STM32H563MIY3QTR, STM32H563RGT6, STM32H563RGV6, STM32H563RIT6, STM32H563RIV6, STM32H563VGT6, STM32H563VIT3Q, STM32H563VIT6, STM32H563ZGT6, STM32H563ZIT3Q, STM32H563ZIT6, STM32H573AII3Q, STM32H573AII6, STM32H573I-DK, STM32H573IIK3Q, STM32H573IIK6, STM32H573IIT3Q, STM32H573IIT6, STM32H573MIY3QTR, STM32H573RIT6, STM32H573RIV6, STM32H573VIT3Q, STM32H573VIT6, STM32H573ZIT3Q, STM32H573ZIT6, STM32H7R3A8I6, STM32H7R3I8K6, STM32H7R3I8T6, STM32H7R3L8H6, STM32H7R3L8H6H, STM32H7R3R8V6, STM32H7R3V8H6, STM32H7R3V8T6, STM32H7R3V8Y6TR, STM32H7R3Z8J6, STM32H7R3Z8T6, STM32H7R7A8I6, STM32H7R7I8K6, STM32H7R7I8T6, STM32H7R7L8H6, STM32H7R7L8H6H, STM32H7R7Z8J6, STM32H7S3A8I6, STM32H7S3I8K6, STM32H7S3I8T6, STM32H7S3L8H6, STM32H7S3L8H6H, STM32H7S3R8V6, STM32H7S3V8H6, STM32H7S3V8T6, STM32H7S3V8Y6TR, STM32H7S3Z8J6, STM32H7S3Z8T6, STM32H7S78-DK, STM32H7S7A8I6, STM32H7S7I8K6, STM32H7S7I8T6, STM32H7S7L8H6, STM32H7S7L8H6H, STM32H7S7Z8J6, STM32L4R5QGI6STR, STM32MP131AAE3, STM32MP131AAF3, STM32MP131AAG3, STM32MP131CAE3, STM32MP131CAF3, STM32MP131CAG3, STM32MP131DAE7, STM32MP131DAF7, STM32MP131DAG7, STM32MP131FAE7, STM32MP131FAF7, STM32MP131FAG7, STM32MP133AAE3, STM32MP133AAF3, STM32MP133AAG3, STM32MP133CAE3, STM32MP133CAF3, STM32MP133CAG3, STM32MP133DAE7, STM32MP133DAF7, STM32MP133DAG7, STM32MP133FAE7, STM32MP133FAF7, STM32MP133FAG7, STM32MP135AAE3, STM32MP135AAF3, STM32MP135AAG3, STM32MP135CAE3, STM32MP135CAF3, STM32MP135CAG3, STM32MP135DAE7, STM32MP135DAF7, STM32MP135DAG7, STM32MP135F-DK, STM32MP135FAE7, STM32MP135FAF7, STM32MP135FAF7T, STM32MP135FAF7U, STM32MP135FAG7, STM32MP231AAJ3, STM32MP231AAK3, STM32MP231AAL3, STM32MP231CAJ3, STM32MP231CAK3, STM32MP231CAL3, STM32MP231DAJ3, STM32MP231DAK3, STM32MP231DAL3, STM32MP231FAJ3, STM32MP231FAK3, STM32MP231FAL3, STM32MP233AAJ3, STM32MP233AAK3, STM32MP233AAL3, STM32MP233CAJ3, STM32MP233CAK3, STM32MP233CAL3, STM32MP233DAJ3, STM32MP233DAK3, STM32MP233DAL3, STM32MP233FAJ3, STM32MP233FAK3, STM32MP233FAL3, STM32MP235AAJ3, STM32MP235AAK3, STM32MP235AAL3, STM32MP235CAJ3, STM32MP235CAK3, STM32MP235CAL3, STM32MP235DAJ3, STM32MP235DAK3, STM32MP235DAL3, STM32MP235FAJ3, STM32MP235FAK3, STM32MP235FAL3, STM32MP251AAI3, STM32MP251AAJ3, STM32MP251AAK3, STM32MP251AAL3, STM32MP251CAI3, STM32MP251CAJ3, STM32MP251CAK3, STM32MP251CAL3, STM32MP251DAI3, STM32MP251DAJ3, STM32MP251DAK3, STM32MP251DAL3, STM32MP251FAI3, STM32MP251FAJ3, STM32MP251FAK3, STM32MP251FAL3, STM32MP253AAI3, STM32MP253AAJ3, STM32MP253AAK3, STM32MP253AAL3, STM32MP253CAI3, STM32MP253CAJ3, STM32MP253CAK3, STM32MP253CAL3, STM32MP253DAI3, STM32MP253DAJ3, STM32MP253DAK3, STM32MP253DAL3, STM32MP253FAI3, STM32MP253FAJ3, STM32MP253FAK3, STM32MP253FAL3, STM32MP255AAI3, STM32MP255AAJ3, STM32MP255AAK3, STM32MP255AAL3, STM32MP255CAI3, STM32MP255CAJ3, STM32MP255CAK3, STM32MP255CAL3, STM32MP255DAI3, STM32MP255DAJ3, STM32MP255DAK3, STM32MP255DAL3, STM32MP255FAI3, STM32MP255FAJ3, STM32MP255FAK3, STM32MP255FAL3, STM32MP257AAI3, STM32MP257AAJ3, STM32MP257AAK3, STM32MP257AAL3, STM32MP257CAI3, STM32MP257CAJ3, STM32MP257CAK3, STM32MP257CAL3, STM32MP257DAI3, STM32MP257DAJ3, STM32MP257DAK3, STM32MP257DAL3, STM32MP257F-DK, STM32MP257F-EV1, STM32MP257FAI3, STM32MP257FAJ3, STM32MP257FAK3, STM32MP257FAL3, STM32N645A0H3Q, STM32N645B0H3Q, STM32N645I0H3Q, STM32N645L0H3Q, STM32N645X0H3Q, STM32N645Z0H3Q, STM32N647A0H3Q, STM32N647B0H3Q, STM32N647I0H3Q, STM32N647L0H3Q, STM32N647X0H3Q, STM32N647Z0H3Q, STM32N655A0H3Q, STM32N655B0H3Q, STM32N655I0H3Q, STM32N655L0H3Q, STM32N655X0H3Q, STM32N655Z0H3Q, STM32N6570-DK, STM32N657A0H3Q, STM32N657B0H3Q, STM32N657I0H3Q, STM32N657L0H3Q, STM32N657X0H3Q, STM32N657Z0H3Q, STM32U031C6T6, STM32U031C6U6, STM32U031C8T6, STM32U031C8U6, STM32U031F4P6, STM32U031F6P6, STM32U031F8P6, STM32U031G6Y6TR, STM32U031G8Y6TR, STM32U031K4U6, STM32U031K6U6, STM32U031K8U6, STM32U031R6I6, STM32U031R6T6, STM32U031R8I6, STM32U031R8T6, STM32U073C8T6, STM32U073C8U6, STM32U073CBT6, STM32U073CBU6, STM32U073CCT6, STM32U073CCU6, STM32U073H8Y6TR, STM32U073HBY6TR, STM32U073HCY6TR, STM32U073K8U6, STM32U073KBU6, STM32U073KCU6, STM32U073M8I6, STM32U073M8T6, STM32U073MBI6, STM32U073MBT6, STM32U073MCI6, STM32U073MCT6, STM32U073R8I6, STM32U073R8T6, STM32U073RBI6, STM32U073RBT6, STM32U073RCI6, STM32U073RCT6, STM32U083C-DK, STM32U083CCT6, STM32U083CCU6, STM32U083HCY6TR, STM32U083KCU6, STM32U083MCI6, STM32U083MCT6, STM32U083RCI6, STM32U083RCT6, STM32U375CET6, STM32U375CET6Q, STM32U375CEU6, STM32U375CEU6Q, STM32U375CEY6QTR, STM32U375CGT6, STM32U375CGT6Q, STM32U375CGU6, STM32U375CGU6Q, STM32U375CGY6QTR, STM32U375KEU6, STM32U375KGU6, STM32U375REI6, STM32U375REI6Q, STM32U375RET6, STM32U375RET6Q, STM32U375REY6GTR, STM32U375REY6QTR, STM32U375RGI6, STM32U375RGI6Q, STM32U375RGT6, STM32U375RGT6Q, STM32U375RGY6GTR, STM32U375RGY6QTR, STM32U375VEI6, STM32U375VEI6Q, STM32U375VET6, STM32U375VET6Q, STM32U375VGI6, STM32U375VGI6Q, STM32U375VGT6, STM32U375VGT6Q, STM32U385CGT6, STM32U385CGT6Q, STM32U385CGU6, STM32U385CGU6Q, STM32U385CGY6QTR, STM32U385KGU6, STM32U385RGI6, STM32U385RGI6Q, STM32U385RGT6, STM32U385RGT6Q, STM32U385RGY6GTR, STM32U385RGY6QTR, STM32U385VGI6, STM32U385VGI6Q, STM32U385VGT6, STM32U385VGT6Q, STM32U535CBT6, STM32U535CBT6Q, STM32U535CBU6, STM32U535CBU6Q, STM32U535CCT6, STM32U535CCT6Q, STM32U535CCU6, STM32U535CCU6Q, STM32U535CET6, STM32U535CET6Q, STM32U535CEU6, STM32U535CEU6Q, STM32U535JEY6QTR, STM32U535NCY6QTR, STM32U535NEY6QTR, STM32U535RBI6, STM32U535RBI6Q, STM32U535RBT6, STM32U535RBT6Q, STM32U535RCI6, STM32U535RCI6Q, STM32U535RCT6, STM32U535RCT6Q, STM32U535REI6, STM32U535REI6Q, STM32U535RET6, STM32U535RET6Q, STM32U535VCI6, STM32U535VCI6Q, STM32U535VCT6, STM32U535VCT6Q, STM32U535VEI6, STM32U535VEI6Q, STM32U535VET6, STM32U535VET6Q, STM32U545CET6, STM32U545CET6Q, STM32U545CEU6, STM32U545CEU6Q, STM32U545JEY6QTR, STM32U545NEY6QTR, STM32U545REI6, STM32U545REI6Q, STM32U545RET6, STM32U545RET6Q, STM32U545VEI6, STM32U545VEI6Q, STM32U545VET6, STM32U545VET6Q, STM32U595AIH6, STM32U595AIH6Q, STM32U595AJH6, STM32U595AJH6Q, STM32U595QII6, STM32U595QII6Q, STM32U595QJI6, STM32U595QJI6Q, STM32U595RIT6, STM32U595RIT6Q, STM32U595RJT6, STM32U595RJT6Q, STM32U595VIT6, STM32U595VIT6Q, STM32U595VJT6, STM32U595VJT6Q, STM32U595ZIT6, STM32U595ZIT6Q, STM32U595ZIY6QTR, STM32U595ZJT6, STM32U595ZJT6Q, STM32U595ZJY6QTR, STM32U599BJY6QTR, STM32U599NIH6Q, STM32U599NJH6Q, STM32U599VIT6Q, STM32U599VJT6, STM32U599VJT6Q, STM32U599ZIT6Q, STM32U599ZIY6QTR, STM32U599ZJT6Q, STM32U599ZJY6QTR, STM32U5A5AJH6, STM32U5A5AJH6Q, STM32U5A5QII3Q , STM32U5A5QJI6, STM32U5A5QJI6Q, STM32U5A5RJT6, STM32U5A5RJT6Q, STM32U5A5VJT6, STM32U5A5VJT6Q, STM32U5A5ZJT6, STM32U5A5ZJT6Q, STM32U5A5ZJY6QTR, STM32U5A9BJY6QTR, STM32U5A9J-DK, STM32U5A9NJH6Q, STM32U5A9VJT6Q, STM32U5A9ZJT6Q, STM32U5A9ZJY6QTR, STM32U5F7VIT6, STM32U5F7VIT6Q, STM32U5F7VJT6, STM32U5F7VJT6Q, STM32U5F9BJY6QTR, STM32U5F9NJH6Q, STM32U5F9VIT6Q, STM32U5F9VJT6Q, STM32U5F9ZIJ6QTR, STM32U5F9ZIT6Q, STM32U5F9ZJJ6QTR, STM32U5F9ZJT6Q, STM32U5G7VJT6, STM32U5G7VJT6Q, STM32U5G9BJY6QTR, STM32U5G9J-DK1, STM32U5G9J-DK2, STM32U5G9NJH6Q, STM32U5G9VJT6Q, STM32U5G9ZJJ6QTR, STM32U5G9ZJT6Q, STM32WB05KZV6TR, STM32WB05KZV7TR, STM32WB05TZF6TR, STM32WB05TZF7TR, STM32WB06CCF6TR, STM32WB06CCF7TR, STM32WB06CCV6TR, STM32WB06CCV7TR, STM32WB06KCV6TR, STM32WB06KCV7TR, STM32WB07CCF6TR, STM32WB07CCF7TR, STM32WB07CCV6TR, STM32WB07CCV7TR, STM32WB07KCV6TR, STM32WB07KCV7TR, STM32WB09KEV6TR, STM32WB09KEV7TR, STM32WB09TEF6TR, STM32WB09TEF7TR, STM32WB1MMCH6, STM32WBA50KGU6, STM32WBA50KGU6TR, STM32WBA52CEU6, STM32WBA52CEU6TR, STM32WBA52CEU7, STM32WBA52CEU7TR, STM32WBA52CGU6, STM32WBA52CGU6TR, STM32WBA52CGU6U, STM32WBA52CGU7, STM32WBA52CGU7TR, STM32WBA52KEU6, STM32WBA52KEU6TR, STM32WBA52KGU6, STM32WBA52KGU6TR, STM32WBA54CEU6, STM32WBA54CEU6TR, STM32WBA54CEU7, STM32WBA54CEU7TR, STM32WBA54CGU6, STM32WBA54CGU6TR, STM32WBA54CGU7, STM32WBA54CGU7TR, STM32WBA54KEU6, STM32WBA54KEU6TR, STM32WBA54KEU7, STM32WBA54KEU7TR, STM32WBA54KGU6, STM32WBA54KGU6TR, STM32WBA54KGU7, STM32WBA54KGU7TR, STM32WBA55CEU6, STM32WBA55CEU6TR, STM32WBA55CEU7, STM32WBA55CEU7TR, STM32WBA55CGU6, STM32WBA55CGU6TR, STM32WBA55CGU6U, STM32WBA55CGU7, STM32WBA55CGU7TR, STM32WBA55G-DK1, STM32WBA55HEF6, STM32WBA55HEF7, STM32WBA55HGF6, STM32WBA55HGF7, STM32WBA55UEI6, STM32WBA55UEI6TR, STM32WBA55UEI7, STM32WBA55UEI7TR, STM32WBA55UGI6, STM32WBA55UGI6TR, STM32WBA55UGI7, STM32WBA55UGI7TR, STM32WBA5MJGH6TR, STM32WBA62CGU6, STM32WBA62CIU6, STM32WBA62MGF6, STM32WBA62MIF6, STM32WBA62PGI6, STM32WBA62PII6, STM32WBA63CGU6, STM32WBA63CGU7, STM32WBA63CIU6, STM32WBA63CIU7, STM32WBA64CGU6, STM32WBA64CGU7, STM32WBA64CIU6, STM32WBA64CIU7, STM32WBA65CGU6, STM32WBA65CGU7, STM32WBA65CIU6, STM32WBA65CIU7, STM32WBA65I-DK1, STM32WBA65MGF6, STM32WBA65MGF7, STM32WBA65MIF6, STM32WBA65MIF7, STM32WBA65PGI6, STM32WBA65PGI7, STM32WBA65PII6, STM32WBA65PII7, STM32WBA65RGV6, STM32WBA65RGV7, STM32WBA65RIV6, STM32WBA65RIV7, STM32WL30K8V6, STM32WL30KBV6, STM32WL31C8V6, STM32WL31CBV6, STM32WL31K8V6, STM32WL31KBV6, STM32WL33C8V6, STM32WL33C8V6TR, STM32WL33C8V7, STM32WL33C8V7TR, STM32WL33CBV6, STM32WL33CBV6TR, STM32WL33CBV7, STM32WL33CBV7TR, STM32WL33CCV6, STM32WL33CCV6TR, STM32WL33CCV7, STM32WL33CCV7A, STM32WL33CCV7ATR, STM32WL33CCV7TR, STM32WL33K8V6, STM32WL33K8V6TR, STM32WL33K8V7, STM32WL33K8V7TR, STM32WL33KBV6, STM32WL33KBV6TR, STM32WL33KBV7, STM32WL33KBV7TR, STM32WL33KCV6, STM32WL33KCV6TR, STM32WL33KCV7, STM32WL33KCV7TR, STM32WL5MOCH6, STM32WL5MOCH6TR]
2026-04-22 14:40:13,742 [INFO] DbMcus:218 - Found 5051 MCUs, 4964 are supported
2026-04-22 14:40:13,743 [INFO] ApiDb:423 - Load user favorites file /home/vatcraft/.stm32cubeide/favorites.mcus.txt: 0 item(s)
2026-04-22 14:40:13,744 [INFO] ApiDb:427 - User favorites MCUs=[]
2026-04-22 14:40:13,744 [INFO] DbMcus:224 - Set 0 / 0 favorites MCUs
2026-04-22 14:40:14,882 [INFO] BoardInfo:889 - No configuration file found for board NUCLEO-H5E5ZJ
2026-04-22 14:40:14,883 [INFO] DbBoards:161 - Board is not supported: NUCLEO-H5E5ZJ
2026-04-22 14:40:14,919 [INFO] BoardInfo:889 - No configuration file found for board NUCLEO-U3C5ZI-Q
2026-04-22 14:40:14,919 [INFO] DbBoards:161 - Board is not supported: NUCLEO-U3C5ZI-Q
2026-04-22 14:40:14,929 [INFO] BoardInfo:889 - No configuration file found for board NUCLEO-WBA25CE1
2026-04-22 14:40:14,929 [INFO] DbBoards:161 - Board is not supported: NUCLEO-WBA25CE1
2026-04-22 14:40:14,935 [INFO] BoardInfo:889 - No configuration file found for board NUCLEO-WL3RKB1
2026-04-22 14:40:14,935 [INFO] DbBoards:161 - Board is not supported: NUCLEO-WL3RKB1
2026-04-22 14:40:14,957 [INFO] BoardInfo:889 - No configuration file found for board NUCLEO-WL3RKB2
2026-04-22 14:40:14,957 [INFO] DbBoards:161 - Board is not supported: NUCLEO-WL3RKB2
2026-04-22 14:40:14,968 [INFO] BoardInfo:889 - No configuration file found for board P-NUCLEO-WB55
2026-04-22 14:40:14,968 [INFO] DbBoards:161 - Kit is not supported: P-NUCLEO-WB55
2026-04-22 14:40:14,972 [INFO] BoardInfo:889 - No configuration file found for board STEVAL-BFA001V1B
2026-04-22 14:40:14,973 [INFO] DbBoards:161 - Kit is not supported: STEVAL-BFA001V1B
2026-04-22 14:40:14,975 [INFO] BoardInfo:889 - No configuration file found for board STEVAL-BFA001V2B
2026-04-22 14:40:14,976 [INFO] DbBoards:161 - Kit is not supported: STEVAL-BFA001V2B
2026-04-22 14:40:15,064 [INFO] BoardInfo:889 - No configuration file found for board STM32H5F5J-DK
2026-04-22 14:40:15,065 [INFO] DbBoards:161 - Board is not supported: STM32H5F5J-DK
2026-04-22 14:40:15,114 [INFO] BoardInfo:889 - No configuration file found for board STM32MP215F-DK
2026-04-22 14:40:15,115 [INFO] DbBoards:161 - Board is not supported: STM32MP215F-DK
2026-04-22 14:40:15,129 [INFO] DbBoards:168 - Found 218 boards, 208 are supported
2026-04-22 14:40:15,130 [INFO] DbBoards:169 - Found 218 boards, 43 of them is supported for  Bsp
2026-04-22 14:40:15,134 [INFO] ApiDb:423 - Load user favorites file /home/vatcraft/.stm32cubeide/favorites.boards.txt: 0 item(s)
2026-04-22 14:40:15,134 [INFO] ApiDb:427 - User favorites Boards=[]
2026-04-22 14:40:15,134 [INFO] DbBoards:198 - Set 0 / 0 favorites Boards
2026-04-22 14:40:15,135 [INFO] McuFinderGlobals:76 - Set McuFinderConnectedMode to true
2026-04-22 14:40:15,160 [INFO] MultiScanPanel:200 - Auto-refresh data requested => check proxy status ongoing
2026-04-22 14:40:15,163 [INFO] FinderPluginLoader:95 - Searching for filters in installed packs
2026-04-22 14:40:17,411 [INFO] LoadUrlFilesThread:185 - End of LoadServerUrlFiles without Thread
2026-04-22 14:40:17,431 [INFO] DetailPanel:341 - Set advertising image to /home/vatcraft/STM32Cube/Repository//en.prom-stm32u3b5-u3c5-0426.jpg
2026-04-22 14:40:19,205 [INFO] McuFinderGlobals:76 - Set McuFinderConnectedMode to true
2026-04-22 14:40:19,209 [INFO] MultiScanPanel:200 - Auto-refresh data requested => check proxy status ongoing
2026-04-22 14:40:19,210 [INFO] FinderPluginLoader:95 - Searching for filters in installed packs
2026-04-22 14:40:20,986 [INFO] LoadUrlFilesThread:185 - End of LoadServerUrlFiles without Thread
2026-04-22 14:40:20,987 [INFO] DetailPanel:341 - Set advertising image to /home/vatcraft/STM32Cube/Repository//en.prom-stm32u3b5-u3c5-0426.jpg
2026-04-22 14:40:23,026 [INFO] McuFinderGlobals:76 - Set McuFinderConnectedMode to true
2026-04-22 14:40:23,027 [INFO] MultiScanPanel:200 - Auto-refresh data requested => check proxy status ongoing
2026-04-22 14:40:23,028 [INFO] FinderPluginLoader:95 - Searching for filters in installed packs
2026-04-22 14:40:24,444 [INFO] LoadUrlFilesThread:185 - End of LoadServerUrlFiles without Thread
2026-04-22 14:40:24,445 [INFO] DetailPanel:341 - Set advertising image to /home/vatcraft/STM32Cube/Repository//en.prom-stm32u3b5-u3c5-0426.jpg
2026-04-22 14:40:25,662 [INFO] McuFinderGlobals:76 - Set McuFinderConnectedMode to true
2026-04-22 14:40:25,663 [INFO] MultiScanPanel:200 - Auto-refresh data requested => check proxy status ongoing
2026-04-22 14:40:25,663 [INFO] FinderPluginLoader:95 - Searching for filters in installed packs
2026-04-22 14:40:27,346 [INFO] LoadUrlFilesThread:185 - End of LoadServerUrlFiles without Thread
2026-04-22 14:40:27,347 [INFO] DetailPanel:341 - Set advertising image to /home/vatcraft/STM32Cube/Repository//en.prom-stm32u3b5-u3c5-0426.jpg
2026-04-22 14:40:32,270 [INFO] MultiScanPanel:200 - Auto-refresh data requested => check proxy status ongoing
2026-04-22 14:40:32,754 [INFO] LoadUrlFilesThread:185 - End of LoadServerUrlFiles without Thread
2026-04-22 14:40:32,754 [INFO] DetailPanel:341 - Set advertising image to /home/vatcraft/STM32Cube/Repository//en.prom-stm32u3b5-u3c5-0426.jpg
2026-04-22 14:40:32,776 [INFO] DbBoards:642 - Loading board mini-images...
2026-04-22 14:40:37,189 [INFO] DbBoards:665 - Loaded 218 board mini-images
2026-04-22 14:41:11,258 [INFO] McuFinderGlobals:76 - Set McuFinderConnectedMode to true
2026-04-22 14:41:12,321 [INFO] ApiDb:448 - Save user favorites file /home/vatcraft/.stm32cubeide/favorites.mcus.txt: 0 item(s)
2026-04-22 14:41:12,322 [INFO] ApiDb:452 - User favorites MCUs=[]
2026-04-22 14:41:15,190 [INFO] MainUpdater:2872 - connection check result : 10
2026-04-22 14:41:15,339 [INFO] McuFinderGlobals:76 - Set McuFinderConnectedMode to true
2026-04-22 14:41:15,342 [INFO] MultiScanPanel:200 - Auto-refresh data requested => check proxy status ongoing
2026-04-22 14:41:15,343 [INFO] FinderPluginLoader:95 - Searching for filters in installed packs
2026-04-22 14:41:16,506 [INFO] LoadUrlFilesThread:185 - End of LoadServerUrlFiles without Thread
2026-04-22 14:41:16,510 [INFO] DetailPanel:341 - Set advertising image to /home/vatcraft/STM32Cube/Repository//en.prom-stm32u3b5-u3c5-0426.jpg
2026-04-22 14:41:20,037 [INFO] MultiScanPanel:200 - Auto-refresh data requested => check proxy status ongoing
2026-04-22 14:41:20,122 [INFO] LoadUrlFilesThread:185 - End of LoadServerUrlFiles without Thread
2026-04-22 14:41:20,122 [INFO] DetailPanel:341 - Set advertising image to /home/vatcraft/STM32Cube/Repository//en.prom-stm32u3b5-u3c5-0426.jpg
2026-04-22 14:41:57,486 [INFO] MainUpdater:2872 - connection check result : 10
2026-04-22 14:41:57,486 [INFO] MainUpdater:2872 - connection check result : 10
2026-04-22 14:41:57,507 [INFO] MicroXplorer:468 - Change Database Path : 
2026-04-22 14:41:57,507 [INFO] MicroXplorer:498 - Change Database Version : DB.6.0.141
2026-04-22 14:41:57,516 [WARN] ThirdParty:871 - waiting for thirdparty lock release [close project]
2026-04-22 14:41:57,517 [INFO] ThirdParty:873 - entering critical section [close project]
2026-04-22 14:41:57,518 [INFO] ThirdParty:883 - exiting critical section [close project]
2026-04-22 14:41:57,521 [INFO] PinOutPanel:1589 - setPackage(No Configuration,No Configuration)
2026-04-22 14:41:57,528 [INFO] UtilMem:75 - Begin LoadConfig() Used Memory: 934375728 Bytes (1073741824)
2026-04-22 14:41:57,537 [INFO] MicroXplorer:468 - Change Database Path : 
2026-04-22 14:41:57,538 [INFO] MicroXplorer:498 - Change Database Version : DB.6.0.141
2026-04-22 14:41:57,538 [INFO] OpenFileManager:354 - Change cursor
2026-04-22 14:41:57,570 [INFO] Mcu:2011 - Initializing MCU STM32F401R(D-E)Tx STM32F401RETx STM32F401RET6
2026-04-22 14:42:00,320 [INFO] Context:756 - Trying to add GPIOservice into a context  which must be forbidden
2026-04-22 14:42:01,169 [INFO] Rule:225 - rule Adapt Old IOC before rework replace old CORTEX_M33/CORTEX_M55 attributes by the new one. is applicable
2026-04-22 14:42:01,170 [INFO] Rule:225 - rule Rename parametre of RCC RCC_APBDBG_DIV2 to RCC_TIMPRES_DIV2 is applicable
2026-04-22 14:42:01,170 [INFO] Rule:225 - rule Rename DIE493 pin PA10 [PA12] -> PA10 is applicable
2026-04-22 14:42:01,170 [INFO] Rule:225 - rule Rename DIE493 pin PA9 [PA11] -> PA9 is applicable
2026-04-22 14:42:01,170 [INFO] Rule:225 - rule Adapt Old IOC CSI. is applicable
2026-04-22 14:42:01,170 [INFO] DbConfProperties:307 - Apply Compatibility (0/5 Rules)
2026-04-22 14:42:01,245 [INFO] ImportTextPane:218 - (OptionalMessage_ERROR) Pin12 (VP_RIF_VS_RIF1) cannot be retrieved for this MCU
2026-04-22 14:42:01,607 [INFO] RtosManager:558 - Registered RTOS mode: class=CMSIS, group=RTOS, mode=CMSIS_V1, owner=FREERTOS
2026-04-22 14:42:01,609 [INFO] RtosManager:558 - Registered RTOS mode: class=CMSIS, group=RTOS2, mode=CMSIS_V2, owner=FREERTOS
2026-04-22 14:42:01,609 [INFO] RtosManager:558 - Registered RTOS mode: class=RTOS, group=Core, mode=CMSIS_V1, owner=FREERTOS
2026-04-22 14:42:01,610 [INFO] RtosManager:558 - Registered RTOS mode: class=RTOS, group=Core, mode=CMSIS_V2, owner=FREERTOS
2026-04-22 14:42:01,610 [WARN] ModelIntegratedComponent:184 - Missing modes for component STMicroelectronics:FreeRTOS:0.0.1:STMicroelectronics:RTOS:FreeRTOS:Core:::10.2.0:
2026-04-22 14:42:01,631 [WARN] ModelIntegratedComponent:63 - No mode defined for component null
2026-04-22 14:42:01,631 [WARN] ModelIntegratedComponent:63 - No mode defined for component null
2026-04-22 14:42:01,631 [WARN] ModelIntegratedComponent:63 - No mode defined for component null
2026-04-22 14:42:01,631 [WARN] ModelIntegratedComponent:63 - No mode defined for component null
2026-04-22 14:42:01,631 [WARN] ModelIntegratedComponent:63 - No mode defined for component null
2026-04-22 14:42:01,631 [WARN] ModelIntegratedComponent:63 - No mode defined for component null
2026-04-22 14:42:01,632 [WARN] ModelIntegratedComponent:63 - No mode defined for component null
2026-04-22 14:42:01,632 [WARN] ModelIntegratedComponent:63 - No mode defined for component null
2026-04-22 14:42:01,632 [WARN] ModelIntegratedComponent:63 - No mode defined for component null
2026-04-22 14:42:01,632 [WARN] ModelIntegratedComponent:63 - No mode defined for component null
2026-04-22 14:42:01,632 [WARN] ModelIntegratedComponent:63 - No mode defined for component null
2026-04-22 14:42:01,632 [WARN] ModelIntegratedComponent:63 - No mode defined for component null
2026-04-22 14:42:01,632 [WARN] ModelIntegratedComponent:63 - No mode defined for component null
2026-04-22 14:42:01,632 [WARN] ModelIntegratedComponent:63 - No mode defined for component null
2026-04-22 14:42:01,632 [WARN] ModelIntegratedComponent:63 - No mode defined for component null
2026-04-22 14:42:01,632 [WARN] ModelIntegratedComponent:63 - No mode defined for component null
2026-04-22 14:42:01,632 [WARN] ModelIntegratedComponent:63 - No mode defined for component null
2026-04-22 14:42:01,632 [WARN] ModelIntegratedComponent:63 - No mode defined for component null
2026-04-22 14:42:01,632 [WARN] ModelIntegratedComponent:63 - No mode defined for component null
2026-04-22 14:42:01,632 [WARN] ModelIntegratedComponent:63 - No mode defined for component null
2026-04-22 14:42:01,633 [WARN] ModelIntegratedComponent:63 - No mode defined for component null
2026-04-22 14:42:01,633 [WARN] ModelIntegratedComponent:63 - No mode defined for component null
2026-04-22 14:42:01,633 [WARN] ModelIntegratedComponent:63 - No mode defined for component null
2026-04-22 14:42:01,633 [WARN] ModelIntegratedComponent:63 - No mode defined for component null
2026-04-22 14:42:01,633 [WARN] ModelIntegratedComponent:63 - No mode defined for component null
2026-04-22 14:42:01,633 [WARN] ModelIntegratedComponent:63 - No mode defined for component null
2026-04-22 14:42:01,633 [WARN] ModelIntegratedComponent:63 - No mode defined for component null
2026-04-22 14:42:01,633 [WARN] ModelIntegratedComponent:63 - No mode defined for component null
2026-04-22 14:42:01,633 [WARN] ModelIntegratedComponent:63 - No mode defined for component null
2026-04-22 14:42:01,633 [WARN] ModelIntegratedComponent:63 - No mode defined for component null
2026-04-22 14:42:01,633 [WARN] ModelIntegratedComponent:63 - No mode defined for component null
2026-04-22 14:42:01,633 [WARN] ModelIntegratedComponent:63 - No mode defined for component null
2026-04-22 14:42:01,633 [WARN] ModelIntegratedComponent:63 - No mode defined for component null
2026-04-22 14:42:01,633 [WARN] ModelIntegratedComponent:63 - No mode defined for component null
2026-04-22 14:42:01,633 [WARN] ModelIntegratedComponent:63 - No mode defined for component null
2026-04-22 14:42:01,634 [WARN] ModelPack:524 - Component already loaded: STMicroelectronics:HAL Drivers:0.0.0:STMicroelectronics:Device:STMicro_Driver:XSPI:HAL::0.0.1:HAL_XSPI
2026-04-22 14:42:01,673 [INFO] ThirdPartyModel:298 - Start build external matchings
2026-04-22 14:42:02,182 [INFO] ThirdPartyModel:316 - End build external matchings
2026-04-22 14:42:02,202 [INFO] ImportTextPane:218 - (OptionalMessage_ERROR) IP (RCC) : Parameter (RTCHSEDivFreq_Value) has invalid value (4000000)
2026-04-22 14:42:02,637 [INFO] UtilMem:75 - End LoadConfig() Used Memory: 962982712 Bytes (1073741824)
2026-04-22 14:42:02,872 [WARN] ThirdParty:833 - waiting for thirdparty lock release [change project]
2026-04-22 14:42:02,872 [INFO] ThirdParty:835 - entering critical section [change project]
2026-04-22 14:42:02,872 [INFO] ThirdParty:1030 - CMSIS Pack Vendor :STMicroelectronics X-CUBE-AZRTOS-H7 3.5.0
2026-04-22 14:42:02,872 [INFO] ThirdParty:1030 - CMSIS Pack Vendor :STMicroelectronics X-CUBE-PM33A1 1.0.0
2026-04-22 14:42:02,872 [INFO] ThirdParty:1030 - CMSIS Pack Vendor :STMicroelectronics USBPD 4.1
2026-04-22 14:42:02,872 [INFO] ThirdParty:1030 - CMSIS Pack Vendor :STMicroelectronics X-CUBE-NFC9 1.0.0
2026-04-22 14:42:02,873 [INFO] ThirdParty:1030 - CMSIS Pack Vendor :STMicroelectronics USB_HOST 2.0.0
2026-04-22 14:42:02,873 [INFO] ThirdParty:1030 - CMSIS Pack Vendor :STMicroelectronics X-CUBE-AZRTOS-F4 1.1.0
2026-04-22 14:42:02,873 [INFO] ThirdParty:1030 - CMSIS Pack Vendor :STMicroelectronics LIBJPEG 8.0.0
2026-04-22 14:42:02,873 [INFO] ThirdParty:1030 - CMSIS Pack Vendor :STMicroelectronics FP-ATR-ASTRA1 2.0.2
2026-04-22 14:42:02,873 [INFO] ThirdParty:1030 - CMSIS Pack Vendor :STMicroelectronics X-CUBE-BLE1 7.1.0
2026-04-22 14:42:02,873 [INFO] ThirdParty:1030 - CMSIS Pack Vendor :STMicroelectronics X-CUBE-SMBUS 2.1.0
2026-04-22 14:42:02,873 [INFO] ThirdParty:1030 - CMSIS Pack Vendor :wolfSSL I-CUBE-wolfMQTT 1.19.2
2026-04-22 14:42:02,873 [INFO] ThirdParty:1030 - CMSIS Pack Vendor :STMicroelectronics USB_DEVICE 3.0.0
2026-04-22 14:42:02,873 [INFO] ThirdParty:1030 - CMSIS Pack Vendor :STMicroelectronics X-CUBE-ISPU 2.1.0
2026-04-22 14:42:02,873 [INFO] ThirdParty:1030 - CMSIS Pack Vendor :STMicroelectronics X-CUBE-EEPRMA1 5.2.0
2026-04-22 14:42:02,873 [INFO] ThirdParty:1030 - CMSIS Pack Vendor :STMicroelectronics X-CUBE-BLEMGR 4.1.0
2026-04-22 14:42:02,873 [INFO] ThirdParty:1030 - CMSIS Pack Vendor :STMicroelectronics eDS-WB_DPC_TT-BIDIR 2.1.1
2026-04-22 14:42:02,873 [INFO] ThirdParty:1030 - CMSIS Pack Vendor :STMicroelectronics X-CUBE-AZRTOS-WB 2.0.0
2026-04-22 14:42:02,873 [INFO] ThirdParty:1030 - CMSIS Pack Vendor :wolfSSL I-CUBE-wolfSSL 5.8.4
2026-04-22 14:42:02,873 [INFO] ThirdParty:1030 - CMSIS Pack Vendor :Cesanta I-CUBE-Mongoose 7.20.0
2026-04-22 14:42:02,873 [INFO] ThirdParty:1030 - CMSIS Pack Vendor :STMicroelectronics X-CUBE-NFC12 1.0.0
2026-04-22 14:42:02,873 [INFO] ThirdParty:1030 - CMSIS Pack Vendor :STMicroelectronics X-CUBE-AZRTOS-F7 1.1.0
2026-04-22 14:42:02,873 [INFO] ThirdParty:1030 - CMSIS Pack Vendor :STMicroelectronics X-CUBE-AZRTOS-L5 2.0.0
2026-04-22 14:42:02,873 [INFO] ThirdParty:1030 - CMSIS Pack Vendor :STMicroelectronics USB_DEVICE 2.0.0
2026-04-22 14:42:02,874 [INFO] ThirdParty:1030 - CMSIS Pack Vendor :quantropi X-CUBE-qispace-sdk-base 2.1.0
2026-04-22 14:42:02,874 [INFO] ThirdParty:1030 - CMSIS Pack Vendor :STMicroelectronics X-CUBE-MEMS1 12.0.0
2026-04-22 14:42:02,874 [INFO] ThirdParty:1030 - CMSIS Pack Vendor :STMicroelectronics X-CUBE-STSE01 2.0.0
2026-04-22 14:42:02,874 [INFO] ThirdParty:1030 - CMSIS Pack Vendor :STMicroelectronics FreeRTOS 0.0.1
2026-04-22 14:42:02,874 [INFO] ThirdParty:1030 - CMSIS Pack Vendor :STMicroelectronics X-CUBE-AZRTOS-G0 1.1.0
2026-04-22 14:42:02,874 [INFO] ThirdParty:1030 - CMSIS Pack Vendor :STMicroelectronics X-CUBE-NFC4 3.0.0
2026-04-22 14:42:02,874 [INFO] ThirdParty:1030 - CMSIS Pack Vendor :STMicroelectronics X-CUBE-SUBG2 5.0.0
2026-04-22 14:42:02,874 [INFO] ThirdParty:1030 - CMSIS Pack Vendor :STMicroelectronics STM32_WPAN 1.0.0
2026-04-22 14:42:02,874 [INFO] ThirdParty:1030 - CMSIS Pack Vendor :STMicroelectronics eDS-WB_DPC_VIENNA 1.2.0
2026-04-22 14:42:02,874 [INFO] ThirdParty:1030 - CMSIS Pack Vendor :EmbeddedOffice I-CUBE-FS-RTOS 1.0.1
2026-04-22 14:42:02,874 [INFO] ThirdParty:1030 - CMSIS Pack Vendor :STMicroelectronics lwIP 2.0.3
2026-04-22 14:42:02,874 [INFO] ThirdParty:1030 - CMSIS Pack Vendor :STMicroelectronics eDS-WB_DPC_3PH2L-BIDIR 1.1.1
2026-04-22 14:42:02,874 [INFO] ThirdParty:1030 - CMSIS Pack Vendor :STMicroelectronics USB_HOST 1.0.0
2026-04-22 14:42:02,874 [INFO] ThirdParty:1030 - CMSIS Pack Vendor :STMicroelectronics X-CUBE-AZRTOS-G4 2.0.0
2026-04-22 14:42:02,874 [INFO] ThirdParty:1030 - CMSIS Pack Vendor :STMicroelectronics X-CUBE-WB05N 2.0.0
2026-04-22 14:42:02,874 [INFO] ThirdParty:1030 - CMSIS Pack Vendor :STMicroelectronics PDM2PCM 3.1.0
2026-04-22 14:42:02,874 [INFO] ThirdParty:1030 - CMSIS Pack Vendor :STMicroelectronics PDM2PCM 3.3.0
2026-04-22 14:42:02,875 [INFO] ThirdParty:1030 - CMSIS Pack Vendor :wolfSSL I-CUBE-wolfTPM 3.8.0
2026-04-22 14:42:02,875 [INFO] ThirdParty:1030 - CMSIS Pack Vendor :STMicroelectronics X-CUBE-DISPLAY 3.0.0
2026-04-22 14:42:02,875 [INFO] ThirdParty:1030 - CMSIS Pack Vendor :wolfSSL I-CUBE-wolfSSH 1.4.20
2026-04-22 14:42:02,875 [INFO] ThirdParty:1030 - CMSIS Pack Vendor :STMicroelectronics X-CUBE-NFC7 2.0.0
2026-04-22 14:42:02,875 [INFO] ThirdParty:1030 - CMSIS Pack Vendor :STMicroelectronics X-CUBE-TCPP 4.2.0
2026-04-22 14:42:02,875 [INFO] ThirdParty:1030 - CMSIS Pack Vendor :RealThread X-CUBE-RT-Thread_Nano 4.1.1
2026-04-22 14:42:02,875 [INFO] ThirdParty:1030 - CMSIS Pack Vendor :STMicroelectronics FP-ATR-SIGFOX1 3.2.0
2026-04-22 14:42:02,875 [INFO] ThirdParty:1030 - CMSIS Pack Vendor :STMicroelectronics X-CUBE-NFC10 1.0.0
2026-04-22 14:42:02,875 [INFO] ThirdParty:1030 - CMSIS Pack Vendor :STMicroelectronics HAL Drivers 0.0.0
2026-04-22 14:42:02,875 [INFO] ThirdParty:1030 - CMSIS Pack Vendor :STMicroelectronics MBEDTLS 2.16.2
2026-04-22 14:42:02,875 [INFO] ThirdParty:1030 - CMSIS Pack Vendor :STMicroelectronics X-CUBE-ST60 1.1.0
2026-04-22 14:42:02,875 [INFO] ThirdParty:1030 - CMSIS Pack Vendor :STMicroelectronics X-CUBE-ALS 1.0.2
2026-04-22 14:42:02,875 [INFO] ThirdParty:1030 - CMSIS Pack Vendor :emotas I-CUBE-CANOPEN 1.3.0
2026-04-22 14:42:02,875 [INFO] ThirdParty:1030 - CMSIS Pack Vendor :STMicroelectronics MBEDTLS 2.14.1
2026-04-22 14:42:02,875 [INFO] ThirdParty:1030 - CMSIS Pack Vendor :STMicroelectronics X-CUBE-GNSS1 7.1.0
2026-04-22 14:42:02,875 [INFO] ThirdParty:1030 - CMSIS Pack Vendor :ITTIA_DB I-CUBE-ITTIADB 8.9.0
2026-04-22 14:42:02,875 [INFO] ThirdParty:1030 - CMSIS Pack Vendor :STMicroelectronics X-CUBE-TOUCHGFX 4.26.1
2026-04-22 14:42:02,876 [INFO] ThirdParty:1030 - CMSIS Pack Vendor :STMicroelectronics X-CUBE-NFC6 3.2.0
2026-04-22 14:42:02,876 [INFO] ThirdParty:1030 - CMSIS Pack Vendor :STMicroelectronics X-CUBE-AI 10.2.0
2026-04-22 14:42:02,876 [INFO] ThirdParty:1030 - CMSIS Pack Vendor :STMicroelectronics FP-SNS-STAIOTCFT 1.0.0
2026-04-22 14:42:02,876 [INFO] ThirdParty:1030 - CMSIS Pack Vendor :STMicroelectronics ThreadX 1.0.0
2026-04-22 14:42:02,876 [INFO] ThirdParty:1030 - CMSIS Pack Vendor :STMicroelectronics FP-SNS-SMARTAG2 1.2.0
2026-04-22 14:42:02,876 [INFO] ThirdParty:1030 - CMSIS Pack Vendor :STMicroelectronics FP-SNS-FLIGHT1 5.1.0
2026-04-22 14:42:02,876 [INFO] ThirdParty:1030 - CMSIS Pack Vendor :STMicroelectronics X-CUBE-AZRTOS-WL 2.0.0
2026-04-22 14:42:02,876 [INFO] ThirdParty:1030 - CMSIS Pack Vendor :SEGGER I-CUBE-embOS 1.3.1
2026-04-22 14:42:02,876 [INFO] ThirdParty:1030 - CMSIS Pack Vendor :STMicroelectronics X-CUBE-ALGOBUILD 1.4.0
2026-04-22 14:42:02,877 [INFO] ThirdParty:1030 - CMSIS Pack Vendor :STMicroelectronics X-CUBE-DPower 1.3.0
2026-04-22 14:42:02,877 [INFO] ThirdParty:1030 - CMSIS Pack Vendor :STMicroelectronics USB_DEVICE 1.0.0
2026-04-22 14:42:02,877 [INFO] ThirdParty:1030 - CMSIS Pack Vendor :STMicroelectronics X-CUBE-AZRTOS-H7RS 1.2.0
2026-04-22 14:42:02,877 [INFO] ThirdParty:1030 - CMSIS Pack Vendor :STMicroelectronics X-CUBE-AZRTOS-L4 2.0.0
2026-04-22 14:42:02,877 [INFO] ThirdParty:1030 - CMSIS Pack Vendor :STMicroelectronics ThreadX 0.0.2
2026-04-22 14:42:02,877 [INFO] ThirdParty:1030 - CMSIS Pack Vendor :STMicroelectronics lwIP 2.1.2
2026-04-22 14:42:02,877 [INFO] ThirdParty:1030 - CMSIS Pack Vendor :STMicroelectronics X-CUBE-SFXS2LP1 4.0.0
2026-04-22 14:42:02,877 [INFO] ThirdParty:1030 - CMSIS Pack Vendor :STMicroelectronics X-CUBE-BLE2 3.3.0
2026-04-22 14:42:02,877 [INFO] ThirdParty:1030 - CMSIS Pack Vendor :Avnet-IOTCONNECT X-CUBE-iotc-st67-sdk 1.0.0
2026-04-22 14:42:02,877 [INFO] ThirdParty:1030 - CMSIS Pack Vendor :STMicroelectronics X-CUBE-TOF1 3.4.3
2026-04-22 14:42:02,877 [INFO] ThirdParty:1030 - CMSIS Pack Vendor :Infineon AIROC-Wi-Fi-Bluetooth-STM32 1.8.0
2026-04-22 14:42:02,877 [INFO] ThirdParty:1030 - CMSIS Pack Vendor :STMicroelectronics PDM2PCM 3.2.0
2026-04-22 14:42:02,877 [INFO] ThirdParty:1030 - CMSIS Pack Vendor :STMicroelectronics X-CUBE-WB05N 2.1.0
2026-04-22 14:42:02,878 [INFO] ThirdParty:841 - exiting critical section [change project]
2026-04-22 14:42:03,518 [INFO] PinOutPanel:1589 - setPackage(No Configuration,No Configuration)
2026-04-22 14:42:03,519 [INFO] PinOutPanel:1589 - setPackage(STM32F401RETx,LQFP64)
2026-04-22 14:42:04,744 [INFO] UtilMem:75 - Before build in PCC Used Memory: 956324696 Bytes (1073741824)
2026-04-22 14:42:05,960 [INFO] UtilMem:75 - After build in PCC Used Memory: 975992032 Bytes (1073741824)
2026-04-22 14:42:06,035 [INFO] IPUIPlugin:80 - create IPUIPlugin
2026-04-22 14:42:06,037 [INFO] IPUIPlugin:80 - create IPUIPlugin
2026-04-22 14:42:06,037 [INFO] IPUIPlugin:80 - create IPUIPlugin
2026-04-22 14:42:06,037 [INFO] IPUIPlugin:80 - create IPUIPlugin
2026-04-22 14:42:06,038 [INFO] IPUIPlugin:80 - create IPUIPlugin
2026-04-22 14:42:06,038 [INFO] IPUIPlugin:80 - create IPUIPlugin
2026-04-22 14:42:06,038 [INFO] IPUIPlugin:80 - create IPUIPlugin
2026-04-22 14:42:06,039 [INFO] IPUIPlugin:80 - create IPUIPlugin
2026-04-22 14:42:06,039 [INFO] IPUIPlugin:80 - create IPUIPlugin
2026-04-22 14:42:06,039 [INFO] IPUIPlugin:80 - create IPUIPlugin
2026-04-22 14:42:06,039 [INFO] IPUIPlugin:80 - create IPUIPlugin
2026-04-22 14:42:06,039 [INFO] IPUIPlugin:80 - create IPUIPlugin
2026-04-22 14:42:06,040 [INFO] IPUIPlugin:80 - create IPUIPlugin
2026-04-22 14:42:06,040 [INFO] IPUIPlugin:80 - create IPUIPlugin
2026-04-22 14:42:06,043 [INFO] IPUIPlugin:80 - create IPUIPlugin
2026-04-22 14:42:06,043 [INFO] IPUIPlugin:80 - create IPUIPlugin
2026-04-22 14:42:06,044 [INFO] IPUIPlugin:80 - create IPUIPlugin
2026-04-22 14:42:06,045 [INFO] IPUIPlugin:80 - create IPUIPlugin
2026-04-22 14:42:06,066 [INFO] IPUIPlugin:80 - create IPUIPlugin
2026-04-22 14:42:06,066 [INFO] IPUIPlugin:80 - create IPUIPlugin
2026-04-22 14:42:06,066 [INFO] IPUIPlugin:80 - create IPUIPlugin
2026-04-22 14:42:06,066 [INFO] IPUIPlugin:80 - create IPUIPlugin
2026-04-22 14:42:06,071 [INFO] IPUIPlugin:80 - create IPUIPlugin
2026-04-22 14:42:06,071 [INFO] IPUIPlugin:80 - create IPUIPlugin
2026-04-22 14:42:06,072 [INFO] IPUIPlugin:80 - create IPUIPlugin
2026-04-22 14:42:06,072 [INFO] IPUIPlugin:80 - create IPUIPlugin
2026-04-22 14:42:06,074 [INFO] IPUIPlugin:80 - create IPUIPlugin
2026-04-22 14:42:06,075 [INFO] IPUIPlugin:80 - create IPUIPlugin
2026-04-22 14:42:06,075 [INFO] IPUIPlugin:80 - create IPUIPlugin
2026-04-22 14:42:06,077 [INFO] IPUIPlugin:80 - create IPUIPlugin
2026-04-22 14:42:06,078 [INFO] IPUIPlugin:80 - create IPUIPlugin
2026-04-22 14:42:06,078 [INFO] IPUIPlugin:80 - create IPUIPlugin
2026-04-22 14:42:06,080 [INFO] IPUIPlugin:80 - create IPUIPlugin
2026-04-22 14:42:06,082 [INFO] IPUIPlugin:80 - create IPUIPlugin
2026-04-22 14:42:06,083 [INFO] IPUIPlugin:80 - create IPUIPlugin
2026-04-22 14:42:06,084 [INFO] IPUIPlugin:80 - create IPUIPlugin
2026-04-22 14:42:06,086 [INFO] IPUIPlugin:80 - create IPUIPlugin
2026-04-22 14:42:06,087 [INFO] IPUIPlugin:80 - create IPUIPlugin
2026-04-22 14:42:06,194 [INFO] ApiDbMcu:508 - Load IP Config File for PDM2PCM
2026-04-22 14:42:06,724 [INFO] CADModel:165 - CPN selected for project levelSTM32F401RET6
2026-04-22 14:42:06,727 [INFO] CADModel:114 - Register for checkConnection events
2026-04-22 14:42:06,780 [INFO] OpenFileManager:385 - Restore cursor
2026-04-22 14:42:07,493 [INFO] UtilMem:75 - End SaveConfig() Used Memory: 922382016 Bytes (1073741824)
2026-04-22 14:42:07,620 [INFO] UtilMem:75 - End SaveConfig() Used Memory: 949116008 Bytes (1073741824)
2026-04-22 14:42:08,991 [INFO] BlockDiagram:2775 - set Specific Code input for plugin: NVIC
2026-04-22 14:42:08,991 [INFO] BlockDiagram:2775 - set Specific Code input for plugin: USART
2026-04-22 14:42:08,991 [INFO] BlockDiagram:2775 - set Specific Code input for plugin: SYS
2026-04-22 14:42:08,992 [INFO] BlockDiagram:2775 - set Specific Code input for plugin: GPIO
2026-04-22 14:42:08,992 [INFO] BlockDiagram:2775 - set Specific Code input for plugin: RCC
2026-04-22 14:42:08,995 [INFO] CodeGenerator:882 - code generatio: config db path: /opt/st/stm32cubeide_1.18.1/plugins/com.st.stm32cube.common.mx_6.14.1.202504091515//db/
2026-04-22 14:42:10,232 [INFO] CodeEngine:263 - oldGeneratedFile, /home/vatcraft/Desktop/FET/ELT3240/Lab8/exercise/MXTmpFiles/license.tmp_save
2026-04-22 14:42:10,971 [INFO] CodeEngine:287 - Generated code: /home/vatcraft/Desktop/FET/ELT3240/Lab8/exercise/MXTmpFiles/license.tmp
2026-04-22 14:42:11,051 [INFO] CodeEngine:263 - oldGeneratedFile, /home/vatcraft/Desktop/FET/ELT3240/Lab8/exercise/MXTmpFiles/gpio.tmp_save
2026-04-22 14:42:11,341 [INFO] CodeEngine:287 - Generated code: /home/vatcraft/Desktop/FET/ELT3240/Lab8/exercise/MXTmpFiles/gpio.tmp
2026-04-22 14:42:11,557 [INFO] CodeEngine:263 - oldGeneratedFile, /home/vatcraft/Desktop/FET/ELT3240/Lab8/exercise/Core/Src/stm32f4xx_it.c_save
2026-04-22 14:42:11,901 [INFO] CodeEngine:287 - Generated code: /home/vatcraft/Desktop/FET/ELT3240/Lab8/exercise/Core/Src/stm32f4xx_it.c
2026-04-22 14:42:11,913 [INFO] CodeEngine:263 - oldGeneratedFile, /home/vatcraft/Desktop/FET/ELT3240/Lab8/exercise/Core/Inc/stm32f4xx_it.h_save
2026-04-22 14:42:12,025 [INFO] CodeEngine:287 - Generated code: /home/vatcraft/Desktop/FET/ELT3240/Lab8/exercise/Core/Inc/stm32f4xx_it.h
2026-04-22 14:42:12,044 [INFO] CodeEngine:263 - oldGeneratedFile, /home/vatcraft/Desktop/FET/ELT3240/Lab8/exercise/Core/Src/stm32f4xx_hal_msp.c_save
2026-04-22 14:42:12,262 [INFO] CodeEngine:287 - Generated code: /home/vatcraft/Desktop/FET/ELT3240/Lab8/exercise/Core/Src/stm32f4xx_hal_msp.c
2026-04-22 14:42:12,274 [INFO] CodeEngine:263 - oldGeneratedFile, /home/vatcraft/Desktop/FET/ELT3240/Lab8/exercise/MXTmpFiles/system.tmp_save
2026-04-22 14:42:12,388 [INFO] CodeEngine:287 - Generated code: /home/vatcraft/Desktop/FET/ELT3240/Lab8/exercise/MXTmpFiles/system.tmp
2026-04-22 14:42:12,402 [INFO] CodeEngine:319 - oldGeneratedFile, /home/vatcraft/Desktop/FET/ELT3240/Lab8/exercise/Core/Inc/stm32f4xx_hal_conf.h_save
2026-04-22 14:42:12,565 [INFO] CodeEngine:343 - Generated code: /home/vatcraft/Desktop/FET/ELT3240/Lab8/exercise/Core/Inc/stm32f4xx_hal_conf.h
2026-04-22 14:42:12,657 [INFO] ApiDbMcu:508 - Load IP Config File for USART2
2026-04-22 14:42:12,671 [INFO] ApiDbMcu:508 - Load IP Config File for RCC
2026-04-22 14:42:12,686 [INFO] CodeEngine:263 - oldGeneratedFile, /home/vatcraft/Desktop/FET/ELT3240/Lab8/exercise/Core/Inc/main.h_save
2026-04-22 14:42:12,846 [INFO] CodeEngine:287 - Generated code: /home/vatcraft/Desktop/FET/ELT3240/Lab8/exercise/Core/Inc/main.h
2026-04-22 14:42:12,849 [INFO] CodeEngine:263 - oldGeneratedFile, /home/vatcraft/Desktop/FET/ELT3240/Lab8/exercise/Core/Src/main.c_save
2026-04-22 14:42:13,107 [INFO] CodeEngine:287 - Generated code: /home/vatcraft/Desktop/FET/ELT3240/Lab8/exercise/Core/Src/main.c
2026-04-22 14:42:13,524 [INFO] ProjectBuilder:3324 - Time for Copy HAL[1] : 59mS.
2026-04-22 14:42:13,529 [INFO] ProjectBuilder:4912 - Project Generator version: 4.6.0.1-B1
2026-04-22 14:42:13,677 [INFO] ConfigFileManager:1590 - The Die is : DIE433
2026-04-22 14:42:13,703 [INFO] ApiDbMcu:508 - Load IP Config File for FATFS
2026-04-22 14:42:13,737 [INFO] ApiDbMcu:508 - Load IP Config File for FREERTOS
2026-04-22 14:42:13,743 [INFO] ApiDbMcu:508 - Load IP Config File for LIBJPEG
2026-04-22 14:42:13,787 [INFO] ApiDbMcu:508 - Load IP Config File for MBEDTLS
2026-04-22 14:42:13,830 [INFO] ApiDbMcu:508 - Load IP Config File for USB_DEVICE
2026-04-22 14:42:13,841 [INFO] ApiDbMcu:508 - Load IP Config File for USB_HOST
2026-04-22 14:42:14,288 [INFO] LogOutputStream:77 - [STDOUT_REDIRECT] 
2026-04-22 14:42:17,852 [INFO] ProjectBuilder:5191 - Time for Generating toolchain IDE Files: 4322mS.
2026-04-22 14:42:17,853 [INFO] ProjectBuilder:3181 - Time for Copy CMSIS : 0mS.
2026-04-22 14:42:17,856 [INFO] ProjectBuilder:3181 - Time for Copy CMSIS : 0mS.
2026-04-22 14:42:18,665 [INFO] McuFinderGlobals:76 - Set McuFinderConnectedMode to true
2026-04-22 14:42:18,669 [INFO] ApiDb:448 - Save user favorites file /home/vatcraft/.stm32cubeide/favorites.mcus.txt: 0 item(s)
2026-04-22 14:42:18,669 [INFO] ApiDb:452 - User favorites MCUs=[]
2026-04-22 14:42:18,671 [INFO] ApiDb:448 - Save user favorites file /home/vatcraft/.stm32cubeide/favorites.boards.txt: 0 item(s)
2026-04-22 14:42:18,671 [INFO] ApiDb:452 - User favorites Boards=[]
2026-04-22 15:34:51,068 [INFO] MainUpdater:2872 - connection check result : 10
2026-04-22 15:34:51,320 [INFO] McuFinderGlobals:76 - Set McuFinderConnectedMode to true
2026-04-22 15:34:51,322 [INFO] MultiScanPanel:200 - Auto-refresh data requested => check proxy status ongoing
2026-04-22 15:34:51,322 [INFO] FinderPluginLoader:95 - Searching for filters in installed packs
2026-04-22 15:34:55,330 [INFO] LoadUrlFilesThread:185 - End of LoadServerUrlFiles without Thread
2026-04-22 15:34:55,331 [INFO] DetailPanel:341 - Set advertising image to /home/vatcraft/STM32Cube/Repository//en.prom-stm32u3b5-u3c5-0426.jpg
2026-04-22 15:34:58,733 [INFO] MultiScanPanel:200 - Auto-refresh data requested => check proxy status ongoing
2026-04-22 15:34:58,885 [INFO] LoadUrlFilesThread:185 - End of LoadServerUrlFiles without Thread
2026-04-22 15:34:58,886 [INFO] DetailPanel:341 - Set advertising image to /home/vatcraft/STM32Cube/Repository//en.prom-stm32u3b5-u3c5-0426.jpg
2026-04-22 15:35:16,964 [INFO] MainUpdater:2872 - connection check result : 10
2026-04-22 15:35:16,965 [INFO] MainUpdater:2872 - connection check result : 10
2026-04-22 15:35:17,483 [INFO] MicroXplorer:468 - Change Database Path : 
2026-04-22 15:35:17,483 [INFO] MicroXplorer:498 - Change Database Version : DB.6.0.141
2026-04-22 15:35:17,523 [ERROR] ProjectManagerView:395 - 
java.lang.NullPointerException: Cannot invoke "javax.swing.JTextField.getText()" because the return value of "java.util.List.get(int)" is null
	at com.st.microxplorer.plugins.projectmanager.gui.ProjectChoiceTab$9.caretUpdate(ProjectChoiceTab.java:2678) ~[filemanager.jar:?]
	at javax.swing.text.JTextComponent.fireCaretUpdate(JTextComponent.java:408) ~[?:?]
	at javax.swing.text.JTextComponent$MutableCaretEvent.fire(JTextComponent.java:4484) ~[?:?]
	at javax.swing.text.JTextComponent$MutableCaretEvent.stateChanged(JTextComponent.java:4506) ~[?:?]
	at javax.swing.text.DefaultCaret.fireStateChanged(DefaultCaret.java:857) ~[?:?]
	at javax.swing.text.DefaultCaret.changeCaretPosition(DefaultCaret.java:1343) ~[?:?]
	at javax.swing.text.DefaultCaret.handleSetDot(DefaultCaret.java:1242) ~[?:?]
	at javax.swing.text.DefaultCaret.setDot(DefaultCaret.java:1223) ~[?:?]
	at javax.swing.text.DefaultCaret$Handler.insertUpdate(DefaultCaret.java:1819) ~[?:?]
	at javax.swing.text.AbstractDocument.fireInsertUpdate(AbstractDocument.java:227) ~[?:?]
	at javax.swing.text.AbstractDocument.handleInsertString(AbstractDocument.java:781) ~[?:?]
	at javax.swing.text.AbstractDocument.insertString(AbstractDocument.java:740) ~[?:?]
	at javax.swing.text.PlainDocument.insertString(PlainDocument.java:131) ~[?:?]
	at javax.swing.text.AbstractDocument.replace(AbstractDocument.java:699) ~[?:?]
	at javax.swing.text.JTextComponent.setText(JTextComponent.java:1725) ~[?:?]
	at com.st.microxplorer.plugins.projectmanager.gui.ProjectChoiceTab.createHeapStackFields(ProjectChoiceTab.java:979) ~[filemanager.jar:?]
	at com.st.microxplorer.plugins.projectmanager.gui.ProjectChoiceTab.buildLinkSettingsPanel(ProjectChoiceTab.java:3766) ~[filemanager.jar:?]
	at com.st.microxplorer.plugins.projectmanager.gui.ProjectChoiceTab.defineWindowsFields(ProjectChoiceTab.java:1962) ~[filemanager.jar:?]
	at com.st.microxplorer.plugins.projectmanager.gui.ProjectChoiceTab.updateSettings(ProjectChoiceTab.java:555) ~[filemanager.jar:?]
	at com.st.microxplorer.plugins.projectmanager.gui.ProjectSettingsPanel.UpdateDialog(ProjectSettingsPanel.java:245) ~[filemanager.jar:?]
	at com.st.microxplorer.plugins.projectmanager.ProjectManagerView.propertyChange(ProjectManagerView.java:392) ~[filemanager.jar:?]
	at java.beans.PropertyChangeSupport.fire(PropertyChangeSupport.java:343) ~[?:?]
	at java.beans.PropertyChangeSupport.firePropertyChange(PropertyChangeSupport.java:335) ~[?:?]
	at java.beans.PropertyChangeSupport.firePropertyChange(PropertyChangeSupport.java:268) ~[?:?]
	at com.st.microxplorer.util.MXPropertyChangeSupport.firePropertyChange(MXPropertyChangeSupport.java:54) ~[STM32CubeMX.jar:?]
	at com.st.microxplorer.mxsystem.MxSystem.closeConfig(MxSystem.java:899) ~[STM32CubeMX.jar:?]
	at com.st.microxplorer.maingui.MainPanel.closeConfig(MainPanel.java:789) ~[STM32CubeMX.jar:?]
	at com.st.microxplorer.plugins.filemanager.engine.OpenFileManager.loadConfigurationFile(OpenFileManager.java:287) ~[filemanager.jar:?]
	at com.st.microxplorer.plugins.filemanager.engine.MainFileManager.userLoadConfig(MainFileManager.java:341) ~[filemanager.jar:?]
	at com.st.microxplorer.plugins.filemanager.FileManagerView.getSpecificTask(FileManagerView.java:250) ~[filemanager.jar:?]
	at com.st.stm32cube.common.mx.editor.CubeMxEditor.getMxTabbedPaneInstance(CubeMxEditor.java:1191) ~[com.st.stm32cube.common.mx_6.14.1.202504091515/:?]
	at com.st.stm32cube.common.mx.editor.CubeMxEditor$12$1.createSwingComponent(CubeMxEditor.java:1068) ~[com.st.stm32cube.common.mx_6.14.1.202504091515/:?]
	at com.st.stm32cube.common.mx.oss.core.awtswtbridge.EmbeddedSwingComposite.doComponentCreation(EmbeddedSwingComposite.java:492) ~[com.st.stm32cube.common.mx.oss_6.14.1.202504091515/:?]
	at com.st.stm32cube.common.mx.oss.core.awtswtbridge.EmbeddedSwingComposite$4.run(EmbeddedSwingComposite.java:291) ~[com.st.stm32cube.common.mx.oss_6.14.1.202504091515/:?]
	at com.st.stm32cube.common.mx.oss.core.awtswtbridge.AwtEnvironment$2.run(AwtEnvironment.java:166) ~[com.st.stm32cube.common.mx.oss_6.14.1.202504091515/:?]
	at java.awt.event.InvocationEvent.dispatch(InvocationEvent.java:318) ~[?:?]
	at java.awt.EventQueue.dispatchEventImpl(EventQueue.java:773) ~[?:?]
	at java.awt.EventQueue$4.run(EventQueue.java:720) ~[?:?]
	at java.awt.EventQueue$4.run(EventQueue.java:714) ~[?:?]
	at java.security.AccessController.doPrivileged(AccessController.java:400) ~[?:?]
	at java.security.ProtectionDomain$JavaSecurityAccessImpl.doIntersectionPrivilege(ProtectionDomain.java:87) ~[?:?]
	at java.awt.EventQueue.dispatchEvent(EventQueue.java:742) ~[?:?]
	at java.awt.EventDispatchThread.pumpOneEventForFilters(EventDispatchThread.java:203) ~[?:?]
	at java.awt.EventDispatchThread.pumpEventsForFilter(EventDispatchThread.java:124) ~[?:?]
	at java.awt.EventDispatchThread.pumpEventsForHierarchy(EventDispatchThread.java:113) ~[?:?]
	at java.awt.EventDispatchThread.pumpEvents(EventDispatchThread.java:109) ~[?:?]
	at java.awt.EventDispatchThread.pumpEvents(EventDispatchThread.java:101) ~[?:?]
	at java.awt.EventDispatchThread.run(EventDispatchThread.java:90) ~[?:?]
2026-04-22 15:35:17,532 [WARN] ThirdParty:871 - waiting for thirdparty lock release [close project]
2026-04-22 15:35:17,532 [INFO] ThirdParty:873 - entering critical section [close project]
2026-04-22 15:35:17,533 [INFO] ThirdParty:883 - exiting critical section [close project]
2026-04-22 15:35:17,535 [INFO] PinOutPanel:1589 - setPackage(No Configuration,No Configuration)
2026-04-22 15:35:17,555 [WARN] IpParametersView:155 - Warning: This peripheral hasn't parameters
2026-04-22 15:35:17,576 [WARN] MainPanel:289 - <html><b><center>Warning: This peripheral has no parameters to be configured<br></b></html>
2026-04-22 15:35:17,589 [INFO] UtilMem:75 - Begin LoadConfig() Used Memory: 957516408 Bytes (1073741824)
2026-04-22 15:35:17,595 [INFO] MicroXplorer:468 - Change Database Path : 
2026-04-22 15:35:17,595 [INFO] MicroXplorer:498 - Change Database Version : DB.6.0.141
2026-04-22 15:35:17,595 [INFO] OpenFileManager:354 - Change cursor
2026-04-22 15:35:17,659 [INFO] RulesReader:64 - Compatibility file has been processed (302 Rules)
2026-04-22 15:35:17,670 [INFO] Mcu:2011 - Initializing MCU STM32F401R(D-E)Tx STM32F401RETx STM32F401RET6
2026-04-22 15:35:19,222 [INFO] Context:756 - Trying to add GPIOservice into a context  which must be forbidden
2026-04-22 15:35:19,710 [INFO] Rule:225 - rule Adapt Old IOC before rework replace old CORTEX_M33/CORTEX_M55 attributes by the new one. is applicable
2026-04-22 15:35:19,710 [INFO] Rule:225 - rule Rename parametre of RCC RCC_APBDBG_DIV2 to RCC_TIMPRES_DIV2 is applicable
2026-04-22 15:35:19,711 [INFO] Rule:225 - rule Rename DIE493 pin PA10 [PA12] -> PA10 is applicable
2026-04-22 15:35:19,711 [INFO] Rule:225 - rule Rename DIE493 pin PA9 [PA11] -> PA9 is applicable
2026-04-22 15:35:19,711 [INFO] Rule:225 - rule Adapt Old IOC CSI. is applicable
2026-04-22 15:35:19,711 [INFO] DbConfProperties:307 - Apply Compatibility (0/5 Rules)
2026-04-22 15:35:19,764 [INFO] ImportTextPane:218 - (OptionalMessage_ERROR) Pin12 (VP_RIF_VS_RIF1) cannot be retrieved for this MCU
2026-04-22 15:35:20,079 [INFO] RtosManager:558 - Registered RTOS mode: class=CMSIS, group=RTOS, mode=CMSIS_V1, owner=FREERTOS
2026-04-22 15:35:20,080 [INFO] RtosManager:558 - Registered RTOS mode: class=CMSIS, group=RTOS2, mode=CMSIS_V2, owner=FREERTOS
2026-04-22 15:35:20,080 [INFO] RtosManager:558 - Registered RTOS mode: class=RTOS, group=Core, mode=CMSIS_V1, owner=FREERTOS
2026-04-22 15:35:20,080 [INFO] RtosManager:558 - Registered RTOS mode: class=RTOS, group=Core, mode=CMSIS_V2, owner=FREERTOS
2026-04-22 15:35:20,080 [WARN] ModelIntegratedComponent:184 - Missing modes for component STMicroelectronics:FreeRTOS:0.0.1:STMicroelectronics:RTOS:FreeRTOS:Core:::10.2.0:
2026-04-22 15:35:20,092 [WARN] ModelIntegratedComponent:63 - No mode defined for component null
2026-04-22 15:35:20,092 [WARN] ModelIntegratedComponent:63 - No mode defined for component null
2026-04-22 15:35:20,092 [WARN] ModelIntegratedComponent:63 - No mode defined for component null
2026-04-22 15:35:20,092 [WARN] ModelIntegratedComponent:63 - No mode defined for component null
2026-04-22 15:35:20,092 [WARN] ModelIntegratedComponent:63 - No mode defined for component null
2026-04-22 15:35:20,092 [WARN] ModelIntegratedComponent:63 - No mode defined for component null
2026-04-22 15:35:20,092 [WARN] ModelIntegratedComponent:63 - No mode defined for component null
2026-04-22 15:35:20,093 [WARN] ModelIntegratedComponent:63 - No mode defined for component null
2026-04-22 15:35:20,093 [WARN] ModelIntegratedComponent:63 - No mode defined for component null
2026-04-22 15:35:20,093 [WARN] ModelIntegratedComponent:63 - No mode defined for component null
2026-04-22 15:35:20,093 [WARN] ModelIntegratedComponent:63 - No mode defined for component null
2026-04-22 15:35:20,093 [WARN] ModelIntegratedComponent:63 - No mode defined for component null
2026-04-22 15:35:20,093 [WARN] ModelIntegratedComponent:63 - No mode defined for component null
2026-04-22 15:35:20,093 [WARN] ModelIntegratedComponent:63 - No mode defined for component null
2026-04-22 15:35:20,094 [WARN] ModelIntegratedComponent:63 - No mode defined for component null
2026-04-22 15:35:20,094 [WARN] ModelIntegratedComponent:63 - No mode defined for component null
2026-04-22 15:35:20,094 [WARN] ModelIntegratedComponent:63 - No mode defined for component null
2026-04-22 15:35:20,094 [WARN] ModelIntegratedComponent:63 - No mode defined for component null
2026-04-22 15:35:20,094 [WARN] ModelIntegratedComponent:63 - No mode defined for component null
2026-04-22 15:35:20,094 [WARN] ModelIntegratedComponent:63 - No mode defined for component null
2026-04-22 15:35:20,094 [WARN] ModelIntegratedComponent:63 - No mode defined for component null
2026-04-22 15:35:20,094 [WARN] ModelIntegratedComponent:63 - No mode defined for component null
2026-04-22 15:35:20,094 [WARN] ModelIntegratedComponent:63 - No mode defined for component null
2026-04-22 15:35:20,095 [WARN] ModelIntegratedComponent:63 - No mode defined for component null
2026-04-22 15:35:20,095 [WARN] ModelIntegratedComponent:63 - No mode defined for component null
2026-04-22 15:35:20,095 [WARN] ModelIntegratedComponent:63 - No mode defined for component null
2026-04-22 15:35:20,095 [WARN] ModelIntegratedComponent:63 - No mode defined for component null
2026-04-22 15:35:20,095 [WARN] ModelIntegratedComponent:63 - No mode defined for component null
2026-04-22 15:35:20,095 [WARN] ModelIntegratedComponent:63 - No mode defined for component null
2026-04-22 15:35:20,095 [WARN] ModelIntegratedComponent:63 - No mode defined for component null
2026-04-22 15:35:20,095 [WARN] ModelIntegratedComponent:63 - No mode defined for component null
2026-04-22 15:35:20,095 [WARN] ModelIntegratedComponent:63 - No mode defined for component null
2026-04-22 15:35:20,096 [WARN] ModelIntegratedComponent:63 - No mode defined for component null
2026-04-22 15:35:20,096 [WARN] ModelIntegratedComponent:63 - No mode defined for component null
2026-04-22 15:35:20,096 [WARN] ModelIntegratedComponent:63 - No mode defined for component null
2026-04-22 15:35:20,096 [WARN] ModelPack:524 - Component already loaded: STMicroelectronics:HAL Drivers:0.0.0:STMicroelectronics:Device:STMicro_Driver:XSPI:HAL::0.0.1:HAL_XSPI
2026-04-22 15:35:20,132 [INFO] ThirdPartyModel:298 - Start build external matchings
2026-04-22 15:35:21,087 [INFO] ThirdPartyModel:316 - End build external matchings
2026-04-22 15:35:21,106 [INFO] ImportTextPane:218 - (OptionalMessage_ERROR) IP (RCC) : Parameter (RTCHSEDivFreq_Value) has invalid value (4000000)
2026-04-22 15:35:22,002 [INFO] UtilMem:75 - End LoadConfig() Used Memory: 882113304 Bytes (1073741824)
2026-04-22 15:35:22,068 [WARN] ThirdParty:833 - waiting for thirdparty lock release [change project]
2026-04-22 15:35:22,073 [INFO] ThirdParty:835 - entering critical section [change project]
2026-04-22 15:35:22,073 [INFO] ThirdParty:1030 - CMSIS Pack Vendor :STMicroelectronics X-CUBE-AZRTOS-H7 3.5.0
2026-04-22 15:35:22,073 [INFO] ThirdParty:1030 - CMSIS Pack Vendor :STMicroelectronics X-CUBE-PM33A1 1.0.0
2026-04-22 15:35:22,073 [INFO] ThirdParty:1030 - CMSIS Pack Vendor :STMicroelectronics USBPD 4.1
2026-04-22 15:35:22,073 [INFO] ThirdParty:1030 - CMSIS Pack Vendor :STMicroelectronics X-CUBE-NFC9 1.0.0
2026-04-22 15:35:22,073 [INFO] ThirdParty:1030 - CMSIS Pack Vendor :STMicroelectronics USB_HOST 2.0.0
2026-04-22 15:35:22,073 [INFO] ThirdParty:1030 - CMSIS Pack Vendor :STMicroelectronics X-CUBE-AZRTOS-F4 1.1.0
2026-04-22 15:35:22,074 [INFO] ThirdParty:1030 - CMSIS Pack Vendor :STMicroelectronics LIBJPEG 8.0.0
2026-04-22 15:35:22,074 [INFO] ThirdParty:1030 - CMSIS Pack Vendor :STMicroelectronics FP-ATR-ASTRA1 2.0.2
2026-04-22 15:35:22,074 [INFO] ThirdParty:1030 - CMSIS Pack Vendor :STMicroelectronics X-CUBE-BLE1 7.1.0
2026-04-22 15:35:22,074 [INFO] ThirdParty:1030 - CMSIS Pack Vendor :STMicroelectronics X-CUBE-SMBUS 2.1.0
2026-04-22 15:35:22,074 [INFO] ThirdParty:1030 - CMSIS Pack Vendor :wolfSSL I-CUBE-wolfMQTT 1.19.2
2026-04-22 15:35:22,074 [INFO] ThirdParty:1030 - CMSIS Pack Vendor :STMicroelectronics USB_DEVICE 3.0.0
2026-04-22 15:35:22,074 [INFO] ThirdParty:1030 - CMSIS Pack Vendor :STMicroelectronics X-CUBE-ISPU 2.1.0
2026-04-22 15:35:22,074 [INFO] ThirdParty:1030 - CMSIS Pack Vendor :STMicroelectronics X-CUBE-EEPRMA1 5.2.0
2026-04-22 15:35:22,093 [INFO] ThirdParty:1030 - CMSIS Pack Vendor :STMicroelectronics X-CUBE-BLEMGR 4.1.0
2026-04-22 15:35:22,094 [INFO] ThirdParty:1030 - CMSIS Pack Vendor :STMicroelectronics eDS-WB_DPC_TT-BIDIR 2.1.1
2026-04-22 15:35:22,094 [INFO] ThirdParty:1030 - CMSIS Pack Vendor :STMicroelectronics X-CUBE-AZRTOS-WB 2.0.0
2026-04-22 15:35:22,094 [INFO] ThirdParty:1030 - CMSIS Pack Vendor :wolfSSL I-CUBE-wolfSSL 5.8.4
2026-04-22 15:35:22,094 [INFO] ThirdParty:1030 - CMSIS Pack Vendor :Cesanta I-CUBE-Mongoose 7.20.0
2026-04-22 15:35:22,094 [INFO] ThirdParty:1030 - CMSIS Pack Vendor :STMicroelectronics X-CUBE-NFC12 1.0.0
2026-04-22 15:35:22,094 [INFO] ThirdParty:1030 - CMSIS Pack Vendor :STMicroelectronics X-CUBE-AZRTOS-F7 1.1.0
2026-04-22 15:35:22,094 [INFO] ThirdParty:1030 - CMSIS Pack Vendor :STMicroelectronics X-CUBE-AZRTOS-L5 2.0.0
2026-04-22 15:35:22,094 [INFO] ThirdParty:1030 - CMSIS Pack Vendor :STMicroelectronics USB_DEVICE 2.0.0
2026-04-22 15:35:22,094 [INFO] ThirdParty:1030 - CMSIS Pack Vendor :quantropi X-CUBE-qispace-sdk-base 2.1.0
2026-04-22 15:35:22,094 [INFO] ThirdParty:1030 - CMSIS Pack Vendor :STMicroelectronics X-CUBE-MEMS1 12.0.0
2026-04-22 15:35:22,095 [INFO] ThirdParty:1030 - CMSIS Pack Vendor :STMicroelectronics X-CUBE-STSE01 2.0.0
2026-04-22 15:35:22,095 [INFO] ThirdParty:1030 - CMSIS Pack Vendor :STMicroelectronics FreeRTOS 0.0.1
2026-04-22 15:35:22,095 [INFO] ThirdParty:1030 - CMSIS Pack Vendor :STMicroelectronics X-CUBE-AZRTOS-G0 1.1.0
2026-04-22 15:35:22,095 [INFO] ThirdParty:1030 - CMSIS Pack Vendor :STMicroelectronics X-CUBE-NFC4 3.0.0
2026-04-22 15:35:22,095 [INFO] ThirdParty:1030 - CMSIS Pack Vendor :STMicroelectronics X-CUBE-SUBG2 5.0.0
2026-04-22 15:35:22,095 [INFO] ThirdParty:1030 - CMSIS Pack Vendor :STMicroelectronics STM32_WPAN 1.0.0
2026-04-22 15:35:22,100 [INFO] ThirdParty:1030 - CMSIS Pack Vendor :STMicroelectronics eDS-WB_DPC_VIENNA 1.2.0
2026-04-22 15:35:22,100 [INFO] ThirdParty:1030 - CMSIS Pack Vendor :EmbeddedOffice I-CUBE-FS-RTOS 1.0.1
2026-04-22 15:35:22,100 [INFO] ThirdParty:1030 - CMSIS Pack Vendor :STMicroelectronics lwIP 2.0.3
2026-04-22 15:35:22,100 [INFO] ThirdParty:1030 - CMSIS Pack Vendor :STMicroelectronics eDS-WB_DPC_3PH2L-BIDIR 1.1.1
2026-04-22 15:35:22,100 [INFO] ThirdParty:1030 - CMSIS Pack Vendor :STMicroelectronics USB_HOST 1.0.0
2026-04-22 15:35:22,101 [INFO] ThirdParty:1030 - CMSIS Pack Vendor :STMicroelectronics X-CUBE-AZRTOS-G4 2.0.0
2026-04-22 15:35:22,101 [INFO] ThirdParty:1030 - CMSIS Pack Vendor :STMicroelectronics X-CUBE-WB05N 2.0.0
2026-04-22 15:35:22,101 [INFO] ThirdParty:1030 - CMSIS Pack Vendor :STMicroelectronics PDM2PCM 3.1.0
2026-04-22 15:35:22,101 [INFO] ThirdParty:1030 - CMSIS Pack Vendor :STMicroelectronics PDM2PCM 3.3.0
2026-04-22 15:35:22,101 [INFO] ThirdParty:1030 - CMSIS Pack Vendor :wolfSSL I-CUBE-wolfTPM 3.8.0
2026-04-22 15:35:22,101 [INFO] ThirdParty:1030 - CMSIS Pack Vendor :STMicroelectronics X-CUBE-DISPLAY 3.0.0
2026-04-22 15:35:22,101 [INFO] ThirdParty:1030 - CMSIS Pack Vendor :wolfSSL I-CUBE-wolfSSH 1.4.20
2026-04-22 15:35:22,101 [INFO] ThirdParty:1030 - CMSIS Pack Vendor :STMicroelectronics X-CUBE-NFC7 2.0.0
2026-04-22 15:35:22,101 [INFO] ThirdParty:1030 - CMSIS Pack Vendor :STMicroelectronics X-CUBE-TCPP 4.2.0
2026-04-22 15:35:22,101 [INFO] ThirdParty:1030 - CMSIS Pack Vendor :RealThread X-CUBE-RT-Thread_Nano 4.1.1
2026-04-22 15:35:22,102 [INFO] ThirdParty:1030 - CMSIS Pack Vendor :STMicroelectronics FP-ATR-SIGFOX1 3.2.0
2026-04-22 15:35:22,102 [INFO] ThirdParty:1030 - CMSIS Pack Vendor :STMicroelectronics X-CUBE-NFC10 1.0.0
2026-04-22 15:35:22,102 [INFO] ThirdParty:1030 - CMSIS Pack Vendor :STMicroelectronics HAL Drivers 0.0.0
2026-04-22 15:35:22,102 [INFO] ThirdParty:1030 - CMSIS Pack Vendor :STMicroelectronics MBEDTLS 2.16.2
2026-04-22 15:35:22,102 [INFO] ThirdParty:1030 - CMSIS Pack Vendor :STMicroelectronics X-CUBE-ST60 1.1.0
2026-04-22 15:35:22,107 [INFO] ThirdParty:1030 - CMSIS Pack Vendor :STMicroelectronics X-CUBE-ALS 1.0.2
2026-04-22 15:35:22,108 [INFO] ThirdParty:1030 - CMSIS Pack Vendor :emotas I-CUBE-CANOPEN 1.3.0
2026-04-22 15:35:22,109 [INFO] ThirdParty:1030 - CMSIS Pack Vendor :STMicroelectronics MBEDTLS 2.14.1
2026-04-22 15:35:22,109 [INFO] ThirdParty:1030 - CMSIS Pack Vendor :STMicroelectronics X-CUBE-GNSS1 7.1.0
2026-04-22 15:35:22,109 [INFO] ThirdParty:1030 - CMSIS Pack Vendor :ITTIA_DB I-CUBE-ITTIADB 8.9.0
2026-04-22 15:35:22,109 [INFO] ThirdParty:1030 - CMSIS Pack Vendor :STMicroelectronics X-CUBE-TOUCHGFX 4.26.1
2026-04-22 15:35:22,109 [INFO] ThirdParty:1030 - CMSIS Pack Vendor :STMicroelectronics X-CUBE-NFC6 3.2.0
2026-04-22 15:35:22,109 [INFO] ThirdParty:1030 - CMSIS Pack Vendor :STMicroelectronics X-CUBE-AI 10.2.0
2026-04-22 15:35:22,109 [INFO] ThirdParty:1030 - CMSIS Pack Vendor :STMicroelectronics FP-SNS-STAIOTCFT 1.0.0
2026-04-22 15:35:22,110 [INFO] ThirdParty:1030 - CMSIS Pack Vendor :STMicroelectronics ThreadX 1.0.0
2026-04-22 15:35:22,110 [INFO] ThirdParty:1030 - CMSIS Pack Vendor :STMicroelectronics FP-SNS-SMARTAG2 1.2.0
2026-04-22 15:35:22,114 [INFO] ThirdParty:1030 - CMSIS Pack Vendor :STMicroelectronics FP-SNS-FLIGHT1 5.1.0
2026-04-22 15:35:22,114 [INFO] ThirdParty:1030 - CMSIS Pack Vendor :STMicroelectronics X-CUBE-AZRTOS-WL 2.0.0
2026-04-22 15:35:22,115 [INFO] ThirdParty:1030 - CMSIS Pack Vendor :SEGGER I-CUBE-embOS 1.3.1
2026-04-22 15:35:22,115 [INFO] ThirdParty:1030 - CMSIS Pack Vendor :STMicroelectronics X-CUBE-ALGOBUILD 1.4.0
2026-04-22 15:35:22,115 [INFO] ThirdParty:1030 - CMSIS Pack Vendor :STMicroelectronics X-CUBE-DPower 1.3.0
2026-04-22 15:35:22,115 [INFO] ThirdParty:1030 - CMSIS Pack Vendor :STMicroelectronics USB_DEVICE 1.0.0
2026-04-22 15:35:22,115 [INFO] ThirdParty:1030 - CMSIS Pack Vendor :STMicroelectronics X-CUBE-AZRTOS-H7RS 1.2.0
2026-04-22 15:35:22,115 [INFO] ThirdParty:1030 - CMSIS Pack Vendor :STMicroelectronics X-CUBE-AZRTOS-L4 2.0.0
2026-04-22 15:35:22,115 [INFO] ThirdParty:1030 - CMSIS Pack Vendor :STMicroelectronics ThreadX 0.0.2
2026-04-22 15:35:22,115 [INFO] ThirdParty:1030 - CMSIS Pack Vendor :STMicroelectronics lwIP 2.1.2
2026-04-22 15:35:22,115 [INFO] ThirdParty:1030 - CMSIS Pack Vendor :STMicroelectronics X-CUBE-SFXS2LP1 4.0.0
2026-04-22 15:35:22,115 [INFO] ThirdParty:1030 - CMSIS Pack Vendor :STMicroelectronics X-CUBE-BLE2 3.3.0
2026-04-22 15:35:22,115 [INFO] ThirdParty:1030 - CMSIS Pack Vendor :Avnet-IOTCONNECT X-CUBE-iotc-st67-sdk 1.0.0
2026-04-22 15:35:22,116 [INFO] ThirdParty:1030 - CMSIS Pack Vendor :STMicroelectronics X-CUBE-TOF1 3.4.3
2026-04-22 15:35:22,116 [INFO] ThirdParty:1030 - CMSIS Pack Vendor :Infineon AIROC-Wi-Fi-Bluetooth-STM32 1.8.0
2026-04-22 15:35:22,116 [INFO] ThirdParty:1030 - CMSIS Pack Vendor :STMicroelectronics PDM2PCM 3.2.0
2026-04-22 15:35:22,116 [INFO] ThirdParty:1030 - CMSIS Pack Vendor :STMicroelectronics X-CUBE-WB05N 2.1.0
2026-04-22 15:35:22,119 [INFO] ThirdParty:841 - exiting critical section [change project]
2026-04-22 15:35:22,627 [INFO] PinOutPanel:1589 - setPackage(No Configuration,No Configuration)
2026-04-22 15:35:22,628 [INFO] PinOutPanel:1589 - setPackage(STM32F401RETx,LQFP64)
2026-04-22 15:35:23,298 [INFO] UtilMem:75 - Before build in PCC Used Memory: 896130840 Bytes (1073741824)
2026-04-22 15:35:23,630 [INFO] UtilMem:75 - After build in PCC Used Memory: 943325640 Bytes (1073741824)
2026-04-22 15:35:23,655 [INFO] IPUIPlugin:80 - create IPUIPlugin
2026-04-22 15:35:23,655 [INFO] IPUIPlugin:80 - create IPUIPlugin
2026-04-22 15:35:23,655 [INFO] IPUIPlugin:80 - create IPUIPlugin
2026-04-22 15:35:23,656 [INFO] IPUIPlugin:80 - create IPUIPlugin
2026-04-22 15:35:23,656 [INFO] IPUIPlugin:80 - create IPUIPlugin
2026-04-22 15:35:23,656 [INFO] IPUIPlugin:80 - create IPUIPlugin
2026-04-22 15:35:23,657 [INFO] IPUIPlugin:80 - create IPUIPlugin
2026-04-22 15:35:23,657 [INFO] IPUIPlugin:80 - create IPUIPlugin
2026-04-22 15:35:23,657 [INFO] IPUIPlugin:80 - create IPUIPlugin
2026-04-22 15:35:23,657 [INFO] IPUIPlugin:80 - create IPUIPlugin
2026-04-22 15:35:23,658 [INFO] IPUIPlugin:80 - create IPUIPlugin
2026-04-22 15:35:23,658 [INFO] IPUIPlugin:80 - create IPUIPlugin
2026-04-22 15:35:23,659 [INFO] IPUIPlugin:80 - create IPUIPlugin
2026-04-22 15:35:23,659 [INFO] IPUIPlugin:80 - create IPUIPlugin
2026-04-22 15:35:23,659 [INFO] IPUIPlugin:80 - create IPUIPlugin
2026-04-22 15:35:23,660 [INFO] IPUIPlugin:80 - create IPUIPlugin
2026-04-22 15:35:23,661 [INFO] IPUIPlugin:80 - create IPUIPlugin
2026-04-22 15:35:23,661 [INFO] IPUIPlugin:80 - create IPUIPlugin
2026-04-22 15:35:23,662 [INFO] IPUIPlugin:80 - create IPUIPlugin
2026-04-22 15:35:23,662 [INFO] IPUIPlugin:80 - create IPUIPlugin
2026-04-22 15:35:23,662 [INFO] IPUIPlugin:80 - create IPUIPlugin
2026-04-22 15:35:23,662 [INFO] IPUIPlugin:80 - create IPUIPlugin
2026-04-22 15:35:23,662 [INFO] IPUIPlugin:80 - create IPUIPlugin
2026-04-22 15:35:23,663 [INFO] IPUIPlugin:80 - create IPUIPlugin
2026-04-22 15:35:23,663 [INFO] IPUIPlugin:80 - create IPUIPlugin
2026-04-22 15:35:23,663 [INFO] IPUIPlugin:80 - create IPUIPlugin
2026-04-22 15:35:23,663 [INFO] IPUIPlugin:80 - create IPUIPlugin
2026-04-22 15:35:23,664 [INFO] IPUIPlugin:80 - create IPUIPlugin
2026-04-22 15:35:23,664 [INFO] IPUIPlugin:80 - create IPUIPlugin
2026-04-22 15:35:23,664 [INFO] IPUIPlugin:80 - create IPUIPlugin
2026-04-22 15:35:23,664 [INFO] IPUIPlugin:80 - create IPUIPlugin
2026-04-22 15:35:23,665 [INFO] IPUIPlugin:80 - create IPUIPlugin
2026-04-22 15:35:23,665 [INFO] IPUIPlugin:80 - create IPUIPlugin
2026-04-22 15:35:23,665 [INFO] IPUIPlugin:80 - create IPUIPlugin
2026-04-22 15:35:23,665 [INFO] IPUIPlugin:80 - create IPUIPlugin
2026-04-22 15:35:23,666 [INFO] IPUIPlugin:80 - create IPUIPlugin
2026-04-22 15:35:23,666 [INFO] IPUIPlugin:80 - create IPUIPlugin
2026-04-22 15:35:23,666 [INFO] IPUIPlugin:80 - create IPUIPlugin
2026-04-22 15:35:23,671 [INFO] ApiDbMcu:508 - Load IP Config File for PDM2PCM
2026-04-22 15:35:23,755 [INFO] CADModel:165 - CPN selected for project levelSTM32F401RET6
2026-04-22 15:35:23,755 [INFO] CADModel:114 - Register for checkConnection events
2026-04-22 15:35:23,811 [INFO] OpenFileManager:385 - Restore cursor
2026-04-22 15:35:24,503 [INFO] UtilMem:75 - End SaveConfig() Used Memory: 911892800 Bytes (1073741824)
2026-04-22 15:35:24,636 [INFO] UtilMem:75 - End SaveConfig() Used Memory: 927892680 Bytes (1073741824)
2026-04-22 15:35:25,064 [INFO] BlockDiagram:2775 - set Specific Code input for plugin: NVIC
2026-04-22 15:35:25,064 [INFO] BlockDiagram:2775 - set Specific Code input for plugin: USART
2026-04-22 15:35:25,064 [INFO] BlockDiagram:2775 - set Specific Code input for plugin: SYS
2026-04-22 15:35:25,064 [INFO] BlockDiagram:2775 - set Specific Code input for plugin: GPIO
2026-04-22 15:35:25,064 [INFO] BlockDiagram:2775 - set Specific Code input for plugin: RCC
2026-04-22 15:35:25,065 [INFO] CodeGenerator:882 - code generatio: config db path: /opt/st/stm32cubeide_1.18.1/plugins/com.st.stm32cube.common.mx_6.14.1.202504091515//db/
2026-04-22 15:35:25,297 [INFO] CodeEngine:263 - oldGeneratedFile, /home/vatcraft/Desktop/FET/ELT3240/Lab8/ex2/MXTmpFiles/license.tmp_save
2026-04-22 15:35:25,818 [INFO] CodeEngine:287 - Generated code: /home/vatcraft/Desktop/FET/ELT3240/Lab8/ex2/MXTmpFiles/license.tmp
2026-04-22 15:35:25,903 [INFO] CodeEngine:263 - oldGeneratedFile, /home/vatcraft/Desktop/FET/ELT3240/Lab8/ex2/MXTmpFiles/gpio.tmp_save
2026-04-22 15:35:26,097 [INFO] CodeEngine:287 - Generated code: /home/vatcraft/Desktop/FET/ELT3240/Lab8/ex2/MXTmpFiles/gpio.tmp
2026-04-22 15:35:26,252 [INFO] CodeEngine:263 - oldGeneratedFile, /home/vatcraft/Desktop/FET/ELT3240/Lab8/ex2/Core/Src/stm32f4xx_it.c_save
2026-04-22 15:35:26,835 [INFO] CodeEngine:287 - Generated code: /home/vatcraft/Desktop/FET/ELT3240/Lab8/ex2/Core/Src/stm32f4xx_it.c
2026-04-22 15:35:26,839 [INFO] CodeEngine:263 - oldGeneratedFile, /home/vatcraft/Desktop/FET/ELT3240/Lab8/ex2/Core/Inc/stm32f4xx_it.h_save
2026-04-22 15:35:26,958 [INFO] CodeEngine:287 - Generated code: /home/vatcraft/Desktop/FET/ELT3240/Lab8/ex2/Core/Inc/stm32f4xx_it.h
2026-04-22 15:35:26,975 [INFO] CodeEngine:263 - oldGeneratedFile, /home/vatcraft/Desktop/FET/ELT3240/Lab8/ex2/Core/Src/stm32f4xx_hal_msp.c_save
2026-04-22 15:35:27,203 [INFO] CodeEngine:287 - Generated code: /home/vatcraft/Desktop/FET/ELT3240/Lab8/ex2/Core/Src/stm32f4xx_hal_msp.c
2026-04-22 15:35:27,212 [INFO] CodeEngine:263 - oldGeneratedFile, /home/vatcraft/Desktop/FET/ELT3240/Lab8/ex2/MXTmpFiles/system.tmp_save
2026-04-22 15:35:27,336 [INFO] CodeEngine:287 - Generated code: /home/vatcraft/Desktop/FET/ELT3240/Lab8/ex2/MXTmpFiles/system.tmp
2026-04-22 15:35:27,350 [INFO] CodeEngine:319 - oldGeneratedFile, /home/vatcraft/Desktop/FET/ELT3240/Lab8/ex2/Core/Inc/stm32f4xx_hal_conf.h_save
2026-04-22 15:35:27,472 [INFO] CodeEngine:343 - Generated code: /home/vatcraft/Desktop/FET/ELT3240/Lab8/ex2/Core/Inc/stm32f4xx_hal_conf.h
2026-04-22 15:35:27,563 [INFO] ApiDbMcu:508 - Load IP Config File for USART2
2026-04-22 15:35:27,594 [INFO] ApiDbMcu:508 - Load IP Config File for RCC
2026-04-22 15:35:27,609 [INFO] CodeEngine:263 - oldGeneratedFile, /home/vatcraft/Desktop/FET/ELT3240/Lab8/ex2/Core/Inc/main.h_save
2026-04-22 15:35:27,765 [INFO] CodeEngine:287 - Generated code: /home/vatcraft/Desktop/FET/ELT3240/Lab8/ex2/Core/Inc/main.h
2026-04-22 15:35:27,774 [INFO] CodeEngine:263 - oldGeneratedFile, /home/vatcraft/Desktop/FET/ELT3240/Lab8/ex2/Core/Src/main.c_save
2026-04-22 15:35:27,917 [INFO] CodeEngine:287 - Generated code: /home/vatcraft/Desktop/FET/ELT3240/Lab8/ex2/Core/Src/main.c
2026-04-22 15:35:28,221 [INFO] ProjectBuilder:3324 - Time for Copy HAL[1] : 65mS.
2026-04-22 15:35:28,226 [INFO] ProjectBuilder:4912 - Project Generator version: 4.6.0.1-B1
2026-04-22 15:35:28,367 [INFO] ConfigFileManager:1590 - The Die is : DIE433
2026-04-22 15:35:28,389 [INFO] ApiDbMcu:508 - Load IP Config File for FATFS
2026-04-22 15:35:28,434 [INFO] ApiDbMcu:508 - Load IP Config File for FREERTOS
2026-04-22 15:35:28,442 [INFO] ApiDbMcu:508 - Load IP Config File for LIBJPEG
2026-04-22 15:35:28,507 [INFO] ApiDbMcu:508 - Load IP Config File for MBEDTLS
2026-04-22 15:35:28,569 [INFO] ApiDbMcu:508 - Load IP Config File for USB_DEVICE
2026-04-22 15:35:28,587 [INFO] ApiDbMcu:508 - Load IP Config File for USB_HOST
2026-04-22 15:35:31,242 [INFO] ProjectBuilder:5191 - Time for Generating toolchain IDE Files: 3015mS.
2026-04-22 15:35:31,242 [INFO] ProjectBuilder:3181 - Time for Copy CMSIS : 0mS.
2026-04-22 15:35:31,245 [INFO] ProjectBuilder:3181 - Time for Copy CMSIS : 0mS.
2026-04-22 15:35:31,779 [INFO] McuFinderGlobals:76 - Set McuFinderConnectedMode to true
2026-04-22 15:35:31,785 [INFO] ApiDb:448 - Save user favorites file /home/vatcraft/.stm32cubeide/favorites.mcus.txt: 0 item(s)
2026-04-22 15:35:31,786 [INFO] ApiDb:452 - User favorites MCUs=[]
2026-04-22 15:35:31,787 [INFO] ApiDb:448 - Save user favorites file /home/vatcraft/.stm32cubeide/favorites.boards.txt: 0 item(s)
2026-04-22 15:35:31,787 [INFO] ApiDb:452 - User favorites Boards=[]
2026-04-22 17:05:53,524 [INFO] WebApp:194 - Connection lost
2026-04-22 17:06:00,856 [INFO] WebApp:191 - Connection restablished
2026-04-22 17:07:14,076 [ERROR] LogOutputStream:75 - [STDERR_REDIRECT] 
