2026-03-04 14:20:50,001 [INFO] Activator:176 - 


2026-03-04 14:20:50,003 [INFO] Activator:177 - !SESSION log4j initialized
2026-03-04 14:20:52,859 [INFO] LogOutputStream:77 - [STDOUT_REDIRECT] 
2026-03-04 14:20:56,222 [INFO] ApplicationProperties:184 - Using Application install path: /opt/st/stm32cubeide_1.18.1/plugins/com.st.stm32cube.common.mx_6.14.1.202504091515
2026-03-04 14:20:56,241 [INFO] DbMcusXml:78 - Set database path to: /opt/st/stm32cubeide_1.18.1/plugins/com.st.stm32cube.common.mx_6.14.1.202504091515//db//mcu/
2026-03-04 14:20:56,241 [INFO] ApiDb:274 - Set plugin database path to: /opt/st/stm32cubeide_1.18.1/plugins/com.st.stm32cube.common.mx_6.14.1.202504091515//db//plugins/boardmanager/
2026-03-04 14:20:56,242 [WARN] ApiDb:259 - Overriding images path with different value:  => /opt/st/stm32cubeide_1.18.1/plugins/com.st.stm32cube.common.mx_6.14.1.202504091515//db//plugins/mcufinder/images/
2026-03-04 14:20:57,111 [WARN] ApiFinderProperties:113 - /home/vatcraft/.stmcufinder/plugins/mcufinder/mcu/mcuFinder.mfd doesn't exist
2026-03-04 14:20:57,111 [INFO] ApiDb:250 - Set database path to: /home/vatcraft/.stmcufinder/plugins/mcufinder//mcu/
2026-03-04 14:20:57,113 [INFO] DbMcusAds:125 - Set database path to: /home/vatcraft/.stmcufinder/plugins/mcufinder//mcu/
2026-03-04 14:20:57,115 [INFO] CrossReferenceDbSqlite:203 - Set database path to: /home/vatcraft/.stmcufinder/plugins/mcufinder//mcu/cs/
2026-03-04 14:20:57,239 [INFO] RulesReader:64 - Compatibility file has been processed (302 Rules)
2026-03-04 14:20:57,303 [INFO] DbMcusXml:78 - Set database path to: /opt/st/stm32cubeide_1.18.1/plugins/com.st.stm32cube.common.mx_6.14.1.202504091515//db//mcu/
2026-03-04 14:20:57,303 [INFO] ApiDb:274 - Set plugin database path to: /opt/st/stm32cubeide_1.18.1/plugins/com.st.stm32cube.common.mx_6.14.1.202504091515//db//plugins/boardmanager/
2026-03-04 14:20:57,304 [INFO] ApiDb:261 - Set plugin images path to: /opt/st/stm32cubeide_1.18.1/plugins/com.st.stm32cube.common.mx_6.14.1.202504091515//db//plugins/mcufinder/images/
2026-03-04 14:20:57,304 [WARN] DbFile:41 - Overriding database path with different value: /home/vatcraft/.stmcufinder/plugins/mcufinder/ => /home/vatcraft/.stmcufinder/plugins/mcufinder
2026-03-04 14:20:57,304 [INFO] ApiDb:250 - Set database path to: /home/vatcraft/.stmcufinder/plugins/mcufinder//mcu/
2026-03-04 14:20:57,304 [WARN] DbFile:41 - Overriding database path with different value: /home/vatcraft/.stmcufinder/plugins/mcufinder/ => /home/vatcraft/.stmcufinder/plugins/mcufinder
2026-03-04 14:20:57,304 [INFO] DbMcusAds:125 - Set database path to: /home/vatcraft/.stmcufinder/plugins/mcufinder//mcu/
2026-03-04 14:20:57,305 [WARN] DbFile:41 - Overriding database path with different value: /home/vatcraft/.stmcufinder/plugins/mcufinder/ => /home/vatcraft/.stmcufinder/plugins/mcufinder
2026-03-04 14:20:57,305 [WARN] DbFile:41 - Overriding database path with different value: /home/vatcraft/.stmcufinder/plugins/mcufinder/ => /home/vatcraft/.stmcufinder/plugins/mcufinder
2026-03-04 14:20:57,305 [INFO] CrossReferenceDbSqlite:203 - Set database path to: /home/vatcraft/.stmcufinder/plugins/mcufinder//mcu/cs/
2026-03-04 14:20:57,375 [INFO] MainPanel:272 - HeapMemory: 268435456
2026-03-04 14:20:57,644 [INFO] DbMcusXml:78 - Set database path to: /opt/st/stm32cubeide_1.18.1/plugins/com.st.stm32cube.common.mx_6.14.1.202504091515//db//mcu/
2026-03-04 14:20:57,644 [INFO] ApiDb:274 - Set plugin database path to: /opt/st/stm32cubeide_1.18.1/plugins/com.st.stm32cube.common.mx_6.14.1.202504091515//db//plugins/boardmanager/
2026-03-04 14:20:57,644 [INFO] ApiDb:261 - Set plugin images path to: /opt/st/stm32cubeide_1.18.1/plugins/com.st.stm32cube.common.mx_6.14.1.202504091515//db//plugins/mcufinder/images/
2026-03-04 14:20:57,645 [WARN] DbFile:41 - Overriding database path with different value: /home/vatcraft/.stmcufinder/plugins/mcufinder/ => /home/vatcraft/.stmcufinder/plugins/mcufinder
2026-03-04 14:20:57,645 [INFO] ApiDb:250 - Set database path to: /home/vatcraft/.stmcufinder/plugins/mcufinder//mcu/
2026-03-04 14:20:57,645 [WARN] DbFile:41 - Overriding database path with different value: /home/vatcraft/.stmcufinder/plugins/mcufinder/ => /home/vatcraft/.stmcufinder/plugins/mcufinder
2026-03-04 14:20:57,645 [INFO] DbMcusAds:125 - Set database path to: /home/vatcraft/.stmcufinder/plugins/mcufinder//mcu/
2026-03-04 14:20:57,645 [WARN] DbFile:41 - Overriding database path with different value: /home/vatcraft/.stmcufinder/plugins/mcufinder/ => /home/vatcraft/.stmcufinder/plugins/mcufinder
2026-03-04 14:20:57,645 [WARN] DbFile:41 - Overriding database path with different value: /home/vatcraft/.stmcufinder/plugins/mcufinder/ => /home/vatcraft/.stmcufinder/plugins/mcufinder
2026-03-04 14:20:57,646 [INFO] CrossReferenceDbSqlite:203 - Set database path to: /home/vatcraft/.stmcufinder/plugins/mcufinder//mcu/cs/
2026-03-04 14:20:57,665 [INFO] ApplicationProperties:184 - Using Application install path: /opt/st/stm32cubeide_1.18.1/plugins/com.st.stm32cube.common.mx_6.14.1.202504091515
2026-03-04 14:20:57,666 [INFO] PluginManage:196 - Search for loadable plugins [exclusion list=, ]
2026-03-04 14:20:57,668 [INFO] PluginManage:310 - Check plugin analytics
2026-03-04 14:20:57,907 [INFO] AnalyticsPlugin:253 - Accepted Software Licenses: 
2026-03-04 14:20:57,908 [INFO] AnalyticsPlugin:255 - Accepted CMSIS Pack Licenses: 
2026-03-04 14:20:57,908 [INFO] AnalyticsPlugin:257 - Accepted Firmware Licenses: 
2026-03-04 14:20:57,916 [INFO] PluginManage:359 - Loaded plugin analytics (category:tool,tabindex:-1)
2026-03-04 14:20:57,917 [INFO] PluginManage:310 - Check plugin cadmodel
2026-03-04 14:20:57,923 [INFO] CADModel:105 - Init CAD model plugin
2026-03-04 14:20:57,923 [INFO] PluginManage:359 - Loaded plugin cadmodel (category:power,tabindex:5)
2026-03-04 14:20:57,923 [INFO] PluginManage:310 - Check plugin clock
2026-03-04 14:20:57,939 [INFO] PluginManage:359 - Loaded plugin clock (category:base,tabindex:2)
2026-03-04 14:20:57,939 [INFO] PluginManage:310 - Check plugin ddr
2026-03-04 14:20:57,944 [INFO] PluginManage:359 - Loaded plugin ddr (category:tool,tabindex:6)
2026-03-04 14:20:57,945 [INFO] PluginManage:310 - Check plugin filemanager
2026-03-04 14:20:58,301 [INFO] PluginManage:359 - Loaded plugin filemanager (category:base,tabindex:10)
2026-03-04 14:20:58,302 [INFO] PluginManage:310 - Check plugin ipmanager
2026-03-04 14:20:58,317 [INFO] PluginManage:359 - Loaded plugin ipmanager (category:base,tabindex:5)
2026-03-04 14:20:58,317 [INFO] PluginManage:310 - Check plugin lpbam
2026-03-04 14:20:58,334 [INFO] PluginManage:359 - Loaded plugin lpbam (category:base,tabindex:0)
2026-03-04 14:20:58,335 [INFO] PluginManage:310 - Check plugin memorymap
2026-03-04 14:20:58,360 [INFO] PluginManage:359 - Loaded plugin memorymap (category:base,tabindex:4)
2026-03-04 14:20:58,360 [INFO] PluginManage:310 - Check plugin pinoutandconfiguration
2026-03-04 14:20:58,377 [INFO] PluginManage:359 - Loaded plugin pinoutandconfiguration (category:base,tabindex:1)
2026-03-04 14:20:58,377 [INFO] PluginManage:310 - Check plugin pinoutconfig
2026-03-04 14:20:58,528 [WARN] SupportedApi:132 - Cannot load RTOS API schema: s4s-elt-must-match.1: The content of 'definitions' must match (annotation?, (simpleType | complexType)?, (unique | key | keyref)*)). A problem was found starting at: attribute.
2026-03-04 14:20:58,715 [INFO] PluginManage:359 - Loaded plugin pinoutconfig (category:base,tabindex:0)
2026-03-04 14:20:58,715 [INFO] PluginManage:310 - Check plugin power
2026-03-04 14:20:58,730 [INFO] PluginManage:359 - Loaded plugin power (category:power,tabindex:4)
2026-03-04 14:20:58,731 [INFO] PluginManage:310 - Check plugin projectmanager
2026-03-04 14:20:58,753 [INFO] PluginManage:359 - Loaded plugin projectmanager (category:projectmanager,tabindex:4)
2026-03-04 14:20:58,754 [INFO] PluginManage:310 - Check plugin rif
2026-03-04 14:20:58,764 [INFO] PluginManage:359 - Loaded plugin rif (category:base,tabindex:3)
2026-03-04 14:20:58,765 [INFO] PluginManage:310 - Check plugin thirdparty
2026-03-04 14:20:58,927 [INFO] PluginManage:359 - Loaded plugin thirdparty (category:base,tabindex:-1)
2026-03-04 14:20:58,927 [WARN] IntegrityCheckThread:84 - waiting for thirdparty lock release [integrity check]
2026-03-04 14:20:58,928 [INFO] PluginManage:310 - Check plugin tools
2026-03-04 14:20:58,928 [INFO] IntegrityCheckThread:86 - entering critical section [integrity check]
2026-03-04 14:20:58,928 [INFO] ThirdPartyUpdaterWithRetryManager:70 - Updater plugin not ready yet. [1/15]
2026-03-04 14:20:58,930 [INFO] PluginManage:359 - Loaded plugin tools (category:base,tabindex:7)
2026-03-04 14:20:58,930 [INFO] PluginManage:310 - Check plugin tutovideos
2026-03-04 14:20:59,180 [INFO] PluginManage:359 - Loaded plugin tutovideos (category:base,tabindex:-1)
2026-03-04 14:20:59,180 [INFO] PluginManage:310 - Check plugin updater
2026-03-04 14:20:59,219 [INFO] PluginManage:359 - Loaded plugin updater (category:base,tabindex:12)
2026-03-04 14:20:59,219 [INFO] PluginManage:310 - Check plugin userauth
2026-03-04 14:20:59,224 [INFO] UserAuth:118 - Init User Auth plugin
2026-03-04 14:20:59,225 [INFO] PluginManage:359 - Loaded plugin userauth (category:base,tabindex:14)
2026-03-04 14:20:59,225 [INFO] PluginManage:283 - PluginManage : Loaded plugins [18]
2026-03-04 14:20:59,400 [INFO] PinOutPanel:1589 - setPackage(No Configuration,No Configuration)
2026-03-04 14:20:59,458 [INFO] CADModel:165 - CPN selected for project level
2026-03-04 14:20:59,458 [INFO] CADModel:114 - Register for checkConnection events
2026-03-04 14:20:59,467 [INFO] IPUIPlugin:80 - create IPUIPlugin
2026-03-04 14:20:59,467 [INFO] PluginManager:220 - loadIPPluginJar : add openamp
2026-03-04 14:20:59,471 [INFO] IPUIPlugin:80 - create IPUIPlugin
2026-03-04 14:20:59,471 [INFO] PluginManager:220 - loadIPPluginJar : add pdm2pcm
2026-03-04 14:20:59,474 [INFO] IPUIPlugin:80 - create IPUIPlugin
2026-03-04 14:20:59,474 [INFO] PluginManager:220 - loadIPPluginJar : add touchsensing
2026-03-04 14:20:59,480 [INFO] IPUIPlugin:80 - create IPUIPlugin
2026-03-04 14:20:59,482 [INFO] PluginManager:220 - loadIPPluginJar : add plateformsettings
2026-03-04 14:20:59,489 [INFO] IPUIPlugin:80 - create IPUIPlugin
2026-03-04 14:20:59,489 [INFO] PluginManager:220 - loadIPPluginJar : add resmgrutility
2026-03-04 14:20:59,494 [INFO] IPUIPlugin:80 - create IPUIPlugin
2026-03-04 14:20:59,494 [INFO] PluginManager:220 - loadIPPluginJar : add gic
2026-03-04 14:20:59,496 [INFO] IPUIPlugin:80 - create IPUIPlugin
2026-03-04 14:20:59,496 [INFO] PluginManager:220 - loadIPPluginJar : add genericplugin
2026-03-04 14:20:59,498 [INFO] IPUIPlugin:80 - create IPUIPlugin
2026-03-04 14:20:59,498 [INFO] PluginManager:220 - loadIPPluginJar : add tracer_emb
2026-03-04 14:20:59,501 [INFO] IPUIPlugin:80 - create IPUIPlugin
2026-03-04 14:20:59,501 [INFO] PluginManager:220 - loadIPPluginJar : add extmemmanager
2026-03-04 14:20:59,503 [INFO] IPUIPlugin:80 - create IPUIPlugin
2026-03-04 14:20:59,503 [INFO] PluginManager:220 - loadIPPluginJar : add spi
2026-03-04 14:20:59,510 [INFO] IPUIPlugin:80 - create IPUIPlugin
2026-03-04 14:20:59,510 [INFO] PluginManager:220 - loadIPPluginJar : add linkedlist
2026-03-04 14:20:59,512 [INFO] IPUIPlugin:80 - create IPUIPlugin
2026-03-04 14:20:59,512 [INFO] PluginManager:220 - loadIPPluginJar : add ucpd
2026-03-04 14:20:59,515 [INFO] IPUIPlugin:80 - create IPUIPlugin
2026-03-04 14:20:59,515 [INFO] PluginManager:220 - loadIPPluginJar : add i3c
2026-03-04 14:20:59,517 [INFO] IPUIPlugin:80 - create IPUIPlugin
2026-03-04 14:20:59,518 [INFO] PluginManager:220 - loadIPPluginJar : add hash
2026-03-04 14:20:59,521 [INFO] IPUIPlugin:80 - create IPUIPlugin
2026-03-04 14:20:59,522 [INFO] PluginManager:220 - loadIPPluginJar : add nvic
2026-03-04 14:20:59,525 [INFO] IPUIPlugin:80 - create IPUIPlugin
2026-03-04 14:20:59,525 [INFO] PluginManager:220 - loadIPPluginJar : add usbx
2026-03-04 14:20:59,527 [INFO] IPUIPlugin:80 - create IPUIPlugin
2026-03-04 14:20:59,528 [INFO] PluginManager:220 - loadIPPluginJar : add cryp
2026-03-04 14:20:59,529 [INFO] IPUIPlugin:80 - create IPUIPlugin
2026-03-04 14:20:59,529 [INFO] PluginManager:220 - loadIPPluginJar : add quadspi
2026-03-04 14:20:59,531 [INFO] IPUIPlugin:80 - create IPUIPlugin
2026-03-04 14:20:59,531 [INFO] PluginManager:220 - loadIPPluginJar : add ts
2026-03-04 14:20:59,534 [INFO] IPUIPlugin:80 - create IPUIPlugin
2026-03-04 14:20:59,534 [INFO] PluginManager:220 - loadIPPluginJar : add i2c
2026-03-04 14:20:59,537 [INFO] IPUIPlugin:80 - create IPUIPlugin
2026-03-04 14:20:59,537 [INFO] PluginManager:220 - loadIPPluginJar : add ipddr
2026-03-04 14:20:59,540 [INFO] IPUIPlugin:80 - create IPUIPlugin
2026-03-04 14:20:59,540 [INFO] PluginManager:220 - loadIPPluginJar : add aes
2026-03-04 14:20:59,543 [INFO] IPUIPlugin:80 - create IPUIPlugin
2026-03-04 14:20:59,543 [INFO] PluginManager:220 - loadIPPluginJar : add sai
2026-03-04 14:20:59,546 [INFO] IPUIPlugin:80 - create IPUIPlugin
2026-03-04 14:20:59,546 [INFO] PluginManager:220 - loadIPPluginJar : add dma3
2026-03-04 14:20:59,549 [INFO] IPUIPlugin:80 - create IPUIPlugin
2026-03-04 14:20:59,549 [INFO] PluginManager:220 - loadIPPluginJar : add lorawan
2026-03-04 14:20:59,551 [INFO] IPUIPlugin:80 - create IPUIPlugin
2026-03-04 14:20:59,552 [INFO] PluginManager:220 - loadIPPluginJar : add dfsdm
2026-03-04 14:20:59,554 [INFO] IPUIPlugin:80 - create IPUIPlugin
2026-03-04 14:20:59,554 [INFO] PluginManager:220 - loadIPPluginJar : add gtzc
2026-03-04 14:20:59,557 [INFO] IPUIPlugin:80 - create IPUIPlugin
2026-03-04 14:20:59,557 [INFO] PluginManager:220 - loadIPPluginJar : add can
2026-03-04 14:20:59,562 [INFO] IPUIPlugin:80 - create IPUIPlugin
2026-03-04 14:20:59,563 [INFO] PluginManager:220 - loadIPPluginJar : add freertos
2026-03-04 14:20:59,565 [INFO] IPUIPlugin:80 - create IPUIPlugin
2026-03-04 14:20:59,565 [INFO] PluginManager:220 - loadIPPluginJar : add usart
2026-03-04 14:20:59,570 [INFO] IPUIPlugin:80 - create IPUIPlugin
2026-03-04 14:20:59,570 [INFO] PluginManager:220 - loadIPPluginJar : add fmc
2026-03-04 14:20:59,574 [INFO] IPUIPlugin:80 - create IPUIPlugin
2026-03-04 14:20:59,575 [INFO] PluginManager:220 - loadIPPluginJar : add gpio
2026-03-04 14:20:59,577 [INFO] IPUIPlugin:80 - create IPUIPlugin
2026-03-04 14:20:59,577 [INFO] PluginManager:220 - loadIPPluginJar : add i2s
2026-03-04 14:20:59,585 [INFO] IPUIPlugin:80 - create IPUIPlugin
2026-03-04 14:20:59,585 [INFO] PluginManager:220 - loadIPPluginJar : add mdma
2026-03-04 14:20:59,587 [INFO] IPUIPlugin:80 - create IPUIPlugin
2026-03-04 14:20:59,587 [INFO] PluginManager:220 - loadIPPluginJar : add ltdc
2026-03-04 14:20:59,590 [INFO] IPUIPlugin:80 - create IPUIPlugin
2026-03-04 14:20:59,590 [INFO] PluginManager:220 - loadIPPluginJar : add opamp
2026-03-04 14:20:59,596 [INFO] IPUIPlugin:80 - create IPUIPlugin
2026-03-04 14:20:59,597 [INFO] PluginManager:220 - loadIPPluginJar : add adc
2026-03-04 14:20:59,600 [INFO] IPUIPlugin:80 - create IPUIPlugin
2026-03-04 14:20:59,600 [INFO] PluginManager:220 - loadIPPluginJar : add ddr_ctrl_phy
2026-03-04 14:20:59,606 [INFO] IPUIPlugin:80 - create IPUIPlugin
2026-03-04 14:20:59,607 [INFO] PluginManager:220 - loadIPPluginJar : add stm32_wpan
2026-03-04 14:20:59,612 [INFO] IPUIPlugin:80 - create IPUIPlugin
2026-03-04 14:20:59,613 [INFO] PluginManager:220 - loadIPPluginJar : add dma
2026-03-04 14:20:59,614 [INFO] IPUIPlugin:80 - create IPUIPlugin
2026-03-04 14:20:59,614 [INFO] PluginManager:220 - loadIPPluginJar : add tsc
2026-03-04 14:20:59,616 [INFO] IPUIPlugin:80 - create IPUIPlugin
2026-03-04 14:20:59,616 [INFO] PluginManager:220 - loadIPPluginJar : add comp
2026-03-04 14:20:59,618 [INFO] IPUIPlugin:80 - create IPUIPlugin
2026-03-04 14:20:59,618 [INFO] PluginManager:220 - loadIPPluginJar : add fatfs
2026-03-04 14:20:59,620 [INFO] IPUIPlugin:80 - create IPUIPlugin
2026-03-04 14:20:59,620 [INFO] PluginManager:220 - loadIPPluginJar : add tim
2026-03-04 14:20:59,622 [INFO] IPUIPlugin:80 - create IPUIPlugin
2026-03-04 14:20:59,622 [INFO] PluginManager:220 - loadIPPluginJar : add gfxmmu
2026-03-04 14:20:59,624 [INFO] IPUIPlugin:80 - create IPUIPlugin
2026-03-04 14:20:59,625 [INFO] PluginManager:220 - loadIPPluginJar : add radio
2026-03-04 14:20:59,731 [FATAL] Updater:351 - Updater called before beeing initialized
2026-03-04 14:20:59,762 [INFO] RulesReader:64 - Compatibility file has been processed (302 Rules)
2026-03-04 14:20:59,778 [INFO] RulesReader:64 - Compatibility file has been processed (302 Rules)
2026-03-04 14:20:59,788 [INFO] CADModel:165 - CPN selected for project level
2026-03-04 14:20:59,788 [INFO] CADModel:114 - Register for checkConnection events
2026-03-04 14:20:59,789 [FATAL] Updater:351 - Updater called before beeing initialized
2026-03-04 14:20:59,789 [ERROR] CADModel:125 - Updater not yet initialized, retry later 
2026-03-04 14:20:59,928 [FATAL] Updater:351 - Updater called before beeing initialized
2026-03-04 14:20:59,930 [INFO] CADModel:165 - CPN selected for project level
2026-03-04 14:20:59,931 [INFO] CADModel:114 - Register for checkConnection events
2026-03-04 14:20:59,931 [FATAL] Updater:351 - Updater called before beeing initialized
2026-03-04 14:20:59,931 [ERROR] CADModel:125 - Updater not yet initialized, retry later 
2026-03-04 14:20:59,934 [FATAL] Updater:351 - Updater called before beeing initialized
2026-03-04 14:21:00,008 [FATAL] Updater:351 - Updater called before beeing initialized
2026-03-04 14:21:00,012 [INFO] DbMcusAds:53 - JSON generation date=Thu Sep 30 13:55:09 ICT 2021 (1632984909247)
2026-03-04 14:21:00,012 [FATAL] Updater:351 - Updater called before beeing initialized
2026-03-04 14:21:00,050 [WARN] DetailPanel:346 - Failed to get advertising image, set to default
2026-03-04 14:21:00,324 [FATAL] Updater:351 - Updater called before beeing initialized
2026-03-04 14:21:00,326 [FATAL] Updater:351 - Updater called before beeing initialized
2026-03-04 14:21:00,326 [FATAL] Updater:351 - Updater called before beeing initialized
2026-03-04 14:21:00,326 [WARN] DetailPanel:346 - Failed to get advertising image, set to default
2026-03-04 14:21:00,327 [FATAL] Updater:351 - Updater called before beeing initialized
2026-03-04 14:21:00,362 [ERROR] Updater:1198 - MainUpdater not yet initialized. External WinMGr cannot be set.
2026-03-04 14:21:00,364 [INFO] Updater:1134 - Updater Version found : 6.14.1
2026-03-04 14:21:00,380 [INFO] ApplicationProperties:184 - Using Application install path: /opt/st/stm32cubeide_1.18.1/plugins/com.st.stm32cube.common.mx_6.14.1.202504091515
2026-03-04 14:21:00,404 [INFO] MainUpdater:525 - Copy updater definitions from MX database
2026-03-04 14:21:00,444 [INFO] MainUpdater:558 - Copy flag file definitions from MX database
2026-03-04 14:21:00,445 [INFO] MainUpdater:574 - Copy thirdparty index definitions from MX database
2026-03-04 14:21:00,445 [INFO] MainUpdater:593 - Copy default thirdparty db definitions from MX database
2026-03-04 14:21:00,711 [INFO] MainUpdater:2872 - connection check result : 10
2026-03-04 14:21:00,711 [INFO] MainUpdater:3566 - Updater definition file requires update
2026-03-04 14:21:00,712 [INFO] MainUpdater:289 - Updater Check For Update Now.
2026-03-04 14:21:00,712 [INFO] MicroXplorer:498 - Change Database Version : DB.6.0.141
2026-03-04 14:21:00,717 [INFO] McuFinderGlobals:63 - Set McuFinder mode to 2 (CubeIDE integrated)
2026-03-04 14:21:00,717 [INFO] UserAuth:171 - activating auth plugin
2026-03-04 14:21:00,719 [INFO] UserAuth:484 - Internet connection configuration mode: 1
2026-03-04 14:21:00,733 [INFO] JxBrowserEngine:152 - Initiate JxBrowser Engine with user profile folder
2026-03-04 14:21:00,765 [INFO] ServerAccessManage:473 - Download File updaters.zip
2026-03-04 14:21:01,050 [INFO] FileExtend:242 - Unzip File : updaters.zip
2026-03-04 14:21:01,050 [INFO] FileExtend:257 - Standard Zip Deflate
2026-03-04 14:21:01,365 [INFO] ServerAccessManage:473 - Download File PacksControlFlags.xml
2026-03-04 14:21:01,567 [INFO] ServerAccessManage:473 - Download File cubemx.pidx
2026-03-04 14:21:01,742 [INFO] ServerAccessManage:473 - Download File STMicroelectronics.FP-ATR-ASTRA1.pdsc
2026-03-04 14:21:01,933 [WARN] MainUpdater:1193 - Updater busy. Cannot search thirdparties
2026-03-04 14:21:01,933 [INFO] ThirdPartyUpdaterWithRetryManager:96 - Updater plugin is busy. [1/15]
2026-03-04 14:21:02,290 [INFO] ServerAccessManage:473 - Download File STMicroelectronics.FP-ATR-SIGFOX1.pdsc
2026-03-04 14:21:02,476 [INFO] ServerAccessManage:473 - Download File STMicroelectronics.FP-SNS-STBOX1.pdsc
2026-03-04 14:21:02,781 [INFO] ServerAccessManage:473 - Download File STMicroelectronics.FP-SNS-FLIGHT1.pdsc
2026-03-04 14:21:03,315 [INFO] ServerAccessManage:473 - Download File STMicroelectronics.FP-SNS-MOTENV1.pdsc
2026-03-04 14:21:03,853 [INFO] ServerAccessManage:473 - Download File STMicroelectronics.FP-SNS-MOTENVWB1.pdsc
2026-03-04 14:21:04,297 [INFO] ServerAccessManage:473 - Download File STMicroelectronics.FP-SNS-SMARTAG2.pdsc
2026-03-04 14:21:04,485 [INFO] ServerAccessManage:473 - Download File STMicroelectronics.FP-SNS-STAIOTCFT.pdsc
2026-03-04 14:21:04,651 [INFO] ServerAccessManage:473 - Download File STMicroelectronics.X-CUBE-AI.pdsc
2026-03-04 14:21:04,933 [WARN] MainUpdater:1193 - Updater busy. Cannot search thirdparties
2026-03-04 14:21:04,934 [INFO] ThirdPartyUpdaterWithRetryManager:96 - Updater plugin is busy. [2/15]
2026-03-04 14:21:05,502 [INFO] WebApp:169 - Instantiating new browser for Auth
2026-03-04 14:21:06,306 [INFO] ServerAccessManage:473 - Download File STMicroelectronics.X-CUBE-ALS.pdsc
2026-03-04 14:21:06,437 [INFO] WebApp:463 - Apply proxy settings
2026-03-04 14:21:06,437 [INFO] WebApp:548 - Chromium requires no authentication
2026-03-04 14:21:06,445 [INFO] WebApp:491 - Direct internet connection detected
2026-03-04 14:21:06,465 [INFO] WebApp:894 - Register for checkConnection events
2026-03-04 14:21:06,465 [INFO] WebApp:463 - Apply proxy settings
2026-03-04 14:21:06,466 [INFO] WebApp:548 - Chromium requires no authentication
2026-03-04 14:21:06,467 [INFO] WebApp:491 - Direct internet connection detected
2026-03-04 14:21:06,622 [INFO] WebApp:225 - Starting web application
2026-03-04 14:21:06,622 [INFO] WebApp:593 - Web application path used /opt/st/stm32cubeide_1.18.1/plugins/com.st.stm32cube.common.mx_6.14.1.202504091515/db/plugins/mcufinder/reactClient1/index.html
2026-03-04 14:21:06,703 [INFO] ServerAccessManage:473 - Download File STMicroelectronics.X-CUBE-BLE1.pdsc
2026-03-04 14:21:06,795 [INFO] WebApp:191 - Connection restablished
2026-03-04 14:21:07,934 [WARN] MainUpdater:1193 - Updater busy. Cannot search thirdparties
2026-03-04 14:21:07,935 [INFO] ThirdPartyUpdaterWithRetryManager:96 - Updater plugin is busy. [3/15]
2026-03-04 14:21:08,064 [ERROR] ServerAccessManage:1089 - Problem, file not found on Server
2026-03-04 14:21:08,149 [INFO] ServerAccessManage:473 - Download File STMicroelectronics.X-CUBE-BLE2.pdsc
2026-03-04 14:21:08,896 [INFO] ServerAccessManage:473 - Download File STMicroelectronics.X-CUBE-BLEMGR.pdsc
2026-03-04 14:21:09,468 [ERROR] ServerAccessManage:1089 - Problem, file not found on Server
2026-03-04 14:21:10,125 [INFO] ServerAccessManage:473 - Download File STMicroelectronics.X-CUBE-DISPLAY.pdsc
2026-03-04 14:21:10,708 [INFO] ServerAccessManage:473 - Download File STMicroelectronics.X-CUBE-DPOWER.pdsc
2026-03-04 14:21:10,936 [WARN] MainUpdater:1193 - Updater busy. Cannot search thirdparties
2026-03-04 14:21:10,936 [INFO] ThirdPartyUpdaterWithRetryManager:96 - Updater plugin is busy. [4/15]
2026-03-04 14:21:11,515 [ERROR] ServerAccessManage:1089 - Problem, file not found on Server
2026-03-04 14:21:11,925 [ERROR] ServerAccessManage:1089 - Problem, file not found on Server
2026-03-04 14:21:12,437 [ERROR] ServerAccessManage:1089 - Problem, file not found on Server
2026-03-04 14:21:12,848 [ERROR] ServerAccessManage:1089 - Problem, file not found on Server
2026-03-04 14:21:13,766 [ERROR] ServerAccessManage:1089 - Problem, file not found on Server
2026-03-04 14:21:13,937 [WARN] MainUpdater:1193 - Updater busy. Cannot search thirdparties
2026-03-04 14:21:13,939 [INFO] ThirdPartyUpdaterWithRetryManager:96 - Updater plugin is busy. [5/15]
2026-03-04 14:21:14,690 [ERROR] ServerAccessManage:1089 - Problem, file not found on Server
2026-03-04 14:21:15,610 [ERROR] ServerAccessManage:1089 - Problem, file not found on Server
2026-03-04 14:21:16,531 [ERROR] ServerAccessManage:1089 - Problem, file not found on Server
2026-03-04 14:21:16,940 [WARN] MainUpdater:1193 - Updater busy. Cannot search thirdparties
2026-03-04 14:21:16,941 [INFO] ThirdPartyUpdaterWithRetryManager:96 - Updater plugin is busy. [6/15]
2026-03-04 14:21:17,453 [ERROR] ServerAccessManage:1089 - Problem, file not found on Server
2026-03-04 14:21:17,862 [ERROR] ServerAccessManage:1089 - Problem, file not found on Server
2026-03-04 14:21:18,217 [ERROR] ServerAccessManage:1089 - Problem, file not found on Server
2026-03-04 14:21:18,305 [INFO] ServerAccessManage:473 - Download File STMicroelectronics.X-CUBE-EEPRMA1.pdsc
2026-03-04 14:21:19,398 [ERROR] ServerAccessManage:1089 - Problem, file not found on Server
2026-03-04 14:21:19,660 [ERROR] ServerAccessManage:1089 - Problem, file not found on Server
2026-03-04 14:21:19,941 [WARN] MainUpdater:1193 - Updater busy. Cannot search thirdparties
2026-03-04 14:21:19,942 [INFO] ThirdPartyUpdaterWithRetryManager:96 - Updater plugin is busy. [7/15]
2026-03-04 14:21:20,087 [INFO] ServerAccessManage:473 - Download File STMicroelectronics.X-CUBE-FREERTOS.pdsc
2026-03-04 14:21:20,892 [INFO] ServerAccessManage:473 - Download File STMicroelectronics.X-CUBE-GNSS1.pdsc
2026-03-04 14:21:22,369 [ERROR] ServerAccessManage:1089 - Problem, file not found on Server
2026-03-04 14:21:22,943 [WARN] MainUpdater:1193 - Updater busy. Cannot search thirdparties
2026-03-04 14:21:22,944 [INFO] ThirdPartyUpdaterWithRetryManager:96 - Updater plugin is busy. [8/15]
2026-03-04 14:21:23,393 [ERROR] ServerAccessManage:1089 - Problem, file not found on Server
2026-03-04 14:21:24,416 [ERROR] ServerAccessManage:1089 - Problem, file not found on Server
2026-03-04 14:21:25,439 [ERROR] ServerAccessManage:1089 - Problem, file not found on Server
2026-03-04 14:21:25,945 [WARN] MainUpdater:1193 - Updater busy. Cannot search thirdparties
2026-03-04 14:21:25,945 [INFO] ThirdPartyUpdaterWithRetryManager:96 - Updater plugin is busy. [9/15]
2026-03-04 14:21:26,565 [ERROR] ServerAccessManage:1089 - Problem, file not found on Server
2026-03-04 14:21:27,076 [ERROR] ServerAccessManage:1089 - Problem, file not found on Server
2026-03-04 14:21:27,167 [INFO] ServerAccessManage:473 - Download File STMicroelectronics.X-CUBE-ISPU.pdsc
2026-03-04 14:21:27,681 [INFO] ServerAccessManage:473 - Download File STMicroelectronics.X-CUBE-IPS.pdsc
2026-03-04 14:21:28,090 [INFO] ServerAccessManage:473 - Download File STMicroelectronics.X-CUBE-MEMS1.pdsc
2026-03-04 14:21:28,946 [WARN] MainUpdater:1193 - Updater busy. Cannot search thirdparties
2026-03-04 14:21:28,946 [INFO] ThirdPartyUpdaterWithRetryManager:96 - Updater plugin is busy. [10/15]
2026-03-04 14:21:30,841 [INFO] ServerAccessManage:473 - Download File STMicroelectronics.X-CUBE-NFC4.pdsc
2026-03-04 14:21:31,947 [WARN] MainUpdater:1193 - Updater busy. Cannot search thirdparties
2026-03-04 14:21:31,947 [INFO] ThirdPartyUpdaterWithRetryManager:96 - Updater plugin is busy. [11/15]
2026-03-04 14:21:31,952 [INFO] ServerAccessManage:473 - Download File STMicroelectronics.X-CUBE-NFC6.pdsc
2026-03-04 14:21:32,308 [INFO] ServerAccessManage:473 - Download File STMicroelectronics.X-CUBE-NFC7.pdsc
2026-03-04 14:21:32,679 [INFO] ServerAccessManage:473 - Download File STMicroelectronics.X-CUBE-NFC9.pdsc
2026-03-04 14:21:32,882 [INFO] ServerAccessManage:473 - Download File STMicroelectronics.X-CUBE-NFC10.pdsc
2026-03-04 14:21:33,057 [INFO] ServerAccessManage:473 - Download File STMicroelectronics.X-CUBE-NFC12.pdsc
2026-03-04 14:21:33,233 [INFO] ServerAccessManage:473 - Download File STMicroelectronics.X-CUBE-SFXS2LP1.pdsc
2026-03-04 14:21:33,644 [INFO] ServerAccessManage:473 - Download File STMicroelectronics.X-CUBE-SUBG2.pdsc
2026-03-04 14:21:34,500 [INFO] ServerAccessManage:473 - Download File STMicroelectronics.X-CUBE-SMBUS.pdsc
2026-03-04 14:21:34,948 [WARN] MainUpdater:1193 - Updater busy. Cannot search thirdparties
2026-03-04 14:21:34,948 [INFO] ThirdPartyUpdaterWithRetryManager:96 - Updater plugin is busy. [12/15]
2026-03-04 14:21:35,574 [ERROR] ServerAccessManage:1089 - Problem, file not found on Server
2026-03-04 14:21:35,660 [INFO] ServerAccessManage:473 - Download File STMicroelectronics.X-CUBE-ST60.pdsc
2026-03-04 14:21:35,915 [INFO] ServerAccessManage:473 - Download File STMicroelectronics.X-CUBE-ST67W61.pdsc
2026-03-04 14:21:36,118 [INFO] ServerAccessManage:473 - Download File STMicroelectronics.X-CUBE-STSE01.pdsc
2026-03-04 14:21:36,404 [INFO] ServerAccessManage:473 - Download File STMicroelectronics.X-CUBE-PM33A1.pdsc
2026-03-04 14:21:36,620 [INFO] ServerAccessManage:473 - Download File STMicroelectronics.X-CUBE-TCPP.pdsc
2026-03-04 14:21:36,871 [INFO] ServerAccessManage:473 - Download File STMicroelectronics.X-CUBE-TOF1.pdsc
2026-03-04 14:21:37,136 [INFO] McuFinderGlobals:63 - Set McuFinder mode to 2 (CubeIDE integrated)
2026-03-04 14:21:37,949 [WARN] MainUpdater:1193 - Updater busy. Cannot search thirdparties
2026-03-04 14:21:37,949 [INFO] ThirdPartyUpdaterWithRetryManager:96 - Updater plugin is busy. [13/15]
2026-03-04 14:21:38,325 [ERROR] ServerAccessManage:1089 - Problem, file not found on Server
2026-03-04 14:21:38,482 [INFO] ServerAccessManage:473 - Download File STMicroelectronics.X-CUBE-TOUCHGFX.pdsc
2026-03-04 14:21:40,749 [INFO] ServerAccessManage:473 - Download File STMicroelectronics.X-CUBE-ALGOBUILD.pdsc
2026-03-04 14:21:40,950 [WARN] MainUpdater:1193 - Updater busy. Cannot search thirdparties
2026-03-04 14:21:40,951 [INFO] ThirdPartyUpdaterWithRetryManager:96 - Updater plugin is busy. [14/15]
2026-03-04 14:21:41,512 [INFO] ServerAccessManage:473 - Download File STMicroelectronics.X-CUBE-AZRTOS-H7.pdsc
2026-03-04 14:21:42,943 [INFO] ServerAccessManage:473 - Download File STMicroelectronics.X-CUBE-AZRTOS-H7RS.pdsc
2026-03-04 14:21:43,574 [INFO] ServerAccessManage:473 - Download File STMicroelectronics.X-CUBE-AZRTOS-F4.pdsc
2026-03-04 14:21:43,951 [WARN] MainUpdater:1193 - Updater busy. Cannot search thirdparties
2026-03-04 14:21:43,951 [INFO] ThirdPartyUpdaterWithRetryManager:96 - Updater plugin is busy. [15/15]
2026-03-04 14:21:43,952 [ERROR] IntegrityCheckThread:130 - Cannot retrieve database content from updater: error -1
2026-03-04 14:21:43,952 [INFO] ThirdParty:978 - Integrity check success = false
2026-03-04 14:21:43,952 [INFO] IntegrityCheckThread:100 - exiting critical section [integrity check]
2026-03-04 14:21:43,953 [INFO] IntegrityCheckThread:103 - End integrity checks thread
2026-03-04 14:21:44,198 [INFO] ServerAccessManage:473 - Download File STMicroelectronics.X-CUBE-AZRTOS-F7.pdsc
2026-03-04 14:21:44,670 [INFO] ServerAccessManage:473 - Download File STMicroelectronics.X-CUBE-AZRTOS-L4.pdsc
2026-03-04 14:21:45,087 [INFO] ServerAccessManage:473 - Download File STMicroelectronics.X-CUBE-AZRTOS-L5.pdsc
2026-03-04 14:21:45,560 [INFO] ServerAccessManage:473 - Download File STMicroelectronics.X-CUBE-AZRTOS-G0.pdsc
2026-03-04 14:21:45,978 [INFO] ServerAccessManage:473 - Download File STMicroelectronics.X-CUBE-AZRTOS-G4.pdsc
2026-03-04 14:21:46,358 [INFO] ServerAccessManage:473 - Download File STMicroelectronics.X-CUBE-AZRTOS-WB.pdsc
2026-03-04 14:21:46,762 [INFO] ServerAccessManage:473 - Download File STMicroelectronics.X-CUBE-AZRTOS-WL.pdsc
2026-03-04 14:21:47,143 [INFO] ServerAccessManage:473 - Download File STMicroelectronics.X-CUBE-WB05N.pdsc
2026-03-04 14:21:48,494 [INFO] ServerAccessManage:473 - Download File wolfSSL.I-CUBE-wolfSSL.pdsc
2026-03-04 14:21:57,160 [INFO] MainUpdater:2872 - connection check result : 10
2026-03-04 14:22:07,497 [ERROR] ServerAccessManage:1089 - Problem, file not found on Server
2026-03-04 14:22:08,386 [ERROR] ServerAccessManage:1089 - Problem, file not found on Server
2026-03-04 14:22:09,464 [ERROR] ServerAccessManage:1089 - Problem, file not found on Server
2026-03-04 14:22:09,747 [INFO] ServerAccessManage:473 - Download File wolfSSL.I-CUBE-wolfMQTT.pdsc
2026-03-04 14:22:13,846 [ERROR] ServerAccessManage:1089 - Problem, file not found on Server
2026-03-04 14:22:14,156 [INFO] ServerAccessManage:473 - Download File wolfSSL.I-CUBE-wolfTPM.pdsc
2026-03-04 14:22:17,467 [INFO] MainUpdater:2872 - connection check result : 10
2026-03-04 14:22:17,659 [ERROR] LogOutputStream:75 - [STDERR_REDIRECT] java.lang.NullPointerException: Cannot invoke "com.st.stm32cube.common.mx.targetselector.IdeMcuFinder.getBoard()" because "this.mcuFinder" is null
2026-03-04 14:22:17,660 [ERROR] LogOutputStream:75 - [STDERR_REDIRECT] 	at com.st.stm32cube.common.mx.targetselector.TargetSelectorAdapter.getBoard(TargetSelectorAdapter.java:372)
2026-03-04 14:22:17,660 [ERROR] LogOutputStream:75 - [STDERR_REDIRECT] 	at com.st.stm32cube.common.projectcreation.ui.wizard.TargetSetupPageAbstract.getSelectedTargetName(TargetSetupPageAbstract.java:462)
2026-03-04 14:22:17,661 [ERROR] LogOutputStream:75 - [STDERR_REDIRECT] 	at com.st.stm32cube.common.projectcreation.ui.wizard.ProjectSetupPageAbstract.getTargetObject(ProjectSetupPageAbstract.java:1105)
2026-03-04 14:22:17,661 [ERROR] LogOutputStream:75 - [STDERR_REDIRECT] 	at com.st.stm32cube.common.projectcreation.ui.projectStructure.ProjectStructureCompositeFactory.createProjectStructureComposite(ProjectStructureCompositeFactory.java:22)
2026-03-04 14:22:17,662 [ERROR] LogOutputStream:75 - [STDERR_REDIRECT] 	at com.st.stm32cube.common.projectcreation.ui.wizard.ProjectSetupPageAbstract.createControl(ProjectSetupPageAbstract.java:388)
2026-03-04 14:22:17,662 [ERROR] LogOutputStream:75 - [STDERR_REDIRECT] 	at org.eclipse.jface.wizard.Wizard.createPageControls(Wizard.java:180)
2026-03-04 14:22:17,662 [ERROR] LogOutputStream:75 - [STDERR_REDIRECT] 	at org.eclipse.jface.wizard.WizardDialog.createPageControls(WizardDialog.java:744)
2026-03-04 14:22:17,663 [ERROR] LogOutputStream:75 - [STDERR_REDIRECT] 	at org.eclipse.jface.wizard.WizardDialog.createContents(WizardDialog.java:637)
2026-03-04 14:22:17,663 [ERROR] LogOutputStream:75 - [STDERR_REDIRECT] 	at org.eclipse.jface.window.Window.create(Window.java:431)
2026-03-04 14:22:17,663 [ERROR] LogOutputStream:75 - [STDERR_REDIRECT] 	at org.eclipse.jface.dialogs.Dialog.create(Dialog.java:1092)
2026-03-04 14:22:17,663 [ERROR] LogOutputStream:75 - [STDERR_REDIRECT] 	at org.eclipse.jface.window.Window.open(Window.java:788)
2026-03-04 14:22:17,664 [ERROR] LogOutputStream:75 - [STDERR_REDIRECT] 	at com.st.stm32cube.ide.mcu.informationcenter.WelcomePageAction.run(WelcomePageAction.java:54)
2026-03-04 14:22:17,664 [ERROR] LogOutputStream:75 - [STDERR_REDIRECT] 	at org.eclipse.ui.internal.intro.impl.model.url.IntroURL.runAction(IntroURL.java:272)
2026-03-04 14:22:17,664 [ERROR] LogOutputStream:75 - [STDERR_REDIRECT] 	at org.eclipse.ui.internal.intro.impl.model.url.IntroURL.doExecute(IntroURL.java:187)
2026-03-04 14:22:17,664 [ERROR] LogOutputStream:75 - [STDERR_REDIRECT] 	at org.eclipse.ui.internal.intro.impl.model.url.IntroURL.lambda$0(IntroURL.java:142)
2026-03-04 14:22:17,664 [ERROR] LogOutputStream:75 - [STDERR_REDIRECT] 	at org.eclipse.swt.custom.BusyIndicator.showWhile(BusyIndicator.java:67)
2026-03-04 14:22:17,664 [ERROR] LogOutputStream:75 - [STDERR_REDIRECT] 	at org.eclipse.ui.internal.intro.impl.model.url.IntroURL.execute(IntroURL.java:142)
2026-03-04 14:22:17,665 [ERROR] LogOutputStream:75 - [STDERR_REDIRECT] 	at org.eclipse.ui.internal.intro.impl.presentations.BrowserIntroPartLocationListener.changing(BrowserIntroPartLocationListener.java:130)
2026-03-04 14:22:17,665 [ERROR] LogOutputStream:75 - [STDERR_REDIRECT] 	at org.eclipse.swt.browser.WebKit.webkit_decide_policy(WebKit.java:2300)
2026-03-04 14:22:17,665 [ERROR] LogOutputStream:75 - [STDERR_REDIRECT] 	at org.eclipse.swt.browser.WebKit.webViewProc(WebKit.java:609)
2026-03-04 14:22:17,665 [ERROR] LogOutputStream:75 - [STDERR_REDIRECT] 	at org.eclipse.swt.browser.WebKit.Proc(WebKit.java:530)
2026-03-04 14:22:17,665 [ERROR] LogOutputStream:75 - [STDERR_REDIRECT] 	at org.eclipse.swt.internal.gtk3.GTK3.gtk_main_iteration_do(Native Method)
2026-03-04 14:22:17,665 [ERROR] LogOutputStream:75 - [STDERR_REDIRECT] 	at org.eclipse.swt.widgets.Display.readAndDispatch(Display.java:4514)
2026-03-04 14:22:17,665 [ERROR] LogOutputStream:75 - [STDERR_REDIRECT] 	at com.st.stm32cube.common.mx.oss.core.awtswtbridge.SwtInputBlocker.open(SwtInputBlocker.java:55)
2026-03-04 14:22:17,666 [ERROR] LogOutputStream:75 - [STDERR_REDIRECT] 	at com.st.stm32cube.common.mx.oss.core.awtswtbridge.SwtInputBlocker.block(SwtInputBlocker.java:111)
2026-03-04 14:22:17,666 [ERROR] LogOutputStream:75 - [STDERR_REDIRECT] 	at com.st.stm32cube.common.mx.oss.core.awtswtbridge.AwtEnvironment.invokeAwt(AwtEnvironment.java:179)
2026-03-04 14:22:17,666 [ERROR] LogOutputStream:75 - [STDERR_REDIRECT] 	at com.st.stm32cube.common.mx.oss.core.awtswtbridge.AwtEnvironment.invokeAwtAndBlockSwt(AwtEnvironment.java:206)
2026-03-04 14:22:17,666 [ERROR] LogOutputStream:75 - [STDERR_REDIRECT] 	at com.st.stm32cube.common.mx.targetselector.TargetSelectorAdapter.launchMCUFinder(TargetSelectorAdapter.java:233)
2026-03-04 14:22:17,666 [ERROR] LogOutputStream:75 - [STDERR_REDIRECT] 	at com.st.stm32cube.common.mx.targetselector.TargetSelectorAdapter.addTargetSelector(TargetSelectorAdapter.java:181)
2026-03-04 14:22:17,666 [ERROR] LogOutputStream:75 - [STDERR_REDIRECT] 	at com.st.stm32cube.common.projectcreation.ui.wizard.TargetSetupPageAbstract.createControl(TargetSetupPageAbstract.java:131)
2026-03-04 14:22:17,667 [ERROR] LogOutputStream:75 - [STDERR_REDIRECT] 	at org.eclipse.jface.wizard.Wizard.createPageControls(Wizard.java:180)
2026-03-04 14:22:17,667 [ERROR] LogOutputStream:75 - [STDERR_REDIRECT] 	at org.eclipse.jface.wizard.WizardDialog.createPageControls(WizardDialog.java:744)
2026-03-04 14:22:17,667 [ERROR] LogOutputStream:75 - [STDERR_REDIRECT] 	at org.eclipse.jface.wizard.WizardDialog.createContents(WizardDialog.java:637)
2026-03-04 14:22:17,667 [ERROR] LogOutputStream:75 - [STDERR_REDIRECT] 	at org.eclipse.jface.window.Window.create(Window.java:431)
2026-03-04 14:22:17,667 [ERROR] LogOutputStream:75 - [STDERR_REDIRECT] 	at org.eclipse.jface.dialogs.Dialog.create(Dialog.java:1092)
2026-03-04 14:22:17,667 [ERROR] LogOutputStream:75 - [STDERR_REDIRECT] 	at org.eclipse.jface.window.Window.open(Window.java:788)
2026-03-04 14:22:17,668 [ERROR] LogOutputStream:75 - [STDERR_REDIRECT] 	at com.st.stm32cube.ide.mcu.informationcenter.WelcomePageAction.run(WelcomePageAction.java:54)
2026-03-04 14:22:17,668 [ERROR] LogOutputStream:75 - [STDERR_REDIRECT] 	at org.eclipse.ui.internal.intro.impl.model.url.IntroURL.runAction(IntroURL.java:272)
2026-03-04 14:22:17,668 [ERROR] LogOutputStream:75 - [STDERR_REDIRECT] 	at org.eclipse.ui.internal.intro.impl.model.url.IntroURL.doExecute(IntroURL.java:187)
2026-03-04 14:22:17,668 [ERROR] LogOutputStream:75 - [STDERR_REDIRECT] 	at org.eclipse.ui.internal.intro.impl.model.url.IntroURL.lambda$0(IntroURL.java:142)
2026-03-04 14:22:17,668 [ERROR] LogOutputStream:75 - [STDERR_REDIRECT] 	at org.eclipse.swt.custom.BusyIndicator.showWhile(BusyIndicator.java:67)
2026-03-04 14:22:17,668 [ERROR] LogOutputStream:75 - [STDERR_REDIRECT] 	at org.eclipse.ui.internal.intro.impl.model.url.IntroURL.execute(IntroURL.java:142)
2026-03-04 14:22:17,668 [ERROR] LogOutputStream:75 - [STDERR_REDIRECT] 	at org.eclipse.ui.internal.intro.impl.presentations.BrowserIntroPartLocationListener.changing(BrowserIntroPartLocationListener.java:130)
2026-03-04 14:22:17,668 [ERROR] LogOutputStream:75 - [STDERR_REDIRECT] 	at org.eclipse.swt.browser.WebKit.webkit_decide_policy(WebKit.java:2300)
2026-03-04 14:22:17,669 [ERROR] LogOutputStream:75 - [STDERR_REDIRECT] 	at org.eclipse.swt.browser.WebKit.webViewProc(WebKit.java:609)
2026-03-04 14:22:17,669 [ERROR] LogOutputStream:75 - [STDERR_REDIRECT] 	at org.eclipse.swt.browser.WebKit.Proc(WebKit.java:530)
2026-03-04 14:22:17,669 [ERROR] LogOutputStream:75 - [STDERR_REDIRECT] 	at org.eclipse.swt.internal.gtk3.GTK3.gtk_main_iteration_do(Native Method)
2026-03-04 14:22:17,669 [ERROR] LogOutputStream:75 - [STDERR_REDIRECT] 	at org.eclipse.swt.widgets.Display.readAndDispatch(Display.java:4514)
2026-03-04 14:22:17,670 [ERROR] LogOutputStream:75 - [STDERR_REDIRECT] 	at org.eclipse.e4.ui.internal.workbench.swt.PartRenderingEngine$5.run(PartRenderingEngine.java:1151)
2026-03-04 14:22:17,670 [ERROR] LogOutputStream:75 - [STDERR_REDIRECT] 	at org.eclipse.core.databinding.observable.Realm.runWithDefault(Realm.java:339)
2026-03-04 14:22:17,670 [ERROR] LogOutputStream:75 - [STDERR_REDIRECT] 	at org.eclipse.e4.ui.internal.workbench.swt.PartRenderingEngine.run(PartRenderingEngine.java:1042)
2026-03-04 14:22:17,670 [ERROR] LogOutputStream:75 - [STDERR_REDIRECT] 	at org.eclipse.e4.ui.internal.workbench.E4Workbench.createAndRunUI(E4Workbench.java:153)
2026-03-04 14:22:17,670 [ERROR] LogOutputStream:75 - [STDERR_REDIRECT] 	at org.eclipse.ui.internal.Workbench.lambda$3(Workbench.java:639)
2026-03-04 14:22:17,671 [ERROR] LogOutputStream:75 - [STDERR_REDIRECT] 	at org.eclipse.core.databinding.observable.Realm.runWithDefault(Realm.java:339)
2026-03-04 14:22:17,671 [ERROR] LogOutputStream:75 - [STDERR_REDIRECT] 	at org.eclipse.ui.internal.Workbench.createAndRunWorkbench(Workbench.java:546)
2026-03-04 14:22:17,671 [ERROR] LogOutputStream:75 - [STDERR_REDIRECT] 	at org.eclipse.ui.PlatformUI.createAndRunWorkbench(PlatformUI.java:173)
2026-03-04 14:22:17,671 [ERROR] LogOutputStream:75 - [STDERR_REDIRECT] 	at org.eclipse.ui.internal.ide.application.IDEApplication.start(IDEApplication.java:152)
2026-03-04 14:22:17,671 [ERROR] LogOutputStream:75 - [STDERR_REDIRECT] 	at org.eclipse.equinox.internal.app.EclipseAppHandle.run(EclipseAppHandle.java:208)
2026-03-04 14:22:17,671 [ERROR] LogOutputStream:75 - [STDERR_REDIRECT] 	at org.eclipse.core.runtime.internal.adaptor.EclipseAppLauncher.runApplication(EclipseAppLauncher.java:143)
2026-03-04 14:22:17,671 [ERROR] LogOutputStream:75 - [STDERR_REDIRECT] 	at org.eclipse.core.runtime.internal.adaptor.EclipseAppLauncher.start(EclipseAppLauncher.java:109)
2026-03-04 14:22:17,672 [ERROR] LogOutputStream:75 - [STDERR_REDIRECT] 	at org.eclipse.core.runtime.adaptor.EclipseStarter.run(EclipseStarter.java:439)
2026-03-04 14:22:17,672 [ERROR] LogOutputStream:75 - [STDERR_REDIRECT] 	at org.eclipse.core.runtime.adaptor.EclipseStarter.run(EclipseStarter.java:271)
2026-03-04 14:22:17,672 [ERROR] LogOutputStream:75 - [STDERR_REDIRECT] 	at java.base/jdk.internal.reflect.DirectMethodHandleAccessor.invoke(DirectMethodHandleAccessor.java:103)
2026-03-04 14:22:17,672 [ERROR] LogOutputStream:75 - [STDERR_REDIRECT] 	at java.base/java.lang.reflect.Method.invoke(Method.java:580)
2026-03-04 14:22:17,673 [ERROR] LogOutputStream:75 - [STDERR_REDIRECT] 	at org.eclipse.equinox.launcher.Main.invokeFramework(Main.java:668)
2026-03-04 14:22:17,673 [ERROR] LogOutputStream:75 - [STDERR_REDIRECT] 	at org.eclipse.equinox.launcher.Main.basicRun(Main.java:605)
2026-03-04 14:22:17,673 [ERROR] LogOutputStream:75 - [STDERR_REDIRECT] 	at org.eclipse.equinox.launcher.Main.run(Main.java:1481)
2026-03-04 14:22:17,673 [ERROR] LogOutputStream:75 - [STDERR_REDIRECT] 	at org.eclipse.equinox.launcher.Main.main(Main.java:1454)
2026-03-04 14:22:18,980 [INFO] ServerAccessManage:473 - Download File wolfSSL.I-CUBE-wolfSSH.pdsc
2026-03-04 14:22:23,059 [INFO] ServerAccessManage:473 - Download File RealThread.X-CUBE-RT-Thread_Nano.pdsc
2026-03-04 14:22:24,215 [INFO] ServerAccessManage:473 - Download File SEGGER.I-CUBE-embOS.pdsc
2026-03-04 14:22:27,409 [INFO] ServerAccessManage:473 - Download File emotas.I-CUBE-CANOPEN.pdsc
2026-03-04 14:22:29,820 [INFO] ServerAccessManage:473 - Download File WES.I-CUBE-Cesium.pdsc
2026-03-04 14:22:30,990 [ERROR] ServerAccessManage:1089 - Problem, file not found on Server
2026-03-04 14:22:31,395 [ERROR] ServerAccessManage:1089 - Problem, file not found on Server
2026-03-04 14:22:32,429 [INFO] ServerAccessManage:473 - Download File ITTIA_DB.I-CUBE-ITTIADB.pdsc
2026-03-04 14:22:37,644 [INFO] ApiDb:581 - Connected to CubeFinder SQLite database (/home/vatcraft/.stmcufinder/plugins/mcufinder/mcu/cube-finder-db.db)
2026-03-04 14:22:37,712 [INFO] ApiDb:668 - CubeFinder database Data Model version=2.1
2026-03-04 14:22:37,713 [INFO] ApiDb:669 - CubeFinder database Configuration version=3.0.39
2026-03-04 14:22:37,713 [INFO] ApiDb:670 - CubeFinder database generation date=2025-03-24 (1742811287)
2026-03-04 14:22:37,713 [INFO] ApiDb:671 - CubeFinder database FW Pack versions=[FP-ATR-ASTRA1_V2.0.0, FP-SNS-FLIGHT1_V5.0.2, FP-SNS-MOTENV1_V5.0.0, FP-SNS-MOTENVWB1_V1.4.0, FP-SNS-SMARTAG2_V1.2.0, FP-SNS-STBOX1_V2.0.0, STM32Cube_FW_C0_V1.4.0, STM32Cube_FW_F4_V1.28.1, STM32Cube_FW_F7_V1.17.2, STM32Cube_FW_G0_V1.6.2, STM32Cube_FW_G4_V1.6.1, STM32Cube_FW_H5_V1.5.0, STM32Cube_FW_H7RS_V1.2.0, STM32Cube_FW_H7_V1.12.1, STM32Cube_FW_L0_V1.12.2, STM32Cube_FW_L4_V1.18.1, STM32Cube_FW_L5_V1.5.1, STM32Cube_FW_N6_V1.1.0, STM32Cube_FW_U0_V1.2.0, STM32Cube_FW_U3_V1.1.0, STM32Cube_FW_U5_V1.7.0, STM32Cube_FW_WB0_V1.2.0, STM32Cube_FW_WBA_V1.6.0, STM32Cube_FW_WB_V1.22.0, STM32Cube_FW_WL3_V1.1.0, STM32Cube_FW_WL_V1.3.1, X-CUBE-ALGOBUILD_V1.4.0, X-CUBE-ALS_V1.0.2, X-CUBE-AZRTOS-F4_V1.1.0, X-CUBE-AZRTOS-F7_V1.1.0, X-CUBE-AZRTOS-G0_V1.1.0, X-CUBE-AZRTOS-G4_V2.0.0, X-CUBE-AZRTOS-H7RS_V1.0.0, X-CUBE-AZRTOS-H7_V3.3.0, X-CUBE-AZRTOS-L4_V2.0.0, X-CUBE-AZRTOS-L5_V2.0.0, X-CUBE-AZRTOS-WB_V2.0.0, X-CUBE-AZRTOS-WL_V2.0.0, X-CUBE-BLE1_V7.1.0, X-CUBE-BLE2_V3.3.0, X-CUBE-BLEMGR_V4.0.0, X-CUBE-EEPRMA1_V5.1.0, X-CUBE-FREERTOS_V1.3.0, X-CUBE-GNSS1_V6.0.0, X-CUBE-MEMS1_V11.1.0, X-CUBE-NFC4_V3.0.0, X-CUBE-NFC7_V1.0.1, X-CUBE-SFXS2LP1_V4.0.0, X-CUBE-SUBG2_V5.0.0, X-CUBE-TOF1_V3.4.2]
2026-03-04 14:22:37,788 [INFO] MainUpdater:2872 - connection check result : 10
2026-03-04 14:22:37,843 [INFO] DbBoardsSqlite:226 - include board P-NUCLEO-WB55-NUCLEO as a kit item of type 'Nucleo-64'
2026-03-04 14:22:37,844 [INFO] DbBoardsSqlite:226 - include board P-NUCLEO-WB55-USBDONGLE as a kit item of type 'Nucleo USB Dongle'
2026-03-04 14:22:37,845 [INFO] DbBoardsSqlite:226 - include board STEVAL-IDP005V1 as a kit item of type 'Evaluation Board'
2026-03-04 14:22:37,845 [INFO] DbBoardsSqlite:226 - include board STEVAL-IDP005V2 as a kit item of type 'Evaluation Board'
2026-03-04 14:22:37,924 [ERROR] LogOutputStream:75 - [STDERR_REDIRECT] java.lang.NullPointerException: Cannot invoke "com.st.stm32cube.common.mx.targetselector.IdeMcuFinder.getBoard()" because "this.mcuFinder" is null
2026-03-04 14:22:37,924 [ERROR] LogOutputStream:75 - [STDERR_REDIRECT] 	at com.st.stm32cube.common.mx.targetselector.TargetSelectorAdapter.getBoard(TargetSelectorAdapter.java:372)
2026-03-04 14:22:37,924 [ERROR] LogOutputStream:75 - [STDERR_REDIRECT] 	at com.st.stm32cube.common.projectcreation.ui.wizard.TargetSetupPageAbstract.getSelectedTargetName(TargetSetupPageAbstract.java:462)
2026-03-04 14:22:37,925 [ERROR] LogOutputStream:75 - [STDERR_REDIRECT] 	at com.st.stm32cube.common.projectcreation.ui.wizard.ProjectSetupPageAbstract.getTargetObject(ProjectSetupPageAbstract.java:1105)
2026-03-04 14:22:37,925 [ERROR] LogOutputStream:75 - [STDERR_REDIRECT] 	at com.st.stm32cube.common.projectcreation.ui.projectStructure.ProjectStructureCompositeFactory.createProjectStructureComposite(ProjectStructureCompositeFactory.java:22)
2026-03-04 14:22:37,926 [ERROR] LogOutputStream:75 - [STDERR_REDIRECT] 	at com.st.stm32cube.common.projectcreation.ui.wizard.ProjectSetupPageAbstract.createControl(ProjectSetupPageAbstract.java:388)
2026-03-04 14:22:37,926 [ERROR] LogOutputStream:75 - [STDERR_REDIRECT] 	at org.eclipse.jface.wizard.Wizard.createPageControls(Wizard.java:180)
2026-03-04 14:22:37,926 [ERROR] LogOutputStream:75 - [STDERR_REDIRECT] 	at org.eclipse.jface.wizard.WizardDialog.createPageControls(WizardDialog.java:744)
2026-03-04 14:22:37,927 [ERROR] LogOutputStream:75 - [STDERR_REDIRECT] 	at org.eclipse.jface.wizard.WizardDialog.createContents(WizardDialog.java:637)
2026-03-04 14:22:37,927 [ERROR] LogOutputStream:75 - [STDERR_REDIRECT] 	at org.eclipse.jface.window.Window.create(Window.java:431)
2026-03-04 14:22:37,927 [ERROR] LogOutputStream:75 - [STDERR_REDIRECT] 	at org.eclipse.jface.dialogs.Dialog.create(Dialog.java:1092)
2026-03-04 14:22:37,927 [ERROR] LogOutputStream:75 - [STDERR_REDIRECT] 	at org.eclipse.jface.window.Window.open(Window.java:788)
2026-03-04 14:22:37,928 [ERROR] LogOutputStream:75 - [STDERR_REDIRECT] 	at com.st.stm32cube.ide.mcu.informationcenter.WelcomePageAction.run(WelcomePageAction.java:54)
2026-03-04 14:22:37,928 [ERROR] LogOutputStream:75 - [STDERR_REDIRECT] 	at org.eclipse.ui.internal.intro.impl.model.url.IntroURL.runAction(IntroURL.java:272)
2026-03-04 14:22:37,929 [ERROR] LogOutputStream:75 - [STDERR_REDIRECT] 	at org.eclipse.ui.internal.intro.impl.model.url.IntroURL.doExecute(IntroURL.java:187)
2026-03-04 14:22:37,929 [ERROR] LogOutputStream:75 - [STDERR_REDIRECT] 	at org.eclipse.ui.internal.intro.impl.model.url.IntroURL.lambda$0(IntroURL.java:142)
2026-03-04 14:22:37,930 [ERROR] LogOutputStream:75 - [STDERR_REDIRECT] 	at org.eclipse.swt.custom.BusyIndicator.showWhile(BusyIndicator.java:67)
2026-03-04 14:22:37,930 [ERROR] LogOutputStream:75 - [STDERR_REDIRECT] 	at org.eclipse.ui.internal.intro.impl.model.url.IntroURL.execute(IntroURL.java:142)
2026-03-04 14:22:37,931 [ERROR] LogOutputStream:75 - [STDERR_REDIRECT] 	at org.eclipse.ui.internal.intro.impl.presentations.BrowserIntroPartLocationListener.changing(BrowserIntroPartLocationListener.java:130)
2026-03-04 14:22:37,931 [ERROR] LogOutputStream:75 - [STDERR_REDIRECT] 	at org.eclipse.swt.browser.WebKit.webkit_decide_policy(WebKit.java:2300)
2026-03-04 14:22:37,931 [ERROR] LogOutputStream:75 - [STDERR_REDIRECT] 	at org.eclipse.swt.browser.WebKit.webViewProc(WebKit.java:609)
2026-03-04 14:22:37,932 [ERROR] LogOutputStream:75 - [STDERR_REDIRECT] 	at org.eclipse.swt.browser.WebKit.Proc(WebKit.java:530)
2026-03-04 14:22:37,932 [ERROR] LogOutputStream:75 - [STDERR_REDIRECT] 	at org.eclipse.swt.internal.gtk3.GTK3.gtk_main_iteration_do(Native Method)
2026-03-04 14:22:37,932 [ERROR] LogOutputStream:75 - [STDERR_REDIRECT] 	at org.eclipse.swt.widgets.Display.readAndDispatch(Display.java:4514)
2026-03-04 14:22:37,933 [ERROR] LogOutputStream:75 - [STDERR_REDIRECT] 	at com.st.stm32cube.common.mx.oss.core.awtswtbridge.SwtInputBlocker.open(SwtInputBlocker.java:55)
2026-03-04 14:22:37,933 [ERROR] LogOutputStream:75 - [STDERR_REDIRECT] 	at com.st.stm32cube.common.mx.oss.core.awtswtbridge.SwtInputBlocker.block(SwtInputBlocker.java:111)
2026-03-04 14:22:37,933 [ERROR] LogOutputStream:75 - [STDERR_REDIRECT] 	at com.st.stm32cube.common.mx.oss.core.awtswtbridge.AwtEnvironment.invokeAwt(AwtEnvironment.java:179)
2026-03-04 14:22:37,933 [ERROR] LogOutputStream:75 - [STDERR_REDIRECT] 	at com.st.stm32cube.common.mx.oss.core.awtswtbridge.AwtEnvironment.invokeAwtAndBlockSwt(AwtEnvironment.java:206)
2026-03-04 14:22:37,934 [ERROR] LogOutputStream:75 - [STDERR_REDIRECT] 	at com.st.stm32cube.common.mx.targetselector.TargetSelectorAdapter.launchMCUFinder(TargetSelectorAdapter.java:233)
2026-03-04 14:22:37,934 [ERROR] LogOutputStream:75 - [STDERR_REDIRECT] 	at com.st.stm32cube.common.mx.targetselector.TargetSelectorAdapter.addTargetSelector(TargetSelectorAdapter.java:181)
2026-03-04 14:22:37,934 [ERROR] LogOutputStream:75 - [STDERR_REDIRECT] 	at com.st.stm32cube.common.projectcreation.ui.wizard.TargetSetupPageAbstract.createControl(TargetSetupPageAbstract.java:131)
2026-03-04 14:22:37,935 [ERROR] LogOutputStream:75 - [STDERR_REDIRECT] 	at org.eclipse.jface.wizard.Wizard.createPageControls(Wizard.java:180)
2026-03-04 14:22:37,935 [ERROR] LogOutputStream:75 - [STDERR_REDIRECT] 	at org.eclipse.jface.wizard.WizardDialog.createPageControls(WizardDialog.java:744)
2026-03-04 14:22:37,935 [ERROR] LogOutputStream:75 - [STDERR_REDIRECT] 	at org.eclipse.jface.wizard.WizardDialog.createContents(WizardDialog.java:637)
2026-03-04 14:22:37,936 [ERROR] LogOutputStream:75 - [STDERR_REDIRECT] 	at org.eclipse.jface.window.Window.create(Window.java:431)
2026-03-04 14:22:37,936 [ERROR] LogOutputStream:75 - [STDERR_REDIRECT] 	at org.eclipse.jface.dialogs.Dialog.create(Dialog.java:1092)
2026-03-04 14:22:37,936 [ERROR] LogOutputStream:75 - [STDERR_REDIRECT] 	at org.eclipse.jface.window.Window.open(Window.java:788)
2026-03-04 14:22:37,937 [ERROR] LogOutputStream:75 - [STDERR_REDIRECT] 	at com.st.stm32cube.ide.mcu.informationcenter.WelcomePageAction.run(WelcomePageAction.java:54)
2026-03-04 14:22:37,937 [ERROR] LogOutputStream:75 - [STDERR_REDIRECT] 	at org.eclipse.ui.internal.intro.impl.model.url.IntroURL.runAction(IntroURL.java:272)
2026-03-04 14:22:37,938 [ERROR] LogOutputStream:75 - [STDERR_REDIRECT] 	at org.eclipse.ui.internal.intro.impl.model.url.IntroURL.doExecute(IntroURL.java:187)
2026-03-04 14:22:37,938 [ERROR] LogOutputStream:75 - [STDERR_REDIRECT] 	at org.eclipse.ui.internal.intro.impl.model.url.IntroURL.lambda$0(IntroURL.java:142)
2026-03-04 14:22:37,938 [ERROR] LogOutputStream:75 - [STDERR_REDIRECT] 	at org.eclipse.swt.custom.BusyIndicator.showWhile(BusyIndicator.java:67)
2026-03-04 14:22:37,939 [ERROR] LogOutputStream:75 - [STDERR_REDIRECT] 	at org.eclipse.ui.internal.intro.impl.model.url.IntroURL.execute(IntroURL.java:142)
2026-03-04 14:22:37,939 [ERROR] LogOutputStream:75 - [STDERR_REDIRECT] 	at org.eclipse.ui.internal.intro.impl.presentations.BrowserIntroPartLocationListener.changing(BrowserIntroPartLocationListener.java:130)
2026-03-04 14:22:37,939 [ERROR] LogOutputStream:75 - [STDERR_REDIRECT] 	at org.eclipse.swt.browser.WebKit.webkit_decide_policy(WebKit.java:2300)
2026-03-04 14:22:37,940 [ERROR] LogOutputStream:75 - [STDERR_REDIRECT] 	at org.eclipse.swt.browser.WebKit.webViewProc(WebKit.java:609)
2026-03-04 14:22:37,940 [ERROR] LogOutputStream:75 - [STDERR_REDIRECT] 	at org.eclipse.swt.browser.WebKit.Proc(WebKit.java:530)
2026-03-04 14:22:37,941 [ERROR] LogOutputStream:75 - [STDERR_REDIRECT] 	at org.eclipse.swt.internal.gtk3.GTK3.gtk_main_iteration_do(Native Method)
2026-03-04 14:22:37,941 [ERROR] LogOutputStream:75 - [STDERR_REDIRECT] 	at org.eclipse.swt.widgets.Display.readAndDispatch(Display.java:4514)
2026-03-04 14:22:37,942 [ERROR] LogOutputStream:75 - [STDERR_REDIRECT] 	at org.eclipse.e4.ui.internal.workbench.swt.PartRenderingEngine$5.run(PartRenderingEngine.java:1151)
2026-03-04 14:22:37,942 [ERROR] LogOutputStream:75 - [STDERR_REDIRECT] 	at org.eclipse.core.databinding.observable.Realm.runWithDefault(Realm.java:339)
2026-03-04 14:22:37,942 [ERROR] LogOutputStream:75 - [STDERR_REDIRECT] 	at org.eclipse.e4.ui.internal.workbench.swt.PartRenderingEngine.run(PartRenderingEngine.java:1042)
2026-03-04 14:22:37,943 [ERROR] LogOutputStream:75 - [STDERR_REDIRECT] 	at org.eclipse.e4.ui.internal.workbench.E4Workbench.createAndRunUI(E4Workbench.java:153)
2026-03-04 14:22:37,943 [ERROR] LogOutputStream:75 - [STDERR_REDIRECT] 	at org.eclipse.ui.internal.Workbench.lambda$3(Workbench.java:639)
2026-03-04 14:22:37,944 [ERROR] LogOutputStream:75 - [STDERR_REDIRECT] 	at org.eclipse.core.databinding.observable.Realm.runWithDefault(Realm.java:339)
2026-03-04 14:22:37,944 [ERROR] LogOutputStream:75 - [STDERR_REDIRECT] 	at org.eclipse.ui.internal.Workbench.createAndRunWorkbench(Workbench.java:546)
2026-03-04 14:22:37,945 [ERROR] LogOutputStream:75 - [STDERR_REDIRECT] 	at org.eclipse.ui.PlatformUI.createAndRunWorkbench(PlatformUI.java:173)
2026-03-04 14:22:37,945 [ERROR] LogOutputStream:75 - [STDERR_REDIRECT] 	at org.eclipse.ui.internal.ide.application.IDEApplication.start(IDEApplication.java:152)
2026-03-04 14:22:37,945 [ERROR] LogOutputStream:75 - [STDERR_REDIRECT] 	at org.eclipse.equinox.internal.app.EclipseAppHandle.run(EclipseAppHandle.java:208)
2026-03-04 14:22:37,946 [ERROR] LogOutputStream:75 - [STDERR_REDIRECT] 	at org.eclipse.core.runtime.internal.adaptor.EclipseAppLauncher.runApplication(EclipseAppLauncher.java:143)
2026-03-04 14:22:37,946 [ERROR] LogOutputStream:75 - [STDERR_REDIRECT] 	at org.eclipse.core.runtime.internal.adaptor.EclipseAppLauncher.start(EclipseAppLauncher.java:109)
2026-03-04 14:22:37,947 [ERROR] LogOutputStream:75 - [STDERR_REDIRECT] 	at org.eclipse.core.runtime.adaptor.EclipseStarter.run(EclipseStarter.java:439)
2026-03-04 14:22:37,947 [ERROR] LogOutputStream:75 - [STDERR_REDIRECT] 	at org.eclipse.core.runtime.adaptor.EclipseStarter.run(EclipseStarter.java:271)
2026-03-04 14:22:37,947 [ERROR] LogOutputStream:75 - [STDERR_REDIRECT] 	at java.base/jdk.internal.reflect.DirectMethodHandleAccessor.invoke(DirectMethodHandleAccessor.java:103)
2026-03-04 14:22:37,948 [ERROR] LogOutputStream:75 - [STDERR_REDIRECT] 	at java.base/java.lang.reflect.Method.invoke(Method.java:580)
2026-03-04 14:22:37,948 [ERROR] LogOutputStream:75 - [STDERR_REDIRECT] 	at org.eclipse.equinox.launcher.Main.invokeFramework(Main.java:668)
2026-03-04 14:22:37,948 [ERROR] LogOutputStream:75 - [STDERR_REDIRECT] 	at org.eclipse.equinox.launcher.Main.basicRun(Main.java:605)
2026-03-04 14:22:37,948 [ERROR] LogOutputStream:75 - [STDERR_REDIRECT] 	at org.eclipse.equinox.launcher.Main.run(Main.java:1481)
2026-03-04 14:22:37,949 [ERROR] LogOutputStream:75 - [STDERR_REDIRECT] 	at org.eclipse.equinox.launcher.Main.main(Main.java:1454)
2026-03-04 14:22:38,012 [INFO] ApiDb:240 - Found 895 in-development CPN: [B-G473E-ZEST1S, B-WB1M-WPAN1, B-WBA5M-WPAN, B-WL5M-SUBG1, NUCLEO-C031C6, NUCLEO-C051C8, NUCLEO-C071RB, NUCLEO-C092RC, NUCLEO-H503RB, NUCLEO-H533RE, NUCLEO-H563ZI, NUCLEO-H7S3L8, NUCLEO-N657X0-Q, NUCLEO-U031R8, NUCLEO-U083RC, NUCLEO-U385RG-Q, NUCLEO-U545RE-Q, NUCLEO-U5A5ZJ-Q, NUCLEO-WB05KZ, NUCLEO-WB07CC, NUCLEO-WB09KE, NUCLEO-WBA52CG, NUCLEO-WBA55CG, NUCLEO-WBA65RI, NUCLEO-WL33CC1, NUCLEO-WL33CC2, STEVAL-PROTEUS1, STEVAL-SMARTAG2, STEVAL-STWINBX1, STM320518-EVAL, STM32C0116-DK, STM32C011D6Y3TR, STM32C011D6Y6TR, STM32C011F4P3, STM32C011F4P6, STM32C011F4U3, STM32C011F4U6TR, STM32C011F6P3, STM32C011F6P6, STM32C011F6U3, STM32C011F6U6TR, STM32C011J4M3, STM32C011J4M6, STM32C011J6M3, STM32C011J6M6, STM32C0316-DK, STM32C031C4T3, STM32C031C4T6, STM32C031C4U3, STM32C031C4U6, STM32C031C6T3, STM32C031C6T6, STM32C031C6U3, STM32C031C6U6, STM32C031F4P3, STM32C031F4P6, STM32C031F6P3, STM32C031F6P6, STM32C031G4U3, STM32C031G4U6, STM32C031G6U3, STM32C031G6U6, STM32C031K4T3, STM32C031K4T6, STM32C031K4U3, STM32C031K4U6, STM32C031K6T3, STM32C031K6T6, STM32C031K6U3, STM32C031K6U6, STM32C051C6T6, STM32C051C6U6, STM32C051C8T6, STM32C051C8U6, STM32C051D8Y6TR, STM32C051F6P6, STM32C051F8P6, STM32C051G6U6, STM32C051G8U6, STM32C051K6T6, STM32C051K6U6, STM32C051K8T6, STM32C071C8T6, STM32C071C8T6N, STM32C071C8U6, STM32C071C8U6N, STM32C071CBT6, STM32C071CBT6N, STM32C071CBU6, STM32C071CBU6N, STM32C071F8P6, STM32C071F8P6N, STM32C071FBP6, STM32C071FBP6N, STM32C071FBY6TR, STM32C071G8U6, STM32C071G8U6N, STM32C071GBU6, STM32C071GBU6N, STM32C071K8T6, STM32C071K8T6N, STM32C071K8U6, STM32C071K8U6N, STM32C071KBT6, STM32C071KBT6N, STM32C071KBU6, STM32C071KBU6N, STM32C071R8T6, STM32C071R8T6N, STM32C071RBI6N, STM32C071RBT6, STM32C071RBT6N, STM32C091CBT6, STM32C091CBU6, STM32C091CCT6, STM32C091CCU6, STM32C091ECY6TR, STM32C091FBP6, STM32C091FCP6, STM32C091GBU6, STM32C091GCU6, STM32C091KBT6, STM32C091KBU6, STM32C091KCT6, STM32C091KCU6, STM32C091RBT6, STM32C091RCI6, STM32C091RCT6, STM32C092CBT6, STM32C092CBU6, STM32C092CCT6, STM32C092CCU6, STM32C092ECY6TR, STM32C092FBP6, STM32C092FCP6, STM32C092GBU6, STM32C092GCU6, STM32C092KBT6, STM32C092KBU6, STM32C092KCT6, STM32C092KCU6, STM32C092RBT6, STM32C092RCI6, STM32C092RCT6, STM32G071K8TXN, STM32G071K8UXN, STM32G081GBU6N, STM32G081KBT6N, STM32G081KBUXN, STM32G0B1CCT6N, STM32G0B1KCT6, STM32G0B1NEY6TR, STM32G0B1RCT6N, STM32G0C1CCT6, STM32G0C1CCT6N, STM32G0C1CCU6N, STM32G0C1CET6N, STM32G0C1CEU6N, STM32G0C1KCT6, STM32G0C1NEY6TR, STM32G0C1RCI6N, STM32G0C1RCT6N, STM32G0C1REI6N, STM32G0C1RET6N, STM32G0C1VCI6, STM32G0C1VEI6, STM32G411C6T3, STM32G411C6T6, STM32G411C6U3, STM32G411C6U6, STM32G411C8T3, STM32G411C8T6, STM32G411C8U3, STM32G411C8U6, STM32G411CBT3, STM32G411CBT6, STM32G411CBU3, STM32G411CBU6, STM32G411CCT3, STM32G411CCT6, STM32G411CCU3, STM32G411CCU6, STM32G411K6T3, STM32G411K6T6, STM32G411K6U3, STM32G411K6U6, STM32G411K8T3, STM32G411K8T6, STM32G411K8U3, STM32G411K8U6, STM32G411KBT3, STM32G411KBT6, STM32G411KBU3, STM32G411KBU6, STM32G411M6T3, STM32G411M6T6, STM32G411M8T3, STM32G411M8T6, STM32G411MBT3, STM32G411MBT6, STM32G411MCT3, STM32G411MCT6, STM32G411R6T3, STM32G411R6T6, STM32G411R8T3, STM32G411R8T6, STM32G411RBT3, STM32G411RBT6, STM32G411RCT3, STM32G411RCT6, STM32G414CBT3, STM32G414CBT6, STM32G414CBU3, STM32G414CBU6, STM32G414CCT3, STM32G414CCT6, STM32G414CCU3, STM32G414CCU6, STM32G414MBT3, STM32G414MBT6, STM32G414MCT3, STM32G414MCT6, STM32G414RBT3, STM32G414RBT6, STM32G414RCT3, STM32G414RCT6, STM32G414VBT3, STM32G414VBT6, STM32G414VCT3, STM32G414VCT6, STM32G431CBT3Z, STM32G431RBT3Z, STM32G471CCT6, STM32G471CCU6, STM32G471CET3, STM32G471CET6, STM32G471CEU3, STM32G471CEU6, STM32G471MCT6, STM32G471MET3, STM32G471MET6, STM32G471MEY6TR, STM32G471QCT6, STM32G471QET3, STM32G471RCT6, STM32G471RET3, STM32G471RET6, STM32G471VCH6, STM32G471VCI6, STM32G471VCT6, STM32G471VEH3, STM32G471VEH6, STM32G471VEI3, STM32G471VEI6, STM32G471VET3, STM32G471VET6, STM32G473QET3Z, STM32G473RET3Z, STM32G474CCT6, STM32G491RET3Z, STM32H503CBT6, STM32H503CBU6, STM32H503EBY6TR, STM32H503KBU6, STM32H503RBT6, STM32H523CCT6, STM32H523CCU6, STM32H523CET6, STM32H523CEU6, STM32H523HEY6TR, STM32H523RCT6, STM32H523RET6, STM32H523VCI6, STM32H523VCT6, STM32H523VEI6, STM32H523VET6, STM32H523ZCJ6, STM32H523ZCT6, STM32H523ZEJ6, STM32H523ZET6, STM32H533CET6, STM32H533CEU6, STM32H533HEY6TR, STM32H533RET6, STM32H533VEI6, STM32H533VET6, STM32H533ZEJ6, STM32H533ZET6, STM32H562AGI6, STM32H562AII6, STM32H562IGK6, STM32H562IGT6, STM32H562IIK6, STM32H562IIT6, STM32H562RGT6, STM32H562RGV6, STM32H562RIT6, STM32H562RIV6, STM32H562VGT6, STM32H562VIT6, STM32H562ZGT6, STM32H562ZIT6, STM32H563AGI6, STM32H563AII3Q, STM32H563AII6, STM32H563IGK6, STM32H563IGT6, STM32H563IIK3Q, STM32H563IIK6, STM32H563IIT3Q, STM32H563IIT6, STM32H563MIY3QTR, STM32H563RGT6, STM32H563RGV6, STM32H563RIT6, STM32H563RIV6, STM32H563VGT6, STM32H563VIT3Q, STM32H563VIT6, STM32H563ZGT6, STM32H563ZIT3Q, STM32H563ZIT6, STM32H573AII3Q, STM32H573AII6, STM32H573I-DK, STM32H573IIK3Q, STM32H573IIK6, STM32H573IIT3Q, STM32H573IIT6, STM32H573MIY3QTR, STM32H573RIT6, STM32H573RIV6, STM32H573VIT3Q, STM32H573VIT6, STM32H573ZIT3Q, STM32H573ZIT6, STM32H7R3A8I6, STM32H7R3I8K6, STM32H7R3I8T6, STM32H7R3L8H6, STM32H7R3L8H6H, STM32H7R3R8V6, STM32H7R3V8H6, STM32H7R3V8T6, STM32H7R3V8Y6TR, STM32H7R3Z8J6, STM32H7R3Z8T6, STM32H7R7A8I6, STM32H7R7I8K6, STM32H7R7I8T6, STM32H7R7L8H6, STM32H7R7L8H6H, STM32H7R7Z8J6, STM32H7S3A8I6, STM32H7S3I8K6, STM32H7S3I8T6, STM32H7S3L8H6, STM32H7S3L8H6H, STM32H7S3R8V6, STM32H7S3V8H6, STM32H7S3V8T6, STM32H7S3V8Y6TR, STM32H7S3Z8J6, STM32H7S3Z8T6, STM32H7S78-DK, STM32H7S7A8I6, STM32H7S7I8K6, STM32H7S7I8T6, STM32H7S7L8H6, STM32H7S7L8H6H, STM32H7S7Z8J6, STM32L4R5QGI6STR, STM32MP131AAE3, STM32MP131AAF3, STM32MP131AAG3, STM32MP131CAE3, STM32MP131CAF3, STM32MP131CAG3, STM32MP131DAE7, STM32MP131DAF7, STM32MP131DAG7, STM32MP131FAE7, STM32MP131FAF7, STM32MP131FAG7, STM32MP133AAE3, STM32MP133AAF3, STM32MP133AAG3, STM32MP133CAE3, STM32MP133CAF3, STM32MP133CAG3, STM32MP133DAE7, STM32MP133DAF7, STM32MP133DAG7, STM32MP133FAE7, STM32MP133FAF7, STM32MP133FAG7, STM32MP135AAE3, STM32MP135AAF3, STM32MP135AAG3, STM32MP135CAE3, STM32MP135CAF3, STM32MP135CAG3, STM32MP135DAE7, STM32MP135DAF7, STM32MP135DAG7, STM32MP135F-DK, STM32MP135FAE7, STM32MP135FAF7, STM32MP135FAF7T, STM32MP135FAF7U, STM32MP135FAG7, STM32MP231AAJ3, STM32MP231AAK3, STM32MP231AAL3, STM32MP231CAJ3, STM32MP231CAK3, STM32MP231CAL3, STM32MP231DAJ3, STM32MP231DAK3, STM32MP231DAL3, STM32MP231FAJ3, STM32MP231FAK3, STM32MP231FAL3, STM32MP233AAJ3, STM32MP233AAK3, STM32MP233AAL3, STM32MP233CAJ3, STM32MP233CAK3, STM32MP233CAL3, STM32MP233DAJ3, STM32MP233DAK3, STM32MP233DAL3, STM32MP233FAJ3, STM32MP233FAK3, STM32MP233FAL3, STM32MP235AAJ3, STM32MP235AAK3, STM32MP235AAL3, STM32MP235CAJ3, STM32MP235CAK3, STM32MP235CAL3, STM32MP235DAJ3, STM32MP235DAK3, STM32MP235DAL3, STM32MP235FAJ3, STM32MP235FAK3, STM32MP235FAL3, STM32MP251AAI3, STM32MP251AAJ3, STM32MP251AAK3, STM32MP251AAL3, STM32MP251CAI3, STM32MP251CAJ3, STM32MP251CAK3, STM32MP251CAL3, STM32MP251DAI3, STM32MP251DAJ3, STM32MP251DAK3, STM32MP251DAL3, STM32MP251FAI3, STM32MP251FAJ3, STM32MP251FAK3, STM32MP251FAL3, STM32MP253AAI3, STM32MP253AAJ3, STM32MP253AAK3, STM32MP253AAL3, STM32MP253CAI3, STM32MP253CAJ3, STM32MP253CAK3, STM32MP253CAL3, STM32MP253DAI3, STM32MP253DAJ3, STM32MP253DAK3, STM32MP253DAL3, STM32MP253FAI3, STM32MP253FAJ3, STM32MP253FAK3, STM32MP253FAL3, STM32MP255AAI3, STM32MP255AAJ3, STM32MP255AAK3, STM32MP255AAL3, STM32MP255CAI3, STM32MP255CAJ3, STM32MP255CAK3, STM32MP255CAL3, STM32MP255DAI3, STM32MP255DAJ3, STM32MP255DAK3, STM32MP255DAL3, STM32MP255FAI3, STM32MP255FAJ3, STM32MP255FAK3, STM32MP255FAL3, STM32MP257AAI3, STM32MP257AAJ3, STM32MP257AAK3, STM32MP257AAL3, STM32MP257CAI3, STM32MP257CAJ3, STM32MP257CAK3, STM32MP257CAL3, STM32MP257DAI3, STM32MP257DAJ3, STM32MP257DAK3, STM32MP257DAL3, STM32MP257F-DK, STM32MP257F-EV1, STM32MP257FAI3, STM32MP257FAJ3, STM32MP257FAK3, STM32MP257FAL3, STM32N645A0H3Q, STM32N645B0H3Q, STM32N645I0H3Q, STM32N645L0H3Q, STM32N645X0H3Q, STM32N645Z0H3Q, STM32N647A0H3Q, STM32N647B0H3Q, STM32N647I0H3Q, STM32N647L0H3Q, STM32N647X0H3Q, STM32N647Z0H3Q, STM32N655A0H3Q, STM32N655B0H3Q, STM32N655I0H3Q, STM32N655L0H3Q, STM32N655X0H3Q, STM32N655Z0H3Q, STM32N6570-DK, STM32N657A0H3Q, STM32N657B0H3Q, STM32N657I0H3Q, STM32N657L0H3Q, STM32N657X0H3Q, STM32N657Z0H3Q, STM32U031C6T6, STM32U031C6U6, STM32U031C8T6, STM32U031C8U6, STM32U031F4P6, STM32U031F6P6, STM32U031F8P6, STM32U031G6Y6TR, STM32U031G8Y6TR, STM32U031K4U6, STM32U031K6U6, STM32U031K8U6, STM32U031R6I6, STM32U031R6T6, STM32U031R8I6, STM32U031R8T6, STM32U073C8T6, STM32U073C8U6, STM32U073CBT6, STM32U073CBU6, STM32U073CCT6, STM32U073CCU6, STM32U073H8Y6TR, STM32U073HBY6TR, STM32U073HCY6TR, STM32U073K8U6, STM32U073KBU6, STM32U073KCU6, STM32U073M8I6, STM32U073M8T6, STM32U073MBI6, STM32U073MBT6, STM32U073MCI6, STM32U073MCT6, STM32U073R8I6, STM32U073R8T6, STM32U073RBI6, STM32U073RBT6, STM32U073RCI6, STM32U073RCT6, STM32U083C-DK, STM32U083CCT6, STM32U083CCU6, STM32U083HCY6TR, STM32U083KCU6, STM32U083MCI6, STM32U083MCT6, STM32U083RCI6, STM32U083RCT6, STM32U375CET6, STM32U375CET6Q, STM32U375CEU6, STM32U375CEU6Q, STM32U375CEY6QTR, STM32U375CGT6, STM32U375CGT6Q, STM32U375CGU6, STM32U375CGU6Q, STM32U375CGY6QTR, STM32U375KEU6, STM32U375KGU6, STM32U375REI6, STM32U375REI6Q, STM32U375RET6, STM32U375RET6Q, STM32U375REY6GTR, STM32U375REY6QTR, STM32U375RGI6, STM32U375RGI6Q, STM32U375RGT6, STM32U375RGT6Q, STM32U375RGY6GTR, STM32U375RGY6QTR, STM32U375VEI6, STM32U375VEI6Q, STM32U375VET6, STM32U375VET6Q, STM32U375VGI6, STM32U375VGI6Q, STM32U375VGT6, STM32U375VGT6Q, STM32U385CGT6, STM32U385CGT6Q, STM32U385CGU6, STM32U385CGU6Q, STM32U385CGY6QTR, STM32U385KGU6, STM32U385RGI6, STM32U385RGI6Q, STM32U385RGT6, STM32U385RGT6Q, STM32U385RGY6GTR, STM32U385RGY6QTR, STM32U385VGI6, STM32U385VGI6Q, STM32U385VGT6, STM32U385VGT6Q, STM32U535CBT6, STM32U535CBT6Q, STM32U535CBU6, STM32U535CBU6Q, STM32U535CCT6, STM32U535CCT6Q, STM32U535CCU6, STM32U535CCU6Q, STM32U535CET6, STM32U535CET6Q, STM32U535CEU6, STM32U535CEU6Q, STM32U535JEY6QTR, STM32U535NCY6QTR, STM32U535NEY6QTR, STM32U535RBI6, STM32U535RBI6Q, STM32U535RBT6, STM32U535RBT6Q, STM32U535RCI6, STM32U535RCI6Q, STM32U535RCT6, STM32U535RCT6Q, STM32U535REI6, STM32U535REI6Q, STM32U535RET6, STM32U535RET6Q, STM32U535VCI6, STM32U535VCI6Q, STM32U535VCT6, STM32U535VCT6Q, STM32U535VEI6, STM32U535VEI6Q, STM32U535VET6, STM32U535VET6Q, STM32U545CET6, STM32U545CET6Q, STM32U545CEU6, STM32U545CEU6Q, STM32U545JEY6QTR, STM32U545NEY6QTR, STM32U545REI6, STM32U545REI6Q, STM32U545RET6, STM32U545RET6Q, STM32U545VEI6, STM32U545VEI6Q, STM32U545VET6, STM32U545VET6Q, STM32U595AIH6, STM32U595AIH6Q, STM32U595AJH6, STM32U595AJH6Q, STM32U595QII6, STM32U595QII6Q, STM32U595QJI6, STM32U595QJI6Q, STM32U595RIT6, STM32U595RIT6Q, STM32U595RJT6, STM32U595RJT6Q, STM32U595VIT6, STM32U595VIT6Q, STM32U595VJT6, STM32U595VJT6Q, STM32U595ZIT6, STM32U595ZIT6Q, STM32U595ZIY6QTR, STM32U595ZJT6, STM32U595ZJT6Q, STM32U595ZJY6QTR, STM32U599BJY6QTR, STM32U599NIH6Q, STM32U599NJH6Q, STM32U599VIT6Q, STM32U599VJT6, STM32U599VJT6Q, STM32U599ZIT6Q, STM32U599ZIY6QTR, STM32U599ZJT6Q, STM32U599ZJY6QTR, STM32U5A5AJH6, STM32U5A5AJH6Q, STM32U5A5QII3Q , STM32U5A5QJI6, STM32U5A5QJI6Q, STM32U5A5RJT6, STM32U5A5RJT6Q, STM32U5A5VJT6, STM32U5A5VJT6Q, STM32U5A5ZJT6, STM32U5A5ZJT6Q, STM32U5A5ZJY6QTR, STM32U5A9BJY6QTR, STM32U5A9J-DK, STM32U5A9NJH6Q, STM32U5A9VJT6Q, STM32U5A9ZJT6Q, STM32U5A9ZJY6QTR, STM32U5F7VIT6, STM32U5F7VIT6Q, STM32U5F7VJT6, STM32U5F7VJT6Q, STM32U5F9BJY6QTR, STM32U5F9NJH6Q, STM32U5F9VIT6Q, STM32U5F9VJT6Q, STM32U5F9ZIJ6QTR, STM32U5F9ZIT6Q, STM32U5F9ZJJ6QTR, STM32U5F9ZJT6Q, STM32U5G7VJT6, STM32U5G7VJT6Q, STM32U5G9BJY6QTR, STM32U5G9J-DK1, STM32U5G9J-DK2, STM32U5G9NJH6Q, STM32U5G9VJT6Q, STM32U5G9ZJJ6QTR, STM32U5G9ZJT6Q, STM32WB05KZV6TR, STM32WB05KZV7TR, STM32WB05TZF6TR, STM32WB05TZF7TR, STM32WB06CCF6TR, STM32WB06CCF7TR, STM32WB06CCV6TR, STM32WB06CCV7TR, STM32WB06KCV6TR, STM32WB06KCV7TR, STM32WB07CCF6TR, STM32WB07CCF7TR, STM32WB07CCV6TR, STM32WB07CCV7TR, STM32WB07KCV6TR, STM32WB07KCV7TR, STM32WB09KEV6TR, STM32WB09KEV7TR, STM32WB09TEF6TR, STM32WB09TEF7TR, STM32WB1MMCH6, STM32WBA50KGU6, STM32WBA50KGU6TR, STM32WBA52CEU6, STM32WBA52CEU6TR, STM32WBA52CEU7, STM32WBA52CEU7TR, STM32WBA52CGU6, STM32WBA52CGU6TR, STM32WBA52CGU6U, STM32WBA52CGU7, STM32WBA52CGU7TR, STM32WBA52KEU6, STM32WBA52KEU6TR, STM32WBA52KGU6, STM32WBA52KGU6TR, STM32WBA54CEU6, STM32WBA54CEU6TR, STM32WBA54CEU7, STM32WBA54CEU7TR, STM32WBA54CGU6, STM32WBA54CGU6TR, STM32WBA54CGU7, STM32WBA54CGU7TR, STM32WBA54KEU6, STM32WBA54KEU6TR, STM32WBA54KEU7, STM32WBA54KEU7TR, STM32WBA54KGU6, STM32WBA54KGU6TR, STM32WBA54KGU7, STM32WBA54KGU7TR, STM32WBA55CEU6, STM32WBA55CEU6TR, STM32WBA55CEU7, STM32WBA55CEU7TR, STM32WBA55CGU6, STM32WBA55CGU6TR, STM32WBA55CGU6U, STM32WBA55CGU7, STM32WBA55CGU7TR, STM32WBA55G-DK1, STM32WBA55HEF6, STM32WBA55HEF7, STM32WBA55HGF6, STM32WBA55HGF7, STM32WBA55UEI6, STM32WBA55UEI6TR, STM32WBA55UEI7, STM32WBA55UEI7TR, STM32WBA55UGI6, STM32WBA55UGI6TR, STM32WBA55UGI7, STM32WBA55UGI7TR, STM32WBA5MJGH6TR, STM32WBA62CGU6, STM32WBA62CIU6, STM32WBA62MGF6, STM32WBA62MIF6, STM32WBA62PGI6, STM32WBA62PII6, STM32WBA63CGU6, STM32WBA63CGU7, STM32WBA63CIU6, STM32WBA63CIU7, STM32WBA64CGU6, STM32WBA64CGU7, STM32WBA64CIU6, STM32WBA64CIU7, STM32WBA65CGU6, STM32WBA65CGU7, STM32WBA65CIU6, STM32WBA65CIU7, STM32WBA65I-DK1, STM32WBA65MGF6, STM32WBA65MGF7, STM32WBA65MIF6, STM32WBA65MIF7, STM32WBA65PGI6, STM32WBA65PGI7, STM32WBA65PII6, STM32WBA65PII7, STM32WBA65RGV6, STM32WBA65RGV7, STM32WBA65RIV6, STM32WBA65RIV7, STM32WL30K8V6, STM32WL30KBV6, STM32WL31C8V6, STM32WL31CBV6, STM32WL31K8V6, STM32WL31KBV6, STM32WL33C8V6, STM32WL33C8V6TR, STM32WL33C8V7, STM32WL33C8V7TR, STM32WL33CBV6, STM32WL33CBV6TR, STM32WL33CBV7, STM32WL33CBV7TR, STM32WL33CCV6, STM32WL33CCV6TR, STM32WL33CCV7, STM32WL33CCV7A, STM32WL33CCV7ATR, STM32WL33CCV7TR, STM32WL33K8V6, STM32WL33K8V6TR, STM32WL33K8V7, STM32WL33K8V7TR, STM32WL33KBV6, STM32WL33KBV6TR, STM32WL33KBV7, STM32WL33KBV7TR, STM32WL33KCV6, STM32WL33KCV6TR, STM32WL33KCV7, STM32WL33KCV7TR, STM32WL5MOCH6, STM32WL5MOCH6TR]
2026-03-04 14:22:38,158 [INFO] ServerAccessManage:473 - Download File Infineon.AIROC-Wi-Fi-Bluetooth-STM32.pdsc
2026-03-04 14:22:38,261 [INFO] BoardInfo:889 - No configuration file found for board P-NUCLEO-WB55
2026-03-04 14:22:38,261 [INFO] DbBoards:161 - Kit is not supported: P-NUCLEO-WB55
2026-03-04 14:22:38,267 [INFO] BoardInfo:889 - No configuration file found for board STEVAL-BFA001V1B
2026-03-04 14:22:38,267 [INFO] DbBoards:161 - Kit is not supported: STEVAL-BFA001V1B
2026-03-04 14:22:38,269 [INFO] BoardInfo:889 - No configuration file found for board STEVAL-BFA001V2B
2026-03-04 14:22:38,269 [INFO] DbBoards:161 - Kit is not supported: STEVAL-BFA001V2B
2026-03-04 14:22:38,427 [INFO] DbBoards:168 - Found 211 boards, 208 are supported
2026-03-04 14:22:38,427 [INFO] DbBoards:169 - Found 211 boards, 43 of them is supported for  Bsp
2026-03-04 14:22:38,438 [INFO] ApiDb:668 - CubeFinder database Data Model version=2.1
2026-03-04 14:22:38,438 [INFO] ApiDb:669 - CubeFinder database Configuration version=3.0.39
2026-03-04 14:22:38,438 [INFO] ApiDb:670 - CubeFinder database generation date=2025-03-24 (1742811287)
2026-03-04 14:22:38,438 [INFO] ApiDb:671 - CubeFinder database FW Pack versions=[FP-ATR-ASTRA1_V2.0.0, FP-SNS-FLIGHT1_V5.0.2, FP-SNS-MOTENV1_V5.0.0, FP-SNS-MOTENVWB1_V1.4.0, FP-SNS-SMARTAG2_V1.2.0, FP-SNS-STBOX1_V2.0.0, STM32Cube_FW_C0_V1.4.0, STM32Cube_FW_F4_V1.28.1, STM32Cube_FW_F7_V1.17.2, STM32Cube_FW_G0_V1.6.2, STM32Cube_FW_G4_V1.6.1, STM32Cube_FW_H5_V1.5.0, STM32Cube_FW_H7RS_V1.2.0, STM32Cube_FW_H7_V1.12.1, STM32Cube_FW_L0_V1.12.2, STM32Cube_FW_L4_V1.18.1, STM32Cube_FW_L5_V1.5.1, STM32Cube_FW_N6_V1.1.0, STM32Cube_FW_U0_V1.2.0, STM32Cube_FW_U3_V1.1.0, STM32Cube_FW_U5_V1.7.0, STM32Cube_FW_WB0_V1.2.0, STM32Cube_FW_WBA_V1.6.0, STM32Cube_FW_WB_V1.22.0, STM32Cube_FW_WL3_V1.1.0, STM32Cube_FW_WL_V1.3.1, X-CUBE-ALGOBUILD_V1.4.0, X-CUBE-ALS_V1.0.2, X-CUBE-AZRTOS-F4_V1.1.0, X-CUBE-AZRTOS-F7_V1.1.0, X-CUBE-AZRTOS-G0_V1.1.0, X-CUBE-AZRTOS-G4_V2.0.0, X-CUBE-AZRTOS-H7RS_V1.0.0, X-CUBE-AZRTOS-H7_V3.3.0, X-CUBE-AZRTOS-L4_V2.0.0, X-CUBE-AZRTOS-L5_V2.0.0, X-CUBE-AZRTOS-WB_V2.0.0, X-CUBE-AZRTOS-WL_V2.0.0, X-CUBE-BLE1_V7.1.0, X-CUBE-BLE2_V3.3.0, X-CUBE-BLEMGR_V4.0.0, X-CUBE-EEPRMA1_V5.1.0, X-CUBE-FREERTOS_V1.3.0, X-CUBE-GNSS1_V6.0.0, X-CUBE-MEMS1_V11.1.0, X-CUBE-NFC4_V3.0.0, X-CUBE-NFC7_V1.0.1, X-CUBE-SFXS2LP1_V4.0.0, X-CUBE-SUBG2_V5.0.0, X-CUBE-TOF1_V3.4.2]
2026-03-04 14:22:41,336 [INFO] ApiDb:240 - Found 895 in-development CPN: [B-G473E-ZEST1S, B-WB1M-WPAN1, B-WBA5M-WPAN, B-WL5M-SUBG1, NUCLEO-C031C6, NUCLEO-C051C8, NUCLEO-C071RB, NUCLEO-C092RC, NUCLEO-H503RB, NUCLEO-H533RE, NUCLEO-H563ZI, NUCLEO-H7S3L8, NUCLEO-N657X0-Q, NUCLEO-U031R8, NUCLEO-U083RC, NUCLEO-U385RG-Q, NUCLEO-U545RE-Q, NUCLEO-U5A5ZJ-Q, NUCLEO-WB05KZ, NUCLEO-WB07CC, NUCLEO-WB09KE, NUCLEO-WBA52CG, NUCLEO-WBA55CG, NUCLEO-WBA65RI, NUCLEO-WL33CC1, NUCLEO-WL33CC2, STEVAL-PROTEUS1, STEVAL-SMARTAG2, STEVAL-STWINBX1, STM320518-EVAL, STM32C0116-DK, STM32C011D6Y3TR, STM32C011D6Y6TR, STM32C011F4P3, STM32C011F4P6, STM32C011F4U3, STM32C011F4U6TR, STM32C011F6P3, STM32C011F6P6, STM32C011F6U3, STM32C011F6U6TR, STM32C011J4M3, STM32C011J4M6, STM32C011J6M3, STM32C011J6M6, STM32C0316-DK, STM32C031C4T3, STM32C031C4T6, STM32C031C4U3, STM32C031C4U6, STM32C031C6T3, STM32C031C6T6, STM32C031C6U3, STM32C031C6U6, STM32C031F4P3, STM32C031F4P6, STM32C031F6P3, STM32C031F6P6, STM32C031G4U3, STM32C031G4U6, STM32C031G6U3, STM32C031G6U6, STM32C031K4T3, STM32C031K4T6, STM32C031K4U3, STM32C031K4U6, STM32C031K6T3, STM32C031K6T6, STM32C031K6U3, STM32C031K6U6, STM32C051C6T6, STM32C051C6U6, STM32C051C8T6, STM32C051C8U6, STM32C051D8Y6TR, STM32C051F6P6, STM32C051F8P6, STM32C051G6U6, STM32C051G8U6, STM32C051K6T6, STM32C051K6U6, STM32C051K8T6, STM32C071C8T6, STM32C071C8T6N, STM32C071C8U6, STM32C071C8U6N, STM32C071CBT6, STM32C071CBT6N, STM32C071CBU6, STM32C071CBU6N, STM32C071F8P6, STM32C071F8P6N, STM32C071FBP6, STM32C071FBP6N, STM32C071FBY6TR, STM32C071G8U6, STM32C071G8U6N, STM32C071GBU6, STM32C071GBU6N, STM32C071K8T6, STM32C071K8T6N, STM32C071K8U6, STM32C071K8U6N, STM32C071KBT6, STM32C071KBT6N, STM32C071KBU6, STM32C071KBU6N, STM32C071R8T6, STM32C071R8T6N, STM32C071RBI6N, STM32C071RBT6, STM32C071RBT6N, STM32C091CBT6, STM32C091CBU6, STM32C091CCT6, STM32C091CCU6, STM32C091ECY6TR, STM32C091FBP6, STM32C091FCP6, STM32C091GBU6, STM32C091GCU6, STM32C091KBT6, STM32C091KBU6, STM32C091KCT6, STM32C091KCU6, STM32C091RBT6, STM32C091RCI6, STM32C091RCT6, STM32C092CBT6, STM32C092CBU6, STM32C092CCT6, STM32C092CCU6, STM32C092ECY6TR, STM32C092FBP6, STM32C092FCP6, STM32C092GBU6, STM32C092GCU6, STM32C092KBT6, STM32C092KBU6, STM32C092KCT6, STM32C092KCU6, STM32C092RBT6, STM32C092RCI6, STM32C092RCT6, STM32G071K8TXN, STM32G071K8UXN, STM32G081GBU6N, STM32G081KBT6N, STM32G081KBUXN, STM32G0B1CCT6N, STM32G0B1KCT6, STM32G0B1NEY6TR, STM32G0B1RCT6N, STM32G0C1CCT6, STM32G0C1CCT6N, STM32G0C1CCU6N, STM32G0C1CET6N, STM32G0C1CEU6N, STM32G0C1KCT6, STM32G0C1NEY6TR, STM32G0C1RCI6N, STM32G0C1RCT6N, STM32G0C1REI6N, STM32G0C1RET6N, STM32G0C1VCI6, STM32G0C1VEI6, STM32G411C6T3, STM32G411C6T6, STM32G411C6U3, STM32G411C6U6, STM32G411C8T3, STM32G411C8T6, STM32G411C8U3, STM32G411C8U6, STM32G411CBT3, STM32G411CBT6, STM32G411CBU3, STM32G411CBU6, STM32G411CCT3, STM32G411CCT6, STM32G411CCU3, STM32G411CCU6, STM32G411K6T3, STM32G411K6T6, STM32G411K6U3, STM32G411K6U6, STM32G411K8T3, STM32G411K8T6, STM32G411K8U3, STM32G411K8U6, STM32G411KBT3, STM32G411KBT6, STM32G411KBU3, STM32G411KBU6, STM32G411M6T3, STM32G411M6T6, STM32G411M8T3, STM32G411M8T6, STM32G411MBT3, STM32G411MBT6, STM32G411MCT3, STM32G411MCT6, STM32G411R6T3, STM32G411R6T6, STM32G411R8T3, STM32G411R8T6, STM32G411RBT3, STM32G411RBT6, STM32G411RCT3, STM32G411RCT6, STM32G414CBT3, STM32G414CBT6, STM32G414CBU3, STM32G414CBU6, STM32G414CCT3, STM32G414CCT6, STM32G414CCU3, STM32G414CCU6, STM32G414MBT3, STM32G414MBT6, STM32G414MCT3, STM32G414MCT6, STM32G414RBT3, STM32G414RBT6, STM32G414RCT3, STM32G414RCT6, STM32G414VBT3, STM32G414VBT6, STM32G414VCT3, STM32G414VCT6, STM32G431CBT3Z, STM32G431RBT3Z, STM32G471CCT6, STM32G471CCU6, STM32G471CET3, STM32G471CET6, STM32G471CEU3, STM32G471CEU6, STM32G471MCT6, STM32G471MET3, STM32G471MET6, STM32G471MEY6TR, STM32G471QCT6, STM32G471QET3, STM32G471RCT6, STM32G471RET3, STM32G471RET6, STM32G471VCH6, STM32G471VCI6, STM32G471VCT6, STM32G471VEH3, STM32G471VEH6, STM32G471VEI3, STM32G471VEI6, STM32G471VET3, STM32G471VET6, STM32G473QET3Z, STM32G473RET3Z, STM32G474CCT6, STM32G491RET3Z, STM32H503CBT6, STM32H503CBU6, STM32H503EBY6TR, STM32H503KBU6, STM32H503RBT6, STM32H523CCT6, STM32H523CCU6, STM32H523CET6, STM32H523CEU6, STM32H523HEY6TR, STM32H523RCT6, STM32H523RET6, STM32H523VCI6, STM32H523VCT6, STM32H523VEI6, STM32H523VET6, STM32H523ZCJ6, STM32H523ZCT6, STM32H523ZEJ6, STM32H523ZET6, STM32H533CET6, STM32H533CEU6, STM32H533HEY6TR, STM32H533RET6, STM32H533VEI6, STM32H533VET6, STM32H533ZEJ6, STM32H533ZET6, STM32H562AGI6, STM32H562AII6, STM32H562IGK6, STM32H562IGT6, STM32H562IIK6, STM32H562IIT6, STM32H562RGT6, STM32H562RGV6, STM32H562RIT6, STM32H562RIV6, STM32H562VGT6, STM32H562VIT6, STM32H562ZGT6, STM32H562ZIT6, STM32H563AGI6, STM32H563AII3Q, STM32H563AII6, STM32H563IGK6, STM32H563IGT6, STM32H563IIK3Q, STM32H563IIK6, STM32H563IIT3Q, STM32H563IIT6, STM32H563MIY3QTR, STM32H563RGT6, STM32H563RGV6, STM32H563RIT6, STM32H563RIV6, STM32H563VGT6, STM32H563VIT3Q, STM32H563VIT6, STM32H563ZGT6, STM32H563ZIT3Q, STM32H563ZIT6, STM32H573AII3Q, STM32H573AII6, STM32H573I-DK, STM32H573IIK3Q, STM32H573IIK6, STM32H573IIT3Q, STM32H573IIT6, STM32H573MIY3QTR, STM32H573RIT6, STM32H573RIV6, STM32H573VIT3Q, STM32H573VIT6, STM32H573ZIT3Q, STM32H573ZIT6, STM32H7R3A8I6, STM32H7R3I8K6, STM32H7R3I8T6, STM32H7R3L8H6, STM32H7R3L8H6H, STM32H7R3R8V6, STM32H7R3V8H6, STM32H7R3V8T6, STM32H7R3V8Y6TR, STM32H7R3Z8J6, STM32H7R3Z8T6, STM32H7R7A8I6, STM32H7R7I8K6, STM32H7R7I8T6, STM32H7R7L8H6, STM32H7R7L8H6H, STM32H7R7Z8J6, STM32H7S3A8I6, STM32H7S3I8K6, STM32H7S3I8T6, STM32H7S3L8H6, STM32H7S3L8H6H, STM32H7S3R8V6, STM32H7S3V8H6, STM32H7S3V8T6, STM32H7S3V8Y6TR, STM32H7S3Z8J6, STM32H7S3Z8T6, STM32H7S78-DK, STM32H7S7A8I6, STM32H7S7I8K6, STM32H7S7I8T6, STM32H7S7L8H6, STM32H7S7L8H6H, STM32H7S7Z8J6, STM32L4R5QGI6STR, STM32MP131AAE3, STM32MP131AAF3, STM32MP131AAG3, STM32MP131CAE3, STM32MP131CAF3, STM32MP131CAG3, STM32MP131DAE7, STM32MP131DAF7, STM32MP131DAG7, STM32MP131FAE7, STM32MP131FAF7, STM32MP131FAG7, STM32MP133AAE3, STM32MP133AAF3, STM32MP133AAG3, STM32MP133CAE3, STM32MP133CAF3, STM32MP133CAG3, STM32MP133DAE7, STM32MP133DAF7, STM32MP133DAG7, STM32MP133FAE7, STM32MP133FAF7, STM32MP133FAG7, STM32MP135AAE3, STM32MP135AAF3, STM32MP135AAG3, STM32MP135CAE3, STM32MP135CAF3, STM32MP135CAG3, STM32MP135DAE7, STM32MP135DAF7, STM32MP135DAG7, STM32MP135F-DK, STM32MP135FAE7, STM32MP135FAF7, STM32MP135FAF7T, STM32MP135FAF7U, STM32MP135FAG7, STM32MP231AAJ3, STM32MP231AAK3, STM32MP231AAL3, STM32MP231CAJ3, STM32MP231CAK3, STM32MP231CAL3, STM32MP231DAJ3, STM32MP231DAK3, STM32MP231DAL3, STM32MP231FAJ3, STM32MP231FAK3, STM32MP231FAL3, STM32MP233AAJ3, STM32MP233AAK3, STM32MP233AAL3, STM32MP233CAJ3, STM32MP233CAK3, STM32MP233CAL3, STM32MP233DAJ3, STM32MP233DAK3, STM32MP233DAL3, STM32MP233FAJ3, STM32MP233FAK3, STM32MP233FAL3, STM32MP235AAJ3, STM32MP235AAK3, STM32MP235AAL3, STM32MP235CAJ3, STM32MP235CAK3, STM32MP235CAL3, STM32MP235DAJ3, STM32MP235DAK3, STM32MP235DAL3, STM32MP235FAJ3, STM32MP235FAK3, STM32MP235FAL3, STM32MP251AAI3, STM32MP251AAJ3, STM32MP251AAK3, STM32MP251AAL3, STM32MP251CAI3, STM32MP251CAJ3, STM32MP251CAK3, STM32MP251CAL3, STM32MP251DAI3, STM32MP251DAJ3, STM32MP251DAK3, STM32MP251DAL3, STM32MP251FAI3, STM32MP251FAJ3, STM32MP251FAK3, STM32MP251FAL3, STM32MP253AAI3, STM32MP253AAJ3, STM32MP253AAK3, STM32MP253AAL3, STM32MP253CAI3, STM32MP253CAJ3, STM32MP253CAK3, STM32MP253CAL3, STM32MP253DAI3, STM32MP253DAJ3, STM32MP253DAK3, STM32MP253DAL3, STM32MP253FAI3, STM32MP253FAJ3, STM32MP253FAK3, STM32MP253FAL3, STM32MP255AAI3, STM32MP255AAJ3, STM32MP255AAK3, STM32MP255AAL3, STM32MP255CAI3, STM32MP255CAJ3, STM32MP255CAK3, STM32MP255CAL3, STM32MP255DAI3, STM32MP255DAJ3, STM32MP255DAK3, STM32MP255DAL3, STM32MP255FAI3, STM32MP255FAJ3, STM32MP255FAK3, STM32MP255FAL3, STM32MP257AAI3, STM32MP257AAJ3, STM32MP257AAK3, STM32MP257AAL3, STM32MP257CAI3, STM32MP257CAJ3, STM32MP257CAK3, STM32MP257CAL3, STM32MP257DAI3, STM32MP257DAJ3, STM32MP257DAK3, STM32MP257DAL3, STM32MP257F-DK, STM32MP257F-EV1, STM32MP257FAI3, STM32MP257FAJ3, STM32MP257FAK3, STM32MP257FAL3, STM32N645A0H3Q, STM32N645B0H3Q, STM32N645I0H3Q, STM32N645L0H3Q, STM32N645X0H3Q, STM32N645Z0H3Q, STM32N647A0H3Q, STM32N647B0H3Q, STM32N647I0H3Q, STM32N647L0H3Q, STM32N647X0H3Q, STM32N647Z0H3Q, STM32N655A0H3Q, STM32N655B0H3Q, STM32N655I0H3Q, STM32N655L0H3Q, STM32N655X0H3Q, STM32N655Z0H3Q, STM32N6570-DK, STM32N657A0H3Q, STM32N657B0H3Q, STM32N657I0H3Q, STM32N657L0H3Q, STM32N657X0H3Q, STM32N657Z0H3Q, STM32U031C6T6, STM32U031C6U6, STM32U031C8T6, STM32U031C8U6, STM32U031F4P6, STM32U031F6P6, STM32U031F8P6, STM32U031G6Y6TR, STM32U031G8Y6TR, STM32U031K4U6, STM32U031K6U6, STM32U031K8U6, STM32U031R6I6, STM32U031R6T6, STM32U031R8I6, STM32U031R8T6, STM32U073C8T6, STM32U073C8U6, STM32U073CBT6, STM32U073CBU6, STM32U073CCT6, STM32U073CCU6, STM32U073H8Y6TR, STM32U073HBY6TR, STM32U073HCY6TR, STM32U073K8U6, STM32U073KBU6, STM32U073KCU6, STM32U073M8I6, STM32U073M8T6, STM32U073MBI6, STM32U073MBT6, STM32U073MCI6, STM32U073MCT6, STM32U073R8I6, STM32U073R8T6, STM32U073RBI6, STM32U073RBT6, STM32U073RCI6, STM32U073RCT6, STM32U083C-DK, STM32U083CCT6, STM32U083CCU6, STM32U083HCY6TR, STM32U083KCU6, STM32U083MCI6, STM32U083MCT6, STM32U083RCI6, STM32U083RCT6, STM32U375CET6, STM32U375CET6Q, STM32U375CEU6, STM32U375CEU6Q, STM32U375CEY6QTR, STM32U375CGT6, STM32U375CGT6Q, STM32U375CGU6, STM32U375CGU6Q, STM32U375CGY6QTR, STM32U375KEU6, STM32U375KGU6, STM32U375REI6, STM32U375REI6Q, STM32U375RET6, STM32U375RET6Q, STM32U375REY6GTR, STM32U375REY6QTR, STM32U375RGI6, STM32U375RGI6Q, STM32U375RGT6, STM32U375RGT6Q, STM32U375RGY6GTR, STM32U375RGY6QTR, STM32U375VEI6, STM32U375VEI6Q, STM32U375VET6, STM32U375VET6Q, STM32U375VGI6, STM32U375VGI6Q, STM32U375VGT6, STM32U375VGT6Q, STM32U385CGT6, STM32U385CGT6Q, STM32U385CGU6, STM32U385CGU6Q, STM32U385CGY6QTR, STM32U385KGU6, STM32U385RGI6, STM32U385RGI6Q, STM32U385RGT6, STM32U385RGT6Q, STM32U385RGY6GTR, STM32U385RGY6QTR, STM32U385VGI6, STM32U385VGI6Q, STM32U385VGT6, STM32U385VGT6Q, STM32U535CBT6, STM32U535CBT6Q, STM32U535CBU6, STM32U535CBU6Q, STM32U535CCT6, STM32U535CCT6Q, STM32U535CCU6, STM32U535CCU6Q, STM32U535CET6, STM32U535CET6Q, STM32U535CEU6, STM32U535CEU6Q, STM32U535JEY6QTR, STM32U535NCY6QTR, STM32U535NEY6QTR, STM32U535RBI6, STM32U535RBI6Q, STM32U535RBT6, STM32U535RBT6Q, STM32U535RCI6, STM32U535RCI6Q, STM32U535RCT6, STM32U535RCT6Q, STM32U535REI6, STM32U535REI6Q, STM32U535RET6, STM32U535RET6Q, STM32U535VCI6, STM32U535VCI6Q, STM32U535VCT6, STM32U535VCT6Q, STM32U535VEI6, STM32U535VEI6Q, STM32U535VET6, STM32U535VET6Q, STM32U545CET6, STM32U545CET6Q, STM32U545CEU6, STM32U545CEU6Q, STM32U545JEY6QTR, STM32U545NEY6QTR, STM32U545REI6, STM32U545REI6Q, STM32U545RET6, STM32U545RET6Q, STM32U545VEI6, STM32U545VEI6Q, STM32U545VET6, STM32U545VET6Q, STM32U595AIH6, STM32U595AIH6Q, STM32U595AJH6, STM32U595AJH6Q, STM32U595QII6, STM32U595QII6Q, STM32U595QJI6, STM32U595QJI6Q, STM32U595RIT6, STM32U595RIT6Q, STM32U595RJT6, STM32U595RJT6Q, STM32U595VIT6, STM32U595VIT6Q, STM32U595VJT6, STM32U595VJT6Q, STM32U595ZIT6, STM32U595ZIT6Q, STM32U595ZIY6QTR, STM32U595ZJT6, STM32U595ZJT6Q, STM32U595ZJY6QTR, STM32U599BJY6QTR, STM32U599NIH6Q, STM32U599NJH6Q, STM32U599VIT6Q, STM32U599VJT6, STM32U599VJT6Q, STM32U599ZIT6Q, STM32U599ZIY6QTR, STM32U599ZJT6Q, STM32U599ZJY6QTR, STM32U5A5AJH6, STM32U5A5AJH6Q, STM32U5A5QII3Q , STM32U5A5QJI6, STM32U5A5QJI6Q, STM32U5A5RJT6, STM32U5A5RJT6Q, STM32U5A5VJT6, STM32U5A5VJT6Q, STM32U5A5ZJT6, STM32U5A5ZJT6Q, STM32U5A5ZJY6QTR, STM32U5A9BJY6QTR, STM32U5A9J-DK, STM32U5A9NJH6Q, STM32U5A9VJT6Q, STM32U5A9ZJT6Q, STM32U5A9ZJY6QTR, STM32U5F7VIT6, STM32U5F7VIT6Q, STM32U5F7VJT6, STM32U5F7VJT6Q, STM32U5F9BJY6QTR, STM32U5F9NJH6Q, STM32U5F9VIT6Q, STM32U5F9VJT6Q, STM32U5F9ZIJ6QTR, STM32U5F9ZIT6Q, STM32U5F9ZJJ6QTR, STM32U5F9ZJT6Q, STM32U5G7VJT6, STM32U5G7VJT6Q, STM32U5G9BJY6QTR, STM32U5G9J-DK1, STM32U5G9J-DK2, STM32U5G9NJH6Q, STM32U5G9VJT6Q, STM32U5G9ZJJ6QTR, STM32U5G9ZJT6Q, STM32WB05KZV6TR, STM32WB05KZV7TR, STM32WB05TZF6TR, STM32WB05TZF7TR, STM32WB06CCF6TR, STM32WB06CCF7TR, STM32WB06CCV6TR, STM32WB06CCV7TR, STM32WB06KCV6TR, STM32WB06KCV7TR, STM32WB07CCF6TR, STM32WB07CCF7TR, STM32WB07CCV6TR, STM32WB07CCV7TR, STM32WB07KCV6TR, STM32WB07KCV7TR, STM32WB09KEV6TR, STM32WB09KEV7TR, STM32WB09TEF6TR, STM32WB09TEF7TR, STM32WB1MMCH6, STM32WBA50KGU6, STM32WBA50KGU6TR, STM32WBA52CEU6, STM32WBA52CEU6TR, STM32WBA52CEU7, STM32WBA52CEU7TR, STM32WBA52CGU6, STM32WBA52CGU6TR, STM32WBA52CGU6U, STM32WBA52CGU7, STM32WBA52CGU7TR, STM32WBA52KEU6, STM32WBA52KEU6TR, STM32WBA52KGU6, STM32WBA52KGU6TR, STM32WBA54CEU6, STM32WBA54CEU6TR, STM32WBA54CEU7, STM32WBA54CEU7TR, STM32WBA54CGU6, STM32WBA54CGU6TR, STM32WBA54CGU7, STM32WBA54CGU7TR, STM32WBA54KEU6, STM32WBA54KEU6TR, STM32WBA54KEU7, STM32WBA54KEU7TR, STM32WBA54KGU6, STM32WBA54KGU6TR, STM32WBA54KGU7, STM32WBA54KGU7TR, STM32WBA55CEU6, STM32WBA55CEU6TR, STM32WBA55CEU7, STM32WBA55CEU7TR, STM32WBA55CGU6, STM32WBA55CGU6TR, STM32WBA55CGU6U, STM32WBA55CGU7, STM32WBA55CGU7TR, STM32WBA55G-DK1, STM32WBA55HEF6, STM32WBA55HEF7, STM32WBA55HGF6, STM32WBA55HGF7, STM32WBA55UEI6, STM32WBA55UEI6TR, STM32WBA55UEI7, STM32WBA55UEI7TR, STM32WBA55UGI6, STM32WBA55UGI6TR, STM32WBA55UGI7, STM32WBA55UGI7TR, STM32WBA5MJGH6TR, STM32WBA62CGU6, STM32WBA62CIU6, STM32WBA62MGF6, STM32WBA62MIF6, STM32WBA62PGI6, STM32WBA62PII6, STM32WBA63CGU6, STM32WBA63CGU7, STM32WBA63CIU6, STM32WBA63CIU7, STM32WBA64CGU6, STM32WBA64CGU7, STM32WBA64CIU6, STM32WBA64CIU7, STM32WBA65CGU6, STM32WBA65CGU7, STM32WBA65CIU6, STM32WBA65CIU7, STM32WBA65I-DK1, STM32WBA65MGF6, STM32WBA65MGF7, STM32WBA65MIF6, STM32WBA65MIF7, STM32WBA65PGI6, STM32WBA65PGI7, STM32WBA65PII6, STM32WBA65PII7, STM32WBA65RGV6, STM32WBA65RGV7, STM32WBA65RIV6, STM32WBA65RIV7, STM32WL30K8V6, STM32WL30KBV6, STM32WL31C8V6, STM32WL31CBV6, STM32WL31K8V6, STM32WL31KBV6, STM32WL33C8V6, STM32WL33C8V6TR, STM32WL33C8V7, STM32WL33C8V7TR, STM32WL33CBV6, STM32WL33CBV6TR, STM32WL33CBV7, STM32WL33CBV7TR, STM32WL33CCV6, STM32WL33CCV6TR, STM32WL33CCV7, STM32WL33CCV7A, STM32WL33CCV7ATR, STM32WL33CCV7TR, STM32WL33K8V6, STM32WL33K8V6TR, STM32WL33K8V7, STM32WL33K8V7TR, STM32WL33KBV6, STM32WL33KBV6TR, STM32WL33KBV7, STM32WL33KBV7TR, STM32WL33KCV6, STM32WL33KCV6TR, STM32WL33KCV7, STM32WL33KCV7TR, STM32WL5MOCH6, STM32WL5MOCH6TR]
2026-03-04 14:22:41,341 [INFO] DbMcus:218 - Found 4686 MCUs, 4686 are supported
2026-03-04 14:22:41,341 [INFO] ApiDb:414 - User favorites file not found: /home/vatcraft/.stm32cubeide/favorites.mcus.txt
2026-03-04 14:22:41,341 [INFO] DbMcus:224 - Set 0 / 0 favorites MCUs
2026-03-04 14:22:42,025 [INFO] ApiDb:414 - User favorites file not found: /home/vatcraft/.stm32cubeide/favorites.boards.txt
2026-03-04 14:22:42,025 [INFO] DbBoards:198 - Set 0 / 0 favorites Boards
2026-03-04 14:22:42,025 [INFO] McuFinderGlobals:76 - Set McuFinderConnectedMode to true
2026-03-04 14:22:42,039 [INFO] MultiScanPanel:200 - Auto-refresh data requested => check proxy status ongoing
2026-03-04 14:22:42,042 [INFO] FinderPluginLoader:95 - Searching for filters in installed packs
2026-03-04 14:22:43,892 [ERROR] WebUtils:398 - Updater is busy
2026-03-04 14:22:43,893 [WARN] DetailPanel:346 - Failed to get advertising image, set to default
2026-03-04 14:22:46,204 [INFO] ServerAccessManage:473 - Download File Cesanta.I-CUBE-Mongoose.pdsc
2026-03-04 14:22:53,584 [INFO] ServerAccessManage:473 - Download File EmbeddedOffice.I-CUBE-FS-RTOS.pdsc
2026-03-04 14:22:55,619 [INFO] ServerAccessManage:473 - Download File quantropi.X-CUBE-qispace-sdk-base.pdsc
2026-03-04 14:22:57,211 [INFO] ServerAccessManage:473 - Download File Avnet-IOTCONNECT.X-CUBE-iotc-st67-sdk.pdsc
2026-03-04 14:22:57,384 [WARN] PackLoader:240 - Cannot read IP mode file for STMicroelectronics.FP-ATR-ASTRA1.2.0.2
2026-03-04 14:22:57,390 [WARN] PackLoader:240 - Cannot read IP mode file for STMicroelectronics.FP-ATR-SIGFOX1.3.2.0
2026-03-04 14:22:57,396 [WARN] PopulateThirdPartyThread:106 - Error when creating pack: /home/vatcraft/.stm32cubemx/thirdparties/pdsc/STMicroelectronics.FP-SNS-STBOX1.pdsc
2026-03-04 14:22:57,400 [WARN] PackLoader:240 - Cannot read IP mode file for STMicroelectronics.FP-SNS-FLIGHT1.5.1.0
2026-03-04 14:22:57,402 [WARN] CheckServerUpdateThread:151 - Open CheckUpdateFile Fail
2026-03-04 14:22:57,404 [WARN] PopulateThirdPartyThread:106 - Error when creating pack: /home/vatcraft/.stm32cubemx/thirdparties/pdsc/STMicroelectronics.FP-SNS-MOTENV1.pdsc
2026-03-04 14:22:57,406 [WARN] PopulateThirdPartyThread:106 - Error when creating pack: /home/vatcraft/.stm32cubemx/thirdparties/pdsc/STMicroelectronics.FP-SNS-MOTENVWB1.pdsc
2026-03-04 14:22:57,410 [WARN] PackLoader:240 - Cannot read IP mode file for STMicroelectronics.FP-SNS-SMARTAG2.1.2.0
2026-03-04 14:22:57,419 [WARN] PackLoader:240 - Cannot read IP mode file for STMicroelectronics.FP-SNS-STAIOTCFT.1.0.0
2026-03-04 14:22:57,423 [WARN] PackLoader:240 - Cannot read IP mode file for STMicroelectronics.X-CUBE-AI.10.2.0
2026-03-04 14:22:57,427 [WARN] PackLoader:240 - Cannot read IP mode file for STMicroelectronics.X-CUBE-ALS.1.0.2
2026-03-04 14:22:57,434 [WARN] PackLoader:240 - Cannot read IP mode file for STMicroelectronics.X-CUBE-BLE1.7.1.0
2026-03-04 14:22:57,439 [WARN] PackLoader:240 - Cannot read IP mode file for STMicroelectronics.X-CUBE-BLE2.3.3.0
2026-03-04 14:22:57,449 [WARN] PackLoader:240 - Cannot read IP mode file for STMicroelectronics.X-CUBE-BLEMGR.4.1.0
2026-03-04 14:22:57,462 [WARN] PackLoader:240 - Cannot read IP mode file for STMicroelectronics.X-CUBE-DISPLAY.3.0.0
2026-03-04 14:22:57,471 [WARN] PackLoader:240 - Cannot read IP mode file for STMicroelectronics.X-CUBE-DPower.1.3.0
2026-03-04 14:22:57,476 [WARN] PackLoader:240 - Cannot read IP mode file for STMicroelectronics.X-CUBE-EEPRMA1.5.2.0
2026-03-04 14:22:57,479 [WARN] PopulateThirdPartyThread:106 - Error when creating pack: /home/vatcraft/.stm32cubemx/thirdparties/pdsc/STMicroelectronics.X-CUBE-FREERTOS.pdsc
2026-03-04 14:22:57,484 [WARN] PackLoader:240 - Cannot read IP mode file for STMicroelectronics.X-CUBE-GNSS1.7.1.0
2026-03-04 14:22:57,489 [WARN] PackLoader:240 - Cannot read IP mode file for STMicroelectronics.X-CUBE-ISPU.2.1.0
2026-03-04 14:22:57,493 [WARN] PopulateThirdPartyThread:106 - Error when creating pack: /home/vatcraft/.stm32cubemx/thirdparties/pdsc/STMicroelectronics.X-CUBE-IPS.pdsc
2026-03-04 14:22:57,534 [INFO] CheckServerUpdateThread:120 - End of CheckServer Thread
2026-03-04 14:22:57,537 [WARN] PackLoader:240 - Cannot read IP mode file for STMicroelectronics.X-CUBE-MEMS1.12.0.0
2026-03-04 14:22:57,640 [WARN] PackLoader:240 - Cannot read IP mode file for STMicroelectronics.X-CUBE-NFC4.3.0.0
2026-03-04 14:22:57,647 [WARN] PackLoader:240 - Cannot read IP mode file for STMicroelectronics.X-CUBE-NFC6.3.2.0
2026-03-04 14:22:57,653 [WARN] PackLoader:240 - Cannot read IP mode file for STMicroelectronics.X-CUBE-NFC7.2.0.0
2026-03-04 14:22:57,659 [WARN] PackLoader:240 - Cannot read IP mode file for STMicroelectronics.X-CUBE-NFC9.1.0.0
2026-03-04 14:22:57,666 [WARN] PackLoader:240 - Cannot read IP mode file for STMicroelectronics.X-CUBE-NFC10.1.0.0
2026-03-04 14:22:57,673 [WARN] PackLoader:240 - Cannot read IP mode file for STMicroelectronics.X-CUBE-NFC12.1.0.0
2026-03-04 14:22:57,681 [WARN] PackLoader:240 - Cannot read IP mode file for STMicroelectronics.X-CUBE-SFXS2LP1.4.0.0
2026-03-04 14:22:57,692 [WARN] PackLoader:240 - Cannot read IP mode file for STMicroelectronics.X-CUBE-SUBG2.5.0.0
2026-03-04 14:22:57,703 [WARN] PackLoader:240 - Cannot read IP mode file for STMicroelectronics.X-CUBE-SMBUS.2.1.0
2026-03-04 14:22:57,706 [WARN] PackLoader:240 - Cannot read IP mode file for STMicroelectronics.X-CUBE-ST60.1.1.0
2026-03-04 14:22:57,711 [WARN] PopulateThirdPartyThread:106 - Error when creating pack: /home/vatcraft/.stm32cubemx/thirdparties/pdsc/STMicroelectronics.X-CUBE-ST67W61.pdsc
2026-03-04 14:22:57,712 [INFO] McuFinderGlobals:76 - Set McuFinderConnectedMode to true
2026-03-04 14:22:57,716 [WARN] PackLoader:240 - Cannot read IP mode file for STMicroelectronics.X-CUBE-STSE01.2.0.0
2026-03-04 14:22:57,722 [WARN] PackLoader:240 - Cannot read IP mode file for STMicroelectronics.X-CUBE-PM33A1.1.0.0
2026-03-04 14:22:57,728 [WARN] PackLoader:240 - Cannot read IP mode file for STMicroelectronics.X-CUBE-TCPP.4.2.0
2026-03-04 14:22:57,742 [WARN] PackLoader:240 - Cannot read IP mode file for STMicroelectronics.X-CUBE-TOF1.3.4.3
2026-03-04 14:22:57,757 [INFO] McuFinderGlobals:76 - Set McuFinderConnectedMode to true
2026-03-04 14:22:57,758 [INFO] MultiScanPanel:200 - Auto-refresh data requested => check proxy status ongoing
2026-03-04 14:22:57,758 [INFO] FinderPluginLoader:95 - Searching for filters in installed packs
2026-03-04 14:22:57,768 [WARN] PackLoader:240 - Cannot read IP mode file for STMicroelectronics.X-CUBE-TOUCHGFX.4.26.1
2026-03-04 14:22:57,773 [WARN] PackLoader:240 - Cannot read IP mode file for STMicroelectronics.X-CUBE-ALGOBUILD.1.4.0
2026-03-04 14:22:57,794 [WARN] PackLoader:240 - Cannot read IP mode file for STMicroelectronics.X-CUBE-AZRTOS-H7.3.5.0
2026-03-04 14:22:57,821 [WARN] PackLoader:240 - Cannot read IP mode file for STMicroelectronics.X-CUBE-AZRTOS-H7RS.1.2.0
2026-03-04 14:22:57,849 [WARN] PackLoader:240 - Cannot read IP mode file for STMicroelectronics.X-CUBE-AZRTOS-F4.1.1.0
2026-03-04 14:22:57,872 [WARN] PackLoader:240 - Cannot read IP mode file for STMicroelectronics.X-CUBE-AZRTOS-F7.1.1.0
2026-03-04 14:22:57,906 [WARN] ConditionMgr:438 - getConditionDescription Invalid condition id : LAN8742 Phy interface Condition cause : null
2026-03-04 14:22:57,907 [WARN] PackLoader:240 - Cannot read IP mode file for STMicroelectronics.X-CUBE-AZRTOS-L4.2.0.0
2026-03-04 14:22:57,909 [WARN] ConditionMgr:1044 - genDependencies : Invalid condition id : LAN8742 Phy interface Condition cause : null
2026-03-04 14:22:57,910 [WARN] ConditionMgr:1044 - genDependencies : Invalid condition id : LAN8742 Phy interface Condition cause : null
2026-03-04 14:22:57,911 [WARN] ConditionMgr:1044 - genDependencies : Invalid condition id : LAN8742 Phy interface Condition cause : null
2026-03-04 14:22:57,937 [WARN] PackLoader:240 - Cannot read IP mode file for STMicroelectronics.X-CUBE-AZRTOS-L5.2.0.0
2026-03-04 14:22:57,965 [WARN] PackLoader:240 - Cannot read IP mode file for STMicroelectronics.X-CUBE-AZRTOS-G0.1.1.0
2026-03-04 14:22:58,071 [WARN] PackLoader:240 - Cannot read IP mode file for STMicroelectronics.X-CUBE-AZRTOS-G4.2.0.0
2026-03-04 14:22:58,097 [WARN] ConditionMgr:438 - getConditionDescription Invalid condition id : UX DEVICE CLASS RTOS Condition cause : null
2026-03-04 14:22:58,097 [WARN] ConditionMgr:438 - getConditionDescription Invalid condition id : UX DEVICE CLASS RTOS Condition cause : null
2026-03-04 14:22:58,102 [WARN] PackLoader:240 - Cannot read IP mode file for STMicroelectronics.X-CUBE-AZRTOS-WB.2.0.0
2026-03-04 14:22:58,105 [WARN] ConditionMgr:1044 - genDependencies : Invalid condition id : UX DEVICE CLASS RTOS Condition cause : null
2026-03-04 14:22:58,105 [WARN] ConditionMgr:1044 - genDependencies : Invalid condition id : UX DEVICE CLASS RTOS Condition cause : null
2026-03-04 14:22:58,106 [WARN] ConditionMgr:1044 - genDependencies : Invalid condition id : UX DEVICE CLASS RTOS Condition cause : null
2026-03-04 14:22:58,109 [WARN] ConditionMgr:1044 - genDependencies : Invalid condition id : UX DEVICE CLASS RTOS Condition cause : null
2026-03-04 14:22:58,110 [WARN] ConditionMgr:1044 - genDependencies : Invalid condition id : UX DEVICE CLASS RTOS Condition cause : null
2026-03-04 14:22:58,125 [INFO] LogOutputStream:77 - [STDOUT_REDIRECT] 1 : Invalid condition id : UX_CORESTACK_Condition cause : null
2026-03-04 14:22:58,126 [INFO] LogOutputStream:77 - [STDOUT_REDIRECT] 1 : Invalid condition id : UX_CORESTACK_Condition cause : null
2026-03-04 14:22:58,126 [INFO] LogOutputStream:77 - [STDOUT_REDIRECT] 1 : Invalid condition id : UX_CORESTACK_Condition cause : null
2026-03-04 14:22:58,127 [INFO] LogOutputStream:77 - [STDOUT_REDIRECT] 1 : Invalid condition id : UX_CORESTACK_Condition cause : null
2026-03-04 14:22:58,127 [INFO] LogOutputStream:77 - [STDOUT_REDIRECT] 1 : Invalid condition id : UX_CORESTACK_Condition cause : null
2026-03-04 14:22:58,132 [WARN] PackLoader:240 - Cannot read IP mode file for STMicroelectronics.X-CUBE-AZRTOS-WL.2.0.0
2026-03-04 14:22:58,137 [WARN] PackLoader:240 - Cannot read IP mode file for STMicroelectronics.X-CUBE-WB05N.2.0.0
2026-03-04 14:22:58,143 [WARN] PackLoader:240 - Cannot read IP mode file for wolfSSL.I-CUBE-wolfSSL.5.8.4
2026-03-04 14:22:58,145 [WARN] PackLoader:240 - Cannot read IP mode file for wolfSSL.I-CUBE-wolfMQTT.1.19.2
2026-03-04 14:22:58,148 [WARN] PackLoader:240 - Cannot read IP mode file for wolfSSL.I-CUBE-wolfTPM.3.8.0
2026-03-04 14:22:58,152 [WARN] PackLoader:240 - Cannot read IP mode file for wolfSSL.I-CUBE-wolfSSH.1.4.20
2026-03-04 14:22:58,156 [WARN] PackLoader:240 - Cannot read IP mode file for RealThread.X-CUBE-RT-Thread_Nano.4.1.1
2026-03-04 14:22:58,190 [WARN] PackLoader:240 - Cannot read IP mode file for SEGGER.I-CUBE-embOS.1.3.1
2026-03-04 14:22:58,193 [INFO] ServerAccessManage:473 - Download File mcusAds.json._tmp_
2026-03-04 14:22:58,248 [WARN] PackLoader:240 - Cannot read IP mode file for emotas.I-CUBE-CANOPEN.1.3.0
2026-03-04 14:22:58,251 [WARN] PopulateThirdPartyThread:106 - Error when creating pack: /home/vatcraft/.stm32cubemx/thirdparties/pdsc/WES.I-CUBE-Cesium.pdsc
2026-03-04 14:22:58,258 [WARN] PackLoader:240 - Cannot read IP mode file for ITTIA_DB.I-CUBE-ITTIADB.8.9.0
2026-03-04 14:22:58,281 [WARN] PackLoader:240 - Cannot read IP mode file for Infineon.AIROC-Wi-Fi-Bluetooth-STM32.1.8.0
2026-03-04 14:22:58,290 [WARN] PackLoader:240 - Cannot read IP mode file for Cesanta.I-CUBE-Mongoose.7.20.0
2026-03-04 14:22:58,303 [INFO] LoadUrlFilesThread:156 - End of LoadUrlFiles Thread
2026-03-04 14:22:58,312 [WARN] PackLoader:240 - Cannot read IP mode file for EmbeddedOffice.I-CUBE-FS-RTOS.1.0.1
2026-03-04 14:22:58,316 [WARN] ConditionMgr:438 - getConditionDescription Invalid condition id : Cortex-A Device cause : null
2026-03-04 14:22:58,327 [WARN] ConditionMgr:1044 - genDependencies : Invalid condition id : Cortex-A Device cause : null
2026-03-04 14:22:58,328 [WARN] ConditionMgr:1044 - genDependencies : Invalid condition id : Cortex-A Device cause : null
2026-03-04 14:22:58,328 [WARN] ConditionMgr:1044 - genDependencies : Invalid condition id : Cortex-A Device cause : null
2026-03-04 14:22:58,336 [INFO] PopulateThirdPartyThread:66 - Ending populate Thread
2026-03-04 14:22:58,340 [INFO] ThirdParty:1030 - CMSIS Pack Vendor :STMicroelectronics X-CUBE-AZRTOS-H7 3.5.0
2026-03-04 14:22:58,341 [INFO] ThirdParty:1030 - CMSIS Pack Vendor :STMicroelectronics X-CUBE-PM33A1 1.0.0
2026-03-04 14:22:58,341 [INFO] ThirdParty:1030 - CMSIS Pack Vendor :STMicroelectronics X-CUBE-NFC9 1.0.0
2026-03-04 14:22:58,341 [INFO] ThirdParty:1030 - CMSIS Pack Vendor :STMicroelectronics X-CUBE-AZRTOS-F4 1.1.0
2026-03-04 14:22:58,341 [INFO] ThirdParty:1030 - CMSIS Pack Vendor :STMicroelectronics FP-ATR-ASTRA1 2.0.2
2026-03-04 14:22:58,342 [INFO] ThirdParty:1030 - CMSIS Pack Vendor :STMicroelectronics X-CUBE-BLE1 7.1.0
2026-03-04 14:22:58,342 [INFO] ThirdParty:1030 - CMSIS Pack Vendor :STMicroelectronics X-CUBE-SMBUS 2.1.0
2026-03-04 14:22:58,342 [INFO] ThirdParty:1030 - CMSIS Pack Vendor :wolfSSL I-CUBE-wolfMQTT 1.19.2
2026-03-04 14:22:58,342 [INFO] ThirdParty:1030 - CMSIS Pack Vendor :STMicroelectronics X-CUBE-ISPU 2.1.0
2026-03-04 14:22:58,342 [INFO] ThirdParty:1030 - CMSIS Pack Vendor :STMicroelectronics X-CUBE-BLEMGR 4.1.0
2026-03-04 14:22:58,342 [INFO] ThirdParty:1030 - CMSIS Pack Vendor :STMicroelectronics X-CUBE-EEPRMA1 5.2.0
2026-03-04 14:22:58,342 [INFO] ThirdParty:1030 - CMSIS Pack Vendor :STMicroelectronics X-CUBE-AZRTOS-WB 2.0.0
2026-03-04 14:22:58,342 [INFO] ThirdParty:1030 - CMSIS Pack Vendor :wolfSSL I-CUBE-wolfSSL 5.8.4
2026-03-04 14:22:58,342 [INFO] ThirdParty:1030 - CMSIS Pack Vendor :Cesanta I-CUBE-Mongoose 7.20.0
2026-03-04 14:22:58,342 [INFO] ThirdParty:1030 - CMSIS Pack Vendor :STMicroelectronics X-CUBE-NFC12 1.0.0
2026-03-04 14:22:58,342 [INFO] ThirdParty:1030 - CMSIS Pack Vendor :STMicroelectronics X-CUBE-AZRTOS-F7 1.1.0
2026-03-04 14:22:58,342 [INFO] ThirdParty:1030 - CMSIS Pack Vendor :STMicroelectronics X-CUBE-AZRTOS-L5 2.0.0
2026-03-04 14:22:58,342 [INFO] ThirdParty:1030 - CMSIS Pack Vendor :quantropi X-CUBE-qispace-sdk-base 2.1.0
2026-03-04 14:22:58,342 [INFO] ThirdParty:1030 - CMSIS Pack Vendor :STMicroelectronics X-CUBE-MEMS1 12.0.0
2026-03-04 14:22:58,342 [INFO] ThirdParty:1030 - CMSIS Pack Vendor :STMicroelectronics X-CUBE-STSE01 2.0.0
2026-03-04 14:22:58,342 [INFO] ThirdParty:1030 - CMSIS Pack Vendor :STMicroelectronics X-CUBE-AZRTOS-G0 1.1.0
2026-03-04 14:22:58,342 [INFO] ThirdParty:1030 - CMSIS Pack Vendor :STMicroelectronics X-CUBE-NFC4 3.0.0
2026-03-04 14:22:58,342 [INFO] ThirdParty:1030 - CMSIS Pack Vendor :STMicroelectronics X-CUBE-SUBG2 5.0.0
2026-03-04 14:22:58,343 [INFO] ThirdParty:1030 - CMSIS Pack Vendor :EmbeddedOffice I-CUBE-FS-RTOS 1.0.1
2026-03-04 14:22:58,343 [INFO] ThirdParty:1030 - CMSIS Pack Vendor :STMicroelectronics X-CUBE-AZRTOS-G4 2.0.0
2026-03-04 14:22:58,343 [INFO] ThirdParty:1030 - CMSIS Pack Vendor :STMicroelectronics X-CUBE-WB05N 2.0.0
2026-03-04 14:22:58,343 [INFO] ThirdParty:1030 - CMSIS Pack Vendor :wolfSSL I-CUBE-wolfTPM 3.8.0
2026-03-04 14:22:58,343 [INFO] ThirdParty:1030 - CMSIS Pack Vendor :STMicroelectronics X-CUBE-DISPLAY 3.0.0
2026-03-04 14:22:58,343 [INFO] ThirdParty:1030 - CMSIS Pack Vendor :wolfSSL I-CUBE-wolfSSH 1.4.20
2026-03-04 14:22:58,343 [INFO] ThirdParty:1030 - CMSIS Pack Vendor :STMicroelectronics X-CUBE-NFC7 2.0.0
2026-03-04 14:22:58,343 [INFO] ThirdParty:1030 - CMSIS Pack Vendor :STMicroelectronics X-CUBE-TCPP 4.2.0
2026-03-04 14:22:58,343 [INFO] ThirdParty:1030 - CMSIS Pack Vendor :RealThread X-CUBE-RT-Thread_Nano 4.1.1
2026-03-04 14:22:58,343 [INFO] ThirdParty:1030 - CMSIS Pack Vendor :STMicroelectronics FP-ATR-SIGFOX1 3.2.0
2026-03-04 14:22:58,344 [INFO] ThirdParty:1030 - CMSIS Pack Vendor :STMicroelectronics X-CUBE-NFC10 1.0.0
2026-03-04 14:22:58,345 [INFO] ThirdParty:1030 - CMSIS Pack Vendor :STMicroelectronics X-CUBE-ALS 1.0.2
2026-03-04 14:22:58,345 [INFO] ThirdParty:1030 - CMSIS Pack Vendor :STMicroelectronics X-CUBE-ST60 1.1.0
2026-03-04 14:22:58,345 [INFO] ThirdParty:1030 - CMSIS Pack Vendor :emotas I-CUBE-CANOPEN 1.3.0
2026-03-04 14:22:58,346 [INFO] ThirdParty:1030 - CMSIS Pack Vendor :STMicroelectronics X-CUBE-GNSS1 7.1.0
2026-03-04 14:22:58,349 [INFO] ThirdParty:1030 - CMSIS Pack Vendor :ITTIA_DB I-CUBE-ITTIADB 8.9.0
2026-03-04 14:22:58,350 [INFO] ThirdParty:1030 - CMSIS Pack Vendor :STMicroelectronics X-CUBE-TOUCHGFX 4.26.1
2026-03-04 14:22:58,350 [INFO] ThirdParty:1030 - CMSIS Pack Vendor :STMicroelectronics X-CUBE-NFC6 3.2.0
2026-03-04 14:22:58,350 [INFO] ThirdParty:1030 - CMSIS Pack Vendor :STMicroelectronics FP-SNS-STAIOTCFT 1.0.0
2026-03-04 14:22:58,351 [INFO] ThirdParty:1030 - CMSIS Pack Vendor :STMicroelectronics X-CUBE-AI 10.2.0
2026-03-04 14:22:58,351 [INFO] ThirdParty:1030 - CMSIS Pack Vendor :STMicroelectronics FP-SNS-SMARTAG2 1.2.0
2026-03-04 14:22:58,354 [INFO] ThirdParty:1030 - CMSIS Pack Vendor :STMicroelectronics FP-SNS-FLIGHT1 5.1.0
2026-03-04 14:22:58,355 [INFO] ThirdParty:1030 - CMSIS Pack Vendor :STMicroelectronics X-CUBE-AZRTOS-WL 2.0.0
2026-03-04 14:22:58,355 [INFO] ThirdParty:1030 - CMSIS Pack Vendor :SEGGER I-CUBE-embOS 1.3.1
2026-03-04 14:22:58,355 [INFO] ThirdParty:1030 - CMSIS Pack Vendor :STMicroelectronics X-CUBE-DPower 1.3.0
2026-03-04 14:22:58,355 [INFO] ThirdParty:1030 - CMSIS Pack Vendor :STMicroelectronics X-CUBE-ALGOBUILD 1.4.0
2026-03-04 14:22:58,355 [INFO] ThirdParty:1030 - CMSIS Pack Vendor :STMicroelectronics X-CUBE-AZRTOS-H7RS 1.2.0
2026-03-04 14:22:58,355 [INFO] ThirdParty:1030 - CMSIS Pack Vendor :STMicroelectronics X-CUBE-AZRTOS-L4 2.0.0
2026-03-04 14:22:58,355 [INFO] ThirdParty:1030 - CMSIS Pack Vendor :STMicroelectronics X-CUBE-SFXS2LP1 4.0.0
2026-03-04 14:22:58,356 [INFO] ThirdParty:1030 - CMSIS Pack Vendor :STMicroelectronics X-CUBE-BLE2 3.3.0
2026-03-04 14:22:58,356 [INFO] ThirdParty:1030 - CMSIS Pack Vendor :Avnet-IOTCONNECT X-CUBE-iotc-st67-sdk 1.0.0
2026-03-04 14:22:58,357 [INFO] ThirdParty:1030 - CMSIS Pack Vendor :STMicroelectronics X-CUBE-TOF1 3.4.3
2026-03-04 14:22:58,361 [INFO] ThirdParty:1030 - CMSIS Pack Vendor :Infineon AIROC-Wi-Fi-Bluetooth-STM32 1.8.0
2026-03-04 14:22:58,362 [INFO] LoadServerUpdatesThread:375 - End of LoadServerUpdate Thread
2026-03-04 14:22:58,971 [INFO] ServerAccessManage:473 - Download File 
2026-03-04 14:22:59,051 [INFO] LoadUrlFilesThread:185 - End of LoadServerUrlFiles without Thread
2026-03-04 14:22:59,069 [INFO] DetailPanel:341 - Set advertising image to /home/vatcraft/STM32Cube/Repository//en.Prom_NBSTM32U50921.jpg
2026-03-04 14:23:00,473 [INFO] ServerAccessManage:473 - Download File cube-finder-db.zip
2026-03-04 14:23:56,247 [INFO] FileExtend:242 - Unzip File : cube-finder-db.zip
2026-03-04 14:23:56,248 [INFO] FileExtend:257 - Standard Zip Deflate
2026-03-04 14:23:56,985 [INFO] LoadUrlFilesThread:156 - End of LoadUrlFiles Thread
2026-03-04 14:23:58,410 [INFO] ServerAccessManage:473 - Download File crdb.zip
2026-03-04 14:24:01,198 [INFO] FileExtend:242 - Unzip File : crdb.zip
2026-03-04 14:24:01,200 [INFO] FileExtend:257 - Standard Zip Deflate
2026-03-04 14:24:01,351 [INFO] LoadUrlFilesThread:156 - End of LoadUrlFiles Thread
2026-03-04 14:24:01,623 [INFO] ServerAccessManage:473 - Download File tutoVideoDB.zip
2026-03-04 14:24:01,721 [INFO] FileExtend:242 - Unzip File : tutoVideoDB.zip
2026-03-04 14:24:01,722 [INFO] FileExtend:257 - Standard Zip Deflate
2026-03-04 14:24:01,854 [INFO] LoadUrlFilesThread:156 - End of LoadUrlFiles Thread
2026-03-04 14:24:01,862 [WARN] DbFile:41 - Overriding database path with different value: /home/vatcraft/.stmcufinder/plugins/mcufinder/ => /home/vatcraft/.stmcufinder/plugins/mcufinder
2026-03-04 14:24:02,013 [INFO] ServerAccessManage:473 - Download File api_config.json
2026-03-04 14:24:02,126 [INFO] LoadUrlFilesThread:156 - End of LoadUrlFiles Thread
2026-03-04 14:24:02,132 [INFO] DbMcusAds:53 - JSON generation date=Wed Feb 18 21:32:49 ICT 2026 (1771425169371)
2026-03-04 14:24:02,137 [INFO] ApiDb:448 - Save user favorites file /home/vatcraft/.stm32cubeide/favorites.mcus.txt: 0 item(s)
2026-03-04 14:24:02,139 [INFO] ApiDb:452 - User favorites MCUs=[]
2026-03-04 14:24:02,145 [INFO] ApiDb:581 - Connected to CubeFinder SQLite database (/home/vatcraft/.stmcufinder/plugins/mcufinder/mcu/cube-finder-db.db)
2026-03-04 14:24:02,319 [INFO] ApiDb:668 - CubeFinder database Data Model version=2.1
2026-03-04 14:24:02,319 [INFO] ApiDb:669 - CubeFinder database Configuration version=3.0.42
2026-03-04 14:24:02,319 [INFO] ApiDb:670 - CubeFinder database generation date=2026-02-13 (1770995876)
2026-03-04 14:24:02,319 [INFO] ApiDb:671 - CubeFinder database FW Pack versions=[FP-ATR-ASTRA1_V2.0.0, FP-SNS-FLIGHT1_V5.1.0, FP-SNS-MOTENV1_V5.1.0, FP-SNS-MOTENVWB1_V1.4.0, FP-SNS-SMARTAG2_V1.2.0, FP-SNS-STBOX1_V2.1.0, STM32Cube_FW_C0_V1.4.0, STM32Cube_FW_F4_V1.28.3, STM32Cube_FW_F7_V1.17.4, STM32Cube_FW_G0_V1.6.2, STM32Cube_FW_G4_V1.6.1, STM32Cube_FW_H5_V1.6.0, STM32Cube_FW_H7RS_V1.3.0, STM32Cube_FW_H7_V1.13.0, STM32Cube_FW_L0_V1.12.2, STM32Cube_FW_L4_V1.18.2, STM32Cube_FW_L5_V1.6.0, STM32Cube_FW_N6_V1.3.0, STM32Cube_FW_U0_V1.3.0, STM32Cube_FW_U3_V1.3.0, STM32Cube_FW_U5_V1.8.0, STM32Cube_FW_WB0_V1.4.0, STM32Cube_FW_WBA_V1.9.0, STM32Cube_FW_WB_V1.24.0, STM32Cube_FW_WL3_V1.4.0, STM32Cube_FW_WL_V1.5.0, X-CUBE-ALGOBUILD_V1.4.0, X-CUBE-ALS_V1.0.2, X-CUBE-AZRTOS-F4_V1.1.0, X-CUBE-AZRTOS-F7_V1.1.0, X-CUBE-AZRTOS-G0_V1.1.0, X-CUBE-AZRTOS-G4_V2.0.0, X-CUBE-AZRTOS-H7RS_V1.1.0, X-CUBE-AZRTOS-H7_V3.4.0, X-CUBE-AZRTOS-L4_V2.0.0, X-CUBE-AZRTOS-L5_V2.0.0, X-CUBE-AZRTOS-WB_V2.0.0, X-CUBE-AZRTOS-WL_V2.0.0, X-CUBE-BLE1_V7.1.0, X-CUBE-BLE2_V3.3.0, X-CUBE-BLEMGR_V4.1.0, X-CUBE-EEPRMA1_V5.2.0, X-CUBE-FREERTOS_V1.3.1, X-CUBE-GNSS1_V6.0.0, X-CUBE-MEMS1_V12.0.0, X-CUBE-NFC4_V3.0.0, X-CUBE-NFC7_V2.0.0, X-CUBE-SFXS2LP1_V4.0.0, X-CUBE-ST67W61_V1.1.0, X-CUBE-SUBG2_V5.0.0, X-CUBE-TOF1_V3.4.3]
2026-03-04 14:24:05,014 [INFO] ApiDb:240 - Found 895 in-development CPN: [B-G473E-ZEST1S, B-WB1M-WPAN1, B-WBA5M-WPAN, B-WL5M-SUBG1, NUCLEO-C031C6, NUCLEO-C051C8, NUCLEO-C071RB, NUCLEO-C092RC, NUCLEO-H503RB, NUCLEO-H533RE, NUCLEO-H563ZI, NUCLEO-H7S3L8, NUCLEO-N657X0-Q, NUCLEO-U031R8, NUCLEO-U083RC, NUCLEO-U385RG-Q, NUCLEO-U545RE-Q, NUCLEO-U5A5ZJ-Q, NUCLEO-WB05KZ, NUCLEO-WB07CC, NUCLEO-WB09KE, NUCLEO-WBA52CG, NUCLEO-WBA55CG, NUCLEO-WBA65RI, NUCLEO-WL33CC1, NUCLEO-WL33CC2, STEVAL-PROTEUS1, STEVAL-SMARTAG2, STEVAL-STWINBX1, STM320518-EVAL, STM32C0116-DK, STM32C011D6Y3TR, STM32C011D6Y6TR, STM32C011F4P3, STM32C011F4P6, STM32C011F4U3, STM32C011F4U6TR, STM32C011F6P3, STM32C011F6P6, STM32C011F6U3, STM32C011F6U6TR, STM32C011J4M3, STM32C011J4M6, STM32C011J6M3, STM32C011J6M6, STM32C0316-DK, STM32C031C4T3, STM32C031C4T6, STM32C031C4U3, STM32C031C4U6, STM32C031C6T3, STM32C031C6T6, STM32C031C6U3, STM32C031C6U6, STM32C031F4P3, STM32C031F4P6, STM32C031F6P3, STM32C031F6P6, STM32C031G4U3, STM32C031G4U6, STM32C031G6U3, STM32C031G6U6, STM32C031K4T3, STM32C031K4T6, STM32C031K4U3, STM32C031K4U6, STM32C031K6T3, STM32C031K6T6, STM32C031K6U3, STM32C031K6U6, STM32C051C6T6, STM32C051C6U6, STM32C051C8T6, STM32C051C8U6, STM32C051D8Y6TR, STM32C051F6P6, STM32C051F8P6, STM32C051G6U6, STM32C051G8U6, STM32C051K6T6, STM32C051K6U6, STM32C051K8T6, STM32C071C8T6, STM32C071C8T6N, STM32C071C8U6, STM32C071C8U6N, STM32C071CBT6, STM32C071CBT6N, STM32C071CBU6, STM32C071CBU6N, STM32C071F8P6, STM32C071F8P6N, STM32C071FBP6, STM32C071FBP6N, STM32C071FBY6TR, STM32C071G8U6, STM32C071G8U6N, STM32C071GBU6, STM32C071GBU6N, STM32C071K8T6, STM32C071K8T6N, STM32C071K8U6, STM32C071K8U6N, STM32C071KBT6, STM32C071KBT6N, STM32C071KBU6, STM32C071KBU6N, STM32C071R8T6, STM32C071R8T6N, STM32C071RBI6N, STM32C071RBT6, STM32C071RBT6N, STM32C091CBT6, STM32C091CBU6, STM32C091CCT6, STM32C091CCU6, STM32C091ECY6TR, STM32C091FBP6, STM32C091FCP6, STM32C091GBU6, STM32C091GCU6, STM32C091KBT6, STM32C091KBU6, STM32C091KCT6, STM32C091KCU6, STM32C091RBT6, STM32C091RCI6, STM32C091RCT6, STM32C092CBT6, STM32C092CBU6, STM32C092CCT6, STM32C092CCU6, STM32C092ECY6TR, STM32C092FBP6, STM32C092FCP6, STM32C092GBU6, STM32C092GCU6, STM32C092KBT6, STM32C092KBU6, STM32C092KCT6, STM32C092KCU6, STM32C092RBT6, STM32C092RCI6, STM32C092RCT6, STM32G071K8TXN, STM32G071K8UXN, STM32G081GBU6N, STM32G081KBT6N, STM32G081KBUXN, STM32G0B1CCT6N, STM32G0B1KCT6, STM32G0B1NEY6TR, STM32G0B1RCT6N, STM32G0C1CCT6, STM32G0C1CCT6N, STM32G0C1CCU6N, STM32G0C1CET6N, STM32G0C1CEU6N, STM32G0C1KCT6, STM32G0C1NEY6TR, STM32G0C1RCI6N, STM32G0C1RCT6N, STM32G0C1REI6N, STM32G0C1RET6N, STM32G0C1VCI6, STM32G0C1VEI6, STM32G411C6T3, STM32G411C6T6, STM32G411C6U3, STM32G411C6U6, STM32G411C8T3, STM32G411C8T6, STM32G411C8U3, STM32G411C8U6, STM32G411CBT3, STM32G411CBT6, STM32G411CBU3, STM32G411CBU6, STM32G411CCT3, STM32G411CCT6, STM32G411CCU3, STM32G411CCU6, STM32G411K6T3, STM32G411K6T6, STM32G411K6U3, STM32G411K6U6, STM32G411K8T3, STM32G411K8T6, STM32G411K8U3, STM32G411K8U6, STM32G411KBT3, STM32G411KBT6, STM32G411KBU3, STM32G411KBU6, STM32G411M6T3, STM32G411M6T6, STM32G411M8T3, STM32G411M8T6, STM32G411MBT3, STM32G411MBT6, STM32G411MCT3, STM32G411MCT6, STM32G411R6T3, STM32G411R6T6, STM32G411R8T3, STM32G411R8T6, STM32G411RBT3, STM32G411RBT6, STM32G411RCT3, STM32G411RCT6, STM32G414CBT3, STM32G414CBT6, STM32G414CBU3, STM32G414CBU6, STM32G414CCT3, STM32G414CCT6, STM32G414CCU3, STM32G414CCU6, STM32G414MBT3, STM32G414MBT6, STM32G414MCT3, STM32G414MCT6, STM32G414RBT3, STM32G414RBT6, STM32G414RCT3, STM32G414RCT6, STM32G414VBT3, STM32G414VBT6, STM32G414VCT3, STM32G414VCT6, STM32G431CBT3Z, STM32G431RBT3Z, STM32G471CCT6, STM32G471CCU6, STM32G471CET3, STM32G471CET6, STM32G471CEU3, STM32G471CEU6, STM32G471MCT6, STM32G471MET3, STM32G471MET6, STM32G471MEY6TR, STM32G471QCT6, STM32G471QET3, STM32G471RCT6, STM32G471RET3, STM32G471RET6, STM32G471VCH6, STM32G471VCI6, STM32G471VCT6, STM32G471VEH3, STM32G471VEH6, STM32G471VEI3, STM32G471VEI6, STM32G471VET3, STM32G471VET6, STM32G473QET3Z, STM32G473RET3Z, STM32G474CCT6, STM32G491RET3Z, STM32H503CBT6, STM32H503CBU6, STM32H503EBY6TR, STM32H503KBU6, STM32H503RBT6, STM32H523CCT6, STM32H523CCU6, STM32H523CET6, STM32H523CEU6, STM32H523HEY6TR, STM32H523RCT6, STM32H523RET6, STM32H523VCI6, STM32H523VCT6, STM32H523VEI6, STM32H523VET6, STM32H523ZCJ6, STM32H523ZCT6, STM32H523ZEJ6, STM32H523ZET6, STM32H533CET6, STM32H533CEU6, STM32H533HEY6TR, STM32H533RET6, STM32H533VEI6, STM32H533VET6, STM32H533ZEJ6, STM32H533ZET6, STM32H562AGI6, STM32H562AII6, STM32H562IGK6, STM32H562IGT6, STM32H562IIK6, STM32H562IIT6, STM32H562RGT6, STM32H562RGV6, STM32H562RIT6, STM32H562RIV6, STM32H562VGT6, STM32H562VIT6, STM32H562ZGT6, STM32H562ZIT6, STM32H563AGI6, STM32H563AII3Q, STM32H563AII6, STM32H563IGK6, STM32H563IGT6, STM32H563IIK3Q, STM32H563IIK6, STM32H563IIT3Q, STM32H563IIT6, STM32H563MIY3QTR, STM32H563RGT6, STM32H563RGV6, STM32H563RIT6, STM32H563RIV6, STM32H563VGT6, STM32H563VIT3Q, STM32H563VIT6, STM32H563ZGT6, STM32H563ZIT3Q, STM32H563ZIT6, STM32H573AII3Q, STM32H573AII6, STM32H573I-DK, STM32H573IIK3Q, STM32H573IIK6, STM32H573IIT3Q, STM32H573IIT6, STM32H573MIY3QTR, STM32H573RIT6, STM32H573RIV6, STM32H573VIT3Q, STM32H573VIT6, STM32H573ZIT3Q, STM32H573ZIT6, STM32H7R3A8I6, STM32H7R3I8K6, STM32H7R3I8T6, STM32H7R3L8H6, STM32H7R3L8H6H, STM32H7R3R8V6, STM32H7R3V8H6, STM32H7R3V8T6, STM32H7R3V8Y6TR, STM32H7R3Z8J6, STM32H7R3Z8T6, STM32H7R7A8I6, STM32H7R7I8K6, STM32H7R7I8T6, STM32H7R7L8H6, STM32H7R7L8H6H, STM32H7R7Z8J6, STM32H7S3A8I6, STM32H7S3I8K6, STM32H7S3I8T6, STM32H7S3L8H6, STM32H7S3L8H6H, STM32H7S3R8V6, STM32H7S3V8H6, STM32H7S3V8T6, STM32H7S3V8Y6TR, STM32H7S3Z8J6, STM32H7S3Z8T6, STM32H7S78-DK, STM32H7S7A8I6, STM32H7S7I8K6, STM32H7S7I8T6, STM32H7S7L8H6, STM32H7S7L8H6H, STM32H7S7Z8J6, STM32L4R5QGI6STR, STM32MP131AAE3, STM32MP131AAF3, STM32MP131AAG3, STM32MP131CAE3, STM32MP131CAF3, STM32MP131CAG3, STM32MP131DAE7, STM32MP131DAF7, STM32MP131DAG7, STM32MP131FAE7, STM32MP131FAF7, STM32MP131FAG7, STM32MP133AAE3, STM32MP133AAF3, STM32MP133AAG3, STM32MP133CAE3, STM32MP133CAF3, STM32MP133CAG3, STM32MP133DAE7, STM32MP133DAF7, STM32MP133DAG7, STM32MP133FAE7, STM32MP133FAF7, STM32MP133FAG7, STM32MP135AAE3, STM32MP135AAF3, STM32MP135AAG3, STM32MP135CAE3, STM32MP135CAF3, STM32MP135CAG3, STM32MP135DAE7, STM32MP135DAF7, STM32MP135DAG7, STM32MP135F-DK, STM32MP135FAE7, STM32MP135FAF7, STM32MP135FAF7T, STM32MP135FAF7U, STM32MP135FAG7, STM32MP231AAJ3, STM32MP231AAK3, STM32MP231AAL3, STM32MP231CAJ3, STM32MP231CAK3, STM32MP231CAL3, STM32MP231DAJ3, STM32MP231DAK3, STM32MP231DAL3, STM32MP231FAJ3, STM32MP231FAK3, STM32MP231FAL3, STM32MP233AAJ3, STM32MP233AAK3, STM32MP233AAL3, STM32MP233CAJ3, STM32MP233CAK3, STM32MP233CAL3, STM32MP233DAJ3, STM32MP233DAK3, STM32MP233DAL3, STM32MP233FAJ3, STM32MP233FAK3, STM32MP233FAL3, STM32MP235AAJ3, STM32MP235AAK3, STM32MP235AAL3, STM32MP235CAJ3, STM32MP235CAK3, STM32MP235CAL3, STM32MP235DAJ3, STM32MP235DAK3, STM32MP235DAL3, STM32MP235FAJ3, STM32MP235FAK3, STM32MP235FAL3, STM32MP251AAI3, STM32MP251AAJ3, STM32MP251AAK3, STM32MP251AAL3, STM32MP251CAI3, STM32MP251CAJ3, STM32MP251CAK3, STM32MP251CAL3, STM32MP251DAI3, STM32MP251DAJ3, STM32MP251DAK3, STM32MP251DAL3, STM32MP251FAI3, STM32MP251FAJ3, STM32MP251FAK3, STM32MP251FAL3, STM32MP253AAI3, STM32MP253AAJ3, STM32MP253AAK3, STM32MP253AAL3, STM32MP253CAI3, STM32MP253CAJ3, STM32MP253CAK3, STM32MP253CAL3, STM32MP253DAI3, STM32MP253DAJ3, STM32MP253DAK3, STM32MP253DAL3, STM32MP253FAI3, STM32MP253FAJ3, STM32MP253FAK3, STM32MP253FAL3, STM32MP255AAI3, STM32MP255AAJ3, STM32MP255AAK3, STM32MP255AAL3, STM32MP255CAI3, STM32MP255CAJ3, STM32MP255CAK3, STM32MP255CAL3, STM32MP255DAI3, STM32MP255DAJ3, STM32MP255DAK3, STM32MP255DAL3, STM32MP255FAI3, STM32MP255FAJ3, STM32MP255FAK3, STM32MP255FAL3, STM32MP257AAI3, STM32MP257AAJ3, STM32MP257AAK3, STM32MP257AAL3, STM32MP257CAI3, STM32MP257CAJ3, STM32MP257CAK3, STM32MP257CAL3, STM32MP257DAI3, STM32MP257DAJ3, STM32MP257DAK3, STM32MP257DAL3, STM32MP257F-DK, STM32MP257F-EV1, STM32MP257FAI3, STM32MP257FAJ3, STM32MP257FAK3, STM32MP257FAL3, STM32N645A0H3Q, STM32N645B0H3Q, STM32N645I0H3Q, STM32N645L0H3Q, STM32N645X0H3Q, STM32N645Z0H3Q, STM32N647A0H3Q, STM32N647B0H3Q, STM32N647I0H3Q, STM32N647L0H3Q, STM32N647X0H3Q, STM32N647Z0H3Q, STM32N655A0H3Q, STM32N655B0H3Q, STM32N655I0H3Q, STM32N655L0H3Q, STM32N655X0H3Q, STM32N655Z0H3Q, STM32N6570-DK, STM32N657A0H3Q, STM32N657B0H3Q, STM32N657I0H3Q, STM32N657L0H3Q, STM32N657X0H3Q, STM32N657Z0H3Q, STM32U031C6T6, STM32U031C6U6, STM32U031C8T6, STM32U031C8U6, STM32U031F4P6, STM32U031F6P6, STM32U031F8P6, STM32U031G6Y6TR, STM32U031G8Y6TR, STM32U031K4U6, STM32U031K6U6, STM32U031K8U6, STM32U031R6I6, STM32U031R6T6, STM32U031R8I6, STM32U031R8T6, STM32U073C8T6, STM32U073C8U6, STM32U073CBT6, STM32U073CBU6, STM32U073CCT6, STM32U073CCU6, STM32U073H8Y6TR, STM32U073HBY6TR, STM32U073HCY6TR, STM32U073K8U6, STM32U073KBU6, STM32U073KCU6, STM32U073M8I6, STM32U073M8T6, STM32U073MBI6, STM32U073MBT6, STM32U073MCI6, STM32U073MCT6, STM32U073R8I6, STM32U073R8T6, STM32U073RBI6, STM32U073RBT6, STM32U073RCI6, STM32U073RCT6, STM32U083C-DK, STM32U083CCT6, STM32U083CCU6, STM32U083HCY6TR, STM32U083KCU6, STM32U083MCI6, STM32U083MCT6, STM32U083RCI6, STM32U083RCT6, STM32U375CET6, STM32U375CET6Q, STM32U375CEU6, STM32U375CEU6Q, STM32U375CEY6QTR, STM32U375CGT6, STM32U375CGT6Q, STM32U375CGU6, STM32U375CGU6Q, STM32U375CGY6QTR, STM32U375KEU6, STM32U375KGU6, STM32U375REI6, STM32U375REI6Q, STM32U375RET6, STM32U375RET6Q, STM32U375REY6GTR, STM32U375REY6QTR, STM32U375RGI6, STM32U375RGI6Q, STM32U375RGT6, STM32U375RGT6Q, STM32U375RGY6GTR, STM32U375RGY6QTR, STM32U375VEI6, STM32U375VEI6Q, STM32U375VET6, STM32U375VET6Q, STM32U375VGI6, STM32U375VGI6Q, STM32U375VGT6, STM32U375VGT6Q, STM32U385CGT6, STM32U385CGT6Q, STM32U385CGU6, STM32U385CGU6Q, STM32U385CGY6QTR, STM32U385KGU6, STM32U385RGI6, STM32U385RGI6Q, STM32U385RGT6, STM32U385RGT6Q, STM32U385RGY6GTR, STM32U385RGY6QTR, STM32U385VGI6, STM32U385VGI6Q, STM32U385VGT6, STM32U385VGT6Q, STM32U535CBT6, STM32U535CBT6Q, STM32U535CBU6, STM32U535CBU6Q, STM32U535CCT6, STM32U535CCT6Q, STM32U535CCU6, STM32U535CCU6Q, STM32U535CET6, STM32U535CET6Q, STM32U535CEU6, STM32U535CEU6Q, STM32U535JEY6QTR, STM32U535NCY6QTR, STM32U535NEY6QTR, STM32U535RBI6, STM32U535RBI6Q, STM32U535RBT6, STM32U535RBT6Q, STM32U535RCI6, STM32U535RCI6Q, STM32U535RCT6, STM32U535RCT6Q, STM32U535REI6, STM32U535REI6Q, STM32U535RET6, STM32U535RET6Q, STM32U535VCI6, STM32U535VCI6Q, STM32U535VCT6, STM32U535VCT6Q, STM32U535VEI6, STM32U535VEI6Q, STM32U535VET6, STM32U535VET6Q, STM32U545CET6, STM32U545CET6Q, STM32U545CEU6, STM32U545CEU6Q, STM32U545JEY6QTR, STM32U545NEY6QTR, STM32U545REI6, STM32U545REI6Q, STM32U545RET6, STM32U545RET6Q, STM32U545VEI6, STM32U545VEI6Q, STM32U545VET6, STM32U545VET6Q, STM32U595AIH6, STM32U595AIH6Q, STM32U595AJH6, STM32U595AJH6Q, STM32U595QII6, STM32U595QII6Q, STM32U595QJI6, STM32U595QJI6Q, STM32U595RIT6, STM32U595RIT6Q, STM32U595RJT6, STM32U595RJT6Q, STM32U595VIT6, STM32U595VIT6Q, STM32U595VJT6, STM32U595VJT6Q, STM32U595ZIT6, STM32U595ZIT6Q, STM32U595ZIY6QTR, STM32U595ZJT6, STM32U595ZJT6Q, STM32U595ZJY6QTR, STM32U599BJY6QTR, STM32U599NIH6Q, STM32U599NJH6Q, STM32U599VIT6Q, STM32U599VJT6, STM32U599VJT6Q, STM32U599ZIT6Q, STM32U599ZIY6QTR, STM32U599ZJT6Q, STM32U599ZJY6QTR, STM32U5A5AJH6, STM32U5A5AJH6Q, STM32U5A5QII3Q , STM32U5A5QJI6, STM32U5A5QJI6Q, STM32U5A5RJT6, STM32U5A5RJT6Q, STM32U5A5VJT6, STM32U5A5VJT6Q, STM32U5A5ZJT6, STM32U5A5ZJT6Q, STM32U5A5ZJY6QTR, STM32U5A9BJY6QTR, STM32U5A9J-DK, STM32U5A9NJH6Q, STM32U5A9VJT6Q, STM32U5A9ZJT6Q, STM32U5A9ZJY6QTR, STM32U5F7VIT6, STM32U5F7VIT6Q, STM32U5F7VJT6, STM32U5F7VJT6Q, STM32U5F9BJY6QTR, STM32U5F9NJH6Q, STM32U5F9VIT6Q, STM32U5F9VJT6Q, STM32U5F9ZIJ6QTR, STM32U5F9ZIT6Q, STM32U5F9ZJJ6QTR, STM32U5F9ZJT6Q, STM32U5G7VJT6, STM32U5G7VJT6Q, STM32U5G9BJY6QTR, STM32U5G9J-DK1, STM32U5G9J-DK2, STM32U5G9NJH6Q, STM32U5G9VJT6Q, STM32U5G9ZJJ6QTR, STM32U5G9ZJT6Q, STM32WB05KZV6TR, STM32WB05KZV7TR, STM32WB05TZF6TR, STM32WB05TZF7TR, STM32WB06CCF6TR, STM32WB06CCF7TR, STM32WB06CCV6TR, STM32WB06CCV7TR, STM32WB06KCV6TR, STM32WB06KCV7TR, STM32WB07CCF6TR, STM32WB07CCF7TR, STM32WB07CCV6TR, STM32WB07CCV7TR, STM32WB07KCV6TR, STM32WB07KCV7TR, STM32WB09KEV6TR, STM32WB09KEV7TR, STM32WB09TEF6TR, STM32WB09TEF7TR, STM32WB1MMCH6, STM32WBA50KGU6, STM32WBA50KGU6TR, STM32WBA52CEU6, STM32WBA52CEU6TR, STM32WBA52CEU7, STM32WBA52CEU7TR, STM32WBA52CGU6, STM32WBA52CGU6TR, STM32WBA52CGU6U, STM32WBA52CGU7, STM32WBA52CGU7TR, STM32WBA52KEU6, STM32WBA52KEU6TR, STM32WBA52KGU6, STM32WBA52KGU6TR, STM32WBA54CEU6, STM32WBA54CEU6TR, STM32WBA54CEU7, STM32WBA54CEU7TR, STM32WBA54CGU6, STM32WBA54CGU6TR, STM32WBA54CGU7, STM32WBA54CGU7TR, STM32WBA54KEU6, STM32WBA54KEU6TR, STM32WBA54KEU7, STM32WBA54KEU7TR, STM32WBA54KGU6, STM32WBA54KGU6TR, STM32WBA54KGU7, STM32WBA54KGU7TR, STM32WBA55CEU6, STM32WBA55CEU6TR, STM32WBA55CEU7, STM32WBA55CEU7TR, STM32WBA55CGU6, STM32WBA55CGU6TR, STM32WBA55CGU6U, STM32WBA55CGU7, STM32WBA55CGU7TR, STM32WBA55G-DK1, STM32WBA55HEF6, STM32WBA55HEF7, STM32WBA55HGF6, STM32WBA55HGF7, STM32WBA55UEI6, STM32WBA55UEI6TR, STM32WBA55UEI7, STM32WBA55UEI7TR, STM32WBA55UGI6, STM32WBA55UGI6TR, STM32WBA55UGI7, STM32WBA55UGI7TR, STM32WBA5MJGH6TR, STM32WBA62CGU6, STM32WBA62CIU6, STM32WBA62MGF6, STM32WBA62MIF6, STM32WBA62PGI6, STM32WBA62PII6, STM32WBA63CGU6, STM32WBA63CGU7, STM32WBA63CIU6, STM32WBA63CIU7, STM32WBA64CGU6, STM32WBA64CGU7, STM32WBA64CIU6, STM32WBA64CIU7, STM32WBA65CGU6, STM32WBA65CGU7, STM32WBA65CIU6, STM32WBA65CIU7, STM32WBA65I-DK1, STM32WBA65MGF6, STM32WBA65MGF7, STM32WBA65MIF6, STM32WBA65MIF7, STM32WBA65PGI6, STM32WBA65PGI7, STM32WBA65PII6, STM32WBA65PII7, STM32WBA65RGV6, STM32WBA65RGV7, STM32WBA65RIV6, STM32WBA65RIV7, STM32WL30K8V6, STM32WL30KBV6, STM32WL31C8V6, STM32WL31CBV6, STM32WL31K8V6, STM32WL31KBV6, STM32WL33C8V6, STM32WL33C8V6TR, STM32WL33C8V7, STM32WL33C8V7TR, STM32WL33CBV6, STM32WL33CBV6TR, STM32WL33CBV7, STM32WL33CBV7TR, STM32WL33CCV6, STM32WL33CCV6TR, STM32WL33CCV7, STM32WL33CCV7A, STM32WL33CCV7ATR, STM32WL33CCV7TR, STM32WL33K8V6, STM32WL33K8V6TR, STM32WL33K8V7, STM32WL33K8V7TR, STM32WL33KBV6, STM32WL33KBV6TR, STM32WL33KBV7, STM32WL33KBV7TR, STM32WL33KCV6, STM32WL33KCV6TR, STM32WL33KCV7, STM32WL33KCV7TR, STM32WL5MOCH6, STM32WL5MOCH6TR]
2026-03-04 14:24:05,019 [INFO] DbMcus:218 - Found 4918 MCUs, 4918 are supported
2026-03-04 14:24:05,020 [INFO] ApiDb:423 - Load user favorites file /home/vatcraft/.stm32cubeide/favorites.mcus.txt: 0 item(s)
2026-03-04 14:24:05,020 [INFO] ApiDb:427 - User favorites MCUs=[]
2026-03-04 14:24:05,020 [INFO] DbMcus:224 - Set 0 / 0 favorites MCUs
2026-03-04 14:24:06,959 [INFO] ApiDb:448 - Save user favorites file /home/vatcraft/.stm32cubeide/favorites.boards.txt: 0 item(s)
2026-03-04 14:24:06,959 [INFO] ApiDb:452 - User favorites Boards=[]
2026-03-04 14:24:06,960 [INFO] ApiDb:581 - Connected to CubeFinder SQLite database (/home/vatcraft/.stmcufinder/plugins/mcufinder/mcu/cube-finder-db.db)
2026-03-04 14:24:07,030 [INFO] ApiDb:668 - CubeFinder database Data Model version=2.1
2026-03-04 14:24:07,030 [INFO] ApiDb:669 - CubeFinder database Configuration version=3.0.42
2026-03-04 14:24:07,030 [INFO] ApiDb:670 - CubeFinder database generation date=2026-02-13 (1770995876)
2026-03-04 14:24:07,030 [INFO] ApiDb:671 - CubeFinder database FW Pack versions=[FP-ATR-ASTRA1_V2.0.0, FP-SNS-FLIGHT1_V5.1.0, FP-SNS-MOTENV1_V5.1.0, FP-SNS-MOTENVWB1_V1.4.0, FP-SNS-SMARTAG2_V1.2.0, FP-SNS-STBOX1_V2.1.0, STM32Cube_FW_C0_V1.4.0, STM32Cube_FW_F4_V1.28.3, STM32Cube_FW_F7_V1.17.4, STM32Cube_FW_G0_V1.6.2, STM32Cube_FW_G4_V1.6.1, STM32Cube_FW_H5_V1.6.0, STM32Cube_FW_H7RS_V1.3.0, STM32Cube_FW_H7_V1.13.0, STM32Cube_FW_L0_V1.12.2, STM32Cube_FW_L4_V1.18.2, STM32Cube_FW_L5_V1.6.0, STM32Cube_FW_N6_V1.3.0, STM32Cube_FW_U0_V1.3.0, STM32Cube_FW_U3_V1.3.0, STM32Cube_FW_U5_V1.8.0, STM32Cube_FW_WB0_V1.4.0, STM32Cube_FW_WBA_V1.9.0, STM32Cube_FW_WB_V1.24.0, STM32Cube_FW_WL3_V1.4.0, STM32Cube_FW_WL_V1.5.0, X-CUBE-ALGOBUILD_V1.4.0, X-CUBE-ALS_V1.0.2, X-CUBE-AZRTOS-F4_V1.1.0, X-CUBE-AZRTOS-F7_V1.1.0, X-CUBE-AZRTOS-G0_V1.1.0, X-CUBE-AZRTOS-G4_V2.0.0, X-CUBE-AZRTOS-H7RS_V1.1.0, X-CUBE-AZRTOS-H7_V3.4.0, X-CUBE-AZRTOS-L4_V2.0.0, X-CUBE-AZRTOS-L5_V2.0.0, X-CUBE-AZRTOS-WB_V2.0.0, X-CUBE-AZRTOS-WL_V2.0.0, X-CUBE-BLE1_V7.1.0, X-CUBE-BLE2_V3.3.0, X-CUBE-BLEMGR_V4.1.0, X-CUBE-EEPRMA1_V5.2.0, X-CUBE-FREERTOS_V1.3.1, X-CUBE-GNSS1_V6.0.0, X-CUBE-MEMS1_V12.0.0, X-CUBE-NFC4_V3.0.0, X-CUBE-NFC7_V2.0.0, X-CUBE-SFXS2LP1_V4.0.0, X-CUBE-ST67W61_V1.1.0, X-CUBE-SUBG2_V5.0.0, X-CUBE-TOF1_V3.4.3]
2026-03-04 14:24:07,083 [INFO] DbBoardsSqlite:226 - include board P-NUCLEO-WB55-NUCLEO as a kit item of type 'Nucleo-64'
2026-03-04 14:24:07,084 [INFO] DbBoardsSqlite:226 - include board P-NUCLEO-WB55-USBDONGLE as a kit item of type 'Nucleo USB Dongle'
2026-03-04 14:24:07,084 [INFO] DbBoardsSqlite:226 - include board STEVAL-IDP005V1 as a kit item of type 'Evaluation Board'
2026-03-04 14:24:07,084 [INFO] DbBoardsSqlite:226 - include board STEVAL-IDP005V2 as a kit item of type 'Evaluation Board'
2026-03-04 14:24:07,142 [INFO] ApiDb:240 - Found 895 in-development CPN: [B-G473E-ZEST1S, B-WB1M-WPAN1, B-WBA5M-WPAN, B-WL5M-SUBG1, NUCLEO-C031C6, NUCLEO-C051C8, NUCLEO-C071RB, NUCLEO-C092RC, NUCLEO-H503RB, NUCLEO-H533RE, NUCLEO-H563ZI, NUCLEO-H7S3L8, NUCLEO-N657X0-Q, NUCLEO-U031R8, NUCLEO-U083RC, NUCLEO-U385RG-Q, NUCLEO-U545RE-Q, NUCLEO-U5A5ZJ-Q, NUCLEO-WB05KZ, NUCLEO-WB07CC, NUCLEO-WB09KE, NUCLEO-WBA52CG, NUCLEO-WBA55CG, NUCLEO-WBA65RI, NUCLEO-WL33CC1, NUCLEO-WL33CC2, STEVAL-PROTEUS1, STEVAL-SMARTAG2, STEVAL-STWINBX1, STM320518-EVAL, STM32C0116-DK, STM32C011D6Y3TR, STM32C011D6Y6TR, STM32C011F4P3, STM32C011F4P6, STM32C011F4U3, STM32C011F4U6TR, STM32C011F6P3, STM32C011F6P6, STM32C011F6U3, STM32C011F6U6TR, STM32C011J4M3, STM32C011J4M6, STM32C011J6M3, STM32C011J6M6, STM32C0316-DK, STM32C031C4T3, STM32C031C4T6, STM32C031C4U3, STM32C031C4U6, STM32C031C6T3, STM32C031C6T6, STM32C031C6U3, STM32C031C6U6, STM32C031F4P3, STM32C031F4P6, STM32C031F6P3, STM32C031F6P6, STM32C031G4U3, STM32C031G4U6, STM32C031G6U3, STM32C031G6U6, STM32C031K4T3, STM32C031K4T6, STM32C031K4U3, STM32C031K4U6, STM32C031K6T3, STM32C031K6T6, STM32C031K6U3, STM32C031K6U6, STM32C051C6T6, STM32C051C6U6, STM32C051C8T6, STM32C051C8U6, STM32C051D8Y6TR, STM32C051F6P6, STM32C051F8P6, STM32C051G6U6, STM32C051G8U6, STM32C051K6T6, STM32C051K6U6, STM32C051K8T6, STM32C071C8T6, STM32C071C8T6N, STM32C071C8U6, STM32C071C8U6N, STM32C071CBT6, STM32C071CBT6N, STM32C071CBU6, STM32C071CBU6N, STM32C071F8P6, STM32C071F8P6N, STM32C071FBP6, STM32C071FBP6N, STM32C071FBY6TR, STM32C071G8U6, STM32C071G8U6N, STM32C071GBU6, STM32C071GBU6N, STM32C071K8T6, STM32C071K8T6N, STM32C071K8U6, STM32C071K8U6N, STM32C071KBT6, STM32C071KBT6N, STM32C071KBU6, STM32C071KBU6N, STM32C071R8T6, STM32C071R8T6N, STM32C071RBI6N, STM32C071RBT6, STM32C071RBT6N, STM32C091CBT6, STM32C091CBU6, STM32C091CCT6, STM32C091CCU6, STM32C091ECY6TR, STM32C091FBP6, STM32C091FCP6, STM32C091GBU6, STM32C091GCU6, STM32C091KBT6, STM32C091KBU6, STM32C091KCT6, STM32C091KCU6, STM32C091RBT6, STM32C091RCI6, STM32C091RCT6, STM32C092CBT6, STM32C092CBU6, STM32C092CCT6, STM32C092CCU6, STM32C092ECY6TR, STM32C092FBP6, STM32C092FCP6, STM32C092GBU6, STM32C092GCU6, STM32C092KBT6, STM32C092KBU6, STM32C092KCT6, STM32C092KCU6, STM32C092RBT6, STM32C092RCI6, STM32C092RCT6, STM32G071K8TXN, STM32G071K8UXN, STM32G081GBU6N, STM32G081KBT6N, STM32G081KBUXN, STM32G0B1CCT6N, STM32G0B1KCT6, STM32G0B1NEY6TR, STM32G0B1RCT6N, STM32G0C1CCT6, STM32G0C1CCT6N, STM32G0C1CCU6N, STM32G0C1CET6N, STM32G0C1CEU6N, STM32G0C1KCT6, STM32G0C1NEY6TR, STM32G0C1RCI6N, STM32G0C1RCT6N, STM32G0C1REI6N, STM32G0C1RET6N, STM32G0C1VCI6, STM32G0C1VEI6, STM32G411C6T3, STM32G411C6T6, STM32G411C6U3, STM32G411C6U6, STM32G411C8T3, STM32G411C8T6, STM32G411C8U3, STM32G411C8U6, STM32G411CBT3, STM32G411CBT6, STM32G411CBU3, STM32G411CBU6, STM32G411CCT3, STM32G411CCT6, STM32G411CCU3, STM32G411CCU6, STM32G411K6T3, STM32G411K6T6, STM32G411K6U3, STM32G411K6U6, STM32G411K8T3, STM32G411K8T6, STM32G411K8U3, STM32G411K8U6, STM32G411KBT3, STM32G411KBT6, STM32G411KBU3, STM32G411KBU6, STM32G411M6T3, STM32G411M6T6, STM32G411M8T3, STM32G411M8T6, STM32G411MBT3, STM32G411MBT6, STM32G411MCT3, STM32G411MCT6, STM32G411R6T3, STM32G411R6T6, STM32G411R8T3, STM32G411R8T6, STM32G411RBT3, STM32G411RBT6, STM32G411RCT3, STM32G411RCT6, STM32G414CBT3, STM32G414CBT6, STM32G414CBU3, STM32G414CBU6, STM32G414CCT3, STM32G414CCT6, STM32G414CCU3, STM32G414CCU6, STM32G414MBT3, STM32G414MBT6, STM32G414MCT3, STM32G414MCT6, STM32G414RBT3, STM32G414RBT6, STM32G414RCT3, STM32G414RCT6, STM32G414VBT3, STM32G414VBT6, STM32G414VCT3, STM32G414VCT6, STM32G431CBT3Z, STM32G431RBT3Z, STM32G471CCT6, STM32G471CCU6, STM32G471CET3, STM32G471CET6, STM32G471CEU3, STM32G471CEU6, STM32G471MCT6, STM32G471MET3, STM32G471MET6, STM32G471MEY6TR, STM32G471QCT6, STM32G471QET3, STM32G471RCT6, STM32G471RET3, STM32G471RET6, STM32G471VCH6, STM32G471VCI6, STM32G471VCT6, STM32G471VEH3, STM32G471VEH6, STM32G471VEI3, STM32G471VEI6, STM32G471VET3, STM32G471VET6, STM32G473QET3Z, STM32G473RET3Z, STM32G474CCT6, STM32G491RET3Z, STM32H503CBT6, STM32H503CBU6, STM32H503EBY6TR, STM32H503KBU6, STM32H503RBT6, STM32H523CCT6, STM32H523CCU6, STM32H523CET6, STM32H523CEU6, STM32H523HEY6TR, STM32H523RCT6, STM32H523RET6, STM32H523VCI6, STM32H523VCT6, STM32H523VEI6, STM32H523VET6, STM32H523ZCJ6, STM32H523ZCT6, STM32H523ZEJ6, STM32H523ZET6, STM32H533CET6, STM32H533CEU6, STM32H533HEY6TR, STM32H533RET6, STM32H533VEI6, STM32H533VET6, STM32H533ZEJ6, STM32H533ZET6, STM32H562AGI6, STM32H562AII6, STM32H562IGK6, STM32H562IGT6, STM32H562IIK6, STM32H562IIT6, STM32H562RGT6, STM32H562RGV6, STM32H562RIT6, STM32H562RIV6, STM32H562VGT6, STM32H562VIT6, STM32H562ZGT6, STM32H562ZIT6, STM32H563AGI6, STM32H563AII3Q, STM32H563AII6, STM32H563IGK6, STM32H563IGT6, STM32H563IIK3Q, STM32H563IIK6, STM32H563IIT3Q, STM32H563IIT6, STM32H563MIY3QTR, STM32H563RGT6, STM32H563RGV6, STM32H563RIT6, STM32H563RIV6, STM32H563VGT6, STM32H563VIT3Q, STM32H563VIT6, STM32H563ZGT6, STM32H563ZIT3Q, STM32H563ZIT6, STM32H573AII3Q, STM32H573AII6, STM32H573I-DK, STM32H573IIK3Q, STM32H573IIK6, STM32H573IIT3Q, STM32H573IIT6, STM32H573MIY3QTR, STM32H573RIT6, STM32H573RIV6, STM32H573VIT3Q, STM32H573VIT6, STM32H573ZIT3Q, STM32H573ZIT6, STM32H7R3A8I6, STM32H7R3I8K6, STM32H7R3I8T6, STM32H7R3L8H6, STM32H7R3L8H6H, STM32H7R3R8V6, STM32H7R3V8H6, STM32H7R3V8T6, STM32H7R3V8Y6TR, STM32H7R3Z8J6, STM32H7R3Z8T6, STM32H7R7A8I6, STM32H7R7I8K6, STM32H7R7I8T6, STM32H7R7L8H6, STM32H7R7L8H6H, STM32H7R7Z8J6, STM32H7S3A8I6, STM32H7S3I8K6, STM32H7S3I8T6, STM32H7S3L8H6, STM32H7S3L8H6H, STM32H7S3R8V6, STM32H7S3V8H6, STM32H7S3V8T6, STM32H7S3V8Y6TR, STM32H7S3Z8J6, STM32H7S3Z8T6, STM32H7S78-DK, STM32H7S7A8I6, STM32H7S7I8K6, STM32H7S7I8T6, STM32H7S7L8H6, STM32H7S7L8H6H, STM32H7S7Z8J6, STM32L4R5QGI6STR, STM32MP131AAE3, STM32MP131AAF3, STM32MP131AAG3, STM32MP131CAE3, STM32MP131CAF3, STM32MP131CAG3, STM32MP131DAE7, STM32MP131DAF7, STM32MP131DAG7, STM32MP131FAE7, STM32MP131FAF7, STM32MP131FAG7, STM32MP133AAE3, STM32MP133AAF3, STM32MP133AAG3, STM32MP133CAE3, STM32MP133CAF3, STM32MP133CAG3, STM32MP133DAE7, STM32MP133DAF7, STM32MP133DAG7, STM32MP133FAE7, STM32MP133FAF7, STM32MP133FAG7, STM32MP135AAE3, STM32MP135AAF3, STM32MP135AAG3, STM32MP135CAE3, STM32MP135CAF3, STM32MP135CAG3, STM32MP135DAE7, STM32MP135DAF7, STM32MP135DAG7, STM32MP135F-DK, STM32MP135FAE7, STM32MP135FAF7, STM32MP135FAF7T, STM32MP135FAF7U, STM32MP135FAG7, STM32MP231AAJ3, STM32MP231AAK3, STM32MP231AAL3, STM32MP231CAJ3, STM32MP231CAK3, STM32MP231CAL3, STM32MP231DAJ3, STM32MP231DAK3, STM32MP231DAL3, STM32MP231FAJ3, STM32MP231FAK3, STM32MP231FAL3, STM32MP233AAJ3, STM32MP233AAK3, STM32MP233AAL3, STM32MP233CAJ3, STM32MP233CAK3, STM32MP233CAL3, STM32MP233DAJ3, STM32MP233DAK3, STM32MP233DAL3, STM32MP233FAJ3, STM32MP233FAK3, STM32MP233FAL3, STM32MP235AAJ3, STM32MP235AAK3, STM32MP235AAL3, STM32MP235CAJ3, STM32MP235CAK3, STM32MP235CAL3, STM32MP235DAJ3, STM32MP235DAK3, STM32MP235DAL3, STM32MP235FAJ3, STM32MP235FAK3, STM32MP235FAL3, STM32MP251AAI3, STM32MP251AAJ3, STM32MP251AAK3, STM32MP251AAL3, STM32MP251CAI3, STM32MP251CAJ3, STM32MP251CAK3, STM32MP251CAL3, STM32MP251DAI3, STM32MP251DAJ3, STM32MP251DAK3, STM32MP251DAL3, STM32MP251FAI3, STM32MP251FAJ3, STM32MP251FAK3, STM32MP251FAL3, STM32MP253AAI3, STM32MP253AAJ3, STM32MP253AAK3, STM32MP253AAL3, STM32MP253CAI3, STM32MP253CAJ3, STM32MP253CAK3, STM32MP253CAL3, STM32MP253DAI3, STM32MP253DAJ3, STM32MP253DAK3, STM32MP253DAL3, STM32MP253FAI3, STM32MP253FAJ3, STM32MP253FAK3, STM32MP253FAL3, STM32MP255AAI3, STM32MP255AAJ3, STM32MP255AAK3, STM32MP255AAL3, STM32MP255CAI3, STM32MP255CAJ3, STM32MP255CAK3, STM32MP255CAL3, STM32MP255DAI3, STM32MP255DAJ3, STM32MP255DAK3, STM32MP255DAL3, STM32MP255FAI3, STM32MP255FAJ3, STM32MP255FAK3, STM32MP255FAL3, STM32MP257AAI3, STM32MP257AAJ3, STM32MP257AAK3, STM32MP257AAL3, STM32MP257CAI3, STM32MP257CAJ3, STM32MP257CAK3, STM32MP257CAL3, STM32MP257DAI3, STM32MP257DAJ3, STM32MP257DAK3, STM32MP257DAL3, STM32MP257F-DK, STM32MP257F-EV1, STM32MP257FAI3, STM32MP257FAJ3, STM32MP257FAK3, STM32MP257FAL3, STM32N645A0H3Q, STM32N645B0H3Q, STM32N645I0H3Q, STM32N645L0H3Q, STM32N645X0H3Q, STM32N645Z0H3Q, STM32N647A0H3Q, STM32N647B0H3Q, STM32N647I0H3Q, STM32N647L0H3Q, STM32N647X0H3Q, STM32N647Z0H3Q, STM32N655A0H3Q, STM32N655B0H3Q, STM32N655I0H3Q, STM32N655L0H3Q, STM32N655X0H3Q, STM32N655Z0H3Q, STM32N6570-DK, STM32N657A0H3Q, STM32N657B0H3Q, STM32N657I0H3Q, STM32N657L0H3Q, STM32N657X0H3Q, STM32N657Z0H3Q, STM32U031C6T6, STM32U031C6U6, STM32U031C8T6, STM32U031C8U6, STM32U031F4P6, STM32U031F6P6, STM32U031F8P6, STM32U031G6Y6TR, STM32U031G8Y6TR, STM32U031K4U6, STM32U031K6U6, STM32U031K8U6, STM32U031R6I6, STM32U031R6T6, STM32U031R8I6, STM32U031R8T6, STM32U073C8T6, STM32U073C8U6, STM32U073CBT6, STM32U073CBU6, STM32U073CCT6, STM32U073CCU6, STM32U073H8Y6TR, STM32U073HBY6TR, STM32U073HCY6TR, STM32U073K8U6, STM32U073KBU6, STM32U073KCU6, STM32U073M8I6, STM32U073M8T6, STM32U073MBI6, STM32U073MBT6, STM32U073MCI6, STM32U073MCT6, STM32U073R8I6, STM32U073R8T6, STM32U073RBI6, STM32U073RBT6, STM32U073RCI6, STM32U073RCT6, STM32U083C-DK, STM32U083CCT6, STM32U083CCU6, STM32U083HCY6TR, STM32U083KCU6, STM32U083MCI6, STM32U083MCT6, STM32U083RCI6, STM32U083RCT6, STM32U375CET6, STM32U375CET6Q, STM32U375CEU6, STM32U375CEU6Q, STM32U375CEY6QTR, STM32U375CGT6, STM32U375CGT6Q, STM32U375CGU6, STM32U375CGU6Q, STM32U375CGY6QTR, STM32U375KEU6, STM32U375KGU6, STM32U375REI6, STM32U375REI6Q, STM32U375RET6, STM32U375RET6Q, STM32U375REY6GTR, STM32U375REY6QTR, STM32U375RGI6, STM32U375RGI6Q, STM32U375RGT6, STM32U375RGT6Q, STM32U375RGY6GTR, STM32U375RGY6QTR, STM32U375VEI6, STM32U375VEI6Q, STM32U375VET6, STM32U375VET6Q, STM32U375VGI6, STM32U375VGI6Q, STM32U375VGT6, STM32U375VGT6Q, STM32U385CGT6, STM32U385CGT6Q, STM32U385CGU6, STM32U385CGU6Q, STM32U385CGY6QTR, STM32U385KGU6, STM32U385RGI6, STM32U385RGI6Q, STM32U385RGT6, STM32U385RGT6Q, STM32U385RGY6GTR, STM32U385RGY6QTR, STM32U385VGI6, STM32U385VGI6Q, STM32U385VGT6, STM32U385VGT6Q, STM32U535CBT6, STM32U535CBT6Q, STM32U535CBU6, STM32U535CBU6Q, STM32U535CCT6, STM32U535CCT6Q, STM32U535CCU6, STM32U535CCU6Q, STM32U535CET6, STM32U535CET6Q, STM32U535CEU6, STM32U535CEU6Q, STM32U535JEY6QTR, STM32U535NCY6QTR, STM32U535NEY6QTR, STM32U535RBI6, STM32U535RBI6Q, STM32U535RBT6, STM32U535RBT6Q, STM32U535RCI6, STM32U535RCI6Q, STM32U535RCT6, STM32U535RCT6Q, STM32U535REI6, STM32U535REI6Q, STM32U535RET6, STM32U535RET6Q, STM32U535VCI6, STM32U535VCI6Q, STM32U535VCT6, STM32U535VCT6Q, STM32U535VEI6, STM32U535VEI6Q, STM32U535VET6, STM32U535VET6Q, STM32U545CET6, STM32U545CET6Q, STM32U545CEU6, STM32U545CEU6Q, STM32U545JEY6QTR, STM32U545NEY6QTR, STM32U545REI6, STM32U545REI6Q, STM32U545RET6, STM32U545RET6Q, STM32U545VEI6, STM32U545VEI6Q, STM32U545VET6, STM32U545VET6Q, STM32U595AIH6, STM32U595AIH6Q, STM32U595AJH6, STM32U595AJH6Q, STM32U595QII6, STM32U595QII6Q, STM32U595QJI6, STM32U595QJI6Q, STM32U595RIT6, STM32U595RIT6Q, STM32U595RJT6, STM32U595RJT6Q, STM32U595VIT6, STM32U595VIT6Q, STM32U595VJT6, STM32U595VJT6Q, STM32U595ZIT6, STM32U595ZIT6Q, STM32U595ZIY6QTR, STM32U595ZJT6, STM32U595ZJT6Q, STM32U595ZJY6QTR, STM32U599BJY6QTR, STM32U599NIH6Q, STM32U599NJH6Q, STM32U599VIT6Q, STM32U599VJT6, STM32U599VJT6Q, STM32U599ZIT6Q, STM32U599ZIY6QTR, STM32U599ZJT6Q, STM32U599ZJY6QTR, STM32U5A5AJH6, STM32U5A5AJH6Q, STM32U5A5QII3Q , STM32U5A5QJI6, STM32U5A5QJI6Q, STM32U5A5RJT6, STM32U5A5RJT6Q, STM32U5A5VJT6, STM32U5A5VJT6Q, STM32U5A5ZJT6, STM32U5A5ZJT6Q, STM32U5A5ZJY6QTR, STM32U5A9BJY6QTR, STM32U5A9J-DK, STM32U5A9NJH6Q, STM32U5A9VJT6Q, STM32U5A9ZJT6Q, STM32U5A9ZJY6QTR, STM32U5F7VIT6, STM32U5F7VIT6Q, STM32U5F7VJT6, STM32U5F7VJT6Q, STM32U5F9BJY6QTR, STM32U5F9NJH6Q, STM32U5F9VIT6Q, STM32U5F9VJT6Q, STM32U5F9ZIJ6QTR, STM32U5F9ZIT6Q, STM32U5F9ZJJ6QTR, STM32U5F9ZJT6Q, STM32U5G7VJT6, STM32U5G7VJT6Q, STM32U5G9BJY6QTR, STM32U5G9J-DK1, STM32U5G9J-DK2, STM32U5G9NJH6Q, STM32U5G9VJT6Q, STM32U5G9ZJJ6QTR, STM32U5G9ZJT6Q, STM32WB05KZV6TR, STM32WB05KZV7TR, STM32WB05TZF6TR, STM32WB05TZF7TR, STM32WB06CCF6TR, STM32WB06CCF7TR, STM32WB06CCV6TR, STM32WB06CCV7TR, STM32WB06KCV6TR, STM32WB06KCV7TR, STM32WB07CCF6TR, STM32WB07CCF7TR, STM32WB07CCV6TR, STM32WB07CCV7TR, STM32WB07KCV6TR, STM32WB07KCV7TR, STM32WB09KEV6TR, STM32WB09KEV7TR, STM32WB09TEF6TR, STM32WB09TEF7TR, STM32WB1MMCH6, STM32WBA50KGU6, STM32WBA50KGU6TR, STM32WBA52CEU6, STM32WBA52CEU6TR, STM32WBA52CEU7, STM32WBA52CEU7TR, STM32WBA52CGU6, STM32WBA52CGU6TR, STM32WBA52CGU6U, STM32WBA52CGU7, STM32WBA52CGU7TR, STM32WBA52KEU6, STM32WBA52KEU6TR, STM32WBA52KGU6, STM32WBA52KGU6TR, STM32WBA54CEU6, STM32WBA54CEU6TR, STM32WBA54CEU7, STM32WBA54CEU7TR, STM32WBA54CGU6, STM32WBA54CGU6TR, STM32WBA54CGU7, STM32WBA54CGU7TR, STM32WBA54KEU6, STM32WBA54KEU6TR, STM32WBA54KEU7, STM32WBA54KEU7TR, STM32WBA54KGU6, STM32WBA54KGU6TR, STM32WBA54KGU7, STM32WBA54KGU7TR, STM32WBA55CEU6, STM32WBA55CEU6TR, STM32WBA55CEU7, STM32WBA55CEU7TR, STM32WBA55CGU6, STM32WBA55CGU6TR, STM32WBA55CGU6U, STM32WBA55CGU7, STM32WBA55CGU7TR, STM32WBA55G-DK1, STM32WBA55HEF6, STM32WBA55HEF7, STM32WBA55HGF6, STM32WBA55HGF7, STM32WBA55UEI6, STM32WBA55UEI6TR, STM32WBA55UEI7, STM32WBA55UEI7TR, STM32WBA55UGI6, STM32WBA55UGI6TR, STM32WBA55UGI7, STM32WBA55UGI7TR, STM32WBA5MJGH6TR, STM32WBA62CGU6, STM32WBA62CIU6, STM32WBA62MGF6, STM32WBA62MIF6, STM32WBA62PGI6, STM32WBA62PII6, STM32WBA63CGU6, STM32WBA63CGU7, STM32WBA63CIU6, STM32WBA63CIU7, STM32WBA64CGU6, STM32WBA64CGU7, STM32WBA64CIU6, STM32WBA64CIU7, STM32WBA65CGU6, STM32WBA65CGU7, STM32WBA65CIU6, STM32WBA65CIU7, STM32WBA65I-DK1, STM32WBA65MGF6, STM32WBA65MGF7, STM32WBA65MIF6, STM32WBA65MIF7, STM32WBA65PGI6, STM32WBA65PGI7, STM32WBA65PII6, STM32WBA65PII7, STM32WBA65RGV6, STM32WBA65RGV7, STM32WBA65RIV6, STM32WBA65RIV7, STM32WL30K8V6, STM32WL30KBV6, STM32WL31C8V6, STM32WL31CBV6, STM32WL31K8V6, STM32WL31KBV6, STM32WL33C8V6, STM32WL33C8V6TR, STM32WL33C8V7, STM32WL33C8V7TR, STM32WL33CBV6, STM32WL33CBV6TR, STM32WL33CBV7, STM32WL33CBV7TR, STM32WL33CCV6, STM32WL33CCV6TR, STM32WL33CCV7, STM32WL33CCV7A, STM32WL33CCV7ATR, STM32WL33CCV7TR, STM32WL33K8V6, STM32WL33K8V6TR, STM32WL33K8V7, STM32WL33K8V7TR, STM32WL33KBV6, STM32WL33KBV6TR, STM32WL33KBV7, STM32WL33KBV7TR, STM32WL33KCV6, STM32WL33KCV6TR, STM32WL33KCV7, STM32WL33KCV7TR, STM32WL5MOCH6, STM32WL5MOCH6TR]
2026-03-04 14:24:07,305 [INFO] BoardInfo:889 - No configuration file found for board P-NUCLEO-WB55
2026-03-04 14:24:07,305 [INFO] DbBoards:161 - Kit is not supported: P-NUCLEO-WB55
2026-03-04 14:24:07,312 [INFO] BoardInfo:889 - No configuration file found for board STEVAL-BFA001V1B
2026-03-04 14:24:07,312 [INFO] DbBoards:161 - Kit is not supported: STEVAL-BFA001V1B
2026-03-04 14:24:07,314 [INFO] BoardInfo:889 - No configuration file found for board STEVAL-BFA001V2B
2026-03-04 14:24:07,314 [INFO] DbBoards:161 - Kit is not supported: STEVAL-BFA001V2B
2026-03-04 14:24:07,427 [INFO] BoardInfo:889 - No configuration file found for board STM32MP215F-DK
2026-03-04 14:24:07,427 [INFO] DbBoards:161 - Board is not supported: STM32MP215F-DK
2026-03-04 14:24:07,440 [INFO] DbBoards:168 - Found 212 boards, 208 are supported
2026-03-04 14:24:07,440 [INFO] DbBoards:169 - Found 212 boards, 43 of them is supported for  Bsp
2026-03-04 14:24:07,443 [INFO] ApiDb:423 - Load user favorites file /home/vatcraft/.stm32cubeide/favorites.boards.txt: 0 item(s)
2026-03-04 14:24:07,443 [INFO] ApiDb:427 - User favorites Boards=[]
2026-03-04 14:24:07,443 [INFO] DbBoards:198 - Set 0 / 0 favorites Boards
2026-03-04 14:24:08,294 [INFO] ServerAccessManage:473 - Download File 
2026-03-04 14:24:08,364 [INFO] LoadUrlFilesThread:185 - End of LoadServerUrlFiles without Thread
2026-03-04 14:24:08,365 [INFO] TargetSelectorAdapter:259 - Refresh data is successful
2026-03-04 14:24:08,375 [INFO] ApiDb:668 - CubeFinder database Data Model version=2.1
2026-03-04 14:24:08,375 [INFO] ApiDb:669 - CubeFinder database Configuration version=3.0.42
2026-03-04 14:24:08,376 [INFO] ApiDb:670 - CubeFinder database generation date=2026-02-13 (1770995876)
2026-03-04 14:24:08,376 [INFO] ApiDb:671 - CubeFinder database FW Pack versions=[FP-ATR-ASTRA1_V2.0.0, FP-SNS-FLIGHT1_V5.1.0, FP-SNS-MOTENV1_V5.1.0, FP-SNS-MOTENVWB1_V1.4.0, FP-SNS-SMARTAG2_V1.2.0, FP-SNS-STBOX1_V2.1.0, STM32Cube_FW_C0_V1.4.0, STM32Cube_FW_F4_V1.28.3, STM32Cube_FW_F7_V1.17.4, STM32Cube_FW_G0_V1.6.2, STM32Cube_FW_G4_V1.6.1, STM32Cube_FW_H5_V1.6.0, STM32Cube_FW_H7RS_V1.3.0, STM32Cube_FW_H7_V1.13.0, STM32Cube_FW_L0_V1.12.2, STM32Cube_FW_L4_V1.18.2, STM32Cube_FW_L5_V1.6.0, STM32Cube_FW_N6_V1.3.0, STM32Cube_FW_U0_V1.3.0, STM32Cube_FW_U3_V1.3.0, STM32Cube_FW_U5_V1.8.0, STM32Cube_FW_WB0_V1.4.0, STM32Cube_FW_WBA_V1.9.0, STM32Cube_FW_WB_V1.24.0, STM32Cube_FW_WL3_V1.4.0, STM32Cube_FW_WL_V1.5.0, X-CUBE-ALGOBUILD_V1.4.0, X-CUBE-ALS_V1.0.2, X-CUBE-AZRTOS-F4_V1.1.0, X-CUBE-AZRTOS-F7_V1.1.0, X-CUBE-AZRTOS-G0_V1.1.0, X-CUBE-AZRTOS-G4_V2.0.0, X-CUBE-AZRTOS-H7RS_V1.1.0, X-CUBE-AZRTOS-H7_V3.4.0, X-CUBE-AZRTOS-L4_V2.0.0, X-CUBE-AZRTOS-L5_V2.0.0, X-CUBE-AZRTOS-WB_V2.0.0, X-CUBE-AZRTOS-WL_V2.0.0, X-CUBE-BLE1_V7.1.0, X-CUBE-BLE2_V3.3.0, X-CUBE-BLEMGR_V4.1.0, X-CUBE-EEPRMA1_V5.2.0, X-CUBE-FREERTOS_V1.3.1, X-CUBE-GNSS1_V6.0.0, X-CUBE-MEMS1_V12.0.0, X-CUBE-NFC4_V3.0.0, X-CUBE-NFC7_V2.0.0, X-CUBE-SFXS2LP1_V4.0.0, X-CUBE-ST67W61_V1.1.0, X-CUBE-SUBG2_V5.0.0, X-CUBE-TOF1_V3.4.3]
2026-03-04 14:24:09,170 [ERROR] DbExamplesSqlite:437 - Missing JSON key: board_cpn
2026-03-04 14:24:09,170 [ERROR] DbExamplesSqlite:437 - Missing JSON key: board_cpn
2026-03-04 14:24:09,170 [ERROR] DbExamplesSqlite:437 - Missing JSON key: board_cpn
2026-03-04 14:24:09,170 [ERROR] DbExamplesSqlite:437 - Missing JSON key: board_cpn
2026-03-04 14:24:09,488 [ERROR] DbExamplesSqlite:437 - Missing JSON key: board_cpn
2026-03-04 14:24:09,489 [ERROR] DbExamplesSqlite:437 - Missing JSON key: board_cpn
2026-03-04 14:24:09,545 [INFO] DbExamplesSqlite:395 - Ignored 41 examples not supported by CubeIDE
2026-03-04 14:24:09,546 [INFO] DbExamplesSqlite:396 - Found 11202 examples active
2026-03-04 14:24:09,546 [INFO] DbExamplesSqlite:397 - Found 0 examples obsolete
2026-03-04 14:24:09,546 [INFO] DbExamplesSqlite:398 - Found 0 examples under development
2026-03-04 14:24:09,546 [INFO] DbExamplesSqlite:399 - Found 76 examples not building
2026-03-04 14:24:09,549 [INFO] DbExamples:125 - Found 11237 examples
2026-03-04 14:24:09,902 [ERROR] DbExamples:208 - Found 712 examples with invalid data (board or MCU)
2026-03-04 14:24:09,902 [INFO] DbExamples:222 - Found 134 boards with related examples
2026-03-04 14:24:09,904 [INFO] DbExamples:235 - Found 112 MCUs with related examples
2026-03-04 14:24:09,944 [INFO] ApiDb:414 - User favorites file not found: /home/vatcraft/.stm32cubeide/favorites.examples.txt
2026-03-04 14:24:09,944 [INFO] DbExamples:250 - Set 0 / 0 favorites Examples
2026-03-04 14:24:11,007 [INFO] McuFinderGlobals:76 - Set McuFinderConnectedMode to true
2026-03-04 14:24:11,008 [INFO] MultiScanPanel:200 - Auto-refresh data requested => check proxy status ongoing
2026-03-04 14:24:11,008 [INFO] FinderPluginLoader:95 - Searching for filters in installed packs
2026-03-04 14:24:11,803 [INFO] LoadUrlFilesThread:185 - End of LoadServerUrlFiles without Thread
2026-03-04 14:24:11,814 [INFO] DetailPanel:341 - Set advertising image to /home/vatcraft/STM32Cube/Repository//en.prom-stm32cubeaistudio-0226.png
2026-03-04 14:24:58,375 [INFO] MultiScanPanel:200 - Auto-refresh data requested => check proxy status ongoing
2026-03-04 14:24:58,559 [INFO] LoadUrlFilesThread:185 - End of LoadServerUrlFiles without Thread
2026-03-04 14:24:58,559 [INFO] DetailPanel:341 - Set advertising image to /home/vatcraft/STM32Cube/Repository//en.prom-stm32cubeaistudio-0226.png
2026-03-04 14:24:58,571 [INFO] DbBoards:642 - Loading board mini-images...
2026-03-04 14:25:00,866 [INFO] DbBoards:665 - Loaded 212 board mini-images
2026-03-04 14:28:31,144 [INFO] MainUpdater:2872 - connection check result : 10
2026-03-04 14:28:31,144 [INFO] MainUpdater:2872 - connection check result : 10
2026-03-04 14:28:31,163 [INFO] MicroXplorer:468 - Change Database Path : 
2026-03-04 14:28:31,163 [INFO] MicroXplorer:498 - Change Database Version : DB.6.0.141
2026-03-04 14:28:31,176 [WARN] ThirdParty:871 - waiting for thirdparty lock release [close project]
2026-03-04 14:28:31,176 [INFO] ThirdParty:873 - entering critical section [close project]
2026-03-04 14:28:31,178 [INFO] ThirdParty:883 - exiting critical section [close project]
2026-03-04 14:28:31,182 [INFO] PinOutPanel:1589 - setPackage(No Configuration,No Configuration)
2026-03-04 14:28:31,198 [INFO] UtilMem:75 - Begin LoadConfig() Used Memory: 923142400 Bytes (1073741824)
2026-03-04 14:28:31,206 [INFO] MicroXplorer:468 - Change Database Path : 
2026-03-04 14:28:31,207 [INFO] MicroXplorer:498 - Change Database Version : DB.6.0.141
2026-03-04 14:28:31,208 [INFO] OpenFileManager:354 - Change cursor
2026-03-04 14:28:31,246 [WARN] IntegrityCheckThread:84 - waiting for thirdparty lock release [integrity check]
2026-03-04 14:28:31,246 [INFO] IntegrityCheckThread:86 - entering critical section [integrity check]
2026-03-04 14:28:31,693 [WARN] PackLoader:240 - Cannot read IP mode file for STMicroelectronics.X-CUBE-AZRTOS-H7.3.5.0
2026-03-04 14:28:31,711 [WARN] PackLoader:240 - Cannot read IP mode file for STMicroelectronics.FP-ATR-ASTRA1.2.0.2
2026-03-04 14:28:31,715 [WARN] PackLoader:240 - Cannot read IP mode file for STMicroelectronics.X-CUBE-SMBUS.2.1.0
2026-03-04 14:28:31,755 [WARN] PackLoader:240 - Cannot read IP mode file for STMicroelectronics.X-CUBE-AZRTOS-F7.1.1.0
2026-03-04 14:28:31,764 [ERROR] Engine:466 - /home/vatcraft/.stm32cubemx/thirdparties/pdsc/STMicroelectronics.FP-SNS-MOTENV1.5.1.0.pdsc: PDSC version is not supported
2026-03-04 14:28:31,769 [ERROR] Engine:466 - /home/vatcraft/.stm32cubemx/thirdparties/pdsc/WES.I-CUBE-Cesium.1.4.0.pdsc: PDSC version is not supported
2026-03-04 14:28:31,780 [WARN] PackLoader:240 - Cannot read IP mode file for STMicroelectronics.X-CUBE-DISPLAY.3.0.0
2026-03-04 14:28:31,794 [ERROR] Engine:466 - /home/vatcraft/.stm32cubemx/thirdparties/pdsc/STMicroelectronics.FP-SNS-MOTENVWB1.1.5.0.pdsc: PDSC version is not supported
2026-03-04 14:28:31,802 [WARN] PackLoader:240 - Cannot read IP mode file for STMicroelectronics.X-CUBE-NFC10.1.0.0
2026-03-04 14:28:31,811 [WARN] PackLoader:240 - Cannot read IP mode file for STMicroelectronics.X-CUBE-ST60.1.1.0
2026-03-04 14:28:31,819 [WARN] PackLoader:240 - Cannot read IP mode file for emotas.I-CUBE-CANOPEN.1.3.0
2026-03-04 14:28:31,828 [WARN] PackLoader:240 - Cannot read IP mode file for STMicroelectronics.X-CUBE-GNSS1.7.1.0
2026-03-04 14:28:31,842 [ERROR] Engine:466 - /home/vatcraft/.stm32cubemx/thirdparties/pdsc/STMicroelectronics.FP-SNS-STBOX1.2.1.0.pdsc: PDSC version is not supported
2026-03-04 14:28:31,847 [WARN] PackLoader:240 - Cannot read IP mode file for STMicroelectronics.FP-SNS-SMARTAG2.1.2.0
2026-03-04 14:28:31,852 [WARN] PackLoader:240 - Cannot read IP mode file for STMicroelectronics.FP-SNS-FLIGHT1.5.1.0
2026-03-04 14:28:31,875 [INFO] LogOutputStream:77 - [STDOUT_REDIRECT] 1 : Invalid condition id : UX_CORESTACK_Condition cause : null
2026-03-04 14:28:31,876 [INFO] LogOutputStream:77 - [STDOUT_REDIRECT] 1 : Invalid condition id : UX_CORESTACK_Condition cause : null
2026-03-04 14:28:31,877 [INFO] LogOutputStream:77 - [STDOUT_REDIRECT] 1 : Invalid condition id : UX_CORESTACK_Condition cause : null
2026-03-04 14:28:31,877 [INFO] LogOutputStream:77 - [STDOUT_REDIRECT] 1 : Invalid condition id : UX_CORESTACK_Condition cause : null
2026-03-04 14:28:31,878 [INFO] LogOutputStream:77 - [STDOUT_REDIRECT] 1 : Invalid condition id : UX_CORESTACK_Condition cause : null
2026-03-04 14:28:31,881 [WARN] PackLoader:240 - Cannot read IP mode file for STMicroelectronics.X-CUBE-AZRTOS-WL.2.0.0
2026-03-04 14:28:31,915 [WARN] PackLoader:240 - Cannot read IP mode file for STMicroelectronics.X-CUBE-AZRTOS-H7RS.1.2.0
2026-03-04 14:28:31,921 [WARN] PackLoader:240 - Cannot read IP mode file for STMicroelectronics.X-CUBE-BLE2.3.3.0
2026-03-04 14:28:31,955 [WARN] PackLoader:240 - Cannot read IP mode file for Infineon.AIROC-Wi-Fi-Bluetooth-STM32.1.8.0
2026-03-04 14:28:31,975 [WARN] PackLoader:240 - Cannot read IP mode file for STMicroelectronics.X-CUBE-NFC9.1.0.0
2026-03-04 14:28:31,982 [WARN] PackLoader:240 - Cannot read IP mode file for STMicroelectronics.X-CUBE-BLE1.7.1.0
2026-03-04 14:28:31,986 [WARN] PackLoader:240 - Cannot read IP mode file for wolfSSL.I-CUBE-wolfMQTT.1.19.2
2026-03-04 14:28:31,993 [WARN] PackLoader:240 - Cannot read IP mode file for STMicroelectronics.X-CUBE-EEPRMA1.5.2.0
2026-03-04 14:28:32,000 [WARN] PackLoader:240 - Cannot read IP mode file for wolfSSL.I-CUBE-wolfSSL.5.8.4
2026-03-04 14:28:32,002 [WARN] PackLoader:240 - Cannot read IP mode file for Cesanta.I-CUBE-Mongoose.7.20.0
2026-03-04 14:28:32,053 [WARN] PackLoader:240 - Cannot read IP mode file for STMicroelectronics.X-CUBE-MEMS1.12.0.0
2026-03-04 14:28:32,315 [WARN] PackLoader:240 - Cannot read IP mode file for STMicroelectronics.X-CUBE-AZRTOS-G0.1.1.0
2026-03-04 14:28:32,321 [WARN] PackLoader:240 - Cannot read IP mode file for STMicroelectronics.X-CUBE-NFC4.3.0.0
2026-03-04 14:28:32,330 [WARN] PackLoader:240 - Cannot read IP mode file for EmbeddedOffice.I-CUBE-FS-RTOS.1.0.1
2026-03-04 14:28:32,337 [WARN] PackLoader:240 - Cannot read IP mode file for STMicroelectronics.X-CUBE-WB05N.2.0.0
2026-03-04 14:28:32,341 [WARN] PackLoader:240 - Cannot read IP mode file for wolfSSL.I-CUBE-wolfTPM.3.8.0
2026-03-04 14:28:32,349 [WARN] PackLoader:240 - Cannot read IP mode file for STMicroelectronics.X-CUBE-TCPP.4.2.0
2026-03-04 14:28:32,355 [WARN] PackLoader:240 - Cannot read IP mode file for RealThread.X-CUBE-RT-Thread_Nano.4.1.1
2026-03-04 14:28:32,360 [WARN] PackLoader:240 - Cannot read IP mode file for STMicroelectronics.FP-ATR-SIGFOX1.3.2.0
2026-03-04 14:28:32,364 [ERROR] Engine:466 - /home/vatcraft/.stm32cubemx/thirdparties/pdsc/STMicroelectronics.X-CUBE-FREERTOS.1.5.0.pdsc: PDSC version is not supported
2026-03-04 14:28:32,370 [WARN] PackLoader:240 - Cannot read IP mode file for ITTIA_DB.I-CUBE-ITTIADB.8.9.0
2026-03-04 14:28:32,377 [WARN] PackLoader:240 - Cannot read IP mode file for STMicroelectronics.X-CUBE-NFC6.3.2.0
2026-03-04 14:28:32,382 [WARN] PackLoader:240 - Cannot read IP mode file for STMicroelectronics.X-CUBE-AI.10.2.0
2026-03-04 14:28:32,414 [WARN] PackLoader:240 - Cannot read IP mode file for SEGGER.I-CUBE-embOS.1.3.1
2026-03-04 14:28:32,487 [WARN] PackLoader:240 - Cannot read IP mode file for STMicroelectronics.X-CUBE-ALGOBUILD.1.4.0
2026-03-04 14:28:32,493 [WARN] PackLoader:240 - Cannot read IP mode file for STMicroelectronics.X-CUBE-PM33A1.1.0.0
2026-03-04 14:28:32,517 [WARN] PackLoader:240 - Cannot read IP mode file for STMicroelectronics.X-CUBE-AZRTOS-F4.1.1.0
2026-03-04 14:28:32,523 [WARN] PackLoader:240 - Cannot read IP mode file for STMicroelectronics.X-CUBE-ISPU.2.1.0
2026-03-04 14:28:32,532 [ERROR] Engine:466 - /home/vatcraft/.stm32cubemx/thirdparties/pdsc/STMicroelectronics.X-CUBE-IPS.3.2.0.pdsc: PDSC version is not supported
2026-03-04 14:28:32,538 [WARN] PackLoader:240 - Cannot read IP mode file for STMicroelectronics.X-CUBE-NFC12.1.0.0
2026-03-04 14:28:32,563 [WARN] PackLoader:240 - Cannot read IP mode file for STMicroelectronics.X-CUBE-AZRTOS-L5.2.0.0
2026-03-04 14:28:32,569 [WARN] PackLoader:240 - Cannot read IP mode file for STMicroelectronics.X-CUBE-TOUCHGFX.4.26.1
2026-03-04 14:28:32,575 [WARN] PackLoader:240 - Cannot read IP mode file for STMicroelectronics.FP-SNS-STAIOTCFT.1.0.0
2026-03-04 14:28:32,579 [WARN] PackLoader:240 - Cannot read IP mode file for STMicroelectronics.X-CUBE-DPower.1.3.0
2026-03-04 14:28:32,601 [WARN] ConditionMgr:438 - getConditionDescription Invalid condition id : LAN8742 Phy interface Condition cause : null
2026-03-04 14:28:32,602 [WARN] PackLoader:240 - Cannot read IP mode file for STMicroelectronics.X-CUBE-AZRTOS-L4.2.0.0
2026-03-04 14:28:32,603 [WARN] ConditionMgr:1044 - genDependencies : Invalid condition id : LAN8742 Phy interface Condition cause : null
2026-03-04 14:28:32,603 [WARN] ConditionMgr:1044 - genDependencies : Invalid condition id : LAN8742 Phy interface Condition cause : null
2026-03-04 14:28:32,603 [WARN] ConditionMgr:1044 - genDependencies : Invalid condition id : LAN8742 Phy interface Condition cause : null
2026-03-04 14:28:32,610 [WARN] PackLoader:240 - Cannot read IP mode file for STMicroelectronics.X-CUBE-SFXS2LP1.4.0.0
2026-03-04 14:28:32,616 [ERROR] Engine:466 - /home/vatcraft/.stm32cubemx/thirdparties/pdsc/STMicroelectronics.X-CUBE-ST67W61.1.2.0.pdsc: PDSC version is not supported
2026-03-04 14:28:32,625 [WARN] PackLoader:240 - Cannot read IP mode file for STMicroelectronics.X-CUBE-BLEMGR.4.1.0
2026-03-04 14:28:32,643 [WARN] ConditionMgr:438 - getConditionDescription Invalid condition id : UX DEVICE CLASS RTOS Condition cause : null
2026-03-04 14:28:32,643 [WARN] ConditionMgr:438 - getConditionDescription Invalid condition id : UX DEVICE CLASS RTOS Condition cause : null
2026-03-04 14:28:32,645 [WARN] PackLoader:240 - Cannot read IP mode file for STMicroelectronics.X-CUBE-AZRTOS-WB.2.0.0
2026-03-04 14:28:32,646 [WARN] ConditionMgr:1044 - genDependencies : Invalid condition id : UX DEVICE CLASS RTOS Condition cause : null
2026-03-04 14:28:32,646 [WARN] ConditionMgr:1044 - genDependencies : Invalid condition id : UX DEVICE CLASS RTOS Condition cause : null
2026-03-04 14:28:32,646 [WARN] ConditionMgr:1044 - genDependencies : Invalid condition id : UX DEVICE CLASS RTOS Condition cause : null
2026-03-04 14:28:32,647 [WARN] ConditionMgr:1044 - genDependencies : Invalid condition id : UX DEVICE CLASS RTOS Condition cause : null
2026-03-04 14:28:32,647 [WARN] ConditionMgr:1044 - genDependencies : Invalid condition id : UX DEVICE CLASS RTOS Condition cause : null
2026-03-04 14:28:32,650 [WARN] ConditionMgr:438 - getConditionDescription Invalid condition id : Cortex-A Device cause : null
2026-03-04 14:28:32,655 [WARN] ConditionMgr:1044 - genDependencies : Invalid condition id : Cortex-A Device cause : null
2026-03-04 14:28:32,656 [WARN] ConditionMgr:1044 - genDependencies : Invalid condition id : Cortex-A Device cause : null
2026-03-04 14:28:32,656 [WARN] ConditionMgr:1044 - genDependencies : Invalid condition id : Cortex-A Device cause : null
2026-03-04 14:28:32,663 [WARN] PackLoader:240 - Cannot read IP mode file for STMicroelectronics.X-CUBE-STSE01.2.0.0
2026-03-04 14:28:32,676 [WARN] PackLoader:240 - Cannot read IP mode file for STMicroelectronics.X-CUBE-SUBG2.5.0.0
2026-03-04 14:28:32,700 [WARN] PackLoader:240 - Cannot read IP mode file for STMicroelectronics.X-CUBE-AZRTOS-G4.2.0.0
2026-03-04 14:28:32,704 [WARN] PackLoader:240 - Cannot read IP mode file for wolfSSL.I-CUBE-wolfSSH.1.4.20
2026-03-04 14:28:32,708 [WARN] PackLoader:240 - Cannot read IP mode file for STMicroelectronics.X-CUBE-NFC7.2.0.0
2026-03-04 14:28:32,713 [WARN] PackLoader:240 - Cannot read IP mode file for STMicroelectronics.X-CUBE-ALS.1.0.2
2026-03-04 14:28:32,727 [WARN] PackLoader:240 - Cannot read IP mode file for STMicroelectronics.X-CUBE-TOF1.3.4.3
2026-03-04 14:28:32,764 [INFO] ThirdParty:978 - Integrity check success = true
2026-03-04 14:28:32,765 [INFO] IntegrityCheckThread:100 - exiting critical section [integrity check]
2026-03-04 14:28:32,765 [INFO] IntegrityCheckThread:103 - End integrity checks thread
2026-03-04 14:28:32,800 [INFO] Mcu:2011 - Initializing MCU STM32F401R(D-E)Tx STM32F401RETx STM32F401RET6
2026-03-04 14:28:34,767 [INFO] Context:756 - Trying to add GPIOservice into a context  which must be forbidden
2026-03-04 14:28:35,352 [INFO] Rule:225 - rule Adapt Old IOC before rework replace old CORTEX_M33/CORTEX_M55 attributes by the new one. is applicable
2026-03-04 14:28:35,352 [INFO] Rule:225 - rule Rename parametre of RCC RCC_APBDBG_DIV2 to RCC_TIMPRES_DIV2 is applicable
2026-03-04 14:28:35,352 [INFO] Rule:225 - rule Rename DIE493 pin PA10 [PA12] -> PA10 is applicable
2026-03-04 14:28:35,352 [INFO] Rule:225 - rule Rename DIE493 pin PA9 [PA11] -> PA9 is applicable
2026-03-04 14:28:35,352 [INFO] Rule:225 - rule Adapt Old IOC CSI. is applicable
2026-03-04 14:28:35,353 [INFO] DbConfProperties:307 - Apply Compatibility (0/5 Rules)
2026-03-04 14:28:35,393 [INFO] ImportTextPane:218 - (OptionalMessage_ERROR) Pin12 (VP_RIF_VS_RIF1) cannot be retrieved for this MCU
2026-03-04 14:28:35,769 [INFO] RtosManager:558 - Registered RTOS mode: class=CMSIS, group=RTOS, mode=CMSIS_V1, owner=FREERTOS
2026-03-04 14:28:35,769 [INFO] RtosManager:558 - Registered RTOS mode: class=CMSIS, group=RTOS2, mode=CMSIS_V2, owner=FREERTOS
2026-03-04 14:28:35,769 [INFO] RtosManager:558 - Registered RTOS mode: class=RTOS, group=Core, mode=CMSIS_V1, owner=FREERTOS
2026-03-04 14:28:35,769 [INFO] RtosManager:558 - Registered RTOS mode: class=RTOS, group=Core, mode=CMSIS_V2, owner=FREERTOS
2026-03-04 14:28:35,770 [WARN] ModelIntegratedComponent:184 - Missing modes for component STMicroelectronics:FreeRTOS:0.0.1:STMicroelectronics:RTOS:FreeRTOS:Core:::10.2.0:
2026-03-04 14:28:35,803 [WARN] ModelIntegratedComponent:63 - No mode defined for component null
2026-03-04 14:28:35,803 [WARN] ModelIntegratedComponent:63 - No mode defined for component null
2026-03-04 14:28:35,803 [WARN] ModelIntegratedComponent:63 - No mode defined for component null
2026-03-04 14:28:35,803 [WARN] ModelIntegratedComponent:63 - No mode defined for component null
2026-03-04 14:28:35,803 [WARN] ModelIntegratedComponent:63 - No mode defined for component null
2026-03-04 14:28:35,804 [WARN] ModelIntegratedComponent:63 - No mode defined for component null
2026-03-04 14:28:35,804 [WARN] ModelIntegratedComponent:63 - No mode defined for component null
2026-03-04 14:28:35,804 [WARN] ModelIntegratedComponent:63 - No mode defined for component null
2026-03-04 14:28:35,804 [WARN] ModelIntegratedComponent:63 - No mode defined for component null
2026-03-04 14:28:35,804 [WARN] ModelIntegratedComponent:63 - No mode defined for component null
2026-03-04 14:28:35,804 [WARN] ModelIntegratedComponent:63 - No mode defined for component null
2026-03-04 14:28:35,804 [WARN] ModelIntegratedComponent:63 - No mode defined for component null
2026-03-04 14:28:35,804 [WARN] ModelIntegratedComponent:63 - No mode defined for component null
2026-03-04 14:28:35,804 [WARN] ModelIntegratedComponent:63 - No mode defined for component null
2026-03-04 14:28:35,805 [WARN] ModelIntegratedComponent:63 - No mode defined for component null
2026-03-04 14:28:35,805 [WARN] ModelIntegratedComponent:63 - No mode defined for component null
2026-03-04 14:28:35,805 [WARN] ModelIntegratedComponent:63 - No mode defined for component null
2026-03-04 14:28:35,805 [WARN] ModelIntegratedComponent:63 - No mode defined for component null
2026-03-04 14:28:35,805 [WARN] ModelIntegratedComponent:63 - No mode defined for component null
2026-03-04 14:28:35,805 [WARN] ModelIntegratedComponent:63 - No mode defined for component null
2026-03-04 14:28:35,805 [WARN] ModelIntegratedComponent:63 - No mode defined for component null
2026-03-04 14:28:35,805 [WARN] ModelIntegratedComponent:63 - No mode defined for component null
2026-03-04 14:28:35,805 [WARN] ModelIntegratedComponent:63 - No mode defined for component null
2026-03-04 14:28:35,806 [WARN] ModelIntegratedComponent:63 - No mode defined for component null
2026-03-04 14:28:35,806 [WARN] ModelIntegratedComponent:63 - No mode defined for component null
2026-03-04 14:28:35,806 [WARN] ModelIntegratedComponent:63 - No mode defined for component null
2026-03-04 14:28:35,806 [WARN] ModelIntegratedComponent:63 - No mode defined for component null
2026-03-04 14:28:35,806 [WARN] ModelIntegratedComponent:63 - No mode defined for component null
2026-03-04 14:28:35,806 [WARN] ModelIntegratedComponent:63 - No mode defined for component null
2026-03-04 14:28:35,806 [WARN] ModelIntegratedComponent:63 - No mode defined for component null
2026-03-04 14:28:35,806 [WARN] ModelIntegratedComponent:63 - No mode defined for component null
2026-03-04 14:28:35,806 [WARN] ModelIntegratedComponent:63 - No mode defined for component null
2026-03-04 14:28:35,806 [WARN] ModelIntegratedComponent:63 - No mode defined for component null
2026-03-04 14:28:35,806 [WARN] ModelIntegratedComponent:63 - No mode defined for component null
2026-03-04 14:28:35,806 [WARN] ModelIntegratedComponent:63 - No mode defined for component null
2026-03-04 14:28:35,807 [WARN] ModelPack:524 - Component already loaded: STMicroelectronics:HAL Drivers:0.0.0:STMicroelectronics:Device:STMicro_Driver:XSPI:HAL::0.0.1:HAL_XSPI
2026-03-04 14:28:35,870 [INFO] ThirdPartyModel:298 - Start build external matchings
2026-03-04 14:28:37,399 [INFO] ThirdPartyModel:316 - End build external matchings
2026-03-04 14:28:37,445 [INFO] ImportTextPane:218 - (OptionalMessage_ERROR) IP (RCC) : Parameter (RTCHSEDivFreq_Value) has invalid value (4000000)
2026-03-04 14:28:37,792 [INFO] UtilMem:75 - End LoadConfig() Used Memory: 776254384 Bytes (1073741824)
2026-03-04 14:28:38,153 [WARN] ThirdParty:833 - waiting for thirdparty lock release [change project]
2026-03-04 14:28:38,153 [INFO] ThirdParty:835 - entering critical section [change project]
2026-03-04 14:28:38,153 [INFO] ThirdParty:1030 - CMSIS Pack Vendor :STMicroelectronics X-CUBE-AZRTOS-H7 3.5.0
2026-03-04 14:28:38,153 [INFO] ThirdParty:1030 - CMSIS Pack Vendor :STMicroelectronics X-CUBE-PM33A1 1.0.0
2026-03-04 14:28:38,153 [INFO] ThirdParty:1030 - CMSIS Pack Vendor :STMicroelectronics USBPD 4.1
2026-03-04 14:28:38,153 [INFO] ThirdParty:1030 - CMSIS Pack Vendor :STMicroelectronics X-CUBE-NFC9 1.0.0
2026-03-04 14:28:38,153 [INFO] ThirdParty:1030 - CMSIS Pack Vendor :STMicroelectronics USB_HOST 2.0.0
2026-03-04 14:28:38,153 [INFO] ThirdParty:1030 - CMSIS Pack Vendor :STMicroelectronics X-CUBE-AZRTOS-F4 1.1.0
2026-03-04 14:28:38,153 [INFO] ThirdParty:1030 - CMSIS Pack Vendor :STMicroelectronics LIBJPEG 8.0.0
2026-03-04 14:28:38,153 [INFO] ThirdParty:1030 - CMSIS Pack Vendor :STMicroelectronics FP-ATR-ASTRA1 2.0.2
2026-03-04 14:28:38,153 [INFO] ThirdParty:1030 - CMSIS Pack Vendor :STMicroelectronics X-CUBE-BLE1 7.1.0
2026-03-04 14:28:38,154 [INFO] ThirdParty:1030 - CMSIS Pack Vendor :STMicroelectronics X-CUBE-SMBUS 2.1.0
2026-03-04 14:28:38,154 [INFO] ThirdParty:1030 - CMSIS Pack Vendor :wolfSSL I-CUBE-wolfMQTT 1.19.2
2026-03-04 14:28:38,154 [INFO] ThirdParty:1030 - CMSIS Pack Vendor :STMicroelectronics USB_DEVICE 3.0.0
2026-03-04 14:28:38,154 [INFO] ThirdParty:1030 - CMSIS Pack Vendor :STMicroelectronics X-CUBE-ISPU 2.1.0
2026-03-04 14:28:38,154 [INFO] ThirdParty:1030 - CMSIS Pack Vendor :STMicroelectronics X-CUBE-EEPRMA1 5.2.0
2026-03-04 14:28:38,154 [INFO] ThirdParty:1030 - CMSIS Pack Vendor :STMicroelectronics X-CUBE-BLEMGR 4.1.0
2026-03-04 14:28:38,154 [INFO] ThirdParty:1030 - CMSIS Pack Vendor :STMicroelectronics X-CUBE-AZRTOS-WB 2.0.0
2026-03-04 14:28:38,154 [INFO] ThirdParty:1030 - CMSIS Pack Vendor :wolfSSL I-CUBE-wolfSSL 5.8.4
2026-03-04 14:28:38,154 [INFO] ThirdParty:1030 - CMSIS Pack Vendor :Cesanta I-CUBE-Mongoose 7.20.0
2026-03-04 14:28:38,154 [INFO] ThirdParty:1030 - CMSIS Pack Vendor :STMicroelectronics X-CUBE-NFC12 1.0.0
2026-03-04 14:28:38,154 [INFO] ThirdParty:1030 - CMSIS Pack Vendor :STMicroelectronics X-CUBE-AZRTOS-F7 1.1.0
2026-03-04 14:28:38,154 [INFO] ThirdParty:1030 - CMSIS Pack Vendor :STMicroelectronics X-CUBE-AZRTOS-L5 2.0.0
2026-03-04 14:28:38,154 [INFO] ThirdParty:1030 - CMSIS Pack Vendor :STMicroelectronics USB_DEVICE 2.0.0
2026-03-04 14:28:38,154 [INFO] ThirdParty:1030 - CMSIS Pack Vendor :quantropi X-CUBE-qispace-sdk-base 2.1.0
2026-03-04 14:28:38,154 [INFO] ThirdParty:1030 - CMSIS Pack Vendor :STMicroelectronics X-CUBE-MEMS1 12.0.0
2026-03-04 14:28:38,154 [INFO] ThirdParty:1030 - CMSIS Pack Vendor :STMicroelectronics X-CUBE-STSE01 2.0.0
2026-03-04 14:28:38,154 [INFO] ThirdParty:1030 - CMSIS Pack Vendor :STMicroelectronics FreeRTOS 0.0.1
2026-03-04 14:28:38,158 [INFO] ThirdParty:1030 - CMSIS Pack Vendor :STMicroelectronics X-CUBE-AZRTOS-G0 1.1.0
2026-03-04 14:28:38,159 [INFO] ThirdParty:1030 - CMSIS Pack Vendor :STMicroelectronics X-CUBE-NFC4 3.0.0
2026-03-04 14:28:38,159 [INFO] ThirdParty:1030 - CMSIS Pack Vendor :STMicroelectronics X-CUBE-SUBG2 5.0.0
2026-03-04 14:28:38,159 [INFO] ThirdParty:1030 - CMSIS Pack Vendor :STMicroelectronics STM32_WPAN 1.0.0
2026-03-04 14:28:38,159 [INFO] ThirdParty:1030 - CMSIS Pack Vendor :EmbeddedOffice I-CUBE-FS-RTOS 1.0.1
2026-03-04 14:28:38,159 [INFO] ThirdParty:1030 - CMSIS Pack Vendor :STMicroelectronics lwIP 2.0.3
2026-03-04 14:28:38,159 [INFO] ThirdParty:1030 - CMSIS Pack Vendor :STMicroelectronics USB_HOST 1.0.0
2026-03-04 14:28:38,159 [INFO] ThirdParty:1030 - CMSIS Pack Vendor :STMicroelectronics X-CUBE-AZRTOS-G4 2.0.0
2026-03-04 14:28:38,159 [INFO] ThirdParty:1030 - CMSIS Pack Vendor :STMicroelectronics X-CUBE-WB05N 2.0.0
2026-03-04 14:28:38,159 [INFO] ThirdParty:1030 - CMSIS Pack Vendor :STMicroelectronics PDM2PCM 3.1.0
2026-03-04 14:28:38,159 [INFO] ThirdParty:1030 - CMSIS Pack Vendor :STMicroelectronics PDM2PCM 3.3.0
2026-03-04 14:28:38,160 [INFO] ThirdParty:1030 - CMSIS Pack Vendor :wolfSSL I-CUBE-wolfTPM 3.8.0
2026-03-04 14:28:38,160 [INFO] ThirdParty:1030 - CMSIS Pack Vendor :STMicroelectronics X-CUBE-DISPLAY 3.0.0
2026-03-04 14:28:38,161 [INFO] ThirdParty:1030 - CMSIS Pack Vendor :wolfSSL I-CUBE-wolfSSH 1.4.20
2026-03-04 14:28:38,162 [INFO] ThirdParty:1030 - CMSIS Pack Vendor :STMicroelectronics X-CUBE-NFC7 2.0.0
2026-03-04 14:28:38,162 [INFO] ThirdParty:1030 - CMSIS Pack Vendor :STMicroelectronics X-CUBE-TCPP 4.2.0
2026-03-04 14:28:38,162 [INFO] ThirdParty:1030 - CMSIS Pack Vendor :RealThread X-CUBE-RT-Thread_Nano 4.1.1
2026-03-04 14:28:38,162 [INFO] ThirdParty:1030 - CMSIS Pack Vendor :STMicroelectronics FP-ATR-SIGFOX1 3.2.0
2026-03-04 14:28:38,162 [INFO] ThirdParty:1030 - CMSIS Pack Vendor :STMicroelectronics X-CUBE-NFC10 1.0.0
2026-03-04 14:28:38,162 [INFO] ThirdParty:1030 - CMSIS Pack Vendor :STMicroelectronics HAL Drivers 0.0.0
2026-03-04 14:28:38,162 [INFO] ThirdParty:1030 - CMSIS Pack Vendor :STMicroelectronics MBEDTLS 2.16.2
2026-03-04 14:28:38,162 [INFO] ThirdParty:1030 - CMSIS Pack Vendor :STMicroelectronics X-CUBE-ST60 1.1.0
2026-03-04 14:28:38,162 [INFO] ThirdParty:1030 - CMSIS Pack Vendor :STMicroelectronics X-CUBE-ALS 1.0.2
2026-03-04 14:28:38,162 [INFO] ThirdParty:1030 - CMSIS Pack Vendor :emotas I-CUBE-CANOPEN 1.3.0
2026-03-04 14:28:38,162 [INFO] ThirdParty:1030 - CMSIS Pack Vendor :STMicroelectronics MBEDTLS 2.14.1
2026-03-04 14:28:38,162 [INFO] ThirdParty:1030 - CMSIS Pack Vendor :STMicroelectronics X-CUBE-GNSS1 7.1.0
2026-03-04 14:28:38,162 [INFO] ThirdParty:1030 - CMSIS Pack Vendor :ITTIA_DB I-CUBE-ITTIADB 8.9.0
2026-03-04 14:28:38,162 [INFO] ThirdParty:1030 - CMSIS Pack Vendor :STMicroelectronics X-CUBE-TOUCHGFX 4.26.1
2026-03-04 14:28:38,162 [INFO] ThirdParty:1030 - CMSIS Pack Vendor :STMicroelectronics X-CUBE-NFC6 3.2.0
2026-03-04 14:28:38,162 [INFO] ThirdParty:1030 - CMSIS Pack Vendor :STMicroelectronics X-CUBE-AI 10.2.0
2026-03-04 14:28:38,162 [INFO] ThirdParty:1030 - CMSIS Pack Vendor :STMicroelectronics FP-SNS-STAIOTCFT 1.0.0
2026-03-04 14:28:38,162 [INFO] ThirdParty:1030 - CMSIS Pack Vendor :STMicroelectronics ThreadX 1.0.0
2026-03-04 14:28:38,163 [INFO] ThirdParty:1030 - CMSIS Pack Vendor :STMicroelectronics FP-SNS-SMARTAG2 1.2.0
2026-03-04 14:28:38,164 [INFO] ThirdParty:1030 - CMSIS Pack Vendor :STMicroelectronics FP-SNS-FLIGHT1 5.1.0
2026-03-04 14:28:38,164 [INFO] ThirdParty:1030 - CMSIS Pack Vendor :STMicroelectronics X-CUBE-AZRTOS-WL 2.0.0
2026-03-04 14:28:38,164 [INFO] ThirdParty:1030 - CMSIS Pack Vendor :SEGGER I-CUBE-embOS 1.3.1
2026-03-04 14:28:38,164 [INFO] ThirdParty:1030 - CMSIS Pack Vendor :STMicroelectronics X-CUBE-ALGOBUILD 1.4.0
2026-03-04 14:28:38,164 [INFO] ThirdParty:1030 - CMSIS Pack Vendor :STMicroelectronics X-CUBE-DPower 1.3.0
2026-03-04 14:28:38,164 [INFO] ThirdParty:1030 - CMSIS Pack Vendor :STMicroelectronics USB_DEVICE 1.0.0
2026-03-04 14:28:38,164 [INFO] ThirdParty:1030 - CMSIS Pack Vendor :STMicroelectronics X-CUBE-AZRTOS-H7RS 1.2.0
2026-03-04 14:28:38,164 [INFO] ThirdParty:1030 - CMSIS Pack Vendor :STMicroelectronics X-CUBE-AZRTOS-L4 2.0.0
2026-03-04 14:28:38,164 [INFO] ThirdParty:1030 - CMSIS Pack Vendor :STMicroelectronics ThreadX 0.0.2
2026-03-04 14:28:38,164 [INFO] ThirdParty:1030 - CMSIS Pack Vendor :STMicroelectronics lwIP 2.1.2
2026-03-04 14:28:38,164 [INFO] ThirdParty:1030 - CMSIS Pack Vendor :STMicroelectronics X-CUBE-SFXS2LP1 4.0.0
2026-03-04 14:28:38,164 [INFO] ThirdParty:1030 - CMSIS Pack Vendor :STMicroelectronics X-CUBE-BLE2 3.3.0
2026-03-04 14:28:38,164 [INFO] ThirdParty:1030 - CMSIS Pack Vendor :Avnet-IOTCONNECT X-CUBE-iotc-st67-sdk 1.0.0
2026-03-04 14:28:38,164 [INFO] ThirdParty:1030 - CMSIS Pack Vendor :STMicroelectronics X-CUBE-TOF1 3.4.3
2026-03-04 14:28:38,164 [INFO] ThirdParty:1030 - CMSIS Pack Vendor :Infineon AIROC-Wi-Fi-Bluetooth-STM32 1.8.0
2026-03-04 14:28:38,164 [INFO] ThirdParty:1030 - CMSIS Pack Vendor :STMicroelectronics PDM2PCM 3.2.0
2026-03-04 14:28:38,164 [INFO] ThirdParty:841 - exiting critical section [change project]
2026-03-04 14:28:38,834 [INFO] PinOutPanel:1589 - setPackage(No Configuration,No Configuration)
2026-03-04 14:28:38,835 [INFO] PinOutPanel:1589 - setPackage(STM32F401RETx,LQFP64)
2026-03-04 14:28:39,902 [INFO] UtilMem:75 - Before build in PCC Used Memory: 903132080 Bytes (1073741824)
2026-03-04 14:28:40,761 [INFO] UtilMem:75 - After build in PCC Used Memory: 939199112 Bytes (1073741824)
2026-03-04 14:28:40,798 [INFO] IPUIPlugin:80 - create IPUIPlugin
2026-03-04 14:28:40,799 [INFO] IPUIPlugin:80 - create IPUIPlugin
2026-03-04 14:28:40,799 [INFO] IPUIPlugin:80 - create IPUIPlugin
2026-03-04 14:28:40,799 [INFO] IPUIPlugin:80 - create IPUIPlugin
2026-03-04 14:28:40,800 [INFO] IPUIPlugin:80 - create IPUIPlugin
2026-03-04 14:28:40,800 [INFO] IPUIPlugin:80 - create IPUIPlugin
2026-03-04 14:28:40,800 [INFO] IPUIPlugin:80 - create IPUIPlugin
2026-03-04 14:28:40,800 [INFO] IPUIPlugin:80 - create IPUIPlugin
2026-03-04 14:28:40,800 [INFO] IPUIPlugin:80 - create IPUIPlugin
2026-03-04 14:28:40,800 [INFO] IPUIPlugin:80 - create IPUIPlugin
2026-03-04 14:28:40,801 [INFO] IPUIPlugin:80 - create IPUIPlugin
2026-03-04 14:28:40,801 [INFO] IPUIPlugin:80 - create IPUIPlugin
2026-03-04 14:28:40,801 [INFO] IPUIPlugin:80 - create IPUIPlugin
2026-03-04 14:28:40,802 [INFO] IPUIPlugin:80 - create IPUIPlugin
2026-03-04 14:28:40,802 [INFO] IPUIPlugin:80 - create IPUIPlugin
2026-03-04 14:28:40,802 [INFO] IPUIPlugin:80 - create IPUIPlugin
2026-03-04 14:28:40,802 [INFO] IPUIPlugin:80 - create IPUIPlugin
2026-03-04 14:28:40,802 [INFO] IPUIPlugin:80 - create IPUIPlugin
2026-03-04 14:28:40,803 [INFO] IPUIPlugin:80 - create IPUIPlugin
2026-03-04 14:28:40,803 [INFO] IPUIPlugin:80 - create IPUIPlugin
2026-03-04 14:28:40,803 [INFO] IPUIPlugin:80 - create IPUIPlugin
2026-03-04 14:28:40,803 [INFO] IPUIPlugin:80 - create IPUIPlugin
2026-03-04 14:28:40,803 [INFO] IPUIPlugin:80 - create IPUIPlugin
2026-03-04 14:28:40,803 [INFO] IPUIPlugin:80 - create IPUIPlugin
2026-03-04 14:28:40,804 [INFO] IPUIPlugin:80 - create IPUIPlugin
2026-03-04 14:28:40,804 [INFO] IPUIPlugin:80 - create IPUIPlugin
2026-03-04 14:28:40,804 [INFO] IPUIPlugin:80 - create IPUIPlugin
2026-03-04 14:28:40,805 [INFO] IPUIPlugin:80 - create IPUIPlugin
2026-03-04 14:28:40,805 [INFO] IPUIPlugin:80 - create IPUIPlugin
2026-03-04 14:28:40,805 [INFO] IPUIPlugin:80 - create IPUIPlugin
2026-03-04 14:28:40,805 [INFO] IPUIPlugin:80 - create IPUIPlugin
2026-03-04 14:28:40,806 [INFO] IPUIPlugin:80 - create IPUIPlugin
2026-03-04 14:28:40,806 [INFO] IPUIPlugin:80 - create IPUIPlugin
2026-03-04 14:28:40,806 [INFO] IPUIPlugin:80 - create IPUIPlugin
2026-03-04 14:28:40,806 [INFO] IPUIPlugin:80 - create IPUIPlugin
2026-03-04 14:28:40,807 [INFO] IPUIPlugin:80 - create IPUIPlugin
2026-03-04 14:28:40,808 [INFO] IPUIPlugin:80 - create IPUIPlugin
2026-03-04 14:28:40,809 [INFO] IPUIPlugin:80 - create IPUIPlugin
2026-03-04 14:28:40,845 [INFO] ApiDbMcu:508 - Load IP Config File for PDM2PCM
2026-03-04 14:28:41,087 [INFO] CADModel:165 - CPN selected for project levelSTM32F401RET6
2026-03-04 14:28:41,087 [INFO] CADModel:114 - Register for checkConnection events
2026-03-04 14:28:41,138 [INFO] OpenFileManager:385 - Restore cursor
2026-03-04 14:28:42,005 [INFO] UtilMem:75 - End SaveConfig() Used Memory: 1068415936 Bytes (1073741824)
2026-03-04 14:29:34,867 [INFO] McuFinderGlobals:76 - Set McuFinderConnectedMode to true
2026-03-04 14:29:34,873 [INFO] ApiDb:448 - Save user favorites file /home/vatcraft/.stm32cubeide/favorites.mcus.txt: 0 item(s)
2026-03-04 14:29:34,874 [INFO] ApiDb:452 - User favorites MCUs=[]
2026-03-04 14:29:34,878 [INFO] ApiDb:448 - Save user favorites file /home/vatcraft/.stm32cubeide/favorites.boards.txt: 0 item(s)
2026-03-04 14:29:34,878 [INFO] ApiDb:452 - User favorites Boards=[]
2026-03-04 14:30:41,490 [INFO] McuFinderGlobals:63 - Set McuFinder mode to 2 (CubeIDE integrated)
2026-03-04 14:30:41,490 [INFO] UserAuth:171 - activating auth plugin
2026-03-04 14:30:41,493 [INFO] UserAuth:484 - Internet connection configuration mode: 1
2026-03-04 14:34:00,976 [INFO] Activator:176 - 


2026-03-04 14:34:00,978 [INFO] Activator:177 - !SESSION log4j initialized
2026-03-04 14:34:03,968 [INFO] LogOutputStream:77 - [STDOUT_REDIRECT] 
2026-03-04 14:34:06,329 [INFO] ApplicationProperties:184 - Using Application install path: /opt/st/stm32cubeide_1.18.1/plugins/com.st.stm32cube.common.mx_6.14.1.202504091515
2026-03-04 14:34:06,346 [INFO] DbMcusXml:78 - Set database path to: /opt/st/stm32cubeide_1.18.1/plugins/com.st.stm32cube.common.mx_6.14.1.202504091515//db//mcu/
2026-03-04 14:34:06,347 [INFO] ApiDb:274 - Set plugin database path to: /opt/st/stm32cubeide_1.18.1/plugins/com.st.stm32cube.common.mx_6.14.1.202504091515//db//plugins/boardmanager/
2026-03-04 14:34:06,347 [WARN] ApiDb:259 - Overriding images path with different value:  => /opt/st/stm32cubeide_1.18.1/plugins/com.st.stm32cube.common.mx_6.14.1.202504091515//db//plugins/mcufinder/images/
2026-03-04 14:34:06,352 [INFO] ApiDb:250 - Set database path to: /home/vatcraft/.stmcufinder/plugins/mcufinder//mcu/
2026-03-04 14:34:06,354 [INFO] DbMcusAds:125 - Set database path to: /home/vatcraft/.stmcufinder/plugins/mcufinder//mcu/
2026-03-04 14:34:06,356 [INFO] CrossReferenceDbSqlite:203 - Set database path to: /home/vatcraft/.stmcufinder/plugins/mcufinder//mcu/cs/
2026-03-04 14:34:06,468 [INFO] RulesReader:64 - Compatibility file has been processed (302 Rules)
2026-03-04 14:34:06,529 [INFO] DbMcusXml:78 - Set database path to: /opt/st/stm32cubeide_1.18.1/plugins/com.st.stm32cube.common.mx_6.14.1.202504091515//db//mcu/
2026-03-04 14:34:06,529 [INFO] ApiDb:274 - Set plugin database path to: /opt/st/stm32cubeide_1.18.1/plugins/com.st.stm32cube.common.mx_6.14.1.202504091515//db//plugins/boardmanager/
2026-03-04 14:34:06,529 [INFO] ApiDb:261 - Set plugin images path to: /opt/st/stm32cubeide_1.18.1/plugins/com.st.stm32cube.common.mx_6.14.1.202504091515//db//plugins/mcufinder/images/
2026-03-04 14:34:06,530 [WARN] DbFile:41 - Overriding database path with different value: /home/vatcraft/.stmcufinder/plugins/mcufinder/ => /home/vatcraft/.stmcufinder/plugins/mcufinder
2026-03-04 14:34:06,530 [INFO] ApiDb:250 - Set database path to: /home/vatcraft/.stmcufinder/plugins/mcufinder//mcu/
2026-03-04 14:34:06,530 [WARN] DbFile:41 - Overriding database path with different value: /home/vatcraft/.stmcufinder/plugins/mcufinder/ => /home/vatcraft/.stmcufinder/plugins/mcufinder
2026-03-04 14:34:06,530 [INFO] DbMcusAds:125 - Set database path to: /home/vatcraft/.stmcufinder/plugins/mcufinder//mcu/
2026-03-04 14:34:06,530 [WARN] DbFile:41 - Overriding database path with different value: /home/vatcraft/.stmcufinder/plugins/mcufinder/ => /home/vatcraft/.stmcufinder/plugins/mcufinder
2026-03-04 14:34:06,531 [WARN] DbFile:41 - Overriding database path with different value: /home/vatcraft/.stmcufinder/plugins/mcufinder/ => /home/vatcraft/.stmcufinder/plugins/mcufinder
2026-03-04 14:34:06,531 [INFO] CrossReferenceDbSqlite:203 - Set database path to: /home/vatcraft/.stmcufinder/plugins/mcufinder//mcu/cs/
2026-03-04 14:34:06,642 [INFO] MainPanel:272 - HeapMemory: 268435456
2026-03-04 14:34:06,779 [INFO] DbMcusXml:78 - Set database path to: /opt/st/stm32cubeide_1.18.1/plugins/com.st.stm32cube.common.mx_6.14.1.202504091515//db//mcu/
2026-03-04 14:34:06,779 [INFO] ApiDb:274 - Set plugin database path to: /opt/st/stm32cubeide_1.18.1/plugins/com.st.stm32cube.common.mx_6.14.1.202504091515//db//plugins/boardmanager/
2026-03-04 14:34:06,779 [INFO] ApiDb:261 - Set plugin images path to: /opt/st/stm32cubeide_1.18.1/plugins/com.st.stm32cube.common.mx_6.14.1.202504091515//db//plugins/mcufinder/images/
2026-03-04 14:34:06,780 [WARN] DbFile:41 - Overriding database path with different value: /home/vatcraft/.stmcufinder/plugins/mcufinder/ => /home/vatcraft/.stmcufinder/plugins/mcufinder
2026-03-04 14:34:06,780 [INFO] ApiDb:250 - Set database path to: /home/vatcraft/.stmcufinder/plugins/mcufinder//mcu/
2026-03-04 14:34:06,780 [WARN] DbFile:41 - Overriding database path with different value: /home/vatcraft/.stmcufinder/plugins/mcufinder/ => /home/vatcraft/.stmcufinder/plugins/mcufinder
2026-03-04 14:34:06,780 [INFO] DbMcusAds:125 - Set database path to: /home/vatcraft/.stmcufinder/plugins/mcufinder//mcu/
2026-03-04 14:34:06,780 [WARN] DbFile:41 - Overriding database path with different value: /home/vatcraft/.stmcufinder/plugins/mcufinder/ => /home/vatcraft/.stmcufinder/plugins/mcufinder
2026-03-04 14:34:06,780 [WARN] DbFile:41 - Overriding database path with different value: /home/vatcraft/.stmcufinder/plugins/mcufinder/ => /home/vatcraft/.stmcufinder/plugins/mcufinder
2026-03-04 14:34:06,780 [INFO] CrossReferenceDbSqlite:203 - Set database path to: /home/vatcraft/.stmcufinder/plugins/mcufinder//mcu/cs/
2026-03-04 14:34:06,800 [INFO] ApplicationProperties:184 - Using Application install path: /opt/st/stm32cubeide_1.18.1/plugins/com.st.stm32cube.common.mx_6.14.1.202504091515
2026-03-04 14:34:06,801 [INFO] PluginManage:196 - Search for loadable plugins [exclusion list=, ]
2026-03-04 14:34:06,803 [INFO] PluginManage:310 - Check plugin analytics
2026-03-04 14:34:06,996 [INFO] AnalyticsPlugin:253 - Accepted Software Licenses: 
2026-03-04 14:34:06,996 [INFO] AnalyticsPlugin:255 - Accepted CMSIS Pack Licenses: 
2026-03-04 14:34:06,996 [INFO] AnalyticsPlugin:257 - Accepted Firmware Licenses: 
2026-03-04 14:34:06,999 [INFO] PluginManage:359 - Loaded plugin analytics (category:tool,tabindex:-1)
2026-03-04 14:34:07,000 [INFO] PluginManage:310 - Check plugin cadmodel
2026-03-04 14:34:07,005 [INFO] CADModel:105 - Init CAD model plugin
2026-03-04 14:34:07,006 [INFO] PluginManage:359 - Loaded plugin cadmodel (category:power,tabindex:5)
2026-03-04 14:34:07,006 [INFO] PluginManage:310 - Check plugin clock
2026-03-04 14:34:07,015 [INFO] PluginManage:359 - Loaded plugin clock (category:base,tabindex:2)
2026-03-04 14:34:07,015 [INFO] PluginManage:310 - Check plugin ddr
2026-03-04 14:34:07,019 [INFO] PluginManage:359 - Loaded plugin ddr (category:tool,tabindex:6)
2026-03-04 14:34:07,019 [INFO] PluginManage:310 - Check plugin filemanager
2026-03-04 14:34:07,197 [INFO] PluginManage:359 - Loaded plugin filemanager (category:base,tabindex:10)
2026-03-04 14:34:07,197 [INFO] PluginManage:310 - Check plugin ipmanager
2026-03-04 14:34:07,205 [INFO] PluginManage:359 - Loaded plugin ipmanager (category:base,tabindex:5)
2026-03-04 14:34:07,205 [INFO] PluginManage:310 - Check plugin lpbam
2026-03-04 14:34:07,217 [INFO] PluginManage:359 - Loaded plugin lpbam (category:base,tabindex:0)
2026-03-04 14:34:07,218 [INFO] PluginManage:310 - Check plugin memorymap
2026-03-04 14:34:07,233 [INFO] PluginManage:359 - Loaded plugin memorymap (category:base,tabindex:4)
2026-03-04 14:34:07,233 [INFO] PluginManage:310 - Check plugin pinoutandconfiguration
2026-03-04 14:34:07,243 [INFO] PluginManage:359 - Loaded plugin pinoutandconfiguration (category:base,tabindex:1)
2026-03-04 14:34:07,243 [INFO] PluginManage:310 - Check plugin pinoutconfig
2026-03-04 14:34:07,381 [WARN] SupportedApi:132 - Cannot load RTOS API schema: s4s-elt-must-match.1: The content of 'definitions' must match (annotation?, (simpleType | complexType)?, (unique | key | keyref)*)). A problem was found starting at: attribute.
2026-03-04 14:34:07,566 [INFO] PluginManage:359 - Loaded plugin pinoutconfig (category:base,tabindex:0)
2026-03-04 14:34:07,566 [INFO] PluginManage:310 - Check plugin power
2026-03-04 14:34:07,576 [INFO] PluginManage:359 - Loaded plugin power (category:power,tabindex:4)
2026-03-04 14:34:07,576 [INFO] PluginManage:310 - Check plugin projectmanager
2026-03-04 14:34:07,594 [INFO] PluginManage:359 - Loaded plugin projectmanager (category:projectmanager,tabindex:4)
2026-03-04 14:34:07,594 [INFO] PluginManage:310 - Check plugin rif
2026-03-04 14:34:07,600 [INFO] PluginManage:359 - Loaded plugin rif (category:base,tabindex:3)
2026-03-04 14:34:07,600 [INFO] PluginManage:310 - Check plugin thirdparty
2026-03-04 14:34:07,714 [INFO] PluginManage:359 - Loaded plugin thirdparty (category:base,tabindex:-1)
2026-03-04 14:34:07,714 [INFO] PluginManage:310 - Check plugin tools
2026-03-04 14:34:07,714 [WARN] IntegrityCheckThread:84 - waiting for thirdparty lock release [integrity check]
2026-03-04 14:34:07,715 [INFO] IntegrityCheckThread:86 - entering critical section [integrity check]
2026-03-04 14:34:07,715 [INFO] ThirdPartyUpdaterWithRetryManager:70 - Updater plugin not ready yet. [1/15]
2026-03-04 14:34:07,717 [INFO] PluginManage:359 - Loaded plugin tools (category:base,tabindex:7)
2026-03-04 14:34:07,717 [INFO] PluginManage:310 - Check plugin tutovideos
2026-03-04 14:34:07,877 [INFO] PluginManage:359 - Loaded plugin tutovideos (category:base,tabindex:-1)
2026-03-04 14:34:07,877 [INFO] PluginManage:310 - Check plugin updater
2026-03-04 14:34:07,909 [INFO] PluginManage:359 - Loaded plugin updater (category:base,tabindex:12)
2026-03-04 14:34:07,909 [INFO] PluginManage:310 - Check plugin userauth
2026-03-04 14:34:07,913 [INFO] UserAuth:118 - Init User Auth plugin
2026-03-04 14:34:07,914 [INFO] PluginManage:359 - Loaded plugin userauth (category:base,tabindex:14)
2026-03-04 14:34:07,915 [INFO] PluginManage:283 - PluginManage : Loaded plugins [18]
2026-03-04 14:34:08,111 [INFO] PinOutPanel:1589 - setPackage(No Configuration,No Configuration)
2026-03-04 14:34:08,177 [INFO] CADModel:165 - CPN selected for project level
2026-03-04 14:34:08,177 [INFO] CADModel:114 - Register for checkConnection events
2026-03-04 14:34:08,185 [INFO] IPUIPlugin:80 - create IPUIPlugin
2026-03-04 14:34:08,185 [INFO] PluginManager:220 - loadIPPluginJar : add openamp
2026-03-04 14:34:08,189 [INFO] IPUIPlugin:80 - create IPUIPlugin
2026-03-04 14:34:08,189 [INFO] PluginManager:220 - loadIPPluginJar : add pdm2pcm
2026-03-04 14:34:08,192 [INFO] IPUIPlugin:80 - create IPUIPlugin
2026-03-04 14:34:08,193 [INFO] PluginManager:220 - loadIPPluginJar : add touchsensing
2026-03-04 14:34:08,201 [INFO] IPUIPlugin:80 - create IPUIPlugin
2026-03-04 14:34:08,204 [INFO] PluginManager:220 - loadIPPluginJar : add plateformsettings
2026-03-04 14:34:08,208 [INFO] IPUIPlugin:80 - create IPUIPlugin
2026-03-04 14:34:08,209 [INFO] PluginManager:220 - loadIPPluginJar : add resmgrutility
2026-03-04 14:34:08,215 [INFO] IPUIPlugin:80 - create IPUIPlugin
2026-03-04 14:34:08,215 [INFO] PluginManager:220 - loadIPPluginJar : add gic
2026-03-04 14:34:08,217 [INFO] IPUIPlugin:80 - create IPUIPlugin
2026-03-04 14:34:08,217 [INFO] PluginManager:220 - loadIPPluginJar : add genericplugin
2026-03-04 14:34:08,219 [INFO] IPUIPlugin:80 - create IPUIPlugin
2026-03-04 14:34:08,219 [INFO] PluginManager:220 - loadIPPluginJar : add tracer_emb
2026-03-04 14:34:08,223 [INFO] IPUIPlugin:80 - create IPUIPlugin
2026-03-04 14:34:08,223 [INFO] PluginManager:220 - loadIPPluginJar : add extmemmanager
2026-03-04 14:34:08,225 [INFO] IPUIPlugin:80 - create IPUIPlugin
2026-03-04 14:34:08,226 [INFO] PluginManager:220 - loadIPPluginJar : add spi
2026-03-04 14:34:08,233 [INFO] IPUIPlugin:80 - create IPUIPlugin
2026-03-04 14:34:08,233 [INFO] PluginManager:220 - loadIPPluginJar : add linkedlist
2026-03-04 14:34:08,236 [INFO] IPUIPlugin:80 - create IPUIPlugin
2026-03-04 14:34:08,236 [INFO] PluginManager:220 - loadIPPluginJar : add ucpd
2026-03-04 14:34:08,239 [INFO] IPUIPlugin:80 - create IPUIPlugin
2026-03-04 14:34:08,239 [INFO] PluginManager:220 - loadIPPluginJar : add i3c
2026-03-04 14:34:08,241 [INFO] IPUIPlugin:80 - create IPUIPlugin
2026-03-04 14:34:08,242 [INFO] PluginManager:220 - loadIPPluginJar : add hash
2026-03-04 14:34:08,246 [INFO] IPUIPlugin:80 - create IPUIPlugin
2026-03-04 14:34:08,247 [INFO] PluginManager:220 - loadIPPluginJar : add nvic
2026-03-04 14:34:08,250 [INFO] IPUIPlugin:80 - create IPUIPlugin
2026-03-04 14:34:08,250 [INFO] PluginManager:220 - loadIPPluginJar : add usbx
2026-03-04 14:34:08,253 [INFO] IPUIPlugin:80 - create IPUIPlugin
2026-03-04 14:34:08,253 [INFO] PluginManager:220 - loadIPPluginJar : add cryp
2026-03-04 14:34:08,255 [INFO] IPUIPlugin:80 - create IPUIPlugin
2026-03-04 14:34:08,255 [INFO] PluginManager:220 - loadIPPluginJar : add quadspi
2026-03-04 14:34:08,257 [INFO] IPUIPlugin:80 - create IPUIPlugin
2026-03-04 14:34:08,257 [INFO] PluginManager:220 - loadIPPluginJar : add ts
2026-03-04 14:34:08,260 [INFO] IPUIPlugin:80 - create IPUIPlugin
2026-03-04 14:34:08,260 [INFO] PluginManager:220 - loadIPPluginJar : add i2c
2026-03-04 14:34:08,264 [INFO] IPUIPlugin:80 - create IPUIPlugin
2026-03-04 14:34:08,264 [INFO] PluginManager:220 - loadIPPluginJar : add ipddr
2026-03-04 14:34:08,267 [INFO] IPUIPlugin:80 - create IPUIPlugin
2026-03-04 14:34:08,267 [INFO] PluginManager:220 - loadIPPluginJar : add aes
2026-03-04 14:34:08,271 [INFO] IPUIPlugin:80 - create IPUIPlugin
2026-03-04 14:34:08,271 [INFO] PluginManager:220 - loadIPPluginJar : add sai
2026-03-04 14:34:08,274 [INFO] IPUIPlugin:80 - create IPUIPlugin
2026-03-04 14:34:08,274 [INFO] PluginManager:220 - loadIPPluginJar : add dma3
2026-03-04 14:34:08,277 [INFO] IPUIPlugin:80 - create IPUIPlugin
2026-03-04 14:34:08,277 [INFO] PluginManager:220 - loadIPPluginJar : add lorawan
2026-03-04 14:34:08,280 [INFO] IPUIPlugin:80 - create IPUIPlugin
2026-03-04 14:34:08,280 [INFO] PluginManager:220 - loadIPPluginJar : add dfsdm
2026-03-04 14:34:08,283 [INFO] IPUIPlugin:80 - create IPUIPlugin
2026-03-04 14:34:08,283 [INFO] PluginManager:220 - loadIPPluginJar : add gtzc
2026-03-04 14:34:08,286 [INFO] IPUIPlugin:80 - create IPUIPlugin
2026-03-04 14:34:08,287 [INFO] PluginManager:220 - loadIPPluginJar : add can
2026-03-04 14:34:08,292 [INFO] IPUIPlugin:80 - create IPUIPlugin
2026-03-04 14:34:08,293 [INFO] PluginManager:220 - loadIPPluginJar : add freertos
2026-03-04 14:34:08,295 [INFO] IPUIPlugin:80 - create IPUIPlugin
2026-03-04 14:34:08,296 [INFO] PluginManager:220 - loadIPPluginJar : add usart
2026-03-04 14:34:08,300 [INFO] IPUIPlugin:80 - create IPUIPlugin
2026-03-04 14:34:08,301 [INFO] PluginManager:220 - loadIPPluginJar : add fmc
2026-03-04 14:34:08,305 [INFO] IPUIPlugin:80 - create IPUIPlugin
2026-03-04 14:34:08,305 [INFO] PluginManager:220 - loadIPPluginJar : add gpio
2026-03-04 14:34:08,308 [INFO] IPUIPlugin:80 - create IPUIPlugin
2026-03-04 14:34:08,308 [INFO] PluginManager:220 - loadIPPluginJar : add i2s
2026-03-04 14:34:08,315 [INFO] IPUIPlugin:80 - create IPUIPlugin
2026-03-04 14:34:08,316 [INFO] PluginManager:220 - loadIPPluginJar : add mdma
2026-03-04 14:34:08,317 [INFO] IPUIPlugin:80 - create IPUIPlugin
2026-03-04 14:34:08,317 [INFO] PluginManager:220 - loadIPPluginJar : add ltdc
2026-03-04 14:34:08,320 [INFO] IPUIPlugin:80 - create IPUIPlugin
2026-03-04 14:34:08,321 [INFO] PluginManager:220 - loadIPPluginJar : add opamp
2026-03-04 14:34:08,328 [INFO] IPUIPlugin:80 - create IPUIPlugin
2026-03-04 14:34:08,328 [INFO] PluginManager:220 - loadIPPluginJar : add adc
2026-03-04 14:34:08,331 [INFO] IPUIPlugin:80 - create IPUIPlugin
2026-03-04 14:34:08,331 [INFO] PluginManager:220 - loadIPPluginJar : add ddr_ctrl_phy
2026-03-04 14:34:08,339 [INFO] IPUIPlugin:80 - create IPUIPlugin
2026-03-04 14:34:08,339 [INFO] PluginManager:220 - loadIPPluginJar : add stm32_wpan
2026-03-04 14:34:08,345 [INFO] IPUIPlugin:80 - create IPUIPlugin
2026-03-04 14:34:08,346 [INFO] PluginManager:220 - loadIPPluginJar : add dma
2026-03-04 14:34:08,348 [INFO] IPUIPlugin:80 - create IPUIPlugin
2026-03-04 14:34:08,348 [INFO] PluginManager:220 - loadIPPluginJar : add tsc
2026-03-04 14:34:08,350 [INFO] IPUIPlugin:80 - create IPUIPlugin
2026-03-04 14:34:08,350 [INFO] PluginManager:220 - loadIPPluginJar : add comp
2026-03-04 14:34:08,352 [INFO] IPUIPlugin:80 - create IPUIPlugin
2026-03-04 14:34:08,352 [INFO] PluginManager:220 - loadIPPluginJar : add fatfs
2026-03-04 14:34:08,355 [INFO] IPUIPlugin:80 - create IPUIPlugin
2026-03-04 14:34:08,355 [INFO] PluginManager:220 - loadIPPluginJar : add tim
2026-03-04 14:34:08,358 [INFO] IPUIPlugin:80 - create IPUIPlugin
2026-03-04 14:34:08,358 [INFO] PluginManager:220 - loadIPPluginJar : add gfxmmu
2026-03-04 14:34:08,360 [INFO] IPUIPlugin:80 - create IPUIPlugin
2026-03-04 14:34:08,361 [INFO] PluginManager:220 - loadIPPluginJar : add radio
2026-03-04 14:34:08,479 [FATAL] Updater:351 - Updater called before beeing initialized
2026-03-04 14:34:08,511 [INFO] RulesReader:64 - Compatibility file has been processed (302 Rules)
2026-03-04 14:34:08,525 [INFO] RulesReader:64 - Compatibility file has been processed (302 Rules)
2026-03-04 14:34:08,534 [INFO] CADModel:165 - CPN selected for project level
2026-03-04 14:34:08,534 [INFO] CADModel:114 - Register for checkConnection events
2026-03-04 14:34:08,534 [FATAL] Updater:351 - Updater called before beeing initialized
2026-03-04 14:34:08,534 [ERROR] CADModel:125 - Updater not yet initialized, retry later 
2026-03-04 14:34:08,673 [FATAL] Updater:351 - Updater called before beeing initialized
2026-03-04 14:34:08,674 [INFO] CADModel:165 - CPN selected for project level
2026-03-04 14:34:08,675 [INFO] CADModel:114 - Register for checkConnection events
2026-03-04 14:34:08,675 [FATAL] Updater:351 - Updater called before beeing initialized
2026-03-04 14:34:08,675 [ERROR] CADModel:125 - Updater not yet initialized, retry later 
2026-03-04 14:34:08,678 [FATAL] Updater:351 - Updater called before beeing initialized
2026-03-04 14:34:08,777 [FATAL] Updater:351 - Updater called before beeing initialized
2026-03-04 14:34:08,780 [INFO] DbMcusAds:53 - JSON generation date=Wed Feb 18 21:32:49 ICT 2026 (1771425169371)
2026-03-04 14:34:08,780 [FATAL] Updater:351 - Updater called before beeing initialized
2026-03-04 14:34:08,815 [WARN] DetailPanel:346 - Failed to get advertising image, set to default
2026-03-04 14:34:09,079 [FATAL] Updater:351 - Updater called before beeing initialized
2026-03-04 14:34:09,081 [FATAL] Updater:351 - Updater called before beeing initialized
2026-03-04 14:34:09,081 [FATAL] Updater:351 - Updater called before beeing initialized
2026-03-04 14:34:09,082 [WARN] DetailPanel:346 - Failed to get advertising image, set to default
2026-03-04 14:34:09,083 [FATAL] Updater:351 - Updater called before beeing initialized
2026-03-04 14:34:09,121 [ERROR] Updater:1198 - MainUpdater not yet initialized. External WinMGr cannot be set.
2026-03-04 14:34:09,123 [INFO] Updater:1134 - Updater Version found : 6.14.1
2026-03-04 14:34:09,139 [INFO] ApplicationProperties:184 - Using Application install path: /opt/st/stm32cubeide_1.18.1/plugins/com.st.stm32cube.common.mx_6.14.1.202504091515
2026-03-04 14:34:09,497 [INFO] MainUpdater:2872 - connection check result : 10
2026-03-04 14:34:09,499 [INFO] MainUpdater:289 - Updater Check For Update Now.
2026-03-04 14:34:09,500 [INFO] MicroXplorer:498 - Change Database Version : DB.6.0.141
2026-03-04 14:34:09,524 [INFO] McuFinderGlobals:63 - Set McuFinder mode to 2 (CubeIDE integrated)
2026-03-04 14:34:09,528 [INFO] UserAuth:171 - activating auth plugin
2026-03-04 14:34:09,543 [INFO] UserAuth:484 - Internet connection configuration mode: 1
2026-03-04 14:34:09,619 [INFO] JxBrowserEngine:152 - Initiate JxBrowser Engine with user profile folder
2026-03-04 14:34:09,822 [INFO] CheckServerUpdateThread:120 - End of CheckServer Thread
2026-03-04 14:34:10,423 [INFO] WebApp:169 - Instantiating new browser for Auth
2026-03-04 14:34:11,021 [WARN] PackLoader:240 - Cannot read IP mode file for STMicroelectronics.X-CUBE-AZRTOS-H7.3.5.0
2026-03-04 14:34:11,053 [WARN] PackLoader:240 - Cannot read IP mode file for STMicroelectronics.FP-ATR-ASTRA1.2.0.2
2026-03-04 14:34:11,069 [WARN] PackLoader:240 - Cannot read IP mode file for STMicroelectronics.X-CUBE-SMBUS.2.1.0
2026-03-04 14:34:11,155 [WARN] PackLoader:240 - Cannot read IP mode file for STMicroelectronics.X-CUBE-AZRTOS-F7.1.1.0
2026-03-04 14:34:11,174 [ERROR] Engine:466 - /home/vatcraft/.stm32cubemx/thirdparties/pdsc/STMicroelectronics.FP-SNS-MOTENV1.5.1.0.pdsc: PDSC version is not supported
2026-03-04 14:34:11,179 [ERROR] Engine:466 - /home/vatcraft/.stm32cubemx/thirdparties/pdsc/WES.I-CUBE-Cesium.1.4.0.pdsc: PDSC version is not supported
2026-03-04 14:34:11,192 [WARN] PackLoader:240 - Cannot read IP mode file for STMicroelectronics.X-CUBE-DISPLAY.3.0.0
2026-03-04 14:34:11,203 [ERROR] Engine:466 - /home/vatcraft/.stm32cubemx/thirdparties/pdsc/STMicroelectronics.FP-SNS-MOTENVWB1.1.5.0.pdsc: PDSC version is not supported
2026-03-04 14:34:11,212 [WARN] PackLoader:240 - Cannot read IP mode file for STMicroelectronics.X-CUBE-NFC10.1.0.0
2026-03-04 14:34:11,223 [WARN] PackLoader:240 - Cannot read IP mode file for STMicroelectronics.X-CUBE-ST60.1.1.0
2026-03-04 14:34:11,229 [WARN] PackLoader:240 - Cannot read IP mode file for emotas.I-CUBE-CANOPEN.1.3.0
2026-03-04 14:34:11,236 [WARN] PackLoader:240 - Cannot read IP mode file for STMicroelectronics.X-CUBE-GNSS1.7.1.0
2026-03-04 14:34:11,244 [ERROR] Engine:466 - /home/vatcraft/.stm32cubemx/thirdparties/pdsc/STMicroelectronics.FP-SNS-STBOX1.2.1.0.pdsc: PDSC version is not supported
2026-03-04 14:34:11,250 [WARN] PackLoader:240 - Cannot read IP mode file for STMicroelectronics.FP-SNS-SMARTAG2.1.2.0
2026-03-04 14:34:11,255 [WARN] PackLoader:240 - Cannot read IP mode file for STMicroelectronics.FP-SNS-FLIGHT1.5.1.0
2026-03-04 14:34:11,278 [INFO] LogOutputStream:77 - [STDOUT_REDIRECT] 1 : Invalid condition id : UX_CORESTACK_Condition cause : null
2026-03-04 14:34:11,279 [INFO] LogOutputStream:77 - [STDOUT_REDIRECT] 1 : Invalid condition id : UX_CORESTACK_Condition cause : null
2026-03-04 14:34:11,279 [INFO] LogOutputStream:77 - [STDOUT_REDIRECT] 1 : Invalid condition id : UX_CORESTACK_Condition cause : null
2026-03-04 14:34:11,280 [INFO] LogOutputStream:77 - [STDOUT_REDIRECT] 1 : Invalid condition id : UX_CORESTACK_Condition cause : null
2026-03-04 14:34:11,280 [INFO] LogOutputStream:77 - [STDOUT_REDIRECT] 1 : Invalid condition id : UX_CORESTACK_Condition cause : null
2026-03-04 14:34:11,294 [WARN] PackLoader:240 - Cannot read IP mode file for STMicroelectronics.X-CUBE-AZRTOS-WL.2.0.0
2026-03-04 14:34:11,393 [WARN] PackLoader:240 - Cannot read IP mode file for STMicroelectronics.X-CUBE-AZRTOS-H7RS.1.2.0
2026-03-04 14:34:11,408 [WARN] PackLoader:240 - Cannot read IP mode file for STMicroelectronics.X-CUBE-BLE2.3.3.0
2026-03-04 14:34:11,462 [INFO] WebApp:463 - Apply proxy settings
2026-03-04 14:34:11,462 [INFO] WebApp:548 - Chromium requires no authentication
2026-03-04 14:34:11,478 [WARN] PackLoader:240 - Cannot read IP mode file for Infineon.AIROC-Wi-Fi-Bluetooth-STM32.1.8.0
2026-03-04 14:34:11,481 [INFO] WebApp:491 - Direct internet connection detected
2026-03-04 14:34:11,504 [WARN] PackLoader:240 - Cannot read IP mode file for STMicroelectronics.X-CUBE-NFC9.1.0.0
2026-03-04 14:34:11,516 [WARN] PackLoader:240 - Cannot read IP mode file for STMicroelectronics.X-CUBE-BLE1.7.1.0
2026-03-04 14:34:11,520 [WARN] PackLoader:240 - Cannot read IP mode file for wolfSSL.I-CUBE-wolfMQTT.1.19.2
2026-03-04 14:34:11,526 [WARN] PackLoader:240 - Cannot read IP mode file for STMicroelectronics.X-CUBE-EEPRMA1.5.2.0
2026-03-04 14:34:11,532 [WARN] PackLoader:240 - Cannot read IP mode file for wolfSSL.I-CUBE-wolfSSL.5.8.4
2026-03-04 14:34:11,535 [WARN] PackLoader:240 - Cannot read IP mode file for Cesanta.I-CUBE-Mongoose.7.20.0
2026-03-04 14:34:11,536 [INFO] WebApp:894 - Register for checkConnection events
2026-03-04 14:34:11,536 [INFO] WebApp:463 - Apply proxy settings
2026-03-04 14:34:11,537 [INFO] WebApp:548 - Chromium requires no authentication
2026-03-04 14:34:11,538 [INFO] WebApp:491 - Direct internet connection detected
2026-03-04 14:34:11,623 [WARN] PackLoader:240 - Cannot read IP mode file for STMicroelectronics.X-CUBE-MEMS1.12.0.0
2026-03-04 14:34:11,921 [INFO] WebApp:191 - Connection restablished
2026-03-04 14:34:11,968 [INFO] WebApp:225 - Starting web application
2026-03-04 14:34:11,969 [INFO] WebApp:593 - Web application path used /opt/st/stm32cubeide_1.18.1/plugins/com.st.stm32cube.common.mx_6.14.1.202504091515/db/plugins/mcufinder/reactClient1/index.html
2026-03-04 14:34:11,978 [WARN] PackLoader:240 - Cannot read IP mode file for STMicroelectronics.X-CUBE-AZRTOS-G0.1.1.0
2026-03-04 14:34:11,990 [WARN] PackLoader:240 - Cannot read IP mode file for STMicroelectronics.X-CUBE-NFC4.3.0.0
2026-03-04 14:34:12,021 [WARN] PackLoader:240 - Cannot read IP mode file for EmbeddedOffice.I-CUBE-FS-RTOS.1.0.1
2026-03-04 14:34:12,043 [WARN] PackLoader:240 - Cannot read IP mode file for STMicroelectronics.X-CUBE-WB05N.2.0.0
2026-03-04 14:34:12,052 [WARN] PackLoader:240 - Cannot read IP mode file for wolfSSL.I-CUBE-wolfTPM.3.8.0
2026-03-04 14:34:12,059 [WARN] PackLoader:240 - Cannot read IP mode file for STMicroelectronics.X-CUBE-TCPP.4.2.0
2026-03-04 14:34:12,066 [WARN] PackLoader:240 - Cannot read IP mode file for RealThread.X-CUBE-RT-Thread_Nano.4.1.1
2026-03-04 14:34:12,071 [WARN] PackLoader:240 - Cannot read IP mode file for STMicroelectronics.FP-ATR-SIGFOX1.3.2.0
2026-03-04 14:34:12,074 [ERROR] Engine:466 - /home/vatcraft/.stm32cubemx/thirdparties/pdsc/STMicroelectronics.X-CUBE-FREERTOS.1.5.0.pdsc: PDSC version is not supported
2026-03-04 14:34:12,079 [WARN] PackLoader:240 - Cannot read IP mode file for ITTIA_DB.I-CUBE-ITTIADB.8.9.0
2026-03-04 14:34:12,091 [WARN] PackLoader:240 - Cannot read IP mode file for STMicroelectronics.X-CUBE-NFC6.3.2.0
2026-03-04 14:34:12,110 [WARN] PackLoader:240 - Cannot read IP mode file for STMicroelectronics.X-CUBE-AI.10.2.0
2026-03-04 14:34:12,193 [WARN] PackLoader:240 - Cannot read IP mode file for SEGGER.I-CUBE-embOS.1.3.1
2026-03-04 14:34:12,316 [WARN] PackLoader:240 - Cannot read IP mode file for STMicroelectronics.X-CUBE-ALGOBUILD.1.4.0
2026-03-04 14:34:12,325 [WARN] PackLoader:240 - Cannot read IP mode file for STMicroelectronics.X-CUBE-PM33A1.1.0.0
2026-03-04 14:34:12,348 [WARN] PackLoader:240 - Cannot read IP mode file for STMicroelectronics.X-CUBE-AZRTOS-F4.1.1.0
2026-03-04 14:34:12,355 [WARN] PackLoader:240 - Cannot read IP mode file for STMicroelectronics.X-CUBE-ISPU.2.1.0
2026-03-04 14:34:12,361 [ERROR] Engine:466 - /home/vatcraft/.stm32cubemx/thirdparties/pdsc/STMicroelectronics.X-CUBE-IPS.3.2.0.pdsc: PDSC version is not supported
2026-03-04 14:34:12,367 [WARN] PackLoader:240 - Cannot read IP mode file for STMicroelectronics.X-CUBE-NFC12.1.0.0
2026-03-04 14:34:12,404 [WARN] PackLoader:240 - Cannot read IP mode file for STMicroelectronics.X-CUBE-AZRTOS-L5.2.0.0
2026-03-04 14:34:12,417 [WARN] PackLoader:240 - Cannot read IP mode file for STMicroelectronics.X-CUBE-TOUCHGFX.4.26.1
2026-03-04 14:34:12,423 [WARN] PackLoader:240 - Cannot read IP mode file for STMicroelectronics.FP-SNS-STAIOTCFT.1.0.0
2026-03-04 14:34:12,429 [WARN] PackLoader:240 - Cannot read IP mode file for STMicroelectronics.X-CUBE-DPower.1.3.0
2026-03-04 14:34:12,470 [WARN] ConditionMgr:438 - getConditionDescription Invalid condition id : LAN8742 Phy interface Condition cause : null
2026-03-04 14:34:12,471 [WARN] PackLoader:240 - Cannot read IP mode file for STMicroelectronics.X-CUBE-AZRTOS-L4.2.0.0
2026-03-04 14:34:12,473 [WARN] ConditionMgr:1044 - genDependencies : Invalid condition id : LAN8742 Phy interface Condition cause : null
2026-03-04 14:34:12,473 [WARN] ConditionMgr:1044 - genDependencies : Invalid condition id : LAN8742 Phy interface Condition cause : null
2026-03-04 14:34:12,474 [WARN] ConditionMgr:1044 - genDependencies : Invalid condition id : LAN8742 Phy interface Condition cause : null
2026-03-04 14:34:12,485 [WARN] PackLoader:240 - Cannot read IP mode file for STMicroelectronics.X-CUBE-SFXS2LP1.4.0.0
2026-03-04 14:34:12,494 [ERROR] Engine:466 - /home/vatcraft/.stm32cubemx/thirdparties/pdsc/STMicroelectronics.X-CUBE-ST67W61.1.2.0.pdsc: PDSC version is not supported
2026-03-04 14:34:12,511 [WARN] PackLoader:240 - Cannot read IP mode file for STMicroelectronics.X-CUBE-BLEMGR.4.1.0
2026-03-04 14:34:12,533 [WARN] ConditionMgr:438 - getConditionDescription Invalid condition id : UX DEVICE CLASS RTOS Condition cause : null
2026-03-04 14:34:12,533 [WARN] ConditionMgr:438 - getConditionDescription Invalid condition id : UX DEVICE CLASS RTOS Condition cause : null
2026-03-04 14:34:12,537 [WARN] PackLoader:240 - Cannot read IP mode file for STMicroelectronics.X-CUBE-AZRTOS-WB.2.0.0
2026-03-04 14:34:12,537 [WARN] ConditionMgr:1044 - genDependencies : Invalid condition id : UX DEVICE CLASS RTOS Condition cause : null
2026-03-04 14:34:12,537 [WARN] ConditionMgr:1044 - genDependencies : Invalid condition id : UX DEVICE CLASS RTOS Condition cause : null
2026-03-04 14:34:12,538 [WARN] ConditionMgr:1044 - genDependencies : Invalid condition id : UX DEVICE CLASS RTOS Condition cause : null
2026-03-04 14:34:12,539 [WARN] ConditionMgr:1044 - genDependencies : Invalid condition id : UX DEVICE CLASS RTOS Condition cause : null
2026-03-04 14:34:12,539 [WARN] ConditionMgr:1044 - genDependencies : Invalid condition id : UX DEVICE CLASS RTOS Condition cause : null
2026-03-04 14:34:12,542 [WARN] ConditionMgr:438 - getConditionDescription Invalid condition id : Cortex-A Device cause : null
2026-03-04 14:34:12,559 [WARN] ConditionMgr:1044 - genDependencies : Invalid condition id : Cortex-A Device cause : null
2026-03-04 14:34:12,559 [WARN] ConditionMgr:1044 - genDependencies : Invalid condition id : Cortex-A Device cause : null
2026-03-04 14:34:12,559 [WARN] ConditionMgr:1044 - genDependencies : Invalid condition id : Cortex-A Device cause : null
2026-03-04 14:34:12,569 [WARN] PackLoader:240 - Cannot read IP mode file for STMicroelectronics.X-CUBE-STSE01.2.0.0
2026-03-04 14:34:12,581 [WARN] PackLoader:240 - Cannot read IP mode file for STMicroelectronics.X-CUBE-SUBG2.5.0.0
2026-03-04 14:34:12,600 [WARN] PackLoader:240 - Cannot read IP mode file for STMicroelectronics.X-CUBE-AZRTOS-G4.2.0.0
2026-03-04 14:34:12,605 [WARN] PackLoader:240 - Cannot read IP mode file for wolfSSL.I-CUBE-wolfSSH.1.4.20
2026-03-04 14:34:12,609 [WARN] PackLoader:240 - Cannot read IP mode file for STMicroelectronics.X-CUBE-NFC7.2.0.0
2026-03-04 14:34:12,614 [WARN] PackLoader:240 - Cannot read IP mode file for STMicroelectronics.X-CUBE-ALS.1.0.2
2026-03-04 14:34:12,625 [WARN] PackLoader:240 - Cannot read IP mode file for STMicroelectronics.X-CUBE-TOF1.3.4.3
2026-03-04 14:34:12,641 [INFO] ThirdParty:978 - Integrity check success = true
2026-03-04 14:34:12,641 [INFO] IntegrityCheckThread:100 - exiting critical section [integrity check]
2026-03-04 14:34:12,641 [INFO] IntegrityCheckThread:103 - End integrity checks thread
2026-03-04 14:34:47,284 [INFO] McuFinderGlobals:63 - Set McuFinder mode to 2 (CubeIDE integrated)
2026-03-04 14:34:47,287 [INFO] MainUpdater:2872 - connection check result : 10
2026-03-04 14:34:47,803 [INFO] ApiDb:581 - Connected to CubeFinder SQLite database (/home/vatcraft/.stmcufinder/plugins/mcufinder/mcu/cube-finder-db.db)
2026-03-04 14:34:47,940 [INFO] ApiDb:668 - CubeFinder database Data Model version=2.1
2026-03-04 14:34:47,942 [INFO] ApiDb:669 - CubeFinder database Configuration version=3.0.42
2026-03-04 14:34:47,942 [INFO] ApiDb:670 - CubeFinder database generation date=2026-02-13 (1770995876)
2026-03-04 14:34:47,943 [INFO] ApiDb:671 - CubeFinder database FW Pack versions=[FP-ATR-ASTRA1_V2.0.0, FP-SNS-FLIGHT1_V5.1.0, FP-SNS-MOTENV1_V5.1.0, FP-SNS-MOTENVWB1_V1.4.0, FP-SNS-SMARTAG2_V1.2.0, FP-SNS-STBOX1_V2.1.0, STM32Cube_FW_C0_V1.4.0, STM32Cube_FW_F4_V1.28.3, STM32Cube_FW_F7_V1.17.4, STM32Cube_FW_G0_V1.6.2, STM32Cube_FW_G4_V1.6.1, STM32Cube_FW_H5_V1.6.0, STM32Cube_FW_H7RS_V1.3.0, STM32Cube_FW_H7_V1.13.0, STM32Cube_FW_L0_V1.12.2, STM32Cube_FW_L4_V1.18.2, STM32Cube_FW_L5_V1.6.0, STM32Cube_FW_N6_V1.3.0, STM32Cube_FW_U0_V1.3.0, STM32Cube_FW_U3_V1.3.0, STM32Cube_FW_U5_V1.8.0, STM32Cube_FW_WB0_V1.4.0, STM32Cube_FW_WBA_V1.9.0, STM32Cube_FW_WB_V1.24.0, STM32Cube_FW_WL3_V1.4.0, STM32Cube_FW_WL_V1.5.0, X-CUBE-ALGOBUILD_V1.4.0, X-CUBE-ALS_V1.0.2, X-CUBE-AZRTOS-F4_V1.1.0, X-CUBE-AZRTOS-F7_V1.1.0, X-CUBE-AZRTOS-G0_V1.1.0, X-CUBE-AZRTOS-G4_V2.0.0, X-CUBE-AZRTOS-H7RS_V1.1.0, X-CUBE-AZRTOS-H7_V3.4.0, X-CUBE-AZRTOS-L4_V2.0.0, X-CUBE-AZRTOS-L5_V2.0.0, X-CUBE-AZRTOS-WB_V2.0.0, X-CUBE-AZRTOS-WL_V2.0.0, X-CUBE-BLE1_V7.1.0, X-CUBE-BLE2_V3.3.0, X-CUBE-BLEMGR_V4.1.0, X-CUBE-EEPRMA1_V5.2.0, X-CUBE-FREERTOS_V1.3.1, X-CUBE-GNSS1_V6.0.0, X-CUBE-MEMS1_V12.0.0, X-CUBE-NFC4_V3.0.0, X-CUBE-NFC7_V2.0.0, X-CUBE-SFXS2LP1_V4.0.0, X-CUBE-ST67W61_V1.1.0, X-CUBE-SUBG2_V5.0.0, X-CUBE-TOF1_V3.4.3]
2026-03-04 14:34:48,057 [INFO] DbBoardsSqlite:226 - include board P-NUCLEO-WB55-NUCLEO as a kit item of type 'Nucleo-64'
2026-03-04 14:34:48,057 [INFO] DbBoardsSqlite:226 - include board P-NUCLEO-WB55-USBDONGLE as a kit item of type 'Nucleo USB Dongle'
2026-03-04 14:34:48,058 [INFO] DbBoardsSqlite:226 - include board STEVAL-IDP005V1 as a kit item of type 'Evaluation Board'
2026-03-04 14:34:48,058 [INFO] DbBoardsSqlite:226 - include board STEVAL-IDP005V2 as a kit item of type 'Evaluation Board'
2026-03-04 14:34:48,182 [INFO] ApiDb:240 - Found 895 in-development CPN: [B-G473E-ZEST1S, B-WB1M-WPAN1, B-WBA5M-WPAN, B-WL5M-SUBG1, NUCLEO-C031C6, NUCLEO-C051C8, NUCLEO-C071RB, NUCLEO-C092RC, NUCLEO-H503RB, NUCLEO-H533RE, NUCLEO-H563ZI, NUCLEO-H7S3L8, NUCLEO-N657X0-Q, NUCLEO-U031R8, NUCLEO-U083RC, NUCLEO-U385RG-Q, NUCLEO-U545RE-Q, NUCLEO-U5A5ZJ-Q, NUCLEO-WB05KZ, NUCLEO-WB07CC, NUCLEO-WB09KE, NUCLEO-WBA52CG, NUCLEO-WBA55CG, NUCLEO-WBA65RI, NUCLEO-WL33CC1, NUCLEO-WL33CC2, STEVAL-PROTEUS1, STEVAL-SMARTAG2, STEVAL-STWINBX1, STM320518-EVAL, STM32C0116-DK, STM32C011D6Y3TR, STM32C011D6Y6TR, STM32C011F4P3, STM32C011F4P6, STM32C011F4U3, STM32C011F4U6TR, STM32C011F6P3, STM32C011F6P6, STM32C011F6U3, STM32C011F6U6TR, STM32C011J4M3, STM32C011J4M6, STM32C011J6M3, STM32C011J6M6, STM32C0316-DK, STM32C031C4T3, STM32C031C4T6, STM32C031C4U3, STM32C031C4U6, STM32C031C6T3, STM32C031C6T6, STM32C031C6U3, STM32C031C6U6, STM32C031F4P3, STM32C031F4P6, STM32C031F6P3, STM32C031F6P6, STM32C031G4U3, STM32C031G4U6, STM32C031G6U3, STM32C031G6U6, STM32C031K4T3, STM32C031K4T6, STM32C031K4U3, STM32C031K4U6, STM32C031K6T3, STM32C031K6T6, STM32C031K6U3, STM32C031K6U6, STM32C051C6T6, STM32C051C6U6, STM32C051C8T6, STM32C051C8U6, STM32C051D8Y6TR, STM32C051F6P6, STM32C051F8P6, STM32C051G6U6, STM32C051G8U6, STM32C051K6T6, STM32C051K6U6, STM32C051K8T6, STM32C071C8T6, STM32C071C8T6N, STM32C071C8U6, STM32C071C8U6N, STM32C071CBT6, STM32C071CBT6N, STM32C071CBU6, STM32C071CBU6N, STM32C071F8P6, STM32C071F8P6N, STM32C071FBP6, STM32C071FBP6N, STM32C071FBY6TR, STM32C071G8U6, STM32C071G8U6N, STM32C071GBU6, STM32C071GBU6N, STM32C071K8T6, STM32C071K8T6N, STM32C071K8U6, STM32C071K8U6N, STM32C071KBT6, STM32C071KBT6N, STM32C071KBU6, STM32C071KBU6N, STM32C071R8T6, STM32C071R8T6N, STM32C071RBI6N, STM32C071RBT6, STM32C071RBT6N, STM32C091CBT6, STM32C091CBU6, STM32C091CCT6, STM32C091CCU6, STM32C091ECY6TR, STM32C091FBP6, STM32C091FCP6, STM32C091GBU6, STM32C091GCU6, STM32C091KBT6, STM32C091KBU6, STM32C091KCT6, STM32C091KCU6, STM32C091RBT6, STM32C091RCI6, STM32C091RCT6, STM32C092CBT6, STM32C092CBU6, STM32C092CCT6, STM32C092CCU6, STM32C092ECY6TR, STM32C092FBP6, STM32C092FCP6, STM32C092GBU6, STM32C092GCU6, STM32C092KBT6, STM32C092KBU6, STM32C092KCT6, STM32C092KCU6, STM32C092RBT6, STM32C092RCI6, STM32C092RCT6, STM32G071K8TXN, STM32G071K8UXN, STM32G081GBU6N, STM32G081KBT6N, STM32G081KBUXN, STM32G0B1CCT6N, STM32G0B1KCT6, STM32G0B1NEY6TR, STM32G0B1RCT6N, STM32G0C1CCT6, STM32G0C1CCT6N, STM32G0C1CCU6N, STM32G0C1CET6N, STM32G0C1CEU6N, STM32G0C1KCT6, STM32G0C1NEY6TR, STM32G0C1RCI6N, STM32G0C1RCT6N, STM32G0C1REI6N, STM32G0C1RET6N, STM32G0C1VCI6, STM32G0C1VEI6, STM32G411C6T3, STM32G411C6T6, STM32G411C6U3, STM32G411C6U6, STM32G411C8T3, STM32G411C8T6, STM32G411C8U3, STM32G411C8U6, STM32G411CBT3, STM32G411CBT6, STM32G411CBU3, STM32G411CBU6, STM32G411CCT3, STM32G411CCT6, STM32G411CCU3, STM32G411CCU6, STM32G411K6T3, STM32G411K6T6, STM32G411K6U3, STM32G411K6U6, STM32G411K8T3, STM32G411K8T6, STM32G411K8U3, STM32G411K8U6, STM32G411KBT3, STM32G411KBT6, STM32G411KBU3, STM32G411KBU6, STM32G411M6T3, STM32G411M6T6, STM32G411M8T3, STM32G411M8T6, STM32G411MBT3, STM32G411MBT6, STM32G411MCT3, STM32G411MCT6, STM32G411R6T3, STM32G411R6T6, STM32G411R8T3, STM32G411R8T6, STM32G411RBT3, STM32G411RBT6, STM32G411RCT3, STM32G411RCT6, STM32G414CBT3, STM32G414CBT6, STM32G414CBU3, STM32G414CBU6, STM32G414CCT3, STM32G414CCT6, STM32G414CCU3, STM32G414CCU6, STM32G414MBT3, STM32G414MBT6, STM32G414MCT3, STM32G414MCT6, STM32G414RBT3, STM32G414RBT6, STM32G414RCT3, STM32G414RCT6, STM32G414VBT3, STM32G414VBT6, STM32G414VCT3, STM32G414VCT6, STM32G431CBT3Z, STM32G431RBT3Z, STM32G471CCT6, STM32G471CCU6, STM32G471CET3, STM32G471CET6, STM32G471CEU3, STM32G471CEU6, STM32G471MCT6, STM32G471MET3, STM32G471MET6, STM32G471MEY6TR, STM32G471QCT6, STM32G471QET3, STM32G471RCT6, STM32G471RET3, STM32G471RET6, STM32G471VCH6, STM32G471VCI6, STM32G471VCT6, STM32G471VEH3, STM32G471VEH6, STM32G471VEI3, STM32G471VEI6, STM32G471VET3, STM32G471VET6, STM32G473QET3Z, STM32G473RET3Z, STM32G474CCT6, STM32G491RET3Z, STM32H503CBT6, STM32H503CBU6, STM32H503EBY6TR, STM32H503KBU6, STM32H503RBT6, STM32H523CCT6, STM32H523CCU6, STM32H523CET6, STM32H523CEU6, STM32H523HEY6TR, STM32H523RCT6, STM32H523RET6, STM32H523VCI6, STM32H523VCT6, STM32H523VEI6, STM32H523VET6, STM32H523ZCJ6, STM32H523ZCT6, STM32H523ZEJ6, STM32H523ZET6, STM32H533CET6, STM32H533CEU6, STM32H533HEY6TR, STM32H533RET6, STM32H533VEI6, STM32H533VET6, STM32H533ZEJ6, STM32H533ZET6, STM32H562AGI6, STM32H562AII6, STM32H562IGK6, STM32H562IGT6, STM32H562IIK6, STM32H562IIT6, STM32H562RGT6, STM32H562RGV6, STM32H562RIT6, STM32H562RIV6, STM32H562VGT6, STM32H562VIT6, STM32H562ZGT6, STM32H562ZIT6, STM32H563AGI6, STM32H563AII3Q, STM32H563AII6, STM32H563IGK6, STM32H563IGT6, STM32H563IIK3Q, STM32H563IIK6, STM32H563IIT3Q, STM32H563IIT6, STM32H563MIY3QTR, STM32H563RGT6, STM32H563RGV6, STM32H563RIT6, STM32H563RIV6, STM32H563VGT6, STM32H563VIT3Q, STM32H563VIT6, STM32H563ZGT6, STM32H563ZIT3Q, STM32H563ZIT6, STM32H573AII3Q, STM32H573AII6, STM32H573I-DK, STM32H573IIK3Q, STM32H573IIK6, STM32H573IIT3Q, STM32H573IIT6, STM32H573MIY3QTR, STM32H573RIT6, STM32H573RIV6, STM32H573VIT3Q, STM32H573VIT6, STM32H573ZIT3Q, STM32H573ZIT6, STM32H7R3A8I6, STM32H7R3I8K6, STM32H7R3I8T6, STM32H7R3L8H6, STM32H7R3L8H6H, STM32H7R3R8V6, STM32H7R3V8H6, STM32H7R3V8T6, STM32H7R3V8Y6TR, STM32H7R3Z8J6, STM32H7R3Z8T6, STM32H7R7A8I6, STM32H7R7I8K6, STM32H7R7I8T6, STM32H7R7L8H6, STM32H7R7L8H6H, STM32H7R7Z8J6, STM32H7S3A8I6, STM32H7S3I8K6, STM32H7S3I8T6, STM32H7S3L8H6, STM32H7S3L8H6H, STM32H7S3R8V6, STM32H7S3V8H6, STM32H7S3V8T6, STM32H7S3V8Y6TR, STM32H7S3Z8J6, STM32H7S3Z8T6, STM32H7S78-DK, STM32H7S7A8I6, STM32H7S7I8K6, STM32H7S7I8T6, STM32H7S7L8H6, STM32H7S7L8H6H, STM32H7S7Z8J6, STM32L4R5QGI6STR, STM32MP131AAE3, STM32MP131AAF3, STM32MP131AAG3, STM32MP131CAE3, STM32MP131CAF3, STM32MP131CAG3, STM32MP131DAE7, STM32MP131DAF7, STM32MP131DAG7, STM32MP131FAE7, STM32MP131FAF7, STM32MP131FAG7, STM32MP133AAE3, STM32MP133AAF3, STM32MP133AAG3, STM32MP133CAE3, STM32MP133CAF3, STM32MP133CAG3, STM32MP133DAE7, STM32MP133DAF7, STM32MP133DAG7, STM32MP133FAE7, STM32MP133FAF7, STM32MP133FAG7, STM32MP135AAE3, STM32MP135AAF3, STM32MP135AAG3, STM32MP135CAE3, STM32MP135CAF3, STM32MP135CAG3, STM32MP135DAE7, STM32MP135DAF7, STM32MP135DAG7, STM32MP135F-DK, STM32MP135FAE7, STM32MP135FAF7, STM32MP135FAF7T, STM32MP135FAF7U, STM32MP135FAG7, STM32MP231AAJ3, STM32MP231AAK3, STM32MP231AAL3, STM32MP231CAJ3, STM32MP231CAK3, STM32MP231CAL3, STM32MP231DAJ3, STM32MP231DAK3, STM32MP231DAL3, STM32MP231FAJ3, STM32MP231FAK3, STM32MP231FAL3, STM32MP233AAJ3, STM32MP233AAK3, STM32MP233AAL3, STM32MP233CAJ3, STM32MP233CAK3, STM32MP233CAL3, STM32MP233DAJ3, STM32MP233DAK3, STM32MP233DAL3, STM32MP233FAJ3, STM32MP233FAK3, STM32MP233FAL3, STM32MP235AAJ3, STM32MP235AAK3, STM32MP235AAL3, STM32MP235CAJ3, STM32MP235CAK3, STM32MP235CAL3, STM32MP235DAJ3, STM32MP235DAK3, STM32MP235DAL3, STM32MP235FAJ3, STM32MP235FAK3, STM32MP235FAL3, STM32MP251AAI3, STM32MP251AAJ3, STM32MP251AAK3, STM32MP251AAL3, STM32MP251CAI3, STM32MP251CAJ3, STM32MP251CAK3, STM32MP251CAL3, STM32MP251DAI3, STM32MP251DAJ3, STM32MP251DAK3, STM32MP251DAL3, STM32MP251FAI3, STM32MP251FAJ3, STM32MP251FAK3, STM32MP251FAL3, STM32MP253AAI3, STM32MP253AAJ3, STM32MP253AAK3, STM32MP253AAL3, STM32MP253CAI3, STM32MP253CAJ3, STM32MP253CAK3, STM32MP253CAL3, STM32MP253DAI3, STM32MP253DAJ3, STM32MP253DAK3, STM32MP253DAL3, STM32MP253FAI3, STM32MP253FAJ3, STM32MP253FAK3, STM32MP253FAL3, STM32MP255AAI3, STM32MP255AAJ3, STM32MP255AAK3, STM32MP255AAL3, STM32MP255CAI3, STM32MP255CAJ3, STM32MP255CAK3, STM32MP255CAL3, STM32MP255DAI3, STM32MP255DAJ3, STM32MP255DAK3, STM32MP255DAL3, STM32MP255FAI3, STM32MP255FAJ3, STM32MP255FAK3, STM32MP255FAL3, STM32MP257AAI3, STM32MP257AAJ3, STM32MP257AAK3, STM32MP257AAL3, STM32MP257CAI3, STM32MP257CAJ3, STM32MP257CAK3, STM32MP257CAL3, STM32MP257DAI3, STM32MP257DAJ3, STM32MP257DAK3, STM32MP257DAL3, STM32MP257F-DK, STM32MP257F-EV1, STM32MP257FAI3, STM32MP257FAJ3, STM32MP257FAK3, STM32MP257FAL3, STM32N645A0H3Q, STM32N645B0H3Q, STM32N645I0H3Q, STM32N645L0H3Q, STM32N645X0H3Q, STM32N645Z0H3Q, STM32N647A0H3Q, STM32N647B0H3Q, STM32N647I0H3Q, STM32N647L0H3Q, STM32N647X0H3Q, STM32N647Z0H3Q, STM32N655A0H3Q, STM32N655B0H3Q, STM32N655I0H3Q, STM32N655L0H3Q, STM32N655X0H3Q, STM32N655Z0H3Q, STM32N6570-DK, STM32N657A0H3Q, STM32N657B0H3Q, STM32N657I0H3Q, STM32N657L0H3Q, STM32N657X0H3Q, STM32N657Z0H3Q, STM32U031C6T6, STM32U031C6U6, STM32U031C8T6, STM32U031C8U6, STM32U031F4P6, STM32U031F6P6, STM32U031F8P6, STM32U031G6Y6TR, STM32U031G8Y6TR, STM32U031K4U6, STM32U031K6U6, STM32U031K8U6, STM32U031R6I6, STM32U031R6T6, STM32U031R8I6, STM32U031R8T6, STM32U073C8T6, STM32U073C8U6, STM32U073CBT6, STM32U073CBU6, STM32U073CCT6, STM32U073CCU6, STM32U073H8Y6TR, STM32U073HBY6TR, STM32U073HCY6TR, STM32U073K8U6, STM32U073KBU6, STM32U073KCU6, STM32U073M8I6, STM32U073M8T6, STM32U073MBI6, STM32U073MBT6, STM32U073MCI6, STM32U073MCT6, STM32U073R8I6, STM32U073R8T6, STM32U073RBI6, STM32U073RBT6, STM32U073RCI6, STM32U073RCT6, STM32U083C-DK, STM32U083CCT6, STM32U083CCU6, STM32U083HCY6TR, STM32U083KCU6, STM32U083MCI6, STM32U083MCT6, STM32U083RCI6, STM32U083RCT6, STM32U375CET6, STM32U375CET6Q, STM32U375CEU6, STM32U375CEU6Q, STM32U375CEY6QTR, STM32U375CGT6, STM32U375CGT6Q, STM32U375CGU6, STM32U375CGU6Q, STM32U375CGY6QTR, STM32U375KEU6, STM32U375KGU6, STM32U375REI6, STM32U375REI6Q, STM32U375RET6, STM32U375RET6Q, STM32U375REY6GTR, STM32U375REY6QTR, STM32U375RGI6, STM32U375RGI6Q, STM32U375RGT6, STM32U375RGT6Q, STM32U375RGY6GTR, STM32U375RGY6QTR, STM32U375VEI6, STM32U375VEI6Q, STM32U375VET6, STM32U375VET6Q, STM32U375VGI6, STM32U375VGI6Q, STM32U375VGT6, STM32U375VGT6Q, STM32U385CGT6, STM32U385CGT6Q, STM32U385CGU6, STM32U385CGU6Q, STM32U385CGY6QTR, STM32U385KGU6, STM32U385RGI6, STM32U385RGI6Q, STM32U385RGT6, STM32U385RGT6Q, STM32U385RGY6GTR, STM32U385RGY6QTR, STM32U385VGI6, STM32U385VGI6Q, STM32U385VGT6, STM32U385VGT6Q, STM32U535CBT6, STM32U535CBT6Q, STM32U535CBU6, STM32U535CBU6Q, STM32U535CCT6, STM32U535CCT6Q, STM32U535CCU6, STM32U535CCU6Q, STM32U535CET6, STM32U535CET6Q, STM32U535CEU6, STM32U535CEU6Q, STM32U535JEY6QTR, STM32U535NCY6QTR, STM32U535NEY6QTR, STM32U535RBI6, STM32U535RBI6Q, STM32U535RBT6, STM32U535RBT6Q, STM32U535RCI6, STM32U535RCI6Q, STM32U535RCT6, STM32U535RCT6Q, STM32U535REI6, STM32U535REI6Q, STM32U535RET6, STM32U535RET6Q, STM32U535VCI6, STM32U535VCI6Q, STM32U535VCT6, STM32U535VCT6Q, STM32U535VEI6, STM32U535VEI6Q, STM32U535VET6, STM32U535VET6Q, STM32U545CET6, STM32U545CET6Q, STM32U545CEU6, STM32U545CEU6Q, STM32U545JEY6QTR, STM32U545NEY6QTR, STM32U545REI6, STM32U545REI6Q, STM32U545RET6, STM32U545RET6Q, STM32U545VEI6, STM32U545VEI6Q, STM32U545VET6, STM32U545VET6Q, STM32U595AIH6, STM32U595AIH6Q, STM32U595AJH6, STM32U595AJH6Q, STM32U595QII6, STM32U595QII6Q, STM32U595QJI6, STM32U595QJI6Q, STM32U595RIT6, STM32U595RIT6Q, STM32U595RJT6, STM32U595RJT6Q, STM32U595VIT6, STM32U595VIT6Q, STM32U595VJT6, STM32U595VJT6Q, STM32U595ZIT6, STM32U595ZIT6Q, STM32U595ZIY6QTR, STM32U595ZJT6, STM32U595ZJT6Q, STM32U595ZJY6QTR, STM32U599BJY6QTR, STM32U599NIH6Q, STM32U599NJH6Q, STM32U599VIT6Q, STM32U599VJT6, STM32U599VJT6Q, STM32U599ZIT6Q, STM32U599ZIY6QTR, STM32U599ZJT6Q, STM32U599ZJY6QTR, STM32U5A5AJH6, STM32U5A5AJH6Q, STM32U5A5QII3Q , STM32U5A5QJI6, STM32U5A5QJI6Q, STM32U5A5RJT6, STM32U5A5RJT6Q, STM32U5A5VJT6, STM32U5A5VJT6Q, STM32U5A5ZJT6, STM32U5A5ZJT6Q, STM32U5A5ZJY6QTR, STM32U5A9BJY6QTR, STM32U5A9J-DK, STM32U5A9NJH6Q, STM32U5A9VJT6Q, STM32U5A9ZJT6Q, STM32U5A9ZJY6QTR, STM32U5F7VIT6, STM32U5F7VIT6Q, STM32U5F7VJT6, STM32U5F7VJT6Q, STM32U5F9BJY6QTR, STM32U5F9NJH6Q, STM32U5F9VIT6Q, STM32U5F9VJT6Q, STM32U5F9ZIJ6QTR, STM32U5F9ZIT6Q, STM32U5F9ZJJ6QTR, STM32U5F9ZJT6Q, STM32U5G7VJT6, STM32U5G7VJT6Q, STM32U5G9BJY6QTR, STM32U5G9J-DK1, STM32U5G9J-DK2, STM32U5G9NJH6Q, STM32U5G9VJT6Q, STM32U5G9ZJJ6QTR, STM32U5G9ZJT6Q, STM32WB05KZV6TR, STM32WB05KZV7TR, STM32WB05TZF6TR, STM32WB05TZF7TR, STM32WB06CCF6TR, STM32WB06CCF7TR, STM32WB06CCV6TR, STM32WB06CCV7TR, STM32WB06KCV6TR, STM32WB06KCV7TR, STM32WB07CCF6TR, STM32WB07CCF7TR, STM32WB07CCV6TR, STM32WB07CCV7TR, STM32WB07KCV6TR, STM32WB07KCV7TR, STM32WB09KEV6TR, STM32WB09KEV7TR, STM32WB09TEF6TR, STM32WB09TEF7TR, STM32WB1MMCH6, STM32WBA50KGU6, STM32WBA50KGU6TR, STM32WBA52CEU6, STM32WBA52CEU6TR, STM32WBA52CEU7, STM32WBA52CEU7TR, STM32WBA52CGU6, STM32WBA52CGU6TR, STM32WBA52CGU6U, STM32WBA52CGU7, STM32WBA52CGU7TR, STM32WBA52KEU6, STM32WBA52KEU6TR, STM32WBA52KGU6, STM32WBA52KGU6TR, STM32WBA54CEU6, STM32WBA54CEU6TR, STM32WBA54CEU7, STM32WBA54CEU7TR, STM32WBA54CGU6, STM32WBA54CGU6TR, STM32WBA54CGU7, STM32WBA54CGU7TR, STM32WBA54KEU6, STM32WBA54KEU6TR, STM32WBA54KEU7, STM32WBA54KEU7TR, STM32WBA54KGU6, STM32WBA54KGU6TR, STM32WBA54KGU7, STM32WBA54KGU7TR, STM32WBA55CEU6, STM32WBA55CEU6TR, STM32WBA55CEU7, STM32WBA55CEU7TR, STM32WBA55CGU6, STM32WBA55CGU6TR, STM32WBA55CGU6U, STM32WBA55CGU7, STM32WBA55CGU7TR, STM32WBA55G-DK1, STM32WBA55HEF6, STM32WBA55HEF7, STM32WBA55HGF6, STM32WBA55HGF7, STM32WBA55UEI6, STM32WBA55UEI6TR, STM32WBA55UEI7, STM32WBA55UEI7TR, STM32WBA55UGI6, STM32WBA55UGI6TR, STM32WBA55UGI7, STM32WBA55UGI7TR, STM32WBA5MJGH6TR, STM32WBA62CGU6, STM32WBA62CIU6, STM32WBA62MGF6, STM32WBA62MIF6, STM32WBA62PGI6, STM32WBA62PII6, STM32WBA63CGU6, STM32WBA63CGU7, STM32WBA63CIU6, STM32WBA63CIU7, STM32WBA64CGU6, STM32WBA64CGU7, STM32WBA64CIU6, STM32WBA64CIU7, STM32WBA65CGU6, STM32WBA65CGU7, STM32WBA65CIU6, STM32WBA65CIU7, STM32WBA65I-DK1, STM32WBA65MGF6, STM32WBA65MGF7, STM32WBA65MIF6, STM32WBA65MIF7, STM32WBA65PGI6, STM32WBA65PGI7, STM32WBA65PII6, STM32WBA65PII7, STM32WBA65RGV6, STM32WBA65RGV7, STM32WBA65RIV6, STM32WBA65RIV7, STM32WL30K8V6, STM32WL30KBV6, STM32WL31C8V6, STM32WL31CBV6, STM32WL31K8V6, STM32WL31KBV6, STM32WL33C8V6, STM32WL33C8V6TR, STM32WL33C8V7, STM32WL33C8V7TR, STM32WL33CBV6, STM32WL33CBV6TR, STM32WL33CBV7, STM32WL33CBV7TR, STM32WL33CCV6, STM32WL33CCV6TR, STM32WL33CCV7, STM32WL33CCV7A, STM32WL33CCV7ATR, STM32WL33CCV7TR, STM32WL33K8V6, STM32WL33K8V6TR, STM32WL33K8V7, STM32WL33K8V7TR, STM32WL33KBV6, STM32WL33KBV6TR, STM32WL33KBV7, STM32WL33KBV7TR, STM32WL33KCV6, STM32WL33KCV6TR, STM32WL33KCV7, STM32WL33KCV7TR, STM32WL5MOCH6, STM32WL5MOCH6TR]
2026-03-04 14:34:48,188 [INFO] ApiDb:668 - CubeFinder database Data Model version=2.1
2026-03-04 14:34:48,189 [INFO] ApiDb:669 - CubeFinder database Configuration version=3.0.42
2026-03-04 14:34:48,189 [INFO] ApiDb:670 - CubeFinder database generation date=2026-02-13 (1770995876)
2026-03-04 14:34:48,189 [INFO] ApiDb:671 - CubeFinder database FW Pack versions=[FP-ATR-ASTRA1_V2.0.0, FP-SNS-FLIGHT1_V5.1.0, FP-SNS-MOTENV1_V5.1.0, FP-SNS-MOTENVWB1_V1.4.0, FP-SNS-SMARTAG2_V1.2.0, FP-SNS-STBOX1_V2.1.0, STM32Cube_FW_C0_V1.4.0, STM32Cube_FW_F4_V1.28.3, STM32Cube_FW_F7_V1.17.4, STM32Cube_FW_G0_V1.6.2, STM32Cube_FW_G4_V1.6.1, STM32Cube_FW_H5_V1.6.0, STM32Cube_FW_H7RS_V1.3.0, STM32Cube_FW_H7_V1.13.0, STM32Cube_FW_L0_V1.12.2, STM32Cube_FW_L4_V1.18.2, STM32Cube_FW_L5_V1.6.0, STM32Cube_FW_N6_V1.3.0, STM32Cube_FW_U0_V1.3.0, STM32Cube_FW_U3_V1.3.0, STM32Cube_FW_U5_V1.8.0, STM32Cube_FW_WB0_V1.4.0, STM32Cube_FW_WBA_V1.9.0, STM32Cube_FW_WB_V1.24.0, STM32Cube_FW_WL3_V1.4.0, STM32Cube_FW_WL_V1.5.0, X-CUBE-ALGOBUILD_V1.4.0, X-CUBE-ALS_V1.0.2, X-CUBE-AZRTOS-F4_V1.1.0, X-CUBE-AZRTOS-F7_V1.1.0, X-CUBE-AZRTOS-G0_V1.1.0, X-CUBE-AZRTOS-G4_V2.0.0, X-CUBE-AZRTOS-H7RS_V1.1.0, X-CUBE-AZRTOS-H7_V3.4.0, X-CUBE-AZRTOS-L4_V2.0.0, X-CUBE-AZRTOS-L5_V2.0.0, X-CUBE-AZRTOS-WB_V2.0.0, X-CUBE-AZRTOS-WL_V2.0.0, X-CUBE-BLE1_V7.1.0, X-CUBE-BLE2_V3.3.0, X-CUBE-BLEMGR_V4.1.0, X-CUBE-EEPRMA1_V5.2.0, X-CUBE-FREERTOS_V1.3.1, X-CUBE-GNSS1_V6.0.0, X-CUBE-MEMS1_V12.0.0, X-CUBE-NFC4_V3.0.0, X-CUBE-NFC7_V2.0.0, X-CUBE-SFXS2LP1_V4.0.0, X-CUBE-ST67W61_V1.1.0, X-CUBE-SUBG2_V5.0.0, X-CUBE-TOF1_V3.4.3]
2026-03-04 14:34:51,441 [INFO] ApiDb:240 - Found 895 in-development CPN: [B-G473E-ZEST1S, B-WB1M-WPAN1, B-WBA5M-WPAN, B-WL5M-SUBG1, NUCLEO-C031C6, NUCLEO-C051C8, NUCLEO-C071RB, NUCLEO-C092RC, NUCLEO-H503RB, NUCLEO-H533RE, NUCLEO-H563ZI, NUCLEO-H7S3L8, NUCLEO-N657X0-Q, NUCLEO-U031R8, NUCLEO-U083RC, NUCLEO-U385RG-Q, NUCLEO-U545RE-Q, NUCLEO-U5A5ZJ-Q, NUCLEO-WB05KZ, NUCLEO-WB07CC, NUCLEO-WB09KE, NUCLEO-WBA52CG, NUCLEO-WBA55CG, NUCLEO-WBA65RI, NUCLEO-WL33CC1, NUCLEO-WL33CC2, STEVAL-PROTEUS1, STEVAL-SMARTAG2, STEVAL-STWINBX1, STM320518-EVAL, STM32C0116-DK, STM32C011D6Y3TR, STM32C011D6Y6TR, STM32C011F4P3, STM32C011F4P6, STM32C011F4U3, STM32C011F4U6TR, STM32C011F6P3, STM32C011F6P6, STM32C011F6U3, STM32C011F6U6TR, STM32C011J4M3, STM32C011J4M6, STM32C011J6M3, STM32C011J6M6, STM32C0316-DK, STM32C031C4T3, STM32C031C4T6, STM32C031C4U3, STM32C031C4U6, STM32C031C6T3, STM32C031C6T6, STM32C031C6U3, STM32C031C6U6, STM32C031F4P3, STM32C031F4P6, STM32C031F6P3, STM32C031F6P6, STM32C031G4U3, STM32C031G4U6, STM32C031G6U3, STM32C031G6U6, STM32C031K4T3, STM32C031K4T6, STM32C031K4U3, STM32C031K4U6, STM32C031K6T3, STM32C031K6T6, STM32C031K6U3, STM32C031K6U6, STM32C051C6T6, STM32C051C6U6, STM32C051C8T6, STM32C051C8U6, STM32C051D8Y6TR, STM32C051F6P6, STM32C051F8P6, STM32C051G6U6, STM32C051G8U6, STM32C051K6T6, STM32C051K6U6, STM32C051K8T6, STM32C071C8T6, STM32C071C8T6N, STM32C071C8U6, STM32C071C8U6N, STM32C071CBT6, STM32C071CBT6N, STM32C071CBU6, STM32C071CBU6N, STM32C071F8P6, STM32C071F8P6N, STM32C071FBP6, STM32C071FBP6N, STM32C071FBY6TR, STM32C071G8U6, STM32C071G8U6N, STM32C071GBU6, STM32C071GBU6N, STM32C071K8T6, STM32C071K8T6N, STM32C071K8U6, STM32C071K8U6N, STM32C071KBT6, STM32C071KBT6N, STM32C071KBU6, STM32C071KBU6N, STM32C071R8T6, STM32C071R8T6N, STM32C071RBI6N, STM32C071RBT6, STM32C071RBT6N, STM32C091CBT6, STM32C091CBU6, STM32C091CCT6, STM32C091CCU6, STM32C091ECY6TR, STM32C091FBP6, STM32C091FCP6, STM32C091GBU6, STM32C091GCU6, STM32C091KBT6, STM32C091KBU6, STM32C091KCT6, STM32C091KCU6, STM32C091RBT6, STM32C091RCI6, STM32C091RCT6, STM32C092CBT6, STM32C092CBU6, STM32C092CCT6, STM32C092CCU6, STM32C092ECY6TR, STM32C092FBP6, STM32C092FCP6, STM32C092GBU6, STM32C092GCU6, STM32C092KBT6, STM32C092KBU6, STM32C092KCT6, STM32C092KCU6, STM32C092RBT6, STM32C092RCI6, STM32C092RCT6, STM32G071K8TXN, STM32G071K8UXN, STM32G081GBU6N, STM32G081KBT6N, STM32G081KBUXN, STM32G0B1CCT6N, STM32G0B1KCT6, STM32G0B1NEY6TR, STM32G0B1RCT6N, STM32G0C1CCT6, STM32G0C1CCT6N, STM32G0C1CCU6N, STM32G0C1CET6N, STM32G0C1CEU6N, STM32G0C1KCT6, STM32G0C1NEY6TR, STM32G0C1RCI6N, STM32G0C1RCT6N, STM32G0C1REI6N, STM32G0C1RET6N, STM32G0C1VCI6, STM32G0C1VEI6, STM32G411C6T3, STM32G411C6T6, STM32G411C6U3, STM32G411C6U6, STM32G411C8T3, STM32G411C8T6, STM32G411C8U3, STM32G411C8U6, STM32G411CBT3, STM32G411CBT6, STM32G411CBU3, STM32G411CBU6, STM32G411CCT3, STM32G411CCT6, STM32G411CCU3, STM32G411CCU6, STM32G411K6T3, STM32G411K6T6, STM32G411K6U3, STM32G411K6U6, STM32G411K8T3, STM32G411K8T6, STM32G411K8U3, STM32G411K8U6, STM32G411KBT3, STM32G411KBT6, STM32G411KBU3, STM32G411KBU6, STM32G411M6T3, STM32G411M6T6, STM32G411M8T3, STM32G411M8T6, STM32G411MBT3, STM32G411MBT6, STM32G411MCT3, STM32G411MCT6, STM32G411R6T3, STM32G411R6T6, STM32G411R8T3, STM32G411R8T6, STM32G411RBT3, STM32G411RBT6, STM32G411RCT3, STM32G411RCT6, STM32G414CBT3, STM32G414CBT6, STM32G414CBU3, STM32G414CBU6, STM32G414CCT3, STM32G414CCT6, STM32G414CCU3, STM32G414CCU6, STM32G414MBT3, STM32G414MBT6, STM32G414MCT3, STM32G414MCT6, STM32G414RBT3, STM32G414RBT6, STM32G414RCT3, STM32G414RCT6, STM32G414VBT3, STM32G414VBT6, STM32G414VCT3, STM32G414VCT6, STM32G431CBT3Z, STM32G431RBT3Z, STM32G471CCT6, STM32G471CCU6, STM32G471CET3, STM32G471CET6, STM32G471CEU3, STM32G471CEU6, STM32G471MCT6, STM32G471MET3, STM32G471MET6, STM32G471MEY6TR, STM32G471QCT6, STM32G471QET3, STM32G471RCT6, STM32G471RET3, STM32G471RET6, STM32G471VCH6, STM32G471VCI6, STM32G471VCT6, STM32G471VEH3, STM32G471VEH6, STM32G471VEI3, STM32G471VEI6, STM32G471VET3, STM32G471VET6, STM32G473QET3Z, STM32G473RET3Z, STM32G474CCT6, STM32G491RET3Z, STM32H503CBT6, STM32H503CBU6, STM32H503EBY6TR, STM32H503KBU6, STM32H503RBT6, STM32H523CCT6, STM32H523CCU6, STM32H523CET6, STM32H523CEU6, STM32H523HEY6TR, STM32H523RCT6, STM32H523RET6, STM32H523VCI6, STM32H523VCT6, STM32H523VEI6, STM32H523VET6, STM32H523ZCJ6, STM32H523ZCT6, STM32H523ZEJ6, STM32H523ZET6, STM32H533CET6, STM32H533CEU6, STM32H533HEY6TR, STM32H533RET6, STM32H533VEI6, STM32H533VET6, STM32H533ZEJ6, STM32H533ZET6, STM32H562AGI6, STM32H562AII6, STM32H562IGK6, STM32H562IGT6, STM32H562IIK6, STM32H562IIT6, STM32H562RGT6, STM32H562RGV6, STM32H562RIT6, STM32H562RIV6, STM32H562VGT6, STM32H562VIT6, STM32H562ZGT6, STM32H562ZIT6, STM32H563AGI6, STM32H563AII3Q, STM32H563AII6, STM32H563IGK6, STM32H563IGT6, STM32H563IIK3Q, STM32H563IIK6, STM32H563IIT3Q, STM32H563IIT6, STM32H563MIY3QTR, STM32H563RGT6, STM32H563RGV6, STM32H563RIT6, STM32H563RIV6, STM32H563VGT6, STM32H563VIT3Q, STM32H563VIT6, STM32H563ZGT6, STM32H563ZIT3Q, STM32H563ZIT6, STM32H573AII3Q, STM32H573AII6, STM32H573I-DK, STM32H573IIK3Q, STM32H573IIK6, STM32H573IIT3Q, STM32H573IIT6, STM32H573MIY3QTR, STM32H573RIT6, STM32H573RIV6, STM32H573VIT3Q, STM32H573VIT6, STM32H573ZIT3Q, STM32H573ZIT6, STM32H7R3A8I6, STM32H7R3I8K6, STM32H7R3I8T6, STM32H7R3L8H6, STM32H7R3L8H6H, STM32H7R3R8V6, STM32H7R3V8H6, STM32H7R3V8T6, STM32H7R3V8Y6TR, STM32H7R3Z8J6, STM32H7R3Z8T6, STM32H7R7A8I6, STM32H7R7I8K6, STM32H7R7I8T6, STM32H7R7L8H6, STM32H7R7L8H6H, STM32H7R7Z8J6, STM32H7S3A8I6, STM32H7S3I8K6, STM32H7S3I8T6, STM32H7S3L8H6, STM32H7S3L8H6H, STM32H7S3R8V6, STM32H7S3V8H6, STM32H7S3V8T6, STM32H7S3V8Y6TR, STM32H7S3Z8J6, STM32H7S3Z8T6, STM32H7S78-DK, STM32H7S7A8I6, STM32H7S7I8K6, STM32H7S7I8T6, STM32H7S7L8H6, STM32H7S7L8H6H, STM32H7S7Z8J6, STM32L4R5QGI6STR, STM32MP131AAE3, STM32MP131AAF3, STM32MP131AAG3, STM32MP131CAE3, STM32MP131CAF3, STM32MP131CAG3, STM32MP131DAE7, STM32MP131DAF7, STM32MP131DAG7, STM32MP131FAE7, STM32MP131FAF7, STM32MP131FAG7, STM32MP133AAE3, STM32MP133AAF3, STM32MP133AAG3, STM32MP133CAE3, STM32MP133CAF3, STM32MP133CAG3, STM32MP133DAE7, STM32MP133DAF7, STM32MP133DAG7, STM32MP133FAE7, STM32MP133FAF7, STM32MP133FAG7, STM32MP135AAE3, STM32MP135AAF3, STM32MP135AAG3, STM32MP135CAE3, STM32MP135CAF3, STM32MP135CAG3, STM32MP135DAE7, STM32MP135DAF7, STM32MP135DAG7, STM32MP135F-DK, STM32MP135FAE7, STM32MP135FAF7, STM32MP135FAF7T, STM32MP135FAF7U, STM32MP135FAG7, STM32MP231AAJ3, STM32MP231AAK3, STM32MP231AAL3, STM32MP231CAJ3, STM32MP231CAK3, STM32MP231CAL3, STM32MP231DAJ3, STM32MP231DAK3, STM32MP231DAL3, STM32MP231FAJ3, STM32MP231FAK3, STM32MP231FAL3, STM32MP233AAJ3, STM32MP233AAK3, STM32MP233AAL3, STM32MP233CAJ3, STM32MP233CAK3, STM32MP233CAL3, STM32MP233DAJ3, STM32MP233DAK3, STM32MP233DAL3, STM32MP233FAJ3, STM32MP233FAK3, STM32MP233FAL3, STM32MP235AAJ3, STM32MP235AAK3, STM32MP235AAL3, STM32MP235CAJ3, STM32MP235CAK3, STM32MP235CAL3, STM32MP235DAJ3, STM32MP235DAK3, STM32MP235DAL3, STM32MP235FAJ3, STM32MP235FAK3, STM32MP235FAL3, STM32MP251AAI3, STM32MP251AAJ3, STM32MP251AAK3, STM32MP251AAL3, STM32MP251CAI3, STM32MP251CAJ3, STM32MP251CAK3, STM32MP251CAL3, STM32MP251DAI3, STM32MP251DAJ3, STM32MP251DAK3, STM32MP251DAL3, STM32MP251FAI3, STM32MP251FAJ3, STM32MP251FAK3, STM32MP251FAL3, STM32MP253AAI3, STM32MP253AAJ3, STM32MP253AAK3, STM32MP253AAL3, STM32MP253CAI3, STM32MP253CAJ3, STM32MP253CAK3, STM32MP253CAL3, STM32MP253DAI3, STM32MP253DAJ3, STM32MP253DAK3, STM32MP253DAL3, STM32MP253FAI3, STM32MP253FAJ3, STM32MP253FAK3, STM32MP253FAL3, STM32MP255AAI3, STM32MP255AAJ3, STM32MP255AAK3, STM32MP255AAL3, STM32MP255CAI3, STM32MP255CAJ3, STM32MP255CAK3, STM32MP255CAL3, STM32MP255DAI3, STM32MP255DAJ3, STM32MP255DAK3, STM32MP255DAL3, STM32MP255FAI3, STM32MP255FAJ3, STM32MP255FAK3, STM32MP255FAL3, STM32MP257AAI3, STM32MP257AAJ3, STM32MP257AAK3, STM32MP257AAL3, STM32MP257CAI3, STM32MP257CAJ3, STM32MP257CAK3, STM32MP257CAL3, STM32MP257DAI3, STM32MP257DAJ3, STM32MP257DAK3, STM32MP257DAL3, STM32MP257F-DK, STM32MP257F-EV1, STM32MP257FAI3, STM32MP257FAJ3, STM32MP257FAK3, STM32MP257FAL3, STM32N645A0H3Q, STM32N645B0H3Q, STM32N645I0H3Q, STM32N645L0H3Q, STM32N645X0H3Q, STM32N645Z0H3Q, STM32N647A0H3Q, STM32N647B0H3Q, STM32N647I0H3Q, STM32N647L0H3Q, STM32N647X0H3Q, STM32N647Z0H3Q, STM32N655A0H3Q, STM32N655B0H3Q, STM32N655I0H3Q, STM32N655L0H3Q, STM32N655X0H3Q, STM32N655Z0H3Q, STM32N6570-DK, STM32N657A0H3Q, STM32N657B0H3Q, STM32N657I0H3Q, STM32N657L0H3Q, STM32N657X0H3Q, STM32N657Z0H3Q, STM32U031C6T6, STM32U031C6U6, STM32U031C8T6, STM32U031C8U6, STM32U031F4P6, STM32U031F6P6, STM32U031F8P6, STM32U031G6Y6TR, STM32U031G8Y6TR, STM32U031K4U6, STM32U031K6U6, STM32U031K8U6, STM32U031R6I6, STM32U031R6T6, STM32U031R8I6, STM32U031R8T6, STM32U073C8T6, STM32U073C8U6, STM32U073CBT6, STM32U073CBU6, STM32U073CCT6, STM32U073CCU6, STM32U073H8Y6TR, STM32U073HBY6TR, STM32U073HCY6TR, STM32U073K8U6, STM32U073KBU6, STM32U073KCU6, STM32U073M8I6, STM32U073M8T6, STM32U073MBI6, STM32U073MBT6, STM32U073MCI6, STM32U073MCT6, STM32U073R8I6, STM32U073R8T6, STM32U073RBI6, STM32U073RBT6, STM32U073RCI6, STM32U073RCT6, STM32U083C-DK, STM32U083CCT6, STM32U083CCU6, STM32U083HCY6TR, STM32U083KCU6, STM32U083MCI6, STM32U083MCT6, STM32U083RCI6, STM32U083RCT6, STM32U375CET6, STM32U375CET6Q, STM32U375CEU6, STM32U375CEU6Q, STM32U375CEY6QTR, STM32U375CGT6, STM32U375CGT6Q, STM32U375CGU6, STM32U375CGU6Q, STM32U375CGY6QTR, STM32U375KEU6, STM32U375KGU6, STM32U375REI6, STM32U375REI6Q, STM32U375RET6, STM32U375RET6Q, STM32U375REY6GTR, STM32U375REY6QTR, STM32U375RGI6, STM32U375RGI6Q, STM32U375RGT6, STM32U375RGT6Q, STM32U375RGY6GTR, STM32U375RGY6QTR, STM32U375VEI6, STM32U375VEI6Q, STM32U375VET6, STM32U375VET6Q, STM32U375VGI6, STM32U375VGI6Q, STM32U375VGT6, STM32U375VGT6Q, STM32U385CGT6, STM32U385CGT6Q, STM32U385CGU6, STM32U385CGU6Q, STM32U385CGY6QTR, STM32U385KGU6, STM32U385RGI6, STM32U385RGI6Q, STM32U385RGT6, STM32U385RGT6Q, STM32U385RGY6GTR, STM32U385RGY6QTR, STM32U385VGI6, STM32U385VGI6Q, STM32U385VGT6, STM32U385VGT6Q, STM32U535CBT6, STM32U535CBT6Q, STM32U535CBU6, STM32U535CBU6Q, STM32U535CCT6, STM32U535CCT6Q, STM32U535CCU6, STM32U535CCU6Q, STM32U535CET6, STM32U535CET6Q, STM32U535CEU6, STM32U535CEU6Q, STM32U535JEY6QTR, STM32U535NCY6QTR, STM32U535NEY6QTR, STM32U535RBI6, STM32U535RBI6Q, STM32U535RBT6, STM32U535RBT6Q, STM32U535RCI6, STM32U535RCI6Q, STM32U535RCT6, STM32U535RCT6Q, STM32U535REI6, STM32U535REI6Q, STM32U535RET6, STM32U535RET6Q, STM32U535VCI6, STM32U535VCI6Q, STM32U535VCT6, STM32U535VCT6Q, STM32U535VEI6, STM32U535VEI6Q, STM32U535VET6, STM32U535VET6Q, STM32U545CET6, STM32U545CET6Q, STM32U545CEU6, STM32U545CEU6Q, STM32U545JEY6QTR, STM32U545NEY6QTR, STM32U545REI6, STM32U545REI6Q, STM32U545RET6, STM32U545RET6Q, STM32U545VEI6, STM32U545VEI6Q, STM32U545VET6, STM32U545VET6Q, STM32U595AIH6, STM32U595AIH6Q, STM32U595AJH6, STM32U595AJH6Q, STM32U595QII6, STM32U595QII6Q, STM32U595QJI6, STM32U595QJI6Q, STM32U595RIT6, STM32U595RIT6Q, STM32U595RJT6, STM32U595RJT6Q, STM32U595VIT6, STM32U595VIT6Q, STM32U595VJT6, STM32U595VJT6Q, STM32U595ZIT6, STM32U595ZIT6Q, STM32U595ZIY6QTR, STM32U595ZJT6, STM32U595ZJT6Q, STM32U595ZJY6QTR, STM32U599BJY6QTR, STM32U599NIH6Q, STM32U599NJH6Q, STM32U599VIT6Q, STM32U599VJT6, STM32U599VJT6Q, STM32U599ZIT6Q, STM32U599ZIY6QTR, STM32U599ZJT6Q, STM32U599ZJY6QTR, STM32U5A5AJH6, STM32U5A5AJH6Q, STM32U5A5QII3Q , STM32U5A5QJI6, STM32U5A5QJI6Q, STM32U5A5RJT6, STM32U5A5RJT6Q, STM32U5A5VJT6, STM32U5A5VJT6Q, STM32U5A5ZJT6, STM32U5A5ZJT6Q, STM32U5A5ZJY6QTR, STM32U5A9BJY6QTR, STM32U5A9J-DK, STM32U5A9NJH6Q, STM32U5A9VJT6Q, STM32U5A9ZJT6Q, STM32U5A9ZJY6QTR, STM32U5F7VIT6, STM32U5F7VIT6Q, STM32U5F7VJT6, STM32U5F7VJT6Q, STM32U5F9BJY6QTR, STM32U5F9NJH6Q, STM32U5F9VIT6Q, STM32U5F9VJT6Q, STM32U5F9ZIJ6QTR, STM32U5F9ZIT6Q, STM32U5F9ZJJ6QTR, STM32U5F9ZJT6Q, STM32U5G7VJT6, STM32U5G7VJT6Q, STM32U5G9BJY6QTR, STM32U5G9J-DK1, STM32U5G9J-DK2, STM32U5G9NJH6Q, STM32U5G9VJT6Q, STM32U5G9ZJJ6QTR, STM32U5G9ZJT6Q, STM32WB05KZV6TR, STM32WB05KZV7TR, STM32WB05TZF6TR, STM32WB05TZF7TR, STM32WB06CCF6TR, STM32WB06CCF7TR, STM32WB06CCV6TR, STM32WB06CCV7TR, STM32WB06KCV6TR, STM32WB06KCV7TR, STM32WB07CCF6TR, STM32WB07CCF7TR, STM32WB07CCV6TR, STM32WB07CCV7TR, STM32WB07KCV6TR, STM32WB07KCV7TR, STM32WB09KEV6TR, STM32WB09KEV7TR, STM32WB09TEF6TR, STM32WB09TEF7TR, STM32WB1MMCH6, STM32WBA50KGU6, STM32WBA50KGU6TR, STM32WBA52CEU6, STM32WBA52CEU6TR, STM32WBA52CEU7, STM32WBA52CEU7TR, STM32WBA52CGU6, STM32WBA52CGU6TR, STM32WBA52CGU6U, STM32WBA52CGU7, STM32WBA52CGU7TR, STM32WBA52KEU6, STM32WBA52KEU6TR, STM32WBA52KGU6, STM32WBA52KGU6TR, STM32WBA54CEU6, STM32WBA54CEU6TR, STM32WBA54CEU7, STM32WBA54CEU7TR, STM32WBA54CGU6, STM32WBA54CGU6TR, STM32WBA54CGU7, STM32WBA54CGU7TR, STM32WBA54KEU6, STM32WBA54KEU6TR, STM32WBA54KEU7, STM32WBA54KEU7TR, STM32WBA54KGU6, STM32WBA54KGU6TR, STM32WBA54KGU7, STM32WBA54KGU7TR, STM32WBA55CEU6, STM32WBA55CEU6TR, STM32WBA55CEU7, STM32WBA55CEU7TR, STM32WBA55CGU6, STM32WBA55CGU6TR, STM32WBA55CGU6U, STM32WBA55CGU7, STM32WBA55CGU7TR, STM32WBA55G-DK1, STM32WBA55HEF6, STM32WBA55HEF7, STM32WBA55HGF6, STM32WBA55HGF7, STM32WBA55UEI6, STM32WBA55UEI6TR, STM32WBA55UEI7, STM32WBA55UEI7TR, STM32WBA55UGI6, STM32WBA55UGI6TR, STM32WBA55UGI7, STM32WBA55UGI7TR, STM32WBA5MJGH6TR, STM32WBA62CGU6, STM32WBA62CIU6, STM32WBA62MGF6, STM32WBA62MIF6, STM32WBA62PGI6, STM32WBA62PII6, STM32WBA63CGU6, STM32WBA63CGU7, STM32WBA63CIU6, STM32WBA63CIU7, STM32WBA64CGU6, STM32WBA64CGU7, STM32WBA64CIU6, STM32WBA64CIU7, STM32WBA65CGU6, STM32WBA65CGU7, STM32WBA65CIU6, STM32WBA65CIU7, STM32WBA65I-DK1, STM32WBA65MGF6, STM32WBA65MGF7, STM32WBA65MIF6, STM32WBA65MIF7, STM32WBA65PGI6, STM32WBA65PGI7, STM32WBA65PII6, STM32WBA65PII7, STM32WBA65RGV6, STM32WBA65RGV7, STM32WBA65RIV6, STM32WBA65RIV7, STM32WL30K8V6, STM32WL30KBV6, STM32WL31C8V6, STM32WL31CBV6, STM32WL31K8V6, STM32WL31KBV6, STM32WL33C8V6, STM32WL33C8V6TR, STM32WL33C8V7, STM32WL33C8V7TR, STM32WL33CBV6, STM32WL33CBV6TR, STM32WL33CBV7, STM32WL33CBV7TR, STM32WL33CCV6, STM32WL33CCV6TR, STM32WL33CCV7, STM32WL33CCV7A, STM32WL33CCV7ATR, STM32WL33CCV7TR, STM32WL33K8V6, STM32WL33K8V6TR, STM32WL33K8V7, STM32WL33K8V7TR, STM32WL33KBV6, STM32WL33KBV6TR, STM32WL33KBV7, STM32WL33KBV7TR, STM32WL33KCV6, STM32WL33KCV6TR, STM32WL33KCV7, STM32WL33KCV7TR, STM32WL5MOCH6, STM32WL5MOCH6TR]
2026-03-04 14:34:51,450 [INFO] DbMcus:218 - Found 4918 MCUs, 4918 are supported
2026-03-04 14:34:51,450 [INFO] ApiDb:423 - Load user favorites file /home/vatcraft/.stm32cubeide/favorites.mcus.txt: 0 item(s)
2026-03-04 14:34:51,450 [INFO] ApiDb:427 - User favorites MCUs=[]
2026-03-04 14:34:51,451 [INFO] DbMcus:224 - Set 0 / 0 favorites MCUs
2026-03-04 14:34:52,651 [INFO] BoardInfo:889 - No configuration file found for board P-NUCLEO-WB55
2026-03-04 14:34:52,651 [INFO] DbBoards:161 - Kit is not supported: P-NUCLEO-WB55
2026-03-04 14:34:52,658 [INFO] BoardInfo:889 - No configuration file found for board STEVAL-BFA001V1B
2026-03-04 14:34:52,659 [INFO] DbBoards:161 - Kit is not supported: STEVAL-BFA001V1B
2026-03-04 14:34:52,660 [INFO] BoardInfo:889 - No configuration file found for board STEVAL-BFA001V2B
2026-03-04 14:34:52,661 [INFO] DbBoards:161 - Kit is not supported: STEVAL-BFA001V2B
2026-03-04 14:34:52,808 [INFO] BoardInfo:889 - No configuration file found for board STM32MP215F-DK
2026-03-04 14:34:52,808 [INFO] DbBoards:161 - Board is not supported: STM32MP215F-DK
2026-03-04 14:34:52,828 [INFO] DbBoards:168 - Found 212 boards, 208 are supported
2026-03-04 14:34:52,829 [INFO] DbBoards:169 - Found 212 boards, 43 of them is supported for  Bsp
2026-03-04 14:34:52,835 [INFO] ApiDb:423 - Load user favorites file /home/vatcraft/.stm32cubeide/favorites.boards.txt: 0 item(s)
2026-03-04 14:34:52,835 [INFO] ApiDb:427 - User favorites Boards=[]
2026-03-04 14:34:52,835 [INFO] DbBoards:198 - Set 0 / 0 favorites Boards
2026-03-04 14:34:52,836 [INFO] McuFinderGlobals:76 - Set McuFinderConnectedMode to true
2026-03-04 14:34:52,855 [INFO] MultiScanPanel:200 - Auto-refresh data requested => check proxy status ongoing
2026-03-04 14:34:52,858 [INFO] FinderPluginLoader:95 - Searching for filters in installed packs
2026-03-04 14:34:54,731 [INFO] LoadUrlFilesThread:185 - End of LoadServerUrlFiles without Thread
2026-03-04 14:34:54,780 [INFO] DetailPanel:341 - Set advertising image to /home/vatcraft/STM32Cube/Repository//en.prom-stm32cubeaistudio-0226.png
2026-03-04 14:35:50,328 [INFO] MultiScanPanel:200 - Auto-refresh data requested => check proxy status ongoing
2026-03-04 14:35:50,512 [INFO] LoadUrlFilesThread:185 - End of LoadServerUrlFiles without Thread
2026-03-04 14:35:50,513 [INFO] DetailPanel:341 - Set advertising image to /home/vatcraft/STM32Cube/Repository//en.prom-stm32cubeaistudio-0226.png
2026-03-04 14:35:50,528 [INFO] DbBoards:642 - Loading board mini-images...
2026-03-04 14:35:53,979 [INFO] DbBoards:665 - Loaded 212 board mini-images
2026-03-04 14:36:42,259 [INFO] MainUpdater:2872 - connection check result : 10
2026-03-04 14:36:42,260 [INFO] MainUpdater:2872 - connection check result : 10
2026-03-04 14:36:42,272 [INFO] MicroXplorer:468 - Change Database Path : 
2026-03-04 14:36:42,272 [INFO] MicroXplorer:498 - Change Database Version : DB.6.0.141
2026-03-04 14:36:42,278 [WARN] ThirdParty:871 - waiting for thirdparty lock release [close project]
2026-03-04 14:36:42,278 [INFO] ThirdParty:873 - entering critical section [close project]
2026-03-04 14:36:42,279 [INFO] ThirdParty:883 - exiting critical section [close project]
2026-03-04 14:36:42,283 [INFO] PinOutPanel:1589 - setPackage(No Configuration,No Configuration)
2026-03-04 14:36:42,291 [INFO] UtilMem:75 - Begin LoadConfig() Used Memory: 865360704 Bytes (1073741824)
2026-03-04 14:36:42,295 [INFO] OpenFileManager:354 - Change cursor
2026-03-04 14:36:42,343 [INFO] ProjectFactory:442 - No CPN specified for board NUCLEO-F411RE => set CPN to STM32F411RET6
2026-03-04 14:36:42,344 [INFO] Mcu:2011 - Initializing MCU STM32F411R(C-E)Tx STM32F411RETx STM32F411RET6
2026-03-04 14:36:43,850 [INFO] Context:756 - Trying to add GPIOservice into a context  which must be forbidden
2026-03-04 14:36:44,323 [INFO] Rule:225 - rule 117617 - U5Cobra4M][GTZC] default value MPCBB3 and MPCBB5 - Not Secured memory - MPCBB1 is applicable
2026-03-04 14:36:44,323 [INFO] Rule:225 - rule 117617 - U5Cobra4M][GTZC] default value MPCBB3 and MPCBB5 - Not Secured memory - MPCBB1 is applicable
2026-03-04 14:36:44,323 [INFO] Rule:225 - rule 117617 - U5Cobra4M][GTZC] default value MPCBB3 and MPCBB5 - Not Secured memory - MPCBB2 is applicable
2026-03-04 14:36:44,323 [INFO] Rule:225 - rule 117617 - U5Cobra4M][GTZC] default value MPCBB3 and MPCBB5 - Not Secured memory - MPCBB2 is applicable
2026-03-04 14:36:44,323 [INFO] Rule:225 - rule 117617 - U5Cobra4M][GTZC] default value MPCBB3 and MPCBB5 - Not Secured memory - MPCBB3 is applicable
2026-03-04 14:36:44,323 [INFO] Rule:225 - rule 117617 - U5Cobra4M][GTZC] default value MPCBB3 and MPCBB5 - Not Secured memory - MPCBB3 is applicable
2026-03-04 14:36:44,323 [INFO] Rule:225 - rule 117617 - U5Cobra4M][GTZC] default value MPCBB3 and MPCBB5 - Not Secured memory - MPCBB4 is applicable
2026-03-04 14:36:44,323 [INFO] Rule:225 - rule 117617 - U5Cobra4M][GTZC] default value MPCBB3 and MPCBB5 - Not Secured memory - MPCBB4 is applicable
2026-03-04 14:36:44,323 [INFO] Rule:225 - rule 117617 - U5Cobra4M][GTZC] default value MPCBB3 and MPCBB5 - Secured memory - MPCBB1 is applicable
2026-03-04 14:36:44,323 [INFO] Rule:225 - rule 117617 - U5Cobra4M][GTZC] default value MPCBB3 and MPCBB5 - Secured memory - MPCBB2 is applicable
2026-03-04 14:36:44,323 [INFO] Rule:225 - rule 117617 - U5Cobra4M][GTZC] default value MPCBB3 and MPCBB5 - Secured memory - MPCBB3 is applicable
2026-03-04 14:36:44,323 [INFO] Rule:225 - rule 117617 - U5Cobra4M][GTZC] default value MPCBB3 and MPCBB5 - Secured memory - MPCBB4 is applicable
2026-03-04 14:36:44,323 [INFO] Rule:225 - rule 117617 - U5Cobra4M][GTZC] default value MPCBB3 and MPCBB5 - Privileged memory - MPCBB1 is applicable
2026-03-04 14:36:44,323 [INFO] Rule:225 - rule 117617 - U5Cobra4M][GTZC] default value MPCBB3 and MPCBB5 - Privileged memory - MPCBB2 is applicable
2026-03-04 14:36:44,324 [INFO] Rule:225 - rule 117617 - U5Cobra4M][GTZC] default value MPCBB3 and MPCBB5 - Privileged memory - MPCBB3 is applicable
2026-03-04 14:36:44,324 [INFO] Rule:225 - rule 117617 - U5Cobra4M][GTZC] default value MPCBB3 and MPCBB5 - Privileged memory - MPCBB4 is applicable
2026-03-04 14:36:44,324 [INFO] Rule:225 - rule 117617 - U5Cobra4M][GTZC] default value MPCBB3 and MPCBB5 - Not Privileged memory - MPCBB1 is applicable
2026-03-04 14:36:44,324 [INFO] Rule:225 - rule 117617 - U5Cobra4M][GTZC] default value MPCBB3 and MPCBB5 - Not Privileged memory - MPCBB2 is applicable
2026-03-04 14:36:44,324 [INFO] Rule:225 - rule 117617 - U5Cobra4M][GTZC] default value MPCBB3 and MPCBB5 - Not Privileged memory - MPCBB3 is applicable
2026-03-04 14:36:44,324 [INFO] Rule:225 - rule 117617 - U5Cobra4M][GTZC] default value MPCBB3 and MPCBB5 - Not Privileged memory - MPCBB4 is applicable
2026-03-04 14:36:44,324 [INFO] Rule:225 - rule 117617 - U5Cobra4M][GTZC] default value MPCBB3 and MPCBB5 - Privileged memory - MPCBB1 is applicable
2026-03-04 14:36:44,324 [INFO] Rule:225 - rule 117617 - U5Cobra4M][GTZC] default value MPCBB3 and MPCBB5 - Privileged memory - MPCBB2 is applicable
2026-03-04 14:36:44,324 [INFO] Rule:225 - rule 117617 - U5Cobra4M][GTZC] default value MPCBB3 and MPCBB5 - Privileged memory - MPCBB3 is applicable
2026-03-04 14:36:44,324 [INFO] Rule:225 - rule 117617 - U5Cobra4M][GTZC] default value MPCBB3 and MPCBB5 - Privileged memory - MPCBB4 is applicable
2026-03-04 14:36:44,324 [INFO] Rule:225 - rule 117617 - U5Cobra4M][GTZC] default value MPCBB3 and MPCBB5 - Privileged memory - MPCBB1 is applicable
2026-03-04 14:36:44,324 [INFO] Rule:225 - rule 117617 - U5Cobra4M][GTZC] default value MPCBB3 and MPCBB5 - Privileged memory - MPCBB2 is applicable
2026-03-04 14:36:44,324 [INFO] Rule:225 - rule 117617 - U5Cobra4M][GTZC] default value MPCBB3 and MPCBB5 - Privileged memory - MPCBB3 is applicable
2026-03-04 14:36:44,324 [INFO] Rule:225 - rule 117617 - U5Cobra4M][GTZC] default value MPCBB3 and MPCBB5 - Privileged memory - MPCBB4 is applicable
2026-03-04 14:36:44,324 [INFO] Rule:225 - rule 117617 - U5Cobra4M][GTZC] default value MPCBB3 and MPCBB5 - Not Privileged memory - MPCBB1 is applicable
2026-03-04 14:36:44,324 [INFO] Rule:225 - rule 117617 - U5Cobra4M][GTZC] default value MPCBB3 and MPCBB5 - Not Privileged memory - MPCBB2 is applicable
2026-03-04 14:36:44,325 [INFO] Rule:225 - rule 117617 - U5Cobra4M][GTZC] default value MPCBB3 and MPCBB5 - Not Privileged memory - MPCBB3 is applicable
2026-03-04 14:36:44,325 [INFO] Rule:225 - rule 117617 - U5Cobra4M][GTZC] default value MPCBB3 and MPCBB5 - Not Privileged memory - MPCBB4 is applicable
2026-03-04 14:36:44,325 [INFO] Rule:225 - rule 117617 - U5Cobra4M][GTZC] default value MPCBB3 and MPCBB5 - Privileged memory - MPCBB1 is applicable
2026-03-04 14:36:44,325 [INFO] Rule:225 - rule 117617 - U5Cobra4M][GTZC] default value MPCBB3 and MPCBB5 - Privileged memory - MPCBB2 is applicable
2026-03-04 14:36:44,325 [INFO] Rule:225 - rule 117617 - U5Cobra4M][GTZC] default value MPCBB3 and MPCBB5 - Privileged memory - MPCBB3 is applicable
2026-03-04 14:36:44,325 [INFO] Rule:225 - rule 117617 - U5Cobra4M][GTZC] default value MPCBB3 and MPCBB5 - Privileged memory - MPCBB4 is applicable
2026-03-04 14:36:44,325 [INFO] Rule:225 - rule Rename SubGHz_Phy SUBGHZ_APPLICATION SUBGHZ_PINGPONG to SUBGHZ_ADV_APPLICATION is applicable
2026-03-04 14:36:44,325 [INFO] Rule:225 - rule Rename Enabled to IBEACON is applicable
2026-03-04 14:36:44,325 [INFO] Rule:225 - rule GTZC_S instance for project manager is applicable
2026-03-04 14:36:44,325 [INFO] Rule:225 - rule GTZC_S instance for context M33S is applicable
2026-03-04 14:36:44,325 [INFO] Rule:225 - rule GTZC_S instance value for IP GTZC is applicable
2026-03-04 14:36:44,326 [INFO] Rule:225 - rule GTZC_S instance for mcu.IP is applicable
2026-03-04 14:36:44,326 [INFO] Rule:225 - rule GTZC_S instance for VP is applicable
2026-03-04 14:36:44,326 [INFO] Rule:225 - rule GTZC_S instance for signal is applicable
2026-03-04 14:36:44,326 [INFO] Rule:225 - rule GTZC_S instance for mcu.Pin is applicable
2026-03-04 14:36:44,326 [INFO] Rule:225 - rule GTZC_S instance for VP is applicable
2026-03-04 14:36:44,326 [INFO] Rule:225 - rule GTZC_S instance for signal is applicable
2026-03-04 14:36:44,326 [INFO] Rule:225 - rule GTZC_S instance for mcu is applicable
2026-03-04 14:36:44,326 [INFO] Rule:225 - rule GTZC_S instance for mcu.Pin is applicable
2026-03-04 14:36:44,326 [INFO] Rule:225 - rule GTZC_S instance value for IP GTZC is applicable
2026-03-04 14:36:44,326 [INFO] Rule:225 - rule GTZC_S instance for project manager is applicable
2026-03-04 14:36:44,326 [INFO] Rule:225 - rule GTZC_S instance for context M33S is applicable
2026-03-04 14:36:44,326 [INFO] Rule:225 - rule GTZC_S instance for VP is applicable
2026-03-04 14:36:44,327 [INFO] Rule:225 - rule GTZC_S instance for signal is applicable
2026-03-04 14:36:44,327 [INFO] Rule:225 - rule SPDIFRX instance for mcu is applicable
2026-03-04 14:36:44,327 [INFO] Rule:225 - rule Rename Tracer Mode is applicable
2026-03-04 14:36:44,327 [INFO] Rule:225 - rule SPDIFRX instance value for IP SPDIFRX is applicable
2026-03-04 14:36:44,327 [INFO] Rule:225 - rule SPDIFRX instance for signal is applicable
2026-03-04 14:36:44,327 [INFO] Rule:225 - rule SPDIFRX instance for project manager is applicable
2026-03-04 14:36:44,327 [INFO] Rule:225 - rule SPDIFRX instance for project manager is applicable
2026-03-04 14:36:44,327 [INFO] Rule:225 - rule ADC Scan  fix with FW F7 is applicable
2026-03-04 14:36:44,327 [INFO] Rule:225 - rule ADC Scan  fix with FW F7 is applicable
2026-03-04 14:36:44,328 [INFO] Rule:225 - rule WakeUp0 Mode is applicable
2026-03-04 14:36:44,328 [INFO] Rule:225 - rule WakeUp0 SIGNAL is applicable
2026-03-04 14:36:44,328 [INFO] Rule:225 - rule WakeUp1 Mode is applicable
2026-03-04 14:36:44,328 [INFO] Rule:225 - rule WakeUp1 SIGNAL is applicable
2026-03-04 14:36:44,328 [INFO] Rule:225 - rule WakeUp2 Mode is applicable
2026-03-04 14:36:44,328 [INFO] Rule:225 - rule WakeUp2 SIGNAL is applicable
2026-03-04 14:36:44,328 [INFO] Rule:225 - rule WakeUp4 Mode is applicable
2026-03-04 14:36:44,328 [INFO] Rule:225 - rule WakeUp4 SIGNAL is applicable
2026-03-04 14:36:44,328 [INFO] Rule:225 - rule WakeUp5 Mode is applicable
2026-03-04 14:36:44,328 [INFO] Rule:225 - rule WakeUp5 SIGNAL is applicable
2026-03-04 14:36:44,329 [INFO] Rule:225 - rule Add RTC Activate Clock Source is applicable
2026-03-04 14:36:44,329 [INFO] Rule:225 - rule Add RTC Activate Calendar 1 is applicable
2026-03-04 14:36:44,329 [INFO] Rule:225 - rule Add RTC Activate Calendar 2 is applicable
2026-03-04 14:36:44,329 [INFO] Rule:225 - rule Add RTC Activate Calendar 3 is applicable
2026-03-04 14:36:44,329 [INFO] Rule:225 - rule UART/USART TX Mode is applicable
2026-03-04 14:36:44,329 [INFO] Rule:225 - rule UART/USART RX Mode is applicable
2026-03-04 14:36:44,329 [INFO] Rule:225 - rule UART/USART RX TX Mode is applicable
2026-03-04 14:36:44,329 [INFO] Rule:225 - rule UART/USART PARITY NONE is applicable
2026-03-04 14:36:44,329 [INFO] Rule:225 - rule UART/USART PARITY EVEN is applicable
2026-03-04 14:36:44,330 [INFO] Rule:225 - rule UART/USART PARITY ODD is applicable
2026-03-04 14:36:44,330 [INFO] Rule:225 - rule USART StopBits 1 is applicable
2026-03-04 14:36:44,330 [INFO] Rule:225 - rule USART StopBits 2 is applicable
2026-03-04 14:36:44,330 [INFO] Rule:225 - rule USART StopBits 1.5 is applicable
2026-03-04 14:36:44,330 [INFO] Rule:225 - rule USART StopBits 0.5 is applicable
2026-03-04 14:36:44,330 [INFO] Rule:225 - rule UART/USART WORD LENGTH 7 is applicable
2026-03-04 14:36:44,330 [INFO] Rule:225 - rule UART/USART WORD LENGTH 8 is applicable
2026-03-04 14:36:44,330 [INFO] Rule:225 - rule UART/USART WORD LENGTH 9 is applicable
2026-03-04 14:36:44,330 [INFO] Rule:225 - rule Rename FMC NAND NCE signal is applicable
2026-03-04 14:36:44,330 [INFO] Rule:225 - rule Rename FMC NAND INT signal is applicable
2026-03-04 14:36:44,330 [INFO] Rule:225 - rule Change Default Value for LSE Drive Capability for WB family is applicable
2026-03-04 14:36:44,330 [INFO] Rule:225 - rule Change Default Value for ADC Clock Prescaler G0 family is applicable
2026-03-04 14:36:44,331 [INFO] Rule:225 - rule Change Default Value for ADC ExternalTrigConv L4 family is applicable
2026-03-04 14:36:44,331 [INFO] Rule:225 - rule Change Default Value for ADC ExternalTrigInjecConv L4 family is applicable
2026-03-04 14:36:44,331 [INFO] Rule:225 - rule Change Default Value for ADC ExternalTrigConv F3 family is applicable
2026-03-04 14:36:44,331 [INFO] Rule:225 - rule Change Default Value for ADC ExternalTrigInjecConv F3 family is applicable
2026-03-04 14:36:44,331 [INFO] Rule:225 - rule Change Default Value for ADC ExternalTrigConv Goldfish serie is applicable
2026-03-04 14:36:44,331 [INFO] Rule:225 - rule Change Default Value for ADC ExternalTrigInjecConv Goldfish serie is applicable
2026-03-04 14:36:44,331 [INFO] Rule:225 - rule Change Default Value for ADC ExternalTrigConv L0 family is applicable
2026-03-04 14:36:44,331 [INFO] Rule:225 - rule Change Default Value for ADC ExternalTrigConv F0 family is applicable
2026-03-04 14:36:44,331 [INFO] Rule:225 - rule Change Default Value for ADC ExternalTrigConvn L1 family is applicable
2026-03-04 14:36:44,331 [INFO] Rule:225 - rule Change Default Value for ADC ExternalTrigInjecConv L1 family is applicable
2026-03-04 14:36:44,331 [INFO] Rule:225 - rule Change Default Value for ADC ExternalTrigConv F1 family is applicable
2026-03-04 14:36:44,331 [INFO] Rule:225 - rule Change Default Value for ADC ExternalTrigInjecConv F1 family is applicable
2026-03-04 14:36:44,332 [INFO] Rule:225 - rule Change Default Value for ADC ExternalTrigConv F7 family is applicable
2026-03-04 14:36:44,332 [INFO] Rule:225 - rule Change Default Value for ADC ExternalTrigInjecConv F7 family is applicable
2026-03-04 14:36:44,332 [INFO] Rule:225 - rule Change Default Value for ADC ExternalTrigConv F4 and F2 family is applicable
2026-03-04 14:36:44,332 [INFO] Rule:225 - rule Change Default Value for ADC ExternalTrigInjecConv F4 and F2 family is applicable
2026-03-04 14:36:44,332 [INFO] Rule:225 - rule ADC SamplingTime fix with FW L0  is applicable
2026-03-04 14:36:44,332 [INFO] Rule:225 - rule ADC SamplingTime fix with FW L0  is applicable
2026-03-04 14:36:44,332 [INFO] Rule:225 - rule ADC SamplingTime fix with FW L0 is applicable
2026-03-04 14:36:44,332 [INFO] Rule:225 - rule ADC SamplingTime fix with FW L0 is applicable
2026-03-04 14:36:44,332 [INFO] Rule:225 - rule ADC SamplingTime fix with FW L0  is applicable
2026-03-04 14:36:44,332 [INFO] Rule:225 - rule ADC SamplingTime fix with FW L0 is applicable
2026-03-04 14:36:44,332 [INFO] Rule:225 - rule Rename USB_OE Signal is applicable
2026-03-04 14:36:44,332 [INFO] Rule:225 - rule Rename Activate_OE Mode is applicable
2026-03-04 14:36:44,332 [INFO] Rule:225 - rule Rename DIE462/DIE415 pin PC14/OSC32_IN -> PC14-OSC32_IN (PC14) is applicable
2026-03-04 14:36:44,332 [INFO] Rule:225 - rule Rename DIE462/DIE415 pin PC15/OSC32_OUT -> PC15-OSC32_OUT (PC15) is applicable
2026-03-04 14:36:44,333 [INFO] Rule:225 - rule Rename DIE462/DIE415 pin PH0/OSC_IN -> PH0-OSC_IN (PH0) is applicable
2026-03-04 14:36:44,333 [INFO] Rule:225 - rule Rename DIE462/DIE415 pin PH1/OSC_OUT -> PH1-OSC_OUT (PH1) is applicable
2026-03-04 14:36:44,333 [INFO] Rule:225 - rule Rename DIE462 pin PA13 -> PA13 (JTMS/SWDIO) is applicable
2026-03-04 14:36:44,333 [INFO] Rule:225 - rule Rename DIE415 pin PA13 -> PA13 (JTMS/SWDIO) is applicable
2026-03-04 14:36:44,333 [INFO] Rule:225 - rule Rename DIE462 pin PA14 -> PA14 (JTCK/SWCLK) is applicable
2026-03-04 14:36:44,333 [INFO] Rule:225 - rule Rename DIE415 pin PA14 -> PA14 (JTCK/SWCLK) is applicable
2026-03-04 14:36:44,333 [INFO] Rule:225 - rule Rename DIE462/DIE415 pin PA15 -> PA15 (JTDI) is applicable
2026-03-04 14:36:44,333 [INFO] Rule:225 - rule Rename DIE462 pin PB3 -> PB3 (JTD0/TRACESWO) is applicable
2026-03-04 14:36:44,333 [INFO] Rule:225 - rule Rename DIE415 pin PB3 -> PB3 (JTD0-TRACESWO) is applicable
2026-03-04 14:36:44,333 [INFO] Rule:225 - rule Rename DIE462/DIE415 pin PB4 -> PB4 (NJTRST) is applicable
2026-03-04 14:36:44,333 [INFO] Rule:225 - rule Rename DIE462 pin PH3/BOOT0 -> PH3-BOOT0 (BOOT0) is applicable
2026-03-04 14:36:44,333 [INFO] Rule:225 - rule Rename CRYP DataEncryptionTypesList to Algorithm is applicable
2026-03-04 14:36:44,333 [INFO] Rule:225 - rule Rename AES DataEncryptionTypesList to Algorithm is applicable
2026-03-04 14:36:44,333 [INFO] Rule:225 - rule Rename TDESECB to CRYP_TDES_ECB is applicable
2026-03-04 14:36:44,333 [INFO] Rule:225 - rule Rename TDESCBC to CRYP_TDES_CBC is applicable
2026-03-04 14:36:44,334 [INFO] Rule:225 - rule Rename DESECB to CRYP_DES_ECB is applicable
2026-03-04 14:36:44,334 [INFO] Rule:225 - rule Rename DESCBC to CRYP_DES_CBC is applicable
2026-03-04 14:36:44,334 [INFO] Rule:225 - rule Rename AESECB to CRYP_AES_ECB is applicable
2026-03-04 14:36:44,334 [INFO] Rule:225 - rule Rename AESCBC to CRYP_AES_CBC is applicable
2026-03-04 14:36:44,334 [INFO] Rule:225 - rule Rename AESCTR to CRYP_AES_CTR is applicable
2026-03-04 14:36:44,334 [INFO] Rule:225 - rule Rename AESGCM to CRYP_AES_GCM is applicable
2026-03-04 14:36:44,334 [INFO] Rule:225 - rule Rename AESCCM to CRYP_AES_CCM is applicable
2026-03-04 14:36:44,334 [INFO] Rule:225 - rule Rename CAN TimeSeg1 to BS1 is applicable
2026-03-04 14:36:44,334 [INFO] Rule:225 - rule Rename CAN TimeSeg2 to BS2 is applicable
2026-03-04 14:36:44,334 [INFO] Rule:225 - rule Rename CAN SyncJumpWidth to SJW is applicable
2026-03-04 14:36:44,334 [INFO] Rule:225 - rule TimeTriggeredMode to TTCM is applicable
2026-03-04 14:36:44,334 [INFO] Rule:225 - rule Rename CAN AutoBusOff to ABOM is applicable
2026-03-04 14:36:44,334 [INFO] Rule:225 - rule Rename CAN AutoWakeUp to AWUM is applicable
2026-03-04 14:36:44,334 [INFO] Rule:225 - rule Rename CAN AutoRetransmission to NART is applicable
2026-03-04 14:36:44,334 [INFO] Rule:225 - rule Rename CAN ReceiveFifoLocked to RFLM is applicable
2026-03-04 14:36:44,335 [INFO] Rule:225 - rule Rename CAN TransmitFifoPriority to TXFP is applicable
2026-03-04 14:36:44,335 [INFO] Rule:225 - rule Rename HRTIMER HRTIM_OUTPUTFAULTLEVEL_HIGH in HRTIMER HRTIM_OUTPUTFAULTLEVEL_HIGHZ is applicable
2026-03-04 14:36:44,335 [INFO] Rule:225 - rule Rename TIMER TIM_CLEARINPUTSOURCE_OCREFCLR in  TIMER TIM_CLEARINPUTSOURCE_NONE for F7 family is applicable
2026-03-04 14:36:44,335 [INFO] Rule:225 - rule FDCAN_R1 - Rename FDCAN mode Master into Classic is applicable
2026-03-04 14:36:44,335 [INFO] Rule:225 - rule FDCAN_R2 - Rename FDCAN mode Slave into Classic is applicable
2026-03-04 14:36:44,335 [INFO] Rule:225 - rule FDCAN1_R3 - if PA10.Mode=FullDuplex, add Pin PA12 is applicable
2026-03-04 14:36:44,335 [INFO] Rule:225 - rule FDCAN1_R3 - if PA9.Mode=FullDuplex, add Pin PA11 is applicable
2026-03-04 14:36:44,335 [INFO] Rule:225 - rule FDCAN1_R3 - Alternatepin_1 - if PE1.Mode=FullDuplex, add Pin PB9 is applicable
2026-03-04 14:36:44,335 [INFO] Rule:225 - rule FDCAN1_R3 - Alternatepin_1 - if PE0.Mode=FullDuplex, add Pin PB8 is applicable
2026-03-04 14:36:44,335 [INFO] Rule:225 - rule FDCAN1_R3 - Alternatepin_2 - if PD5.Mode=FullDuplex, add Pin PD1 is applicable
2026-03-04 14:36:44,335 [INFO] Rule:225 - rule FDCAN1_R3 - Alternatepin_2 - if PD4.Mode=FullDuplex, add Pin PD0 is applicable
2026-03-04 14:36:44,335 [INFO] Rule:225 - rule FDCAN1_R4 - Rename Mode FullDuplex into Enable FDCAN_TXFD for pin PA10 is applicable
2026-03-04 14:36:44,335 [INFO] Rule:225 - rule FDCAN1_R4 - Rename Mode FullDuplex into Enable FDCAN_TXFD for pin PA9 is applicable
2026-03-04 14:36:44,335 [INFO] Rule:225 - rule FDCAN1_R4 - Alternatepin_1 - Rename Mode FullDuplex into Enable FDCAN_TXFD for pin PE1 is applicable
2026-03-04 14:36:44,335 [INFO] Rule:225 - rule FDCAN1_R4 - Alternatepin_1 - Rename Mode FullDuplex into Enable FDCAN_TXFD for pin PE0 is applicable
2026-03-04 14:36:44,336 [INFO] Rule:225 - rule FDCAN1_R4 - Alternatepin_2 - Rename Mode FullDuplex into Enable FDCAN_TXFD for pin PD5 is applicable
2026-03-04 14:36:44,336 [INFO] Rule:225 - rule FDCAN1_R4 - Alternatepin_2 - Rename Mode FullDuplex into Enable FDCAN_TXFD for pin PD4 is applicable
2026-03-04 14:36:44,336 [INFO] Rule:225 - rule FDCAN2_R3 - if PD10.Mode=FullDuplex, add Pin PB13 is applicable
2026-03-04 14:36:44,336 [INFO] Rule:225 - rule FDCAN2_R3 - if PD9.Mode=FullDuplex, add Pin PB12 is applicable
2026-03-04 14:36:44,336 [INFO] Rule:225 - rule FDCAN2_R3 - Alternatepin_1 - if PB7.Mode=FullDuplex, add Pin PB6 is applicable
2026-03-04 14:36:44,336 [INFO] Rule:225 - rule FDCAN2_R3 - Alternatepin_1 - if PD9.Mode=FullDuplex, add Pin PB12 is applicable
2026-03-04 14:36:44,336 [INFO] Rule:225 - rule FDCAN2_R4 - Rename Mode FullDuplex into Enable FDCAN_TXFD for pin PD10 is applicable
2026-03-04 14:36:44,336 [INFO] Rule:225 - rule FDCAN2_R4 - Rename Mode FullDuplex into Enable FDCAN_TXFD for pin PD9 is applicable
2026-03-04 14:36:44,336 [INFO] Rule:225 - rule FDCAN2_R4 - Alternatepin_1 - Rename Mode FullDuplex into Enable FDCAN_TXFD for pin PB7 is applicable
2026-03-04 14:36:44,336 [INFO] Rule:225 - rule FDCAN2_R4 - Alternatepin_1 - Rename Mode FullDuplex into Enable FDCAN_TXFD for pin PD6 is applicable
2026-03-04 14:36:44,336 [INFO] Rule:225 - rule USART TxPinLevelInvertParam Mode is applicable
2026-03-04 14:36:44,336 [INFO] Rule:225 - rule USART RxPinLevelInvertParam Mode is applicable
2026-03-04 14:36:44,336 [INFO] Rule:225 - rule USART DataInvertParam Mode is applicable
2026-03-04 14:36:44,337 [INFO] Rule:225 - rule USART SwapParam Mode is applicable
2026-03-04 14:36:44,337 [INFO] Rule:225 - rule USART OverrunDisableParam Mode is applicable
2026-03-04 14:36:44,337 [INFO] Rule:225 - rule USART DMADisableonRxErrorParam Mode is applicable
2026-03-04 14:36:44,337 [INFO] Rule:225 - rule USART MSBFirstParam Mode is applicable
2026-03-04 14:36:44,337 [INFO] Rule:225 - rule Update MwName for USB_DEVICE is applicable
2026-03-04 14:36:44,337 [INFO] Rule:225 - rule Change PWR_Regulator_Voltage_Scale Default Value for RCC  H7 family is applicable
2026-03-04 14:36:44,337 [INFO] Rule:225 - rule UART/USART IPParameter rename Prescaler parameter to ClockPrescaler is applicable
2026-03-04 14:36:44,337 [INFO] Rule:225 - rule UART/USART Prescaler rename Prescaler parameter to ClockPrescaler is applicable
2026-03-04 14:36:44,337 [INFO] Rule:225 - rule TIM1CLockSelection is applicable
2026-03-04 14:36:44,337 [INFO] Rule:225 - rule TIM15CLockSelection is applicable
2026-03-04 14:36:44,337 [INFO] Rule:225 - rule align RCC SDMMC3CLockSelection default value on MP1 is applicable
2026-03-04 14:36:44,337 [INFO] Rule:225 - rule align RCC SDMMC12CLockSelection default value on MP1 is applicable
2026-03-04 14:36:44,337 [INFO] Rule:225 - rule align RCC QSPICLockSelection default value on MP1 is applicable
2026-03-04 14:36:44,338 [INFO] Rule:225 - rule align RCC QSPICLockSelection default value on MP1 is applicable
2026-03-04 14:36:44,338 [INFO] Rule:225 - rule align RCC SPI6CLockSelection default value on MP1 is applicable
2026-03-04 14:36:44,338 [INFO] Rule:225 - rule align RCC LPTIM23CLockSelection default value on MP1 is applicable
2026-03-04 14:36:44,338 [INFO] Rule:225 - rule align RCC LPTIM1CLockSelection default value on MP1 is applicable
2026-03-04 14:36:44,338 [INFO] Rule:225 - rule align RCC USART1CLockSelection default value on MP1 is applicable
2026-03-04 14:36:44,338 [INFO] Rule:225 - rule align RCC USART24CLockSelection default value on MP1 is applicable
2026-03-04 14:36:44,339 [INFO] Rule:225 - rule align RCC USART6CLockSelection default value on MP1 is applicable
2026-03-04 14:36:44,340 [INFO] Rule:225 - rule align RCC UART78CLockSelection default value on MP1 is applicable
2026-03-04 14:36:44,340 [INFO] Rule:225 - rule align RCC USART35CLockSelection default value on MP1 is applicable
2026-03-04 14:36:44,340 [INFO] Rule:225 - rule align RCC SPI45CLockSelection default value on MP1 is applicable
2026-03-04 14:36:44,340 [INFO] Rule:225 - rule align RCC I2C46CLockSelection BCLK value on MP1 is applicable
2026-03-04 14:36:44,340 [INFO] Rule:225 - rule align RCC SPI45CLockSelection default value on MP1 is applicable
2026-03-04 14:36:44,340 [INFO] Rule:225 - rule align RCC I2C12CLockSelection default value on MP1 is applicable
2026-03-04 14:36:44,340 [INFO] Rule:225 - rule align RCC I2C35CLockSelection default value on MP1 is applicable
2026-03-04 14:36:44,340 [INFO] Rule:225 - rule align RCC LPTIM45CLockSelection default value on MP1 is applicable
2026-03-04 14:36:44,340 [INFO] Rule:225 - rule Rename DCMI PIXCK signal is applicable
2026-03-04 14:36:44,340 [INFO] Rule:225 - rule Change Default Value for I2C46CLockSelection MP1 family is applicable
2026-03-04 14:36:44,340 [INFO] Rule:225 - rule Change Default Value for UART for G4, G0 and WB families is applicable
2026-03-04 14:36:44,342 [INFO] Rule:225 - rule Change Default Value for USART for G4, G0 and WB families is applicable
2026-03-04 14:36:44,342 [INFO] Rule:225 - rule Change Default Value for USART for G4 family is applicable
2026-03-04 14:36:44,342 [INFO] Rule:225 - rule Change USART1CLockSelection refparam name for MP1 is applicable
2026-03-04 14:36:44,342 [INFO] Rule:225 - rule Change USART2CLockSelection refparam name for MP1 is applicable
2026-03-04 14:36:44,342 [INFO] Rule:225 - rule Change USART3CLockSelection refparam name for MP1 is applicable
2026-03-04 14:36:44,342 [INFO] Rule:225 - rule Change UART4CLockSelection refparam name for MP1 is applicable
2026-03-04 14:36:44,342 [INFO] Rule:225 - rule Change UART5CLockSelection refparam name for MP1 is applicable
2026-03-04 14:36:44,343 [INFO] Rule:225 - rule Change LPUART1CLockSelection refparam name for MP1 is applicable
2026-03-04 14:36:44,343 [INFO] Rule:225 - rule Change LPTIM1CLockSelection refparam name for MP1 is applicable
2026-03-04 14:36:44,343 [INFO] Rule:225 - rule Change LPTIM2CLockSelection refparam name for MP1 is applicable
2026-03-04 14:36:44,343 [INFO] Rule:225 - rule Change RCC_MCO1Source refparam name for MP1 is applicable
2026-03-04 14:36:44,343 [INFO] Rule:225 - rule Change LSCOSource1 refparam name for MP1 is applicable
2026-03-04 14:36:44,343 [INFO] Rule:225 - rule Change SMPSCLockSelection refparam name for MP1 is applicable
2026-03-04 14:36:44,343 [INFO] Rule:225 - rule Change LPTIM3CLockSelection refparam name for MP1 is applicable
2026-03-04 14:36:44,343 [INFO] Rule:225 - rule Change MPCBB* Default Template Mode to Parameters is applicable
2026-03-04 14:36:44,343 [INFO] Rule:225 - rule Change MPCWM* or MPCBB* Secure Mode to Parameters is applicable
2026-03-04 14:36:44,343 [INFO] Rule:225 - rule Change MPCWM* or MPCBB* No Secure Mode to Parameters is applicable
2026-03-04 14:36:44,343 [INFO] Rule:225 - rule Change TZSC IP Secure Mode to Parameters is applicable
2026-03-04 14:36:44,343 [INFO] Rule:225 - rule Change TZSC IP No Secure Mode to Parameters is applicable
2026-03-04 14:36:44,344 [INFO] Rule:225 - rule Change TZSC IP Privilege Mode to Parameters is applicable
2026-03-04 14:36:44,344 [INFO] Rule:225 - rule Change TZSC IP No Privilege Mode to Parameters is applicable
2026-03-04 14:36:44,344 [INFO] Rule:225 - rule Change TZIC IT Secure Mode to Parameters is applicable
2026-03-04 14:36:44,344 [INFO] Rule:225 - rule Change TZIC IT No Secure Mode to Parameters is applicable
2026-03-04 14:36:44,344 [INFO] Rule:225 - rule Add MPCBB1_NonSecureArea_Start_Address value with referenced to MPCBB1_NonSecureArea_Start value is applicable
2026-03-04 14:36:44,344 [INFO] Rule:225 - rule Add MPCBB2_NonSecureArea_Start_Address value with referenced to MPCBB2_NonSecureArea_Start value is applicable
2026-03-04 14:36:44,344 [INFO] Rule:225 - rule Add MPCWM1_NonSecureArea*_Start_Address value with referenced to MPCWM1_NonSecureArea*_Start value is applicable
2026-03-04 14:36:44,344 [INFO] Rule:225 - rule Add MPCWM2_NonSecureArea*_Start_Address value with referenced to MPCWM2_NonSecureArea*_Start value is applicable
2026-03-04 14:36:44,344 [INFO] Rule:225 - rule Add MPCWM3_NonSecureArea_Start_Address value with referenced to MPCWM3_NonSecureArea_Start value is applicable
2026-03-04 14:36:44,344 [INFO] Rule:225 - rule Change Default Value for PLL1UserDefinedConfig is applicable
2026-03-04 14:36:44,344 [INFO] Rule:225 - rule Change GPIO_PuPd Default Value for USART in async mode is applicable
2026-03-04 14:36:44,344 [INFO] Rule:225 - rule Change SMPSDivider Default Value is applicable
2026-03-04 14:36:44,344 [INFO] Rule:225 - rule OPAMP is applicable
2026-03-04 14:36:44,345 [INFO] Rule:225 - rule LPUART IPParameter rename Prescaler parameter to ClockPrescaler for STM32H7 is applicable
2026-03-04 14:36:44,345 [INFO] Rule:225 - rule LPUART IPParameter rename Prescaler parameter to ClockPrescaler for STM32H7 is applicable
2026-03-04 14:36:44,345 [INFO] Rule:225 - rule LPUART IPParameter rename Prescaler parameter to ClockPrescaler for STM32WB is applicable
2026-03-04 14:36:44,345 [INFO] Rule:225 - rule LPUART IPParameter rename Prescaler parameter to ClockPrescaler for STM32WB is applicable
2026-03-04 14:36:44,345 [INFO] Rule:225 - rule LPUART IPParameter rename Prescaler parameter to ClockPrescaler for STM32G4 is applicable
2026-03-04 14:36:44,345 [INFO] Rule:225 - rule LPUART IPParameter rename Prescaler parameter to ClockPrescaler for STM32G4 is applicable
2026-03-04 14:36:44,345 [INFO] Rule:225 - rule LPUART IPParameter rename Prescaler parameter to ClockPrescaler for STM32L5 is applicable
2026-03-04 14:36:44,345 [INFO] Rule:225 - rule LPUART IPParameter rename Prescaler parameter to ClockPrescaler for STM32L5 is applicable
2026-03-04 14:36:44,345 [INFO] Rule:225 - rule LPUART IPParameter rename Prescaler parameter to ClockPrescaler for STM32G4 is applicable
2026-03-04 14:36:44,345 [INFO] Rule:225 - rule LPUART IPParameter rename Prescaler parameter to ClockPrescaler for STM32G4 is applicable
2026-03-04 14:36:44,345 [INFO] Rule:225 - rule USB device lib V2.5.3 for L0 rename USBD_SUPPORT_USER_STRING parameter to USBD_SUPPORT_USER_STRING_DESC4 is applicable
2026-03-04 14:36:44,345 [INFO] Rule:225 - rule I2SCLockSelection clock entry align is applicable
2026-03-04 14:36:44,345 [INFO] Rule:225 - rule Assign TIMx context if used as SYS timebase is applicable
2026-03-04 14:36:44,345 [INFO] Rule:225 - rule Change GPIO_Pu Default Value for I2C is applicable
2026-03-04 14:36:44,345 [INFO] Rule:225 - rule Change GPIO_Pu Default Value for SMBus is applicable
2026-03-04 14:36:44,346 [INFO] Rule:225 - rule change FDCAN default value is applicable
2026-03-04 14:36:44,346 [INFO] Rule:225 - rule Change mode sai is applicable
2026-03-04 14:36:44,346 [INFO] Rule:225 - rule **Change sai mode is applicable
2026-03-04 14:36:44,346 [INFO] Rule:225 - rule Rename STM32WPAN CFG_BLE_IRK to CFG_BLE_IR is applicable
2026-03-04 14:36:44,346 [INFO] Rule:225 - rule Rename STM32WPAN CFG_BLE_ERK to CFG_BLE_ER is applicable
2026-03-04 14:36:44,346 [INFO] Rule:225 - rule Rename STM32WPAN CFG_BLE_IRK_HEX to CFG_BLE_IR_HEX is applicable
2026-03-04 14:36:44,346 [INFO] Rule:225 - rule Rename STM32WPAN CFG_BLE_ERK_HEX to CFG_BLE_ER_HEX is applicable
2026-03-04 14:36:44,346 [INFO] Rule:225 - rule Adapt Old IOC before rework replace old CORTEX_M33/CORTEX_M55 attributes by the new one. is applicable
2026-03-04 14:36:44,346 [INFO] Rule:225 - rule Rename parametre of RCC RCC_APBDBG_DIV2 to RCC_TIMPRES_DIV2 is applicable
2026-03-04 14:36:44,346 [INFO] Rule:225 - rule Rename DIE493 pin PA10 [PA12] -> PA10 is applicable
2026-03-04 14:36:44,346 [INFO] Rule:225 - rule Rename DIE493 pin PA9 [PA11] -> PA9 is applicable
2026-03-04 14:36:44,346 [INFO] Rule:225 - rule Adapt Old IOC CSI. is applicable
2026-03-04 14:36:44,363 [INFO] DbConfProperties:307 - Apply Compatibility (49/267 Rules)
2026-03-04 14:36:44,382 [INFO] ImportTextPane:218 - (OptionalMessage_ERROR) Unable to find key (Mcu.ThirdPartyNb) in loaded IOC file
2026-03-04 14:36:44,384 [INFO] ImportTextPane:218 - (OptionalMessage_ERROR) Pin12 (VP_RIF_VS_RIF1) cannot be retrieved for this MCU
2026-03-04 14:36:44,710 [INFO] RtosManager:558 - Registered RTOS mode: class=CMSIS, group=RTOS, mode=CMSIS_V1, owner=FREERTOS
2026-03-04 14:36:44,711 [INFO] RtosManager:558 - Registered RTOS mode: class=CMSIS, group=RTOS2, mode=CMSIS_V2, owner=FREERTOS
2026-03-04 14:36:44,711 [INFO] RtosManager:558 - Registered RTOS mode: class=RTOS, group=Core, mode=CMSIS_V1, owner=FREERTOS
2026-03-04 14:36:44,718 [INFO] RtosManager:558 - Registered RTOS mode: class=RTOS, group=Core, mode=CMSIS_V2, owner=FREERTOS
2026-03-04 14:36:44,718 [WARN] ModelIntegratedComponent:184 - Missing modes for component STMicroelectronics:FreeRTOS:0.0.1:STMicroelectronics:RTOS:FreeRTOS:Core:::10.2.0:
2026-03-04 14:36:44,729 [WARN] ModelIntegratedComponent:182 - Modes not found for component STMicroelectronics:USB_HOST:1.0.0:STMicroelectronics:USB::USB Host:Audio HS::1.0:USB_HOST_1_0_RESTRICTED_HS
2026-03-04 14:36:44,729 [WARN] ModelIntegratedComponent:188 - Modes not found for component STMicroelectronics:USB_HOST:1.0.0:STMicroelectronics:USB::USB Host:Audio HS::1.0:USB_HOST_1_0_RESTRICTED_HS
2026-03-04 14:36:44,729 [WARN] ModelIntegratedComponent:182 - Modes not found for component STMicroelectronics:USB_HOST:1.0.0:STMicroelectronics:USB::USB Host:CDC HS::1.0:USB_HOST_1_0_RESTRICTED_HS
2026-03-04 14:36:44,730 [WARN] ModelIntegratedComponent:188 - Modes not found for component STMicroelectronics:USB_HOST:1.0.0:STMicroelectronics:USB::USB Host:CDC HS::1.0:USB_HOST_1_0_RESTRICTED_HS
2026-03-04 14:36:44,730 [WARN] ModelIntegratedComponent:182 - Modes not found for component STMicroelectronics:USB_HOST:1.0.0:STMicroelectronics:USB::USB Host:MSC HS::1.0:USB_HOST_1_0_RESTRICTED_HS
2026-03-04 14:36:44,730 [WARN] ModelIntegratedComponent:188 - Modes not found for component STMicroelectronics:USB_HOST:1.0.0:STMicroelectronics:USB::USB Host:MSC HS::1.0:USB_HOST_1_0_RESTRICTED_HS
2026-03-04 14:36:44,730 [WARN] ModelIntegratedComponent:182 - Modes not found for component STMicroelectronics:USB_HOST:1.0.0:STMicroelectronics:USB::USB Host:HID HS::1.0:USB_HOST_1_0_RESTRICTED_HS
2026-03-04 14:36:44,730 [WARN] ModelIntegratedComponent:188 - Modes not found for component STMicroelectronics:USB_HOST:1.0.0:STMicroelectronics:USB::USB Host:HID HS::1.0:USB_HOST_1_0_RESTRICTED_HS
2026-03-04 14:36:44,730 [WARN] ModelIntegratedComponent:182 - Modes not found for component STMicroelectronics:USB_HOST:1.0.0:STMicroelectronics:USB::USB Host:MTP HS::1.0:USB_HOST_1_0_RESTRICTED_HS
2026-03-04 14:36:44,730 [WARN] ModelIntegratedComponent:188 - Modes not found for component STMicroelectronics:USB_HOST:1.0.0:STMicroelectronics:USB::USB Host:MTP HS::1.0:USB_HOST_1_0_RESTRICTED_HS
2026-03-04 14:36:44,738 [WARN] ModelIntegratedComponent:63 - No mode defined for component null
2026-03-04 14:36:44,739 [WARN] ModelIntegratedComponent:63 - No mode defined for component null
2026-03-04 14:36:44,739 [WARN] ModelIntegratedComponent:63 - No mode defined for component null
2026-03-04 14:36:44,739 [WARN] ModelIntegratedComponent:63 - No mode defined for component null
2026-03-04 14:36:44,739 [WARN] ModelIntegratedComponent:63 - No mode defined for component null
2026-03-04 14:36:44,739 [WARN] ModelIntegratedComponent:63 - No mode defined for component null
2026-03-04 14:36:44,739 [WARN] ModelIntegratedComponent:63 - No mode defined for component null
2026-03-04 14:36:44,739 [WARN] ModelIntegratedComponent:63 - No mode defined for component null
2026-03-04 14:36:44,739 [WARN] ModelIntegratedComponent:63 - No mode defined for component null
2026-03-04 14:36:44,739 [WARN] ModelIntegratedComponent:63 - No mode defined for component null
2026-03-04 14:36:44,739 [WARN] ModelIntegratedComponent:63 - No mode defined for component null
2026-03-04 14:36:44,739 [WARN] ModelIntegratedComponent:63 - No mode defined for component null
2026-03-04 14:36:44,739 [WARN] ModelIntegratedComponent:63 - No mode defined for component null
2026-03-04 14:36:44,740 [WARN] ModelIntegratedComponent:63 - No mode defined for component null
2026-03-04 14:36:44,740 [WARN] ModelIntegratedComponent:63 - No mode defined for component null
2026-03-04 14:36:44,740 [WARN] ModelIntegratedComponent:63 - No mode defined for component null
2026-03-04 14:36:44,740 [WARN] ModelIntegratedComponent:63 - No mode defined for component null
2026-03-04 14:36:44,740 [WARN] ModelIntegratedComponent:63 - No mode defined for component null
2026-03-04 14:36:44,740 [WARN] ModelIntegratedComponent:63 - No mode defined for component null
2026-03-04 14:36:44,740 [WARN] ModelIntegratedComponent:63 - No mode defined for component null
2026-03-04 14:36:44,740 [WARN] ModelIntegratedComponent:63 - No mode defined for component null
2026-03-04 14:36:44,740 [WARN] ModelIntegratedComponent:63 - No mode defined for component null
2026-03-04 14:36:44,740 [WARN] ModelIntegratedComponent:63 - No mode defined for component null
2026-03-04 14:36:44,740 [WARN] ModelIntegratedComponent:63 - No mode defined for component null
2026-03-04 14:36:44,740 [WARN] ModelIntegratedComponent:63 - No mode defined for component null
2026-03-04 14:36:44,740 [WARN] ModelIntegratedComponent:63 - No mode defined for component null
2026-03-04 14:36:44,740 [WARN] ModelIntegratedComponent:63 - No mode defined for component null
2026-03-04 14:36:44,741 [WARN] ModelIntegratedComponent:63 - No mode defined for component null
2026-03-04 14:36:44,741 [WARN] ModelIntegratedComponent:63 - No mode defined for component null
2026-03-04 14:36:44,741 [WARN] ModelIntegratedComponent:63 - No mode defined for component null
2026-03-04 14:36:44,741 [WARN] ModelIntegratedComponent:63 - No mode defined for component null
2026-03-04 14:36:44,741 [WARN] ModelIntegratedComponent:63 - No mode defined for component null
2026-03-04 14:36:44,741 [WARN] ModelIntegratedComponent:63 - No mode defined for component null
2026-03-04 14:36:44,741 [WARN] ModelIntegratedComponent:63 - No mode defined for component null
2026-03-04 14:36:44,741 [WARN] ModelIntegratedComponent:63 - No mode defined for component null
2026-03-04 14:36:44,741 [WARN] ModelPack:524 - Component already loaded: STMicroelectronics:HAL Drivers:0.0.0:STMicroelectronics:Device:STMicro_Driver:XSPI:HAL::0.0.1:HAL_XSPI
2026-03-04 14:36:44,753 [WARN] ModelIntegratedComponent:182 - Modes not found for component STMicroelectronics:USB_DEVICE:1.0.0:STMicroelectronics:USB::USB Device:Audio HS::1.0:USB_DEVICE_1_0_RESTRICTED_HS
2026-03-04 14:36:44,753 [WARN] ModelIntegratedComponent:188 - Modes not found for component STMicroelectronics:USB_DEVICE:1.0.0:STMicroelectronics:USB::USB Device:Audio HS::1.0:USB_DEVICE_1_0_RESTRICTED_HS
2026-03-04 14:36:44,753 [WARN] ModelIntegratedComponent:182 - Modes not found for component STMicroelectronics:USB_DEVICE:1.0.0:STMicroelectronics:USB::USB Device:CDC HS::1.0:USB_DEVICE_1_0_RESTRICTED_HS
2026-03-04 14:36:44,753 [WARN] ModelIntegratedComponent:188 - Modes not found for component STMicroelectronics:USB_DEVICE:1.0.0:STMicroelectronics:USB::USB Device:CDC HS::1.0:USB_DEVICE_1_0_RESTRICTED_HS
2026-03-04 14:36:44,753 [WARN] ModelIntegratedComponent:182 - Modes not found for component STMicroelectronics:USB_DEVICE:1.0.0:STMicroelectronics:USB::USB Device:DFU HS::1.0:USB_DEVICE_1_0_RESTRICTED_HS
2026-03-04 14:36:44,753 [WARN] ModelIntegratedComponent:188 - Modes not found for component STMicroelectronics:USB_DEVICE:1.0.0:STMicroelectronics:USB::USB Device:DFU HS::1.0:USB_DEVICE_1_0_RESTRICTED_HS
2026-03-04 14:36:44,753 [WARN] ModelIntegratedComponent:182 - Modes not found for component STMicroelectronics:USB_DEVICE:1.0.0:STMicroelectronics:USB::USB Device:HID HS::1.0:USB_DEVICE_1_0_RESTRICTED_HS
2026-03-04 14:36:44,753 [WARN] ModelIntegratedComponent:188 - Modes not found for component STMicroelectronics:USB_DEVICE:1.0.0:STMicroelectronics:USB::USB Device:HID HS::1.0:USB_DEVICE_1_0_RESTRICTED_HS
2026-03-04 14:36:44,753 [WARN] ModelIntegratedComponent:182 - Modes not found for component STMicroelectronics:USB_DEVICE:1.0.0:STMicroelectronics:USB::USB Device:Custom HID HS::1.0:USB_DEVICE_1_0_RESTRICTED_HS
2026-03-04 14:36:44,753 [WARN] ModelIntegratedComponent:188 - Modes not found for component STMicroelectronics:USB_DEVICE:1.0.0:STMicroelectronics:USB::USB Device:Custom HID HS::1.0:USB_DEVICE_1_0_RESTRICTED_HS
2026-03-04 14:36:44,753 [WARN] ModelIntegratedComponent:182 - Modes not found for component STMicroelectronics:USB_DEVICE:1.0.0:STMicroelectronics:USB::USB Device:MSC HS::1.0:USB_DEVICE_1_0_RESTRICTED_HS
2026-03-04 14:36:44,753 [WARN] ModelIntegratedComponent:188 - Modes not found for component STMicroelectronics:USB_DEVICE:1.0.0:STMicroelectronics:USB::USB Device:MSC HS::1.0:USB_DEVICE_1_0_RESTRICTED_HS
2026-03-04 14:36:44,788 [INFO] ThirdPartyModel:298 - Start build external matchings
2026-03-04 14:36:45,486 [INFO] ThirdPartyModel:316 - End build external matchings
2026-03-04 14:36:45,511 [INFO] ImportTextPane:218 - (OptionalMessage_ERROR) IP (RCC) : Parameter (48MHZClocksFreq_Value) has invalid value (84000000)
2026-03-04 14:36:45,514 [INFO] ImportTextPane:218 - (OptionalMessage_ERROR) IP (RCC) : Parameter (FLatency) has Id (AdvancedSettings) currently not set
2026-03-04 14:36:45,515 [INFO] ImportTextPane:218 - (OptionalMessage_ERROR) IP (RCC) : Parameter (RTCHSEDivFreq_Value) has invalid value (4000000)
2026-03-04 14:36:45,810 [INFO] UtilMem:75 - End LoadConfig() Used Memory: 784887832 Bytes (1073741824)
2026-03-04 14:36:46,006 [WARN] ThirdParty:833 - waiting for thirdparty lock release [change project]
2026-03-04 14:36:46,006 [INFO] ThirdParty:835 - entering critical section [change project]
2026-03-04 14:36:46,007 [INFO] ThirdParty:1030 - CMSIS Pack Vendor :STMicroelectronics X-CUBE-AZRTOS-H7 3.5.0
2026-03-04 14:36:46,007 [INFO] ThirdParty:1030 - CMSIS Pack Vendor :STMicroelectronics X-CUBE-PM33A1 1.0.0
2026-03-04 14:36:46,007 [INFO] ThirdParty:1030 - CMSIS Pack Vendor :STMicroelectronics USBPD 4.1
2026-03-04 14:36:46,007 [INFO] ThirdParty:1030 - CMSIS Pack Vendor :STMicroelectronics X-CUBE-NFC9 1.0.0
2026-03-04 14:36:46,007 [INFO] ThirdParty:1030 - CMSIS Pack Vendor :STMicroelectronics USB_HOST 2.0.0
2026-03-04 14:36:46,007 [INFO] ThirdParty:1030 - CMSIS Pack Vendor :STMicroelectronics X-CUBE-AZRTOS-F4 1.1.0
2026-03-04 14:36:46,007 [INFO] ThirdParty:1030 - CMSIS Pack Vendor :STMicroelectronics LIBJPEG 8.0.0
2026-03-04 14:36:46,007 [INFO] ThirdParty:1030 - CMSIS Pack Vendor :STMicroelectronics FP-ATR-ASTRA1 2.0.2
2026-03-04 14:36:46,007 [INFO] ThirdParty:1030 - CMSIS Pack Vendor :STMicroelectronics X-CUBE-BLE1 7.1.0
2026-03-04 14:36:46,007 [INFO] ThirdParty:1030 - CMSIS Pack Vendor :STMicroelectronics X-CUBE-SMBUS 2.1.0
2026-03-04 14:36:46,007 [INFO] ThirdParty:1030 - CMSIS Pack Vendor :wolfSSL I-CUBE-wolfMQTT 1.19.2
2026-03-04 14:36:46,007 [INFO] ThirdParty:1030 - CMSIS Pack Vendor :STMicroelectronics USB_DEVICE 3.0.0
2026-03-04 14:36:46,007 [INFO] ThirdParty:1030 - CMSIS Pack Vendor :STMicroelectronics X-CUBE-ISPU 2.1.0
2026-03-04 14:36:46,007 [INFO] ThirdParty:1030 - CMSIS Pack Vendor :STMicroelectronics X-CUBE-EEPRMA1 5.2.0
2026-03-04 14:36:46,007 [INFO] ThirdParty:1030 - CMSIS Pack Vendor :STMicroelectronics X-CUBE-BLEMGR 4.1.0
2026-03-04 14:36:46,007 [INFO] ThirdParty:1030 - CMSIS Pack Vendor :STMicroelectronics X-CUBE-AZRTOS-WB 2.0.0
2026-03-04 14:36:46,007 [INFO] ThirdParty:1030 - CMSIS Pack Vendor :wolfSSL I-CUBE-wolfSSL 5.8.4
2026-03-04 14:36:46,007 [INFO] ThirdParty:1030 - CMSIS Pack Vendor :Cesanta I-CUBE-Mongoose 7.20.0
2026-03-04 14:36:46,008 [INFO] ThirdParty:1030 - CMSIS Pack Vendor :STMicroelectronics X-CUBE-NFC12 1.0.0
2026-03-04 14:36:46,008 [INFO] ThirdParty:1030 - CMSIS Pack Vendor :STMicroelectronics X-CUBE-AZRTOS-F7 1.1.0
2026-03-04 14:36:46,008 [INFO] ThirdParty:1030 - CMSIS Pack Vendor :STMicroelectronics X-CUBE-AZRTOS-L5 2.0.0
2026-03-04 14:36:46,008 [INFO] ThirdParty:1030 - CMSIS Pack Vendor :STMicroelectronics USB_DEVICE 2.0.0
2026-03-04 14:36:46,008 [INFO] ThirdParty:1030 - CMSIS Pack Vendor :quantropi X-CUBE-qispace-sdk-base 2.1.0
2026-03-04 14:36:46,008 [INFO] ThirdParty:1030 - CMSIS Pack Vendor :STMicroelectronics X-CUBE-MEMS1 12.0.0
2026-03-04 14:36:46,008 [INFO] ThirdParty:1030 - CMSIS Pack Vendor :STMicroelectronics X-CUBE-STSE01 2.0.0
2026-03-04 14:36:46,008 [INFO] ThirdParty:1030 - CMSIS Pack Vendor :STMicroelectronics FreeRTOS 0.0.1
2026-03-04 14:36:46,008 [INFO] ThirdParty:1030 - CMSIS Pack Vendor :STMicroelectronics X-CUBE-AZRTOS-G0 1.1.0
2026-03-04 14:36:46,008 [INFO] ThirdParty:1030 - CMSIS Pack Vendor :STMicroelectronics X-CUBE-NFC4 3.0.0
2026-03-04 14:36:46,008 [INFO] ThirdParty:1030 - CMSIS Pack Vendor :STMicroelectronics X-CUBE-SUBG2 5.0.0
2026-03-04 14:36:46,008 [INFO] ThirdParty:1030 - CMSIS Pack Vendor :STMicroelectronics STM32_WPAN 1.0.0
2026-03-04 14:36:46,008 [INFO] ThirdParty:1030 - CMSIS Pack Vendor :EmbeddedOffice I-CUBE-FS-RTOS 1.0.1
2026-03-04 14:36:46,008 [INFO] ThirdParty:1030 - CMSIS Pack Vendor :STMicroelectronics lwIP 2.0.3
2026-03-04 14:36:46,008 [INFO] ThirdParty:1030 - CMSIS Pack Vendor :STMicroelectronics USB_HOST 1.0.0
2026-03-04 14:36:46,008 [INFO] ThirdParty:1030 - CMSIS Pack Vendor :STMicroelectronics X-CUBE-AZRTOS-G4 2.0.0
2026-03-04 14:36:46,008 [INFO] ThirdParty:1030 - CMSIS Pack Vendor :STMicroelectronics X-CUBE-WB05N 2.0.0
2026-03-04 14:36:46,008 [INFO] ThirdParty:1030 - CMSIS Pack Vendor :STMicroelectronics PDM2PCM 3.1.0
2026-03-04 14:36:46,008 [INFO] ThirdParty:1030 - CMSIS Pack Vendor :STMicroelectronics PDM2PCM 3.3.0
2026-03-04 14:36:46,009 [INFO] ThirdParty:1030 - CMSIS Pack Vendor :wolfSSL I-CUBE-wolfTPM 3.8.0
2026-03-04 14:36:46,009 [INFO] ThirdParty:1030 - CMSIS Pack Vendor :STMicroelectronics X-CUBE-DISPLAY 3.0.0
2026-03-04 14:36:46,009 [INFO] ThirdParty:1030 - CMSIS Pack Vendor :wolfSSL I-CUBE-wolfSSH 1.4.20
2026-03-04 14:36:46,009 [INFO] ThirdParty:1030 - CMSIS Pack Vendor :STMicroelectronics X-CUBE-NFC7 2.0.0
2026-03-04 14:36:46,009 [INFO] ThirdParty:1030 - CMSIS Pack Vendor :STMicroelectronics X-CUBE-TCPP 4.2.0
2026-03-04 14:36:46,009 [INFO] ThirdParty:1030 - CMSIS Pack Vendor :RealThread X-CUBE-RT-Thread_Nano 4.1.1
2026-03-04 14:36:46,009 [INFO] ThirdParty:1030 - CMSIS Pack Vendor :STMicroelectronics FP-ATR-SIGFOX1 3.2.0
2026-03-04 14:36:46,009 [INFO] ThirdParty:1030 - CMSIS Pack Vendor :STMicroelectronics X-CUBE-NFC10 1.0.0
2026-03-04 14:36:46,009 [INFO] ThirdParty:1030 - CMSIS Pack Vendor :STMicroelectronics HAL Drivers 0.0.0
2026-03-04 14:36:46,009 [INFO] ThirdParty:1030 - CMSIS Pack Vendor :STMicroelectronics MBEDTLS 2.16.2
2026-03-04 14:36:46,009 [INFO] ThirdParty:1030 - CMSIS Pack Vendor :STMicroelectronics X-CUBE-ST60 1.1.0
2026-03-04 14:36:46,009 [INFO] ThirdParty:1030 - CMSIS Pack Vendor :STMicroelectronics X-CUBE-ALS 1.0.2
2026-03-04 14:36:46,009 [INFO] ThirdParty:1030 - CMSIS Pack Vendor :emotas I-CUBE-CANOPEN 1.3.0
2026-03-04 14:36:46,009 [INFO] ThirdParty:1030 - CMSIS Pack Vendor :STMicroelectronics MBEDTLS 2.14.1
2026-03-04 14:36:46,009 [INFO] ThirdParty:1030 - CMSIS Pack Vendor :STMicroelectronics X-CUBE-GNSS1 7.1.0
2026-03-04 14:36:46,009 [INFO] ThirdParty:1030 - CMSIS Pack Vendor :ITTIA_DB I-CUBE-ITTIADB 8.9.0
2026-03-04 14:36:46,009 [INFO] ThirdParty:1030 - CMSIS Pack Vendor :STMicroelectronics X-CUBE-TOUCHGFX 4.26.1
2026-03-04 14:36:46,009 [INFO] ThirdParty:1030 - CMSIS Pack Vendor :STMicroelectronics X-CUBE-NFC6 3.2.0
2026-03-04 14:36:46,009 [INFO] ThirdParty:1030 - CMSIS Pack Vendor :STMicroelectronics X-CUBE-AI 10.2.0
2026-03-04 14:36:46,010 [INFO] ThirdParty:1030 - CMSIS Pack Vendor :STMicroelectronics FP-SNS-STAIOTCFT 1.0.0
2026-03-04 14:36:46,010 [INFO] ThirdParty:1030 - CMSIS Pack Vendor :STMicroelectronics ThreadX 1.0.0
2026-03-04 14:36:46,010 [INFO] ThirdParty:1030 - CMSIS Pack Vendor :STMicroelectronics FP-SNS-SMARTAG2 1.2.0
2026-03-04 14:36:46,010 [INFO] ThirdParty:1030 - CMSIS Pack Vendor :STMicroelectronics FP-SNS-FLIGHT1 5.1.0
2026-03-04 14:36:46,010 [INFO] ThirdParty:1030 - CMSIS Pack Vendor :STMicroelectronics X-CUBE-AZRTOS-WL 2.0.0
2026-03-04 14:36:46,010 [INFO] ThirdParty:1030 - CMSIS Pack Vendor :SEGGER I-CUBE-embOS 1.3.1
2026-03-04 14:36:46,010 [INFO] ThirdParty:1030 - CMSIS Pack Vendor :STMicroelectronics X-CUBE-ALGOBUILD 1.4.0
2026-03-04 14:36:46,010 [INFO] ThirdParty:1030 - CMSIS Pack Vendor :STMicroelectronics X-CUBE-DPower 1.3.0
2026-03-04 14:36:46,010 [INFO] ThirdParty:1030 - CMSIS Pack Vendor :STMicroelectronics USB_DEVICE 1.0.0
2026-03-04 14:36:46,010 [INFO] ThirdParty:1030 - CMSIS Pack Vendor :STMicroelectronics X-CUBE-AZRTOS-H7RS 1.2.0
2026-03-04 14:36:46,010 [INFO] ThirdParty:1030 - CMSIS Pack Vendor :STMicroelectronics X-CUBE-AZRTOS-L4 2.0.0
2026-03-04 14:36:46,010 [INFO] ThirdParty:1030 - CMSIS Pack Vendor :STMicroelectronics ThreadX 0.0.2
2026-03-04 14:36:46,010 [INFO] ThirdParty:1030 - CMSIS Pack Vendor :STMicroelectronics lwIP 2.1.2
2026-03-04 14:36:46,010 [INFO] ThirdParty:1030 - CMSIS Pack Vendor :STMicroelectronics X-CUBE-SFXS2LP1 4.0.0
2026-03-04 14:36:46,010 [INFO] ThirdParty:1030 - CMSIS Pack Vendor :STMicroelectronics X-CUBE-BLE2 3.3.0
2026-03-04 14:36:46,010 [INFO] ThirdParty:1030 - CMSIS Pack Vendor :Avnet-IOTCONNECT X-CUBE-iotc-st67-sdk 1.0.0
2026-03-04 14:36:46,010 [INFO] ThirdParty:1030 - CMSIS Pack Vendor :STMicroelectronics X-CUBE-TOF1 3.4.3
2026-03-04 14:36:46,010 [INFO] ThirdParty:1030 - CMSIS Pack Vendor :Infineon AIROC-Wi-Fi-Bluetooth-STM32 1.8.0
2026-03-04 14:36:46,011 [INFO] ThirdParty:1030 - CMSIS Pack Vendor :STMicroelectronics PDM2PCM 3.2.0
2026-03-04 14:36:46,011 [INFO] ThirdParty:841 - exiting critical section [change project]
2026-03-04 14:36:46,398 [INFO] PinOutPanel:1589 - setPackage(No Configuration,No Configuration)
2026-03-04 14:36:46,399 [INFO] PinOutPanel:1589 - setPackage(STM32F411RETx,LQFP64)
2026-03-04 14:36:46,919 [INFO] UtilMem:75 - Before build in PCC Used Memory: 988583712 Bytes (1073741824)
2026-03-04 14:36:47,629 [INFO] UtilMem:75 - After build in PCC Used Memory: 881925320 Bytes (1073741824)
2026-03-04 14:36:47,671 [INFO] IPUIPlugin:80 - create IPUIPlugin
2026-03-04 14:36:47,672 [INFO] IPUIPlugin:80 - create IPUIPlugin
2026-03-04 14:36:47,672 [INFO] IPUIPlugin:80 - create IPUIPlugin
2026-03-04 14:36:47,672 [INFO] IPUIPlugin:80 - create IPUIPlugin
2026-03-04 14:36:47,672 [INFO] IPUIPlugin:80 - create IPUIPlugin
2026-03-04 14:36:47,673 [INFO] IPUIPlugin:80 - create IPUIPlugin
2026-03-04 14:36:47,673 [INFO] IPUIPlugin:80 - create IPUIPlugin
2026-03-04 14:36:47,673 [INFO] IPUIPlugin:80 - create IPUIPlugin
2026-03-04 14:36:47,673 [INFO] IPUIPlugin:80 - create IPUIPlugin
2026-03-04 14:36:47,673 [INFO] IPUIPlugin:80 - create IPUIPlugin
2026-03-04 14:36:47,674 [INFO] IPUIPlugin:80 - create IPUIPlugin
2026-03-04 14:36:47,674 [INFO] IPUIPlugin:80 - create IPUIPlugin
2026-03-04 14:36:47,674 [INFO] IPUIPlugin:80 - create IPUIPlugin
2026-03-04 14:36:47,675 [INFO] IPUIPlugin:80 - create IPUIPlugin
2026-03-04 14:36:47,675 [INFO] IPUIPlugin:80 - create IPUIPlugin
2026-03-04 14:36:47,675 [INFO] IPUIPlugin:80 - create IPUIPlugin
2026-03-04 14:36:47,676 [INFO] IPUIPlugin:80 - create IPUIPlugin
2026-03-04 14:36:47,676 [INFO] IPUIPlugin:80 - create IPUIPlugin
2026-03-04 14:36:47,676 [INFO] IPUIPlugin:80 - create IPUIPlugin
2026-03-04 14:36:47,677 [INFO] IPUIPlugin:80 - create IPUIPlugin
2026-03-04 14:36:47,677 [INFO] IPUIPlugin:80 - create IPUIPlugin
2026-03-04 14:36:47,678 [INFO] IPUIPlugin:80 - create IPUIPlugin
2026-03-04 14:36:47,678 [INFO] IPUIPlugin:80 - create IPUIPlugin
2026-03-04 14:36:47,678 [INFO] IPUIPlugin:80 - create IPUIPlugin
2026-03-04 14:36:47,679 [INFO] IPUIPlugin:80 - create IPUIPlugin
2026-03-04 14:36:47,679 [INFO] IPUIPlugin:80 - create IPUIPlugin
2026-03-04 14:36:47,679 [INFO] IPUIPlugin:80 - create IPUIPlugin
2026-03-04 14:36:47,680 [INFO] IPUIPlugin:80 - create IPUIPlugin
2026-03-04 14:36:47,680 [INFO] IPUIPlugin:80 - create IPUIPlugin
2026-03-04 14:36:47,681 [INFO] IPUIPlugin:80 - create IPUIPlugin
2026-03-04 14:36:47,681 [INFO] IPUIPlugin:80 - create IPUIPlugin
2026-03-04 14:36:47,682 [INFO] IPUIPlugin:80 - create IPUIPlugin
2026-03-04 14:36:47,683 [INFO] IPUIPlugin:80 - create IPUIPlugin
2026-03-04 14:36:47,683 [INFO] IPUIPlugin:80 - create IPUIPlugin
2026-03-04 14:36:47,684 [INFO] IPUIPlugin:80 - create IPUIPlugin
2026-03-04 14:36:47,684 [INFO] IPUIPlugin:80 - create IPUIPlugin
2026-03-04 14:36:47,685 [INFO] IPUIPlugin:80 - create IPUIPlugin
2026-03-04 14:36:47,685 [INFO] IPUIPlugin:80 - create IPUIPlugin
2026-03-04 14:36:47,686 [INFO] IPUIPlugin:80 - create IPUIPlugin
2026-03-04 14:36:47,686 [INFO] IPUIPlugin:80 - create IPUIPlugin
2026-03-04 14:36:47,687 [INFO] IPUIPlugin:80 - create IPUIPlugin
2026-03-04 14:36:47,688 [INFO] IPUIPlugin:80 - create IPUIPlugin
2026-03-04 14:36:47,689 [INFO] IPUIPlugin:80 - create IPUIPlugin
2026-03-04 14:36:47,730 [INFO] ApiDbMcu:508 - Load IP Config File for PDM2PCM
2026-03-04 14:36:47,934 [INFO] CADModel:165 - CPN selected for project levelSTM32F411RET6
2026-03-04 14:36:47,934 [INFO] CADModel:114 - Register for checkConnection events
2026-03-04 14:36:47,994 [INFO] OpenFileManager:385 - Restore cursor
2026-03-04 14:36:48,483 [INFO] UtilMem:75 - End SaveConfig() Used Memory: 802611904 Bytes (1073741824)
2026-03-04 14:36:55,978 [INFO] McuFinderGlobals:76 - Set McuFinderConnectedMode to true
2026-03-04 14:36:55,981 [INFO] ApiDb:448 - Save user favorites file /home/vatcraft/.stm32cubeide/favorites.mcus.txt: 0 item(s)
2026-03-04 14:36:55,982 [INFO] ApiDb:452 - User favorites MCUs=[]
2026-03-04 14:36:55,982 [INFO] ApiDb:448 - Save user favorites file /home/vatcraft/.stm32cubeide/favorites.boards.txt: 0 item(s)
2026-03-04 14:36:55,982 [INFO] ApiDb:452 - User favorites Boards=[]
2026-03-04 14:37:41,406 [ERROR] LogOutputStream:75 - [STDERR_REDIRECT] 
2026-03-04 14:38:03,943 [INFO] Activator:176 - 


2026-03-04 14:38:03,944 [INFO] Activator:177 - !SESSION log4j initialized
2026-03-04 14:38:06,615 [INFO] LogOutputStream:77 - [STDOUT_REDIRECT] 
2026-03-04 14:38:09,084 [INFO] ApplicationProperties:184 - Using Application install path: /opt/st/stm32cubeide_1.18.1/plugins/com.st.stm32cube.common.mx_6.14.1.202504091515
2026-03-04 14:38:09,105 [INFO] DbMcusXml:78 - Set database path to: /opt/st/stm32cubeide_1.18.1/plugins/com.st.stm32cube.common.mx_6.14.1.202504091515//db//mcu/
2026-03-04 14:38:09,106 [INFO] ApiDb:274 - Set plugin database path to: /opt/st/stm32cubeide_1.18.1/plugins/com.st.stm32cube.common.mx_6.14.1.202504091515//db//plugins/boardmanager/
2026-03-04 14:38:09,107 [WARN] ApiDb:259 - Overriding images path with different value:  => /opt/st/stm32cubeide_1.18.1/plugins/com.st.stm32cube.common.mx_6.14.1.202504091515//db//plugins/mcufinder/images/
2026-03-04 14:38:09,112 [INFO] ApiDb:250 - Set database path to: /home/vatcraft/.stmcufinder/plugins/mcufinder//mcu/
2026-03-04 14:38:09,113 [INFO] DbMcusAds:125 - Set database path to: /home/vatcraft/.stmcufinder/plugins/mcufinder//mcu/
2026-03-04 14:38:09,116 [INFO] CrossReferenceDbSqlite:203 - Set database path to: /home/vatcraft/.stmcufinder/plugins/mcufinder//mcu/cs/
2026-03-04 14:38:09,260 [INFO] RulesReader:64 - Compatibility file has been processed (302 Rules)
2026-03-04 14:38:09,323 [INFO] DbMcusXml:78 - Set database path to: /opt/st/stm32cubeide_1.18.1/plugins/com.st.stm32cube.common.mx_6.14.1.202504091515//db//mcu/
2026-03-04 14:38:09,323 [INFO] ApiDb:274 - Set plugin database path to: /opt/st/stm32cubeide_1.18.1/plugins/com.st.stm32cube.common.mx_6.14.1.202504091515//db//plugins/boardmanager/
2026-03-04 14:38:09,323 [INFO] ApiDb:261 - Set plugin images path to: /opt/st/stm32cubeide_1.18.1/plugins/com.st.stm32cube.common.mx_6.14.1.202504091515//db//plugins/mcufinder/images/
2026-03-04 14:38:09,323 [WARN] DbFile:41 - Overriding database path with different value: /home/vatcraft/.stmcufinder/plugins/mcufinder/ => /home/vatcraft/.stmcufinder/plugins/mcufinder
2026-03-04 14:38:09,323 [INFO] ApiDb:250 - Set database path to: /home/vatcraft/.stmcufinder/plugins/mcufinder//mcu/
2026-03-04 14:38:09,324 [WARN] DbFile:41 - Overriding database path with different value: /home/vatcraft/.stmcufinder/plugins/mcufinder/ => /home/vatcraft/.stmcufinder/plugins/mcufinder
2026-03-04 14:38:09,324 [INFO] DbMcusAds:125 - Set database path to: /home/vatcraft/.stmcufinder/plugins/mcufinder//mcu/
2026-03-04 14:38:09,324 [WARN] DbFile:41 - Overriding database path with different value: /home/vatcraft/.stmcufinder/plugins/mcufinder/ => /home/vatcraft/.stmcufinder/plugins/mcufinder
2026-03-04 14:38:09,324 [WARN] DbFile:41 - Overriding database path with different value: /home/vatcraft/.stmcufinder/plugins/mcufinder/ => /home/vatcraft/.stmcufinder/plugins/mcufinder
2026-03-04 14:38:09,324 [INFO] CrossReferenceDbSqlite:203 - Set database path to: /home/vatcraft/.stmcufinder/plugins/mcufinder//mcu/cs/
2026-03-04 14:38:09,383 [INFO] MainPanel:272 - HeapMemory: 268435456
2026-03-04 14:38:09,491 [INFO] DbMcusXml:78 - Set database path to: /opt/st/stm32cubeide_1.18.1/plugins/com.st.stm32cube.common.mx_6.14.1.202504091515//db//mcu/
2026-03-04 14:38:09,491 [INFO] ApiDb:274 - Set plugin database path to: /opt/st/stm32cubeide_1.18.1/plugins/com.st.stm32cube.common.mx_6.14.1.202504091515//db//plugins/boardmanager/
2026-03-04 14:38:09,491 [INFO] ApiDb:261 - Set plugin images path to: /opt/st/stm32cubeide_1.18.1/plugins/com.st.stm32cube.common.mx_6.14.1.202504091515//db//plugins/mcufinder/images/
2026-03-04 14:38:09,491 [WARN] DbFile:41 - Overriding database path with different value: /home/vatcraft/.stmcufinder/plugins/mcufinder/ => /home/vatcraft/.stmcufinder/plugins/mcufinder
2026-03-04 14:38:09,492 [INFO] ApiDb:250 - Set database path to: /home/vatcraft/.stmcufinder/plugins/mcufinder//mcu/
2026-03-04 14:38:09,492 [WARN] DbFile:41 - Overriding database path with different value: /home/vatcraft/.stmcufinder/plugins/mcufinder/ => /home/vatcraft/.stmcufinder/plugins/mcufinder
2026-03-04 14:38:09,492 [INFO] DbMcusAds:125 - Set database path to: /home/vatcraft/.stmcufinder/plugins/mcufinder//mcu/
2026-03-04 14:38:09,492 [WARN] DbFile:41 - Overriding database path with different value: /home/vatcraft/.stmcufinder/plugins/mcufinder/ => /home/vatcraft/.stmcufinder/plugins/mcufinder
2026-03-04 14:38:09,492 [WARN] DbFile:41 - Overriding database path with different value: /home/vatcraft/.stmcufinder/plugins/mcufinder/ => /home/vatcraft/.stmcufinder/plugins/mcufinder
2026-03-04 14:38:09,492 [INFO] CrossReferenceDbSqlite:203 - Set database path to: /home/vatcraft/.stmcufinder/plugins/mcufinder//mcu/cs/
2026-03-04 14:38:09,507 [INFO] ApplicationProperties:184 - Using Application install path: /opt/st/stm32cubeide_1.18.1/plugins/com.st.stm32cube.common.mx_6.14.1.202504091515
2026-03-04 14:38:09,509 [INFO] PluginManage:196 - Search for loadable plugins [exclusion list=, ]
2026-03-04 14:38:09,510 [INFO] PluginManage:310 - Check plugin analytics
2026-03-04 14:38:09,670 [INFO] AnalyticsPlugin:253 - Accepted Software Licenses: 
2026-03-04 14:38:09,670 [INFO] AnalyticsPlugin:255 - Accepted CMSIS Pack Licenses: 
2026-03-04 14:38:09,670 [INFO] AnalyticsPlugin:257 - Accepted Firmware Licenses: 
2026-03-04 14:38:09,671 [INFO] PluginManage:359 - Loaded plugin analytics (category:tool,tabindex:-1)
2026-03-04 14:38:09,671 [INFO] PluginManage:310 - Check plugin cadmodel
2026-03-04 14:38:09,675 [INFO] CADModel:105 - Init CAD model plugin
2026-03-04 14:38:09,675 [INFO] PluginManage:359 - Loaded plugin cadmodel (category:power,tabindex:5)
2026-03-04 14:38:09,675 [INFO] PluginManage:310 - Check plugin clock
2026-03-04 14:38:09,684 [INFO] PluginManage:359 - Loaded plugin clock (category:base,tabindex:2)
2026-03-04 14:38:09,684 [INFO] PluginManage:310 - Check plugin ddr
2026-03-04 14:38:09,687 [INFO] PluginManage:359 - Loaded plugin ddr (category:tool,tabindex:6)
2026-03-04 14:38:09,687 [INFO] PluginManage:310 - Check plugin filemanager
2026-03-04 14:38:09,906 [INFO] PluginManage:359 - Loaded plugin filemanager (category:base,tabindex:10)
2026-03-04 14:38:09,906 [INFO] PluginManage:310 - Check plugin ipmanager
2026-03-04 14:38:09,911 [INFO] PluginManage:359 - Loaded plugin ipmanager (category:base,tabindex:5)
2026-03-04 14:38:09,911 [INFO] PluginManage:310 - Check plugin lpbam
2026-03-04 14:38:09,921 [INFO] PluginManage:359 - Loaded plugin lpbam (category:base,tabindex:0)
2026-03-04 14:38:09,921 [INFO] PluginManage:310 - Check plugin memorymap
2026-03-04 14:38:09,929 [INFO] PluginManage:359 - Loaded plugin memorymap (category:base,tabindex:4)
2026-03-04 14:38:09,929 [INFO] PluginManage:310 - Check plugin pinoutandconfiguration
2026-03-04 14:38:09,935 [INFO] PluginManage:359 - Loaded plugin pinoutandconfiguration (category:base,tabindex:1)
2026-03-04 14:38:09,935 [INFO] PluginManage:310 - Check plugin pinoutconfig
2026-03-04 14:38:10,011 [WARN] SupportedApi:132 - Cannot load RTOS API schema: s4s-elt-must-match.1: The content of 'definitions' must match (annotation?, (simpleType | complexType)?, (unique | key | keyref)*)). A problem was found starting at: attribute.
2026-03-04 14:38:10,153 [INFO] PluginManage:359 - Loaded plugin pinoutconfig (category:base,tabindex:0)
2026-03-04 14:38:10,153 [INFO] PluginManage:310 - Check plugin power
2026-03-04 14:38:10,163 [INFO] PluginManage:359 - Loaded plugin power (category:power,tabindex:4)
2026-03-04 14:38:10,164 [INFO] PluginManage:310 - Check plugin projectmanager
2026-03-04 14:38:10,184 [INFO] PluginManage:359 - Loaded plugin projectmanager (category:projectmanager,tabindex:4)
2026-03-04 14:38:10,184 [INFO] PluginManage:310 - Check plugin rif
2026-03-04 14:38:10,191 [INFO] PluginManage:359 - Loaded plugin rif (category:base,tabindex:3)
2026-03-04 14:38:10,191 [INFO] PluginManage:310 - Check plugin thirdparty
2026-03-04 14:38:10,358 [INFO] PluginManage:359 - Loaded plugin thirdparty (category:base,tabindex:-1)
2026-03-04 14:38:10,359 [INFO] PluginManage:310 - Check plugin tools
2026-03-04 14:38:10,358 [WARN] IntegrityCheckThread:84 - waiting for thirdparty lock release [integrity check]
2026-03-04 14:38:10,359 [INFO] IntegrityCheckThread:86 - entering critical section [integrity check]
2026-03-04 14:38:10,360 [INFO] ThirdPartyUpdaterWithRetryManager:70 - Updater plugin not ready yet. [1/15]
2026-03-04 14:38:10,361 [INFO] PluginManage:359 - Loaded plugin tools (category:base,tabindex:7)
2026-03-04 14:38:10,362 [INFO] PluginManage:310 - Check plugin tutovideos
2026-03-04 14:38:10,487 [INFO] PluginManage:359 - Loaded plugin tutovideos (category:base,tabindex:-1)
2026-03-04 14:38:10,487 [INFO] PluginManage:310 - Check plugin updater
2026-03-04 14:38:10,514 [INFO] PluginManage:359 - Loaded plugin updater (category:base,tabindex:12)
2026-03-04 14:38:10,514 [INFO] PluginManage:310 - Check plugin userauth
2026-03-04 14:38:10,519 [INFO] UserAuth:118 - Init User Auth plugin
2026-03-04 14:38:10,520 [INFO] PluginManage:359 - Loaded plugin userauth (category:base,tabindex:14)
2026-03-04 14:38:10,520 [INFO] PluginManage:283 - PluginManage : Loaded plugins [18]
2026-03-04 14:38:10,678 [INFO] PinOutPanel:1589 - setPackage(No Configuration,No Configuration)
2026-03-04 14:38:10,748 [INFO] CADModel:165 - CPN selected for project level
2026-03-04 14:38:10,749 [INFO] CADModel:114 - Register for checkConnection events
2026-03-04 14:38:10,759 [INFO] IPUIPlugin:80 - create IPUIPlugin
2026-03-04 14:38:10,759 [INFO] PluginManager:220 - loadIPPluginJar : add openamp
2026-03-04 14:38:10,764 [INFO] IPUIPlugin:80 - create IPUIPlugin
2026-03-04 14:38:10,765 [INFO] PluginManager:220 - loadIPPluginJar : add pdm2pcm
2026-03-04 14:38:10,768 [INFO] IPUIPlugin:80 - create IPUIPlugin
2026-03-04 14:38:10,768 [INFO] PluginManager:220 - loadIPPluginJar : add touchsensing
2026-03-04 14:38:10,774 [INFO] IPUIPlugin:80 - create IPUIPlugin
2026-03-04 14:38:10,778 [INFO] PluginManager:220 - loadIPPluginJar : add plateformsettings
2026-03-04 14:38:10,782 [INFO] IPUIPlugin:80 - create IPUIPlugin
2026-03-04 14:38:10,783 [INFO] PluginManager:220 - loadIPPluginJar : add resmgrutility
2026-03-04 14:38:10,788 [INFO] IPUIPlugin:80 - create IPUIPlugin
2026-03-04 14:38:10,788 [INFO] PluginManager:220 - loadIPPluginJar : add gic
2026-03-04 14:38:10,790 [INFO] IPUIPlugin:80 - create IPUIPlugin
2026-03-04 14:38:10,790 [INFO] PluginManager:220 - loadIPPluginJar : add genericplugin
2026-03-04 14:38:10,792 [INFO] IPUIPlugin:80 - create IPUIPlugin
2026-03-04 14:38:10,792 [INFO] PluginManager:220 - loadIPPluginJar : add tracer_emb
2026-03-04 14:38:10,795 [INFO] IPUIPlugin:80 - create IPUIPlugin
2026-03-04 14:38:10,795 [INFO] PluginManager:220 - loadIPPluginJar : add extmemmanager
2026-03-04 14:38:10,797 [INFO] IPUIPlugin:80 - create IPUIPlugin
2026-03-04 14:38:10,797 [INFO] PluginManager:220 - loadIPPluginJar : add spi
2026-03-04 14:38:10,804 [INFO] IPUIPlugin:80 - create IPUIPlugin
2026-03-04 14:38:10,805 [INFO] PluginManager:220 - loadIPPluginJar : add linkedlist
2026-03-04 14:38:10,806 [INFO] IPUIPlugin:80 - create IPUIPlugin
2026-03-04 14:38:10,807 [INFO] PluginManager:220 - loadIPPluginJar : add ucpd
2026-03-04 14:38:10,810 [INFO] IPUIPlugin:80 - create IPUIPlugin
2026-03-04 14:38:10,810 [INFO] PluginManager:220 - loadIPPluginJar : add i3c
2026-03-04 14:38:10,812 [INFO] IPUIPlugin:80 - create IPUIPlugin
2026-03-04 14:38:10,812 [INFO] PluginManager:220 - loadIPPluginJar : add hash
2026-03-04 14:38:10,816 [INFO] IPUIPlugin:80 - create IPUIPlugin
2026-03-04 14:38:10,816 [INFO] PluginManager:220 - loadIPPluginJar : add nvic
2026-03-04 14:38:10,819 [INFO] IPUIPlugin:80 - create IPUIPlugin
2026-03-04 14:38:10,819 [INFO] PluginManager:220 - loadIPPluginJar : add usbx
2026-03-04 14:38:10,821 [INFO] IPUIPlugin:80 - create IPUIPlugin
2026-03-04 14:38:10,822 [INFO] PluginManager:220 - loadIPPluginJar : add cryp
2026-03-04 14:38:10,823 [INFO] IPUIPlugin:80 - create IPUIPlugin
2026-03-04 14:38:10,823 [INFO] PluginManager:220 - loadIPPluginJar : add quadspi
2026-03-04 14:38:10,825 [INFO] IPUIPlugin:80 - create IPUIPlugin
2026-03-04 14:38:10,825 [INFO] PluginManager:220 - loadIPPluginJar : add ts
2026-03-04 14:38:10,828 [INFO] IPUIPlugin:80 - create IPUIPlugin
2026-03-04 14:38:10,828 [INFO] PluginManager:220 - loadIPPluginJar : add i2c
2026-03-04 14:38:10,832 [INFO] IPUIPlugin:80 - create IPUIPlugin
2026-03-04 14:38:10,832 [INFO] PluginManager:220 - loadIPPluginJar : add ipddr
2026-03-04 14:38:10,835 [INFO] IPUIPlugin:80 - create IPUIPlugin
2026-03-04 14:38:10,835 [INFO] PluginManager:220 - loadIPPluginJar : add aes
2026-03-04 14:38:10,838 [INFO] IPUIPlugin:80 - create IPUIPlugin
2026-03-04 14:38:10,838 [INFO] PluginManager:220 - loadIPPluginJar : add sai
2026-03-04 14:38:10,841 [INFO] IPUIPlugin:80 - create IPUIPlugin
2026-03-04 14:38:10,841 [INFO] PluginManager:220 - loadIPPluginJar : add dma3
2026-03-04 14:38:10,844 [INFO] IPUIPlugin:80 - create IPUIPlugin
2026-03-04 14:38:10,844 [INFO] PluginManager:220 - loadIPPluginJar : add lorawan
2026-03-04 14:38:10,846 [INFO] IPUIPlugin:80 - create IPUIPlugin
2026-03-04 14:38:10,847 [INFO] PluginManager:220 - loadIPPluginJar : add dfsdm
2026-03-04 14:38:10,850 [INFO] IPUIPlugin:80 - create IPUIPlugin
2026-03-04 14:38:10,850 [INFO] PluginManager:220 - loadIPPluginJar : add gtzc
2026-03-04 14:38:10,853 [INFO] IPUIPlugin:80 - create IPUIPlugin
2026-03-04 14:38:10,853 [INFO] PluginManager:220 - loadIPPluginJar : add can
2026-03-04 14:38:10,858 [INFO] IPUIPlugin:80 - create IPUIPlugin
2026-03-04 14:38:10,859 [INFO] PluginManager:220 - loadIPPluginJar : add freertos
2026-03-04 14:38:10,861 [INFO] IPUIPlugin:80 - create IPUIPlugin
2026-03-04 14:38:10,862 [INFO] PluginManager:220 - loadIPPluginJar : add usart
2026-03-04 14:38:10,866 [INFO] IPUIPlugin:80 - create IPUIPlugin
2026-03-04 14:38:10,867 [INFO] PluginManager:220 - loadIPPluginJar : add fmc
2026-03-04 14:38:10,871 [INFO] IPUIPlugin:80 - create IPUIPlugin
2026-03-04 14:38:10,871 [INFO] PluginManager:220 - loadIPPluginJar : add gpio
2026-03-04 14:38:10,873 [INFO] IPUIPlugin:80 - create IPUIPlugin
2026-03-04 14:38:10,873 [INFO] PluginManager:220 - loadIPPluginJar : add i2s
2026-03-04 14:38:10,880 [INFO] IPUIPlugin:80 - create IPUIPlugin
2026-03-04 14:38:10,880 [INFO] PluginManager:220 - loadIPPluginJar : add mdma
2026-03-04 14:38:10,881 [INFO] IPUIPlugin:80 - create IPUIPlugin
2026-03-04 14:38:10,882 [INFO] PluginManager:220 - loadIPPluginJar : add ltdc
2026-03-04 14:38:10,885 [INFO] IPUIPlugin:80 - create IPUIPlugin
2026-03-04 14:38:10,885 [INFO] PluginManager:220 - loadIPPluginJar : add opamp
2026-03-04 14:38:10,891 [INFO] IPUIPlugin:80 - create IPUIPlugin
2026-03-04 14:38:10,891 [INFO] PluginManager:220 - loadIPPluginJar : add adc
2026-03-04 14:38:10,894 [INFO] IPUIPlugin:80 - create IPUIPlugin
2026-03-04 14:38:10,894 [INFO] PluginManager:220 - loadIPPluginJar : add ddr_ctrl_phy
2026-03-04 14:38:10,900 [INFO] IPUIPlugin:80 - create IPUIPlugin
2026-03-04 14:38:10,900 [INFO] PluginManager:220 - loadIPPluginJar : add stm32_wpan
2026-03-04 14:38:10,906 [INFO] IPUIPlugin:80 - create IPUIPlugin
2026-03-04 14:38:10,906 [INFO] PluginManager:220 - loadIPPluginJar : add dma
2026-03-04 14:38:10,908 [INFO] IPUIPlugin:80 - create IPUIPlugin
2026-03-04 14:38:10,908 [INFO] PluginManager:220 - loadIPPluginJar : add tsc
2026-03-04 14:38:10,910 [INFO] IPUIPlugin:80 - create IPUIPlugin
2026-03-04 14:38:10,910 [INFO] PluginManager:220 - loadIPPluginJar : add comp
2026-03-04 14:38:10,911 [INFO] IPUIPlugin:80 - create IPUIPlugin
2026-03-04 14:38:10,912 [INFO] PluginManager:220 - loadIPPluginJar : add fatfs
2026-03-04 14:38:10,914 [INFO] IPUIPlugin:80 - create IPUIPlugin
2026-03-04 14:38:10,914 [INFO] PluginManager:220 - loadIPPluginJar : add tim
2026-03-04 14:38:10,916 [INFO] IPUIPlugin:80 - create IPUIPlugin
2026-03-04 14:38:10,916 [INFO] PluginManager:220 - loadIPPluginJar : add gfxmmu
2026-03-04 14:38:10,918 [INFO] IPUIPlugin:80 - create IPUIPlugin
2026-03-04 14:38:10,919 [INFO] PluginManager:220 - loadIPPluginJar : add radio
2026-03-04 14:38:11,035 [FATAL] Updater:351 - Updater called before beeing initialized
2026-03-04 14:38:11,069 [INFO] RulesReader:64 - Compatibility file has been processed (302 Rules)
2026-03-04 14:38:11,088 [INFO] RulesReader:64 - Compatibility file has been processed (302 Rules)
2026-03-04 14:38:11,097 [INFO] CADModel:165 - CPN selected for project level
2026-03-04 14:38:11,097 [INFO] CADModel:114 - Register for checkConnection events
2026-03-04 14:38:11,097 [FATAL] Updater:351 - Updater called before beeing initialized
2026-03-04 14:38:11,098 [ERROR] CADModel:125 - Updater not yet initialized, retry later 
2026-03-04 14:38:11,245 [FATAL] Updater:351 - Updater called before beeing initialized
2026-03-04 14:38:11,247 [INFO] CADModel:165 - CPN selected for project level
2026-03-04 14:38:11,247 [INFO] CADModel:114 - Register for checkConnection events
2026-03-04 14:38:11,247 [FATAL] Updater:351 - Updater called before beeing initialized
2026-03-04 14:38:11,248 [ERROR] CADModel:125 - Updater not yet initialized, retry later 
2026-03-04 14:38:11,251 [FATAL] Updater:351 - Updater called before beeing initialized
2026-03-04 14:38:11,342 [FATAL] Updater:351 - Updater called before beeing initialized
2026-03-04 14:38:11,348 [INFO] DbMcusAds:53 - JSON generation date=Wed Feb 18 21:32:49 ICT 2026 (1771425169371)
2026-03-04 14:38:11,348 [FATAL] Updater:351 - Updater called before beeing initialized
2026-03-04 14:38:11,376 [WARN] DetailPanel:346 - Failed to get advertising image, set to default
2026-03-04 14:38:11,634 [FATAL] Updater:351 - Updater called before beeing initialized
2026-03-04 14:38:11,636 [FATAL] Updater:351 - Updater called before beeing initialized
2026-03-04 14:38:11,636 [FATAL] Updater:351 - Updater called before beeing initialized
2026-03-04 14:38:11,636 [WARN] DetailPanel:346 - Failed to get advertising image, set to default
2026-03-04 14:38:11,637 [FATAL] Updater:351 - Updater called before beeing initialized
2026-03-04 14:38:11,679 [ERROR] Updater:1198 - MainUpdater not yet initialized. External WinMGr cannot be set.
2026-03-04 14:38:11,681 [INFO] Updater:1134 - Updater Version found : 6.14.1
2026-03-04 14:38:11,700 [INFO] ApplicationProperties:184 - Using Application install path: /opt/st/stm32cubeide_1.18.1/plugins/com.st.stm32cube.common.mx_6.14.1.202504091515
2026-03-04 14:38:12,022 [INFO] MainUpdater:2872 - connection check result : 10
2026-03-04 14:38:12,023 [INFO] MainUpdater:289 - Updater Check For Update Now.
2026-03-04 14:38:12,023 [INFO] MicroXplorer:498 - Change Database Version : DB.6.0.141
2026-03-04 14:38:12,029 [INFO] McuFinderGlobals:63 - Set McuFinder mode to 2 (CubeIDE integrated)
2026-03-04 14:38:12,029 [INFO] UserAuth:171 - activating auth plugin
2026-03-04 14:38:12,032 [INFO] UserAuth:484 - Internet connection configuration mode: 1
2026-03-04 14:38:12,046 [INFO] JxBrowserEngine:152 - Initiate JxBrowser Engine with user profile folder
2026-03-04 14:38:12,276 [INFO] CheckServerUpdateThread:120 - End of CheckServer Thread
2026-03-04 14:38:12,910 [INFO] WebApp:169 - Instantiating new browser for Auth
2026-03-04 14:38:13,653 [WARN] PackLoader:240 - Cannot read IP mode file for STMicroelectronics.X-CUBE-AZRTOS-H7.3.5.0
2026-03-04 14:38:13,672 [WARN] PackLoader:240 - Cannot read IP mode file for STMicroelectronics.FP-ATR-ASTRA1.2.0.2
2026-03-04 14:38:13,687 [WARN] PackLoader:240 - Cannot read IP mode file for STMicroelectronics.X-CUBE-SMBUS.2.1.0
2026-03-04 14:38:13,717 [INFO] WebApp:463 - Apply proxy settings
2026-03-04 14:38:13,718 [INFO] WebApp:548 - Chromium requires no authentication
2026-03-04 14:38:13,740 [INFO] WebApp:491 - Direct internet connection detected
2026-03-04 14:38:13,749 [WARN] PackLoader:240 - Cannot read IP mode file for STMicroelectronics.X-CUBE-AZRTOS-F7.1.1.0
2026-03-04 14:38:13,775 [ERROR] Engine:466 - /home/vatcraft/.stm32cubemx/thirdparties/pdsc/STMicroelectronics.FP-SNS-MOTENV1.5.1.0.pdsc: PDSC version is not supported
2026-03-04 14:38:13,787 [ERROR] Engine:466 - /home/vatcraft/.stm32cubemx/thirdparties/pdsc/WES.I-CUBE-Cesium.1.4.0.pdsc: PDSC version is not supported
2026-03-04 14:38:13,787 [INFO] WebApp:894 - Register for checkConnection events
2026-03-04 14:38:13,788 [INFO] WebApp:463 - Apply proxy settings
2026-03-04 14:38:13,788 [INFO] WebApp:548 - Chromium requires no authentication
2026-03-04 14:38:13,789 [INFO] WebApp:491 - Direct internet connection detected
2026-03-04 14:38:13,808 [WARN] PackLoader:240 - Cannot read IP mode file for STMicroelectronics.X-CUBE-DISPLAY.3.0.0
2026-03-04 14:38:13,829 [ERROR] Engine:466 - /home/vatcraft/.stm32cubemx/thirdparties/pdsc/STMicroelectronics.FP-SNS-MOTENVWB1.1.5.0.pdsc: PDSC version is not supported
2026-03-04 14:38:13,841 [WARN] PackLoader:240 - Cannot read IP mode file for STMicroelectronics.X-CUBE-NFC10.1.0.0
2026-03-04 14:38:13,851 [WARN] PackLoader:240 - Cannot read IP mode file for STMicroelectronics.X-CUBE-ST60.1.1.0
2026-03-04 14:38:13,859 [WARN] PackLoader:240 - Cannot read IP mode file for emotas.I-CUBE-CANOPEN.1.3.0
2026-03-04 14:38:13,874 [WARN] PackLoader:240 - Cannot read IP mode file for STMicroelectronics.X-CUBE-GNSS1.7.1.0
2026-03-04 14:38:13,883 [ERROR] Engine:466 - /home/vatcraft/.stm32cubemx/thirdparties/pdsc/STMicroelectronics.FP-SNS-STBOX1.2.1.0.pdsc: PDSC version is not supported
2026-03-04 14:38:13,888 [WARN] PackLoader:240 - Cannot read IP mode file for STMicroelectronics.FP-SNS-SMARTAG2.1.2.0
2026-03-04 14:38:13,892 [WARN] PackLoader:240 - Cannot read IP mode file for STMicroelectronics.FP-SNS-FLIGHT1.5.1.0
2026-03-04 14:38:13,910 [INFO] LogOutputStream:77 - [STDOUT_REDIRECT] 1 : Invalid condition id : UX_CORESTACK_Condition cause : null
2026-03-04 14:38:13,911 [INFO] LogOutputStream:77 - [STDOUT_REDIRECT] 1 : Invalid condition id : UX_CORESTACK_Condition cause : null
2026-03-04 14:38:13,911 [INFO] LogOutputStream:77 - [STDOUT_REDIRECT] 1 : Invalid condition id : UX_CORESTACK_Condition cause : null
2026-03-04 14:38:13,911 [INFO] LogOutputStream:77 - [STDOUT_REDIRECT] 1 : Invalid condition id : UX_CORESTACK_Condition cause : null
2026-03-04 14:38:13,912 [INFO] LogOutputStream:77 - [STDOUT_REDIRECT] 1 : Invalid condition id : UX_CORESTACK_Condition cause : null
2026-03-04 14:38:13,924 [WARN] PackLoader:240 - Cannot read IP mode file for STMicroelectronics.X-CUBE-AZRTOS-WL.2.0.0
2026-03-04 14:38:14,019 [WARN] PackLoader:240 - Cannot read IP mode file for STMicroelectronics.X-CUBE-AZRTOS-H7RS.1.2.0
2026-03-04 14:38:14,050 [WARN] PackLoader:240 - Cannot read IP mode file for STMicroelectronics.X-CUBE-BLE2.3.3.0
2026-03-04 14:38:14,106 [INFO] WebApp:225 - Starting web application
2026-03-04 14:38:14,106 [INFO] WebApp:593 - Web application path used /opt/st/stm32cubeide_1.18.1/plugins/com.st.stm32cube.common.mx_6.14.1.202504091515/db/plugins/mcufinder/reactClient1/index.html
2026-03-04 14:38:14,125 [INFO] WebApp:191 - Connection restablished
2026-03-04 14:38:14,159 [WARN] PackLoader:240 - Cannot read IP mode file for Infineon.AIROC-Wi-Fi-Bluetooth-STM32.1.8.0
2026-03-04 14:38:14,212 [WARN] PackLoader:240 - Cannot read IP mode file for STMicroelectronics.X-CUBE-NFC9.1.0.0
2026-03-04 14:38:14,243 [WARN] PackLoader:240 - Cannot read IP mode file for STMicroelectronics.X-CUBE-BLE1.7.1.0
2026-03-04 14:38:14,248 [WARN] PackLoader:240 - Cannot read IP mode file for wolfSSL.I-CUBE-wolfMQTT.1.19.2
2026-03-04 14:38:14,276 [WARN] PackLoader:240 - Cannot read IP mode file for STMicroelectronics.X-CUBE-EEPRMA1.5.2.0
2026-03-04 14:38:14,287 [WARN] PackLoader:240 - Cannot read IP mode file for wolfSSL.I-CUBE-wolfSSL.5.8.4
2026-03-04 14:38:14,291 [WARN] PackLoader:240 - Cannot read IP mode file for Cesanta.I-CUBE-Mongoose.7.20.0
2026-03-04 14:38:14,386 [WARN] PackLoader:240 - Cannot read IP mode file for STMicroelectronics.X-CUBE-MEMS1.12.0.0
2026-03-04 14:38:14,711 [WARN] PackLoader:240 - Cannot read IP mode file for STMicroelectronics.X-CUBE-AZRTOS-G0.1.1.0
2026-03-04 14:38:14,721 [WARN] PackLoader:240 - Cannot read IP mode file for STMicroelectronics.X-CUBE-NFC4.3.0.0
2026-03-04 14:38:14,736 [WARN] PackLoader:240 - Cannot read IP mode file for EmbeddedOffice.I-CUBE-FS-RTOS.1.0.1
2026-03-04 14:38:14,742 [WARN] PackLoader:240 - Cannot read IP mode file for STMicroelectronics.X-CUBE-WB05N.2.0.0
2026-03-04 14:38:14,749 [WARN] PackLoader:240 - Cannot read IP mode file for wolfSSL.I-CUBE-wolfTPM.3.8.0
2026-03-04 14:38:14,756 [WARN] PackLoader:240 - Cannot read IP mode file for STMicroelectronics.X-CUBE-TCPP.4.2.0
2026-03-04 14:38:14,767 [WARN] PackLoader:240 - Cannot read IP mode file for RealThread.X-CUBE-RT-Thread_Nano.4.1.1
2026-03-04 14:38:14,773 [WARN] PackLoader:240 - Cannot read IP mode file for STMicroelectronics.FP-ATR-SIGFOX1.3.2.0
2026-03-04 14:38:14,779 [ERROR] Engine:466 - /home/vatcraft/.stm32cubemx/thirdparties/pdsc/STMicroelectronics.X-CUBE-FREERTOS.1.5.0.pdsc: PDSC version is not supported
2026-03-04 14:38:14,787 [WARN] PackLoader:240 - Cannot read IP mode file for ITTIA_DB.I-CUBE-ITTIADB.8.9.0
2026-03-04 14:38:14,800 [WARN] PackLoader:240 - Cannot read IP mode file for STMicroelectronics.X-CUBE-NFC6.3.2.0
2026-03-04 14:38:14,816 [WARN] PackLoader:240 - Cannot read IP mode file for STMicroelectronics.X-CUBE-AI.10.2.0
2026-03-04 14:38:14,919 [WARN] PackLoader:240 - Cannot read IP mode file for SEGGER.I-CUBE-embOS.1.3.1
2026-03-04 14:38:15,123 [WARN] PackLoader:240 - Cannot read IP mode file for STMicroelectronics.X-CUBE-ALGOBUILD.1.4.0
2026-03-04 14:38:15,134 [WARN] PackLoader:240 - Cannot read IP mode file for STMicroelectronics.X-CUBE-PM33A1.1.0.0
2026-03-04 14:38:15,177 [WARN] PackLoader:240 - Cannot read IP mode file for STMicroelectronics.X-CUBE-AZRTOS-F4.1.1.0
2026-03-04 14:38:15,188 [WARN] PackLoader:240 - Cannot read IP mode file for STMicroelectronics.X-CUBE-ISPU.2.1.0
2026-03-04 14:38:15,196 [ERROR] Engine:466 - /home/vatcraft/.stm32cubemx/thirdparties/pdsc/STMicroelectronics.X-CUBE-IPS.3.2.0.pdsc: PDSC version is not supported
2026-03-04 14:38:15,206 [WARN] PackLoader:240 - Cannot read IP mode file for STMicroelectronics.X-CUBE-NFC12.1.0.0
2026-03-04 14:38:15,249 [WARN] PackLoader:240 - Cannot read IP mode file for STMicroelectronics.X-CUBE-AZRTOS-L5.2.0.0
2026-03-04 14:38:15,258 [WARN] PackLoader:240 - Cannot read IP mode file for STMicroelectronics.X-CUBE-TOUCHGFX.4.26.1
2026-03-04 14:38:15,262 [WARN] PackLoader:240 - Cannot read IP mode file for STMicroelectronics.FP-SNS-STAIOTCFT.1.0.0
2026-03-04 14:38:15,267 [WARN] PackLoader:240 - Cannot read IP mode file for STMicroelectronics.X-CUBE-DPower.1.3.0
2026-03-04 14:38:15,291 [WARN] ConditionMgr:438 - getConditionDescription Invalid condition id : LAN8742 Phy interface Condition cause : null
2026-03-04 14:38:15,292 [WARN] PackLoader:240 - Cannot read IP mode file for STMicroelectronics.X-CUBE-AZRTOS-L4.2.0.0
2026-03-04 14:38:15,294 [WARN] ConditionMgr:1044 - genDependencies : Invalid condition id : LAN8742 Phy interface Condition cause : null
2026-03-04 14:38:15,295 [WARN] ConditionMgr:1044 - genDependencies : Invalid condition id : LAN8742 Phy interface Condition cause : null
2026-03-04 14:38:15,296 [WARN] ConditionMgr:1044 - genDependencies : Invalid condition id : LAN8742 Phy interface Condition cause : null
2026-03-04 14:38:15,307 [WARN] PackLoader:240 - Cannot read IP mode file for STMicroelectronics.X-CUBE-SFXS2LP1.4.0.0
2026-03-04 14:38:15,313 [ERROR] Engine:466 - /home/vatcraft/.stm32cubemx/thirdparties/pdsc/STMicroelectronics.X-CUBE-ST67W61.1.2.0.pdsc: PDSC version is not supported
2026-03-04 14:38:15,325 [WARN] PackLoader:240 - Cannot read IP mode file for STMicroelectronics.X-CUBE-BLEMGR.4.1.0
2026-03-04 14:38:15,346 [WARN] ConditionMgr:438 - getConditionDescription Invalid condition id : UX DEVICE CLASS RTOS Condition cause : null
2026-03-04 14:38:15,347 [WARN] ConditionMgr:438 - getConditionDescription Invalid condition id : UX DEVICE CLASS RTOS Condition cause : null
2026-03-04 14:38:15,350 [WARN] PackLoader:240 - Cannot read IP mode file for STMicroelectronics.X-CUBE-AZRTOS-WB.2.0.0
2026-03-04 14:38:15,351 [WARN] ConditionMgr:1044 - genDependencies : Invalid condition id : UX DEVICE CLASS RTOS Condition cause : null
2026-03-04 14:38:15,352 [WARN] ConditionMgr:1044 - genDependencies : Invalid condition id : UX DEVICE CLASS RTOS Condition cause : null
2026-03-04 14:38:15,353 [WARN] ConditionMgr:1044 - genDependencies : Invalid condition id : UX DEVICE CLASS RTOS Condition cause : null
2026-03-04 14:38:15,353 [WARN] ConditionMgr:1044 - genDependencies : Invalid condition id : UX DEVICE CLASS RTOS Condition cause : null
2026-03-04 14:38:15,354 [WARN] ConditionMgr:1044 - genDependencies : Invalid condition id : UX DEVICE CLASS RTOS Condition cause : null
2026-03-04 14:38:15,359 [WARN] ConditionMgr:438 - getConditionDescription Invalid condition id : Cortex-A Device cause : null
2026-03-04 14:38:15,369 [WARN] ConditionMgr:1044 - genDependencies : Invalid condition id : Cortex-A Device cause : null
2026-03-04 14:38:15,370 [WARN] ConditionMgr:1044 - genDependencies : Invalid condition id : Cortex-A Device cause : null
2026-03-04 14:38:15,371 [WARN] ConditionMgr:1044 - genDependencies : Invalid condition id : Cortex-A Device cause : null
2026-03-04 14:38:15,381 [WARN] PackLoader:240 - Cannot read IP mode file for STMicroelectronics.X-CUBE-STSE01.2.0.0
2026-03-04 14:38:15,406 [WARN] PackLoader:240 - Cannot read IP mode file for STMicroelectronics.X-CUBE-SUBG2.5.0.0
2026-03-04 14:38:15,441 [WARN] PackLoader:240 - Cannot read IP mode file for STMicroelectronics.X-CUBE-AZRTOS-G4.2.0.0
2026-03-04 14:38:15,446 [WARN] PackLoader:240 - Cannot read IP mode file for wolfSSL.I-CUBE-wolfSSH.1.4.20
2026-03-04 14:38:15,451 [WARN] PackLoader:240 - Cannot read IP mode file for STMicroelectronics.X-CUBE-NFC7.2.0.0
2026-03-04 14:38:15,456 [WARN] PackLoader:240 - Cannot read IP mode file for STMicroelectronics.X-CUBE-ALS.1.0.2
2026-03-04 14:38:15,468 [WARN] PackLoader:240 - Cannot read IP mode file for STMicroelectronics.X-CUBE-TOF1.3.4.3
2026-03-04 14:38:15,487 [INFO] ThirdParty:978 - Integrity check success = true
2026-03-04 14:38:15,487 [INFO] IntegrityCheckThread:100 - exiting critical section [integrity check]
2026-03-04 14:38:15,487 [INFO] IntegrityCheckThread:103 - End integrity checks thread
2026-03-04 14:38:42,793 [INFO] McuFinderGlobals:63 - Set McuFinder mode to 2 (CubeIDE integrated)
2026-03-04 14:38:42,794 [INFO] MainUpdater:2872 - connection check result : 10
2026-03-04 14:38:43,225 [INFO] ApiDb:581 - Connected to CubeFinder SQLite database (/home/vatcraft/.stmcufinder/plugins/mcufinder/mcu/cube-finder-db.db)
2026-03-04 14:38:43,429 [INFO] ApiDb:668 - CubeFinder database Data Model version=2.1
2026-03-04 14:38:43,430 [INFO] ApiDb:669 - CubeFinder database Configuration version=3.0.42
2026-03-04 14:38:43,432 [INFO] ApiDb:670 - CubeFinder database generation date=2026-02-13 (1770995876)
2026-03-04 14:38:43,432 [INFO] ApiDb:671 - CubeFinder database FW Pack versions=[FP-ATR-ASTRA1_V2.0.0, FP-SNS-FLIGHT1_V5.1.0, FP-SNS-MOTENV1_V5.1.0, FP-SNS-MOTENVWB1_V1.4.0, FP-SNS-SMARTAG2_V1.2.0, FP-SNS-STBOX1_V2.1.0, STM32Cube_FW_C0_V1.4.0, STM32Cube_FW_F4_V1.28.3, STM32Cube_FW_F7_V1.17.4, STM32Cube_FW_G0_V1.6.2, STM32Cube_FW_G4_V1.6.1, STM32Cube_FW_H5_V1.6.0, STM32Cube_FW_H7RS_V1.3.0, STM32Cube_FW_H7_V1.13.0, STM32Cube_FW_L0_V1.12.2, STM32Cube_FW_L4_V1.18.2, STM32Cube_FW_L5_V1.6.0, STM32Cube_FW_N6_V1.3.0, STM32Cube_FW_U0_V1.3.0, STM32Cube_FW_U3_V1.3.0, STM32Cube_FW_U5_V1.8.0, STM32Cube_FW_WB0_V1.4.0, STM32Cube_FW_WBA_V1.9.0, STM32Cube_FW_WB_V1.24.0, STM32Cube_FW_WL3_V1.4.0, STM32Cube_FW_WL_V1.5.0, X-CUBE-ALGOBUILD_V1.4.0, X-CUBE-ALS_V1.0.2, X-CUBE-AZRTOS-F4_V1.1.0, X-CUBE-AZRTOS-F7_V1.1.0, X-CUBE-AZRTOS-G0_V1.1.0, X-CUBE-AZRTOS-G4_V2.0.0, X-CUBE-AZRTOS-H7RS_V1.1.0, X-CUBE-AZRTOS-H7_V3.4.0, X-CUBE-AZRTOS-L4_V2.0.0, X-CUBE-AZRTOS-L5_V2.0.0, X-CUBE-AZRTOS-WB_V2.0.0, X-CUBE-AZRTOS-WL_V2.0.0, X-CUBE-BLE1_V7.1.0, X-CUBE-BLE2_V3.3.0, X-CUBE-BLEMGR_V4.1.0, X-CUBE-EEPRMA1_V5.2.0, X-CUBE-FREERTOS_V1.3.1, X-CUBE-GNSS1_V6.0.0, X-CUBE-MEMS1_V12.0.0, X-CUBE-NFC4_V3.0.0, X-CUBE-NFC7_V2.0.0, X-CUBE-SFXS2LP1_V4.0.0, X-CUBE-ST67W61_V1.1.0, X-CUBE-SUBG2_V5.0.0, X-CUBE-TOF1_V3.4.3]
2026-03-04 14:38:43,615 [INFO] DbBoardsSqlite:226 - include board P-NUCLEO-WB55-NUCLEO as a kit item of type 'Nucleo-64'
2026-03-04 14:38:43,615 [INFO] DbBoardsSqlite:226 - include board P-NUCLEO-WB55-USBDONGLE as a kit item of type 'Nucleo USB Dongle'
2026-03-04 14:38:43,616 [INFO] DbBoardsSqlite:226 - include board STEVAL-IDP005V1 as a kit item of type 'Evaluation Board'
2026-03-04 14:38:43,616 [INFO] DbBoardsSqlite:226 - include board STEVAL-IDP005V2 as a kit item of type 'Evaluation Board'
2026-03-04 14:38:43,730 [INFO] ApiDb:240 - Found 895 in-development CPN: [B-G473E-ZEST1S, B-WB1M-WPAN1, B-WBA5M-WPAN, B-WL5M-SUBG1, NUCLEO-C031C6, NUCLEO-C051C8, NUCLEO-C071RB, NUCLEO-C092RC, NUCLEO-H503RB, NUCLEO-H533RE, NUCLEO-H563ZI, NUCLEO-H7S3L8, NUCLEO-N657X0-Q, NUCLEO-U031R8, NUCLEO-U083RC, NUCLEO-U385RG-Q, NUCLEO-U545RE-Q, NUCLEO-U5A5ZJ-Q, NUCLEO-WB05KZ, NUCLEO-WB07CC, NUCLEO-WB09KE, NUCLEO-WBA52CG, NUCLEO-WBA55CG, NUCLEO-WBA65RI, NUCLEO-WL33CC1, NUCLEO-WL33CC2, STEVAL-PROTEUS1, STEVAL-SMARTAG2, STEVAL-STWINBX1, STM320518-EVAL, STM32C0116-DK, STM32C011D6Y3TR, STM32C011D6Y6TR, STM32C011F4P3, STM32C011F4P6, STM32C011F4U3, STM32C011F4U6TR, STM32C011F6P3, STM32C011F6P6, STM32C011F6U3, STM32C011F6U6TR, STM32C011J4M3, STM32C011J4M6, STM32C011J6M3, STM32C011J6M6, STM32C0316-DK, STM32C031C4T3, STM32C031C4T6, STM32C031C4U3, STM32C031C4U6, STM32C031C6T3, STM32C031C6T6, STM32C031C6U3, STM32C031C6U6, STM32C031F4P3, STM32C031F4P6, STM32C031F6P3, STM32C031F6P6, STM32C031G4U3, STM32C031G4U6, STM32C031G6U3, STM32C031G6U6, STM32C031K4T3, STM32C031K4T6, STM32C031K4U3, STM32C031K4U6, STM32C031K6T3, STM32C031K6T6, STM32C031K6U3, STM32C031K6U6, STM32C051C6T6, STM32C051C6U6, STM32C051C8T6, STM32C051C8U6, STM32C051D8Y6TR, STM32C051F6P6, STM32C051F8P6, STM32C051G6U6, STM32C051G8U6, STM32C051K6T6, STM32C051K6U6, STM32C051K8T6, STM32C071C8T6, STM32C071C8T6N, STM32C071C8U6, STM32C071C8U6N, STM32C071CBT6, STM32C071CBT6N, STM32C071CBU6, STM32C071CBU6N, STM32C071F8P6, STM32C071F8P6N, STM32C071FBP6, STM32C071FBP6N, STM32C071FBY6TR, STM32C071G8U6, STM32C071G8U6N, STM32C071GBU6, STM32C071GBU6N, STM32C071K8T6, STM32C071K8T6N, STM32C071K8U6, STM32C071K8U6N, STM32C071KBT6, STM32C071KBT6N, STM32C071KBU6, STM32C071KBU6N, STM32C071R8T6, STM32C071R8T6N, STM32C071RBI6N, STM32C071RBT6, STM32C071RBT6N, STM32C091CBT6, STM32C091CBU6, STM32C091CCT6, STM32C091CCU6, STM32C091ECY6TR, STM32C091FBP6, STM32C091FCP6, STM32C091GBU6, STM32C091GCU6, STM32C091KBT6, STM32C091KBU6, STM32C091KCT6, STM32C091KCU6, STM32C091RBT6, STM32C091RCI6, STM32C091RCT6, STM32C092CBT6, STM32C092CBU6, STM32C092CCT6, STM32C092CCU6, STM32C092ECY6TR, STM32C092FBP6, STM32C092FCP6, STM32C092GBU6, STM32C092GCU6, STM32C092KBT6, STM32C092KBU6, STM32C092KCT6, STM32C092KCU6, STM32C092RBT6, STM32C092RCI6, STM32C092RCT6, STM32G071K8TXN, STM32G071K8UXN, STM32G081GBU6N, STM32G081KBT6N, STM32G081KBUXN, STM32G0B1CCT6N, STM32G0B1KCT6, STM32G0B1NEY6TR, STM32G0B1RCT6N, STM32G0C1CCT6, STM32G0C1CCT6N, STM32G0C1CCU6N, STM32G0C1CET6N, STM32G0C1CEU6N, STM32G0C1KCT6, STM32G0C1NEY6TR, STM32G0C1RCI6N, STM32G0C1RCT6N, STM32G0C1REI6N, STM32G0C1RET6N, STM32G0C1VCI6, STM32G0C1VEI6, STM32G411C6T3, STM32G411C6T6, STM32G411C6U3, STM32G411C6U6, STM32G411C8T3, STM32G411C8T6, STM32G411C8U3, STM32G411C8U6, STM32G411CBT3, STM32G411CBT6, STM32G411CBU3, STM32G411CBU6, STM32G411CCT3, STM32G411CCT6, STM32G411CCU3, STM32G411CCU6, STM32G411K6T3, STM32G411K6T6, STM32G411K6U3, STM32G411K6U6, STM32G411K8T3, STM32G411K8T6, STM32G411K8U3, STM32G411K8U6, STM32G411KBT3, STM32G411KBT6, STM32G411KBU3, STM32G411KBU6, STM32G411M6T3, STM32G411M6T6, STM32G411M8T3, STM32G411M8T6, STM32G411MBT3, STM32G411MBT6, STM32G411MCT3, STM32G411MCT6, STM32G411R6T3, STM32G411R6T6, STM32G411R8T3, STM32G411R8T6, STM32G411RBT3, STM32G411RBT6, STM32G411RCT3, STM32G411RCT6, STM32G414CBT3, STM32G414CBT6, STM32G414CBU3, STM32G414CBU6, STM32G414CCT3, STM32G414CCT6, STM32G414CCU3, STM32G414CCU6, STM32G414MBT3, STM32G414MBT6, STM32G414MCT3, STM32G414MCT6, STM32G414RBT3, STM32G414RBT6, STM32G414RCT3, STM32G414RCT6, STM32G414VBT3, STM32G414VBT6, STM32G414VCT3, STM32G414VCT6, STM32G431CBT3Z, STM32G431RBT3Z, STM32G471CCT6, STM32G471CCU6, STM32G471CET3, STM32G471CET6, STM32G471CEU3, STM32G471CEU6, STM32G471MCT6, STM32G471MET3, STM32G471MET6, STM32G471MEY6TR, STM32G471QCT6, STM32G471QET3, STM32G471RCT6, STM32G471RET3, STM32G471RET6, STM32G471VCH6, STM32G471VCI6, STM32G471VCT6, STM32G471VEH3, STM32G471VEH6, STM32G471VEI3, STM32G471VEI6, STM32G471VET3, STM32G471VET6, STM32G473QET3Z, STM32G473RET3Z, STM32G474CCT6, STM32G491RET3Z, STM32H503CBT6, STM32H503CBU6, STM32H503EBY6TR, STM32H503KBU6, STM32H503RBT6, STM32H523CCT6, STM32H523CCU6, STM32H523CET6, STM32H523CEU6, STM32H523HEY6TR, STM32H523RCT6, STM32H523RET6, STM32H523VCI6, STM32H523VCT6, STM32H523VEI6, STM32H523VET6, STM32H523ZCJ6, STM32H523ZCT6, STM32H523ZEJ6, STM32H523ZET6, STM32H533CET6, STM32H533CEU6, STM32H533HEY6TR, STM32H533RET6, STM32H533VEI6, STM32H533VET6, STM32H533ZEJ6, STM32H533ZET6, STM32H562AGI6, STM32H562AII6, STM32H562IGK6, STM32H562IGT6, STM32H562IIK6, STM32H562IIT6, STM32H562RGT6, STM32H562RGV6, STM32H562RIT6, STM32H562RIV6, STM32H562VGT6, STM32H562VIT6, STM32H562ZGT6, STM32H562ZIT6, STM32H563AGI6, STM32H563AII3Q, STM32H563AII6, STM32H563IGK6, STM32H563IGT6, STM32H563IIK3Q, STM32H563IIK6, STM32H563IIT3Q, STM32H563IIT6, STM32H563MIY3QTR, STM32H563RGT6, STM32H563RGV6, STM32H563RIT6, STM32H563RIV6, STM32H563VGT6, STM32H563VIT3Q, STM32H563VIT6, STM32H563ZGT6, STM32H563ZIT3Q, STM32H563ZIT6, STM32H573AII3Q, STM32H573AII6, STM32H573I-DK, STM32H573IIK3Q, STM32H573IIK6, STM32H573IIT3Q, STM32H573IIT6, STM32H573MIY3QTR, STM32H573RIT6, STM32H573RIV6, STM32H573VIT3Q, STM32H573VIT6, STM32H573ZIT3Q, STM32H573ZIT6, STM32H7R3A8I6, STM32H7R3I8K6, STM32H7R3I8T6, STM32H7R3L8H6, STM32H7R3L8H6H, STM32H7R3R8V6, STM32H7R3V8H6, STM32H7R3V8T6, STM32H7R3V8Y6TR, STM32H7R3Z8J6, STM32H7R3Z8T6, STM32H7R7A8I6, STM32H7R7I8K6, STM32H7R7I8T6, STM32H7R7L8H6, STM32H7R7L8H6H, STM32H7R7Z8J6, STM32H7S3A8I6, STM32H7S3I8K6, STM32H7S3I8T6, STM32H7S3L8H6, STM32H7S3L8H6H, STM32H7S3R8V6, STM32H7S3V8H6, STM32H7S3V8T6, STM32H7S3V8Y6TR, STM32H7S3Z8J6, STM32H7S3Z8T6, STM32H7S78-DK, STM32H7S7A8I6, STM32H7S7I8K6, STM32H7S7I8T6, STM32H7S7L8H6, STM32H7S7L8H6H, STM32H7S7Z8J6, STM32L4R5QGI6STR, STM32MP131AAE3, STM32MP131AAF3, STM32MP131AAG3, STM32MP131CAE3, STM32MP131CAF3, STM32MP131CAG3, STM32MP131DAE7, STM32MP131DAF7, STM32MP131DAG7, STM32MP131FAE7, STM32MP131FAF7, STM32MP131FAG7, STM32MP133AAE3, STM32MP133AAF3, STM32MP133AAG3, STM32MP133CAE3, STM32MP133CAF3, STM32MP133CAG3, STM32MP133DAE7, STM32MP133DAF7, STM32MP133DAG7, STM32MP133FAE7, STM32MP133FAF7, STM32MP133FAG7, STM32MP135AAE3, STM32MP135AAF3, STM32MP135AAG3, STM32MP135CAE3, STM32MP135CAF3, STM32MP135CAG3, STM32MP135DAE7, STM32MP135DAF7, STM32MP135DAG7, STM32MP135F-DK, STM32MP135FAE7, STM32MP135FAF7, STM32MP135FAF7T, STM32MP135FAF7U, STM32MP135FAG7, STM32MP231AAJ3, STM32MP231AAK3, STM32MP231AAL3, STM32MP231CAJ3, STM32MP231CAK3, STM32MP231CAL3, STM32MP231DAJ3, STM32MP231DAK3, STM32MP231DAL3, STM32MP231FAJ3, STM32MP231FAK3, STM32MP231FAL3, STM32MP233AAJ3, STM32MP233AAK3, STM32MP233AAL3, STM32MP233CAJ3, STM32MP233CAK3, STM32MP233CAL3, STM32MP233DAJ3, STM32MP233DAK3, STM32MP233DAL3, STM32MP233FAJ3, STM32MP233FAK3, STM32MP233FAL3, STM32MP235AAJ3, STM32MP235AAK3, STM32MP235AAL3, STM32MP235CAJ3, STM32MP235CAK3, STM32MP235CAL3, STM32MP235DAJ3, STM32MP235DAK3, STM32MP235DAL3, STM32MP235FAJ3, STM32MP235FAK3, STM32MP235FAL3, STM32MP251AAI3, STM32MP251AAJ3, STM32MP251AAK3, STM32MP251AAL3, STM32MP251CAI3, STM32MP251CAJ3, STM32MP251CAK3, STM32MP251CAL3, STM32MP251DAI3, STM32MP251DAJ3, STM32MP251DAK3, STM32MP251DAL3, STM32MP251FAI3, STM32MP251FAJ3, STM32MP251FAK3, STM32MP251FAL3, STM32MP253AAI3, STM32MP253AAJ3, STM32MP253AAK3, STM32MP253AAL3, STM32MP253CAI3, STM32MP253CAJ3, STM32MP253CAK3, STM32MP253CAL3, STM32MP253DAI3, STM32MP253DAJ3, STM32MP253DAK3, STM32MP253DAL3, STM32MP253FAI3, STM32MP253FAJ3, STM32MP253FAK3, STM32MP253FAL3, STM32MP255AAI3, STM32MP255AAJ3, STM32MP255AAK3, STM32MP255AAL3, STM32MP255CAI3, STM32MP255CAJ3, STM32MP255CAK3, STM32MP255CAL3, STM32MP255DAI3, STM32MP255DAJ3, STM32MP255DAK3, STM32MP255DAL3, STM32MP255FAI3, STM32MP255FAJ3, STM32MP255FAK3, STM32MP255FAL3, STM32MP257AAI3, STM32MP257AAJ3, STM32MP257AAK3, STM32MP257AAL3, STM32MP257CAI3, STM32MP257CAJ3, STM32MP257CAK3, STM32MP257CAL3, STM32MP257DAI3, STM32MP257DAJ3, STM32MP257DAK3, STM32MP257DAL3, STM32MP257F-DK, STM32MP257F-EV1, STM32MP257FAI3, STM32MP257FAJ3, STM32MP257FAK3, STM32MP257FAL3, STM32N645A0H3Q, STM32N645B0H3Q, STM32N645I0H3Q, STM32N645L0H3Q, STM32N645X0H3Q, STM32N645Z0H3Q, STM32N647A0H3Q, STM32N647B0H3Q, STM32N647I0H3Q, STM32N647L0H3Q, STM32N647X0H3Q, STM32N647Z0H3Q, STM32N655A0H3Q, STM32N655B0H3Q, STM32N655I0H3Q, STM32N655L0H3Q, STM32N655X0H3Q, STM32N655Z0H3Q, STM32N6570-DK, STM32N657A0H3Q, STM32N657B0H3Q, STM32N657I0H3Q, STM32N657L0H3Q, STM32N657X0H3Q, STM32N657Z0H3Q, STM32U031C6T6, STM32U031C6U6, STM32U031C8T6, STM32U031C8U6, STM32U031F4P6, STM32U031F6P6, STM32U031F8P6, STM32U031G6Y6TR, STM32U031G8Y6TR, STM32U031K4U6, STM32U031K6U6, STM32U031K8U6, STM32U031R6I6, STM32U031R6T6, STM32U031R8I6, STM32U031R8T6, STM32U073C8T6, STM32U073C8U6, STM32U073CBT6, STM32U073CBU6, STM32U073CCT6, STM32U073CCU6, STM32U073H8Y6TR, STM32U073HBY6TR, STM32U073HCY6TR, STM32U073K8U6, STM32U073KBU6, STM32U073KCU6, STM32U073M8I6, STM32U073M8T6, STM32U073MBI6, STM32U073MBT6, STM32U073MCI6, STM32U073MCT6, STM32U073R8I6, STM32U073R8T6, STM32U073RBI6, STM32U073RBT6, STM32U073RCI6, STM32U073RCT6, STM32U083C-DK, STM32U083CCT6, STM32U083CCU6, STM32U083HCY6TR, STM32U083KCU6, STM32U083MCI6, STM32U083MCT6, STM32U083RCI6, STM32U083RCT6, STM32U375CET6, STM32U375CET6Q, STM32U375CEU6, STM32U375CEU6Q, STM32U375CEY6QTR, STM32U375CGT6, STM32U375CGT6Q, STM32U375CGU6, STM32U375CGU6Q, STM32U375CGY6QTR, STM32U375KEU6, STM32U375KGU6, STM32U375REI6, STM32U375REI6Q, STM32U375RET6, STM32U375RET6Q, STM32U375REY6GTR, STM32U375REY6QTR, STM32U375RGI6, STM32U375RGI6Q, STM32U375RGT6, STM32U375RGT6Q, STM32U375RGY6GTR, STM32U375RGY6QTR, STM32U375VEI6, STM32U375VEI6Q, STM32U375VET6, STM32U375VET6Q, STM32U375VGI6, STM32U375VGI6Q, STM32U375VGT6, STM32U375VGT6Q, STM32U385CGT6, STM32U385CGT6Q, STM32U385CGU6, STM32U385CGU6Q, STM32U385CGY6QTR, STM32U385KGU6, STM32U385RGI6, STM32U385RGI6Q, STM32U385RGT6, STM32U385RGT6Q, STM32U385RGY6GTR, STM32U385RGY6QTR, STM32U385VGI6, STM32U385VGI6Q, STM32U385VGT6, STM32U385VGT6Q, STM32U535CBT6, STM32U535CBT6Q, STM32U535CBU6, STM32U535CBU6Q, STM32U535CCT6, STM32U535CCT6Q, STM32U535CCU6, STM32U535CCU6Q, STM32U535CET6, STM32U535CET6Q, STM32U535CEU6, STM32U535CEU6Q, STM32U535JEY6QTR, STM32U535NCY6QTR, STM32U535NEY6QTR, STM32U535RBI6, STM32U535RBI6Q, STM32U535RBT6, STM32U535RBT6Q, STM32U535RCI6, STM32U535RCI6Q, STM32U535RCT6, STM32U535RCT6Q, STM32U535REI6, STM32U535REI6Q, STM32U535RET6, STM32U535RET6Q, STM32U535VCI6, STM32U535VCI6Q, STM32U535VCT6, STM32U535VCT6Q, STM32U535VEI6, STM32U535VEI6Q, STM32U535VET6, STM32U535VET6Q, STM32U545CET6, STM32U545CET6Q, STM32U545CEU6, STM32U545CEU6Q, STM32U545JEY6QTR, STM32U545NEY6QTR, STM32U545REI6, STM32U545REI6Q, STM32U545RET6, STM32U545RET6Q, STM32U545VEI6, STM32U545VEI6Q, STM32U545VET6, STM32U545VET6Q, STM32U595AIH6, STM32U595AIH6Q, STM32U595AJH6, STM32U595AJH6Q, STM32U595QII6, STM32U595QII6Q, STM32U595QJI6, STM32U595QJI6Q, STM32U595RIT6, STM32U595RIT6Q, STM32U595RJT6, STM32U595RJT6Q, STM32U595VIT6, STM32U595VIT6Q, STM32U595VJT6, STM32U595VJT6Q, STM32U595ZIT6, STM32U595ZIT6Q, STM32U595ZIY6QTR, STM32U595ZJT6, STM32U595ZJT6Q, STM32U595ZJY6QTR, STM32U599BJY6QTR, STM32U599NIH6Q, STM32U599NJH6Q, STM32U599VIT6Q, STM32U599VJT6, STM32U599VJT6Q, STM32U599ZIT6Q, STM32U599ZIY6QTR, STM32U599ZJT6Q, STM32U599ZJY6QTR, STM32U5A5AJH6, STM32U5A5AJH6Q, STM32U5A5QII3Q , STM32U5A5QJI6, STM32U5A5QJI6Q, STM32U5A5RJT6, STM32U5A5RJT6Q, STM32U5A5VJT6, STM32U5A5VJT6Q, STM32U5A5ZJT6, STM32U5A5ZJT6Q, STM32U5A5ZJY6QTR, STM32U5A9BJY6QTR, STM32U5A9J-DK, STM32U5A9NJH6Q, STM32U5A9VJT6Q, STM32U5A9ZJT6Q, STM32U5A9ZJY6QTR, STM32U5F7VIT6, STM32U5F7VIT6Q, STM32U5F7VJT6, STM32U5F7VJT6Q, STM32U5F9BJY6QTR, STM32U5F9NJH6Q, STM32U5F9VIT6Q, STM32U5F9VJT6Q, STM32U5F9ZIJ6QTR, STM32U5F9ZIT6Q, STM32U5F9ZJJ6QTR, STM32U5F9ZJT6Q, STM32U5G7VJT6, STM32U5G7VJT6Q, STM32U5G9BJY6QTR, STM32U5G9J-DK1, STM32U5G9J-DK2, STM32U5G9NJH6Q, STM32U5G9VJT6Q, STM32U5G9ZJJ6QTR, STM32U5G9ZJT6Q, STM32WB05KZV6TR, STM32WB05KZV7TR, STM32WB05TZF6TR, STM32WB05TZF7TR, STM32WB06CCF6TR, STM32WB06CCF7TR, STM32WB06CCV6TR, STM32WB06CCV7TR, STM32WB06KCV6TR, STM32WB06KCV7TR, STM32WB07CCF6TR, STM32WB07CCF7TR, STM32WB07CCV6TR, STM32WB07CCV7TR, STM32WB07KCV6TR, STM32WB07KCV7TR, STM32WB09KEV6TR, STM32WB09KEV7TR, STM32WB09TEF6TR, STM32WB09TEF7TR, STM32WB1MMCH6, STM32WBA50KGU6, STM32WBA50KGU6TR, STM32WBA52CEU6, STM32WBA52CEU6TR, STM32WBA52CEU7, STM32WBA52CEU7TR, STM32WBA52CGU6, STM32WBA52CGU6TR, STM32WBA52CGU6U, STM32WBA52CGU7, STM32WBA52CGU7TR, STM32WBA52KEU6, STM32WBA52KEU6TR, STM32WBA52KGU6, STM32WBA52KGU6TR, STM32WBA54CEU6, STM32WBA54CEU6TR, STM32WBA54CEU7, STM32WBA54CEU7TR, STM32WBA54CGU6, STM32WBA54CGU6TR, STM32WBA54CGU7, STM32WBA54CGU7TR, STM32WBA54KEU6, STM32WBA54KEU6TR, STM32WBA54KEU7, STM32WBA54KEU7TR, STM32WBA54KGU6, STM32WBA54KGU6TR, STM32WBA54KGU7, STM32WBA54KGU7TR, STM32WBA55CEU6, STM32WBA55CEU6TR, STM32WBA55CEU7, STM32WBA55CEU7TR, STM32WBA55CGU6, STM32WBA55CGU6TR, STM32WBA55CGU6U, STM32WBA55CGU7, STM32WBA55CGU7TR, STM32WBA55G-DK1, STM32WBA55HEF6, STM32WBA55HEF7, STM32WBA55HGF6, STM32WBA55HGF7, STM32WBA55UEI6, STM32WBA55UEI6TR, STM32WBA55UEI7, STM32WBA55UEI7TR, STM32WBA55UGI6, STM32WBA55UGI6TR, STM32WBA55UGI7, STM32WBA55UGI7TR, STM32WBA5MJGH6TR, STM32WBA62CGU6, STM32WBA62CIU6, STM32WBA62MGF6, STM32WBA62MIF6, STM32WBA62PGI6, STM32WBA62PII6, STM32WBA63CGU6, STM32WBA63CGU7, STM32WBA63CIU6, STM32WBA63CIU7, STM32WBA64CGU6, STM32WBA64CGU7, STM32WBA64CIU6, STM32WBA64CIU7, STM32WBA65CGU6, STM32WBA65CGU7, STM32WBA65CIU6, STM32WBA65CIU7, STM32WBA65I-DK1, STM32WBA65MGF6, STM32WBA65MGF7, STM32WBA65MIF6, STM32WBA65MIF7, STM32WBA65PGI6, STM32WBA65PGI7, STM32WBA65PII6, STM32WBA65PII7, STM32WBA65RGV6, STM32WBA65RGV7, STM32WBA65RIV6, STM32WBA65RIV7, STM32WL30K8V6, STM32WL30KBV6, STM32WL31C8V6, STM32WL31CBV6, STM32WL31K8V6, STM32WL31KBV6, STM32WL33C8V6, STM32WL33C8V6TR, STM32WL33C8V7, STM32WL33C8V7TR, STM32WL33CBV6, STM32WL33CBV6TR, STM32WL33CBV7, STM32WL33CBV7TR, STM32WL33CCV6, STM32WL33CCV6TR, STM32WL33CCV7, STM32WL33CCV7A, STM32WL33CCV7ATR, STM32WL33CCV7TR, STM32WL33K8V6, STM32WL33K8V6TR, STM32WL33K8V7, STM32WL33K8V7TR, STM32WL33KBV6, STM32WL33KBV6TR, STM32WL33KBV7, STM32WL33KBV7TR, STM32WL33KCV6, STM32WL33KCV6TR, STM32WL33KCV7, STM32WL33KCV7TR, STM32WL5MOCH6, STM32WL5MOCH6TR]
2026-03-04 14:38:43,736 [INFO] ApiDb:668 - CubeFinder database Data Model version=2.1
2026-03-04 14:38:43,736 [INFO] ApiDb:669 - CubeFinder database Configuration version=3.0.42
2026-03-04 14:38:43,736 [INFO] ApiDb:670 - CubeFinder database generation date=2026-02-13 (1770995876)
2026-03-04 14:38:43,736 [INFO] ApiDb:671 - CubeFinder database FW Pack versions=[FP-ATR-ASTRA1_V2.0.0, FP-SNS-FLIGHT1_V5.1.0, FP-SNS-MOTENV1_V5.1.0, FP-SNS-MOTENVWB1_V1.4.0, FP-SNS-SMARTAG2_V1.2.0, FP-SNS-STBOX1_V2.1.0, STM32Cube_FW_C0_V1.4.0, STM32Cube_FW_F4_V1.28.3, STM32Cube_FW_F7_V1.17.4, STM32Cube_FW_G0_V1.6.2, STM32Cube_FW_G4_V1.6.1, STM32Cube_FW_H5_V1.6.0, STM32Cube_FW_H7RS_V1.3.0, STM32Cube_FW_H7_V1.13.0, STM32Cube_FW_L0_V1.12.2, STM32Cube_FW_L4_V1.18.2, STM32Cube_FW_L5_V1.6.0, STM32Cube_FW_N6_V1.3.0, STM32Cube_FW_U0_V1.3.0, STM32Cube_FW_U3_V1.3.0, STM32Cube_FW_U5_V1.8.0, STM32Cube_FW_WB0_V1.4.0, STM32Cube_FW_WBA_V1.9.0, STM32Cube_FW_WB_V1.24.0, STM32Cube_FW_WL3_V1.4.0, STM32Cube_FW_WL_V1.5.0, X-CUBE-ALGOBUILD_V1.4.0, X-CUBE-ALS_V1.0.2, X-CUBE-AZRTOS-F4_V1.1.0, X-CUBE-AZRTOS-F7_V1.1.0, X-CUBE-AZRTOS-G0_V1.1.0, X-CUBE-AZRTOS-G4_V2.0.0, X-CUBE-AZRTOS-H7RS_V1.1.0, X-CUBE-AZRTOS-H7_V3.4.0, X-CUBE-AZRTOS-L4_V2.0.0, X-CUBE-AZRTOS-L5_V2.0.0, X-CUBE-AZRTOS-WB_V2.0.0, X-CUBE-AZRTOS-WL_V2.0.0, X-CUBE-BLE1_V7.1.0, X-CUBE-BLE2_V3.3.0, X-CUBE-BLEMGR_V4.1.0, X-CUBE-EEPRMA1_V5.2.0, X-CUBE-FREERTOS_V1.3.1, X-CUBE-GNSS1_V6.0.0, X-CUBE-MEMS1_V12.0.0, X-CUBE-NFC4_V3.0.0, X-CUBE-NFC7_V2.0.0, X-CUBE-SFXS2LP1_V4.0.0, X-CUBE-ST67W61_V1.1.0, X-CUBE-SUBG2_V5.0.0, X-CUBE-TOF1_V3.4.3]
2026-03-04 14:38:47,498 [INFO] ApiDb:240 - Found 895 in-development CPN: [B-G473E-ZEST1S, B-WB1M-WPAN1, B-WBA5M-WPAN, B-WL5M-SUBG1, NUCLEO-C031C6, NUCLEO-C051C8, NUCLEO-C071RB, NUCLEO-C092RC, NUCLEO-H503RB, NUCLEO-H533RE, NUCLEO-H563ZI, NUCLEO-H7S3L8, NUCLEO-N657X0-Q, NUCLEO-U031R8, NUCLEO-U083RC, NUCLEO-U385RG-Q, NUCLEO-U545RE-Q, NUCLEO-U5A5ZJ-Q, NUCLEO-WB05KZ, NUCLEO-WB07CC, NUCLEO-WB09KE, NUCLEO-WBA52CG, NUCLEO-WBA55CG, NUCLEO-WBA65RI, NUCLEO-WL33CC1, NUCLEO-WL33CC2, STEVAL-PROTEUS1, STEVAL-SMARTAG2, STEVAL-STWINBX1, STM320518-EVAL, STM32C0116-DK, STM32C011D6Y3TR, STM32C011D6Y6TR, STM32C011F4P3, STM32C011F4P6, STM32C011F4U3, STM32C011F4U6TR, STM32C011F6P3, STM32C011F6P6, STM32C011F6U3, STM32C011F6U6TR, STM32C011J4M3, STM32C011J4M6, STM32C011J6M3, STM32C011J6M6, STM32C0316-DK, STM32C031C4T3, STM32C031C4T6, STM32C031C4U3, STM32C031C4U6, STM32C031C6T3, STM32C031C6T6, STM32C031C6U3, STM32C031C6U6, STM32C031F4P3, STM32C031F4P6, STM32C031F6P3, STM32C031F6P6, STM32C031G4U3, STM32C031G4U6, STM32C031G6U3, STM32C031G6U6, STM32C031K4T3, STM32C031K4T6, STM32C031K4U3, STM32C031K4U6, STM32C031K6T3, STM32C031K6T6, STM32C031K6U3, STM32C031K6U6, STM32C051C6T6, STM32C051C6U6, STM32C051C8T6, STM32C051C8U6, STM32C051D8Y6TR, STM32C051F6P6, STM32C051F8P6, STM32C051G6U6, STM32C051G8U6, STM32C051K6T6, STM32C051K6U6, STM32C051K8T6, STM32C071C8T6, STM32C071C8T6N, STM32C071C8U6, STM32C071C8U6N, STM32C071CBT6, STM32C071CBT6N, STM32C071CBU6, STM32C071CBU6N, STM32C071F8P6, STM32C071F8P6N, STM32C071FBP6, STM32C071FBP6N, STM32C071FBY6TR, STM32C071G8U6, STM32C071G8U6N, STM32C071GBU6, STM32C071GBU6N, STM32C071K8T6, STM32C071K8T6N, STM32C071K8U6, STM32C071K8U6N, STM32C071KBT6, STM32C071KBT6N, STM32C071KBU6, STM32C071KBU6N, STM32C071R8T6, STM32C071R8T6N, STM32C071RBI6N, STM32C071RBT6, STM32C071RBT6N, STM32C091CBT6, STM32C091CBU6, STM32C091CCT6, STM32C091CCU6, STM32C091ECY6TR, STM32C091FBP6, STM32C091FCP6, STM32C091GBU6, STM32C091GCU6, STM32C091KBT6, STM32C091KBU6, STM32C091KCT6, STM32C091KCU6, STM32C091RBT6, STM32C091RCI6, STM32C091RCT6, STM32C092CBT6, STM32C092CBU6, STM32C092CCT6, STM32C092CCU6, STM32C092ECY6TR, STM32C092FBP6, STM32C092FCP6, STM32C092GBU6, STM32C092GCU6, STM32C092KBT6, STM32C092KBU6, STM32C092KCT6, STM32C092KCU6, STM32C092RBT6, STM32C092RCI6, STM32C092RCT6, STM32G071K8TXN, STM32G071K8UXN, STM32G081GBU6N, STM32G081KBT6N, STM32G081KBUXN, STM32G0B1CCT6N, STM32G0B1KCT6, STM32G0B1NEY6TR, STM32G0B1RCT6N, STM32G0C1CCT6, STM32G0C1CCT6N, STM32G0C1CCU6N, STM32G0C1CET6N, STM32G0C1CEU6N, STM32G0C1KCT6, STM32G0C1NEY6TR, STM32G0C1RCI6N, STM32G0C1RCT6N, STM32G0C1REI6N, STM32G0C1RET6N, STM32G0C1VCI6, STM32G0C1VEI6, STM32G411C6T3, STM32G411C6T6, STM32G411C6U3, STM32G411C6U6, STM32G411C8T3, STM32G411C8T6, STM32G411C8U3, STM32G411C8U6, STM32G411CBT3, STM32G411CBT6, STM32G411CBU3, STM32G411CBU6, STM32G411CCT3, STM32G411CCT6, STM32G411CCU3, STM32G411CCU6, STM32G411K6T3, STM32G411K6T6, STM32G411K6U3, STM32G411K6U6, STM32G411K8T3, STM32G411K8T6, STM32G411K8U3, STM32G411K8U6, STM32G411KBT3, STM32G411KBT6, STM32G411KBU3, STM32G411KBU6, STM32G411M6T3, STM32G411M6T6, STM32G411M8T3, STM32G411M8T6, STM32G411MBT3, STM32G411MBT6, STM32G411MCT3, STM32G411MCT6, STM32G411R6T3, STM32G411R6T6, STM32G411R8T3, STM32G411R8T6, STM32G411RBT3, STM32G411RBT6, STM32G411RCT3, STM32G411RCT6, STM32G414CBT3, STM32G414CBT6, STM32G414CBU3, STM32G414CBU6, STM32G414CCT3, STM32G414CCT6, STM32G414CCU3, STM32G414CCU6, STM32G414MBT3, STM32G414MBT6, STM32G414MCT3, STM32G414MCT6, STM32G414RBT3, STM32G414RBT6, STM32G414RCT3, STM32G414RCT6, STM32G414VBT3, STM32G414VBT6, STM32G414VCT3, STM32G414VCT6, STM32G431CBT3Z, STM32G431RBT3Z, STM32G471CCT6, STM32G471CCU6, STM32G471CET3, STM32G471CET6, STM32G471CEU3, STM32G471CEU6, STM32G471MCT6, STM32G471MET3, STM32G471MET6, STM32G471MEY6TR, STM32G471QCT6, STM32G471QET3, STM32G471RCT6, STM32G471RET3, STM32G471RET6, STM32G471VCH6, STM32G471VCI6, STM32G471VCT6, STM32G471VEH3, STM32G471VEH6, STM32G471VEI3, STM32G471VEI6, STM32G471VET3, STM32G471VET6, STM32G473QET3Z, STM32G473RET3Z, STM32G474CCT6, STM32G491RET3Z, STM32H503CBT6, STM32H503CBU6, STM32H503EBY6TR, STM32H503KBU6, STM32H503RBT6, STM32H523CCT6, STM32H523CCU6, STM32H523CET6, STM32H523CEU6, STM32H523HEY6TR, STM32H523RCT6, STM32H523RET6, STM32H523VCI6, STM32H523VCT6, STM32H523VEI6, STM32H523VET6, STM32H523ZCJ6, STM32H523ZCT6, STM32H523ZEJ6, STM32H523ZET6, STM32H533CET6, STM32H533CEU6, STM32H533HEY6TR, STM32H533RET6, STM32H533VEI6, STM32H533VET6, STM32H533ZEJ6, STM32H533ZET6, STM32H562AGI6, STM32H562AII6, STM32H562IGK6, STM32H562IGT6, STM32H562IIK6, STM32H562IIT6, STM32H562RGT6, STM32H562RGV6, STM32H562RIT6, STM32H562RIV6, STM32H562VGT6, STM32H562VIT6, STM32H562ZGT6, STM32H562ZIT6, STM32H563AGI6, STM32H563AII3Q, STM32H563AII6, STM32H563IGK6, STM32H563IGT6, STM32H563IIK3Q, STM32H563IIK6, STM32H563IIT3Q, STM32H563IIT6, STM32H563MIY3QTR, STM32H563RGT6, STM32H563RGV6, STM32H563RIT6, STM32H563RIV6, STM32H563VGT6, STM32H563VIT3Q, STM32H563VIT6, STM32H563ZGT6, STM32H563ZIT3Q, STM32H563ZIT6, STM32H573AII3Q, STM32H573AII6, STM32H573I-DK, STM32H573IIK3Q, STM32H573IIK6, STM32H573IIT3Q, STM32H573IIT6, STM32H573MIY3QTR, STM32H573RIT6, STM32H573RIV6, STM32H573VIT3Q, STM32H573VIT6, STM32H573ZIT3Q, STM32H573ZIT6, STM32H7R3A8I6, STM32H7R3I8K6, STM32H7R3I8T6, STM32H7R3L8H6, STM32H7R3L8H6H, STM32H7R3R8V6, STM32H7R3V8H6, STM32H7R3V8T6, STM32H7R3V8Y6TR, STM32H7R3Z8J6, STM32H7R3Z8T6, STM32H7R7A8I6, STM32H7R7I8K6, STM32H7R7I8T6, STM32H7R7L8H6, STM32H7R7L8H6H, STM32H7R7Z8J6, STM32H7S3A8I6, STM32H7S3I8K6, STM32H7S3I8T6, STM32H7S3L8H6, STM32H7S3L8H6H, STM32H7S3R8V6, STM32H7S3V8H6, STM32H7S3V8T6, STM32H7S3V8Y6TR, STM32H7S3Z8J6, STM32H7S3Z8T6, STM32H7S78-DK, STM32H7S7A8I6, STM32H7S7I8K6, STM32H7S7I8T6, STM32H7S7L8H6, STM32H7S7L8H6H, STM32H7S7Z8J6, STM32L4R5QGI6STR, STM32MP131AAE3, STM32MP131AAF3, STM32MP131AAG3, STM32MP131CAE3, STM32MP131CAF3, STM32MP131CAG3, STM32MP131DAE7, STM32MP131DAF7, STM32MP131DAG7, STM32MP131FAE7, STM32MP131FAF7, STM32MP131FAG7, STM32MP133AAE3, STM32MP133AAF3, STM32MP133AAG3, STM32MP133CAE3, STM32MP133CAF3, STM32MP133CAG3, STM32MP133DAE7, STM32MP133DAF7, STM32MP133DAG7, STM32MP133FAE7, STM32MP133FAF7, STM32MP133FAG7, STM32MP135AAE3, STM32MP135AAF3, STM32MP135AAG3, STM32MP135CAE3, STM32MP135CAF3, STM32MP135CAG3, STM32MP135DAE7, STM32MP135DAF7, STM32MP135DAG7, STM32MP135F-DK, STM32MP135FAE7, STM32MP135FAF7, STM32MP135FAF7T, STM32MP135FAF7U, STM32MP135FAG7, STM32MP231AAJ3, STM32MP231AAK3, STM32MP231AAL3, STM32MP231CAJ3, STM32MP231CAK3, STM32MP231CAL3, STM32MP231DAJ3, STM32MP231DAK3, STM32MP231DAL3, STM32MP231FAJ3, STM32MP231FAK3, STM32MP231FAL3, STM32MP233AAJ3, STM32MP233AAK3, STM32MP233AAL3, STM32MP233CAJ3, STM32MP233CAK3, STM32MP233CAL3, STM32MP233DAJ3, STM32MP233DAK3, STM32MP233DAL3, STM32MP233FAJ3, STM32MP233FAK3, STM32MP233FAL3, STM32MP235AAJ3, STM32MP235AAK3, STM32MP235AAL3, STM32MP235CAJ3, STM32MP235CAK3, STM32MP235CAL3, STM32MP235DAJ3, STM32MP235DAK3, STM32MP235DAL3, STM32MP235FAJ3, STM32MP235FAK3, STM32MP235FAL3, STM32MP251AAI3, STM32MP251AAJ3, STM32MP251AAK3, STM32MP251AAL3, STM32MP251CAI3, STM32MP251CAJ3, STM32MP251CAK3, STM32MP251CAL3, STM32MP251DAI3, STM32MP251DAJ3, STM32MP251DAK3, STM32MP251DAL3, STM32MP251FAI3, STM32MP251FAJ3, STM32MP251FAK3, STM32MP251FAL3, STM32MP253AAI3, STM32MP253AAJ3, STM32MP253AAK3, STM32MP253AAL3, STM32MP253CAI3, STM32MP253CAJ3, STM32MP253CAK3, STM32MP253CAL3, STM32MP253DAI3, STM32MP253DAJ3, STM32MP253DAK3, STM32MP253DAL3, STM32MP253FAI3, STM32MP253FAJ3, STM32MP253FAK3, STM32MP253FAL3, STM32MP255AAI3, STM32MP255AAJ3, STM32MP255AAK3, STM32MP255AAL3, STM32MP255CAI3, STM32MP255CAJ3, STM32MP255CAK3, STM32MP255CAL3, STM32MP255DAI3, STM32MP255DAJ3, STM32MP255DAK3, STM32MP255DAL3, STM32MP255FAI3, STM32MP255FAJ3, STM32MP255FAK3, STM32MP255FAL3, STM32MP257AAI3, STM32MP257AAJ3, STM32MP257AAK3, STM32MP257AAL3, STM32MP257CAI3, STM32MP257CAJ3, STM32MP257CAK3, STM32MP257CAL3, STM32MP257DAI3, STM32MP257DAJ3, STM32MP257DAK3, STM32MP257DAL3, STM32MP257F-DK, STM32MP257F-EV1, STM32MP257FAI3, STM32MP257FAJ3, STM32MP257FAK3, STM32MP257FAL3, STM32N645A0H3Q, STM32N645B0H3Q, STM32N645I0H3Q, STM32N645L0H3Q, STM32N645X0H3Q, STM32N645Z0H3Q, STM32N647A0H3Q, STM32N647B0H3Q, STM32N647I0H3Q, STM32N647L0H3Q, STM32N647X0H3Q, STM32N647Z0H3Q, STM32N655A0H3Q, STM32N655B0H3Q, STM32N655I0H3Q, STM32N655L0H3Q, STM32N655X0H3Q, STM32N655Z0H3Q, STM32N6570-DK, STM32N657A0H3Q, STM32N657B0H3Q, STM32N657I0H3Q, STM32N657L0H3Q, STM32N657X0H3Q, STM32N657Z0H3Q, STM32U031C6T6, STM32U031C6U6, STM32U031C8T6, STM32U031C8U6, STM32U031F4P6, STM32U031F6P6, STM32U031F8P6, STM32U031G6Y6TR, STM32U031G8Y6TR, STM32U031K4U6, STM32U031K6U6, STM32U031K8U6, STM32U031R6I6, STM32U031R6T6, STM32U031R8I6, STM32U031R8T6, STM32U073C8T6, STM32U073C8U6, STM32U073CBT6, STM32U073CBU6, STM32U073CCT6, STM32U073CCU6, STM32U073H8Y6TR, STM32U073HBY6TR, STM32U073HCY6TR, STM32U073K8U6, STM32U073KBU6, STM32U073KCU6, STM32U073M8I6, STM32U073M8T6, STM32U073MBI6, STM32U073MBT6, STM32U073MCI6, STM32U073MCT6, STM32U073R8I6, STM32U073R8T6, STM32U073RBI6, STM32U073RBT6, STM32U073RCI6, STM32U073RCT6, STM32U083C-DK, STM32U083CCT6, STM32U083CCU6, STM32U083HCY6TR, STM32U083KCU6, STM32U083MCI6, STM32U083MCT6, STM32U083RCI6, STM32U083RCT6, STM32U375CET6, STM32U375CET6Q, STM32U375CEU6, STM32U375CEU6Q, STM32U375CEY6QTR, STM32U375CGT6, STM32U375CGT6Q, STM32U375CGU6, STM32U375CGU6Q, STM32U375CGY6QTR, STM32U375KEU6, STM32U375KGU6, STM32U375REI6, STM32U375REI6Q, STM32U375RET6, STM32U375RET6Q, STM32U375REY6GTR, STM32U375REY6QTR, STM32U375RGI6, STM32U375RGI6Q, STM32U375RGT6, STM32U375RGT6Q, STM32U375RGY6GTR, STM32U375RGY6QTR, STM32U375VEI6, STM32U375VEI6Q, STM32U375VET6, STM32U375VET6Q, STM32U375VGI6, STM32U375VGI6Q, STM32U375VGT6, STM32U375VGT6Q, STM32U385CGT6, STM32U385CGT6Q, STM32U385CGU6, STM32U385CGU6Q, STM32U385CGY6QTR, STM32U385KGU6, STM32U385RGI6, STM32U385RGI6Q, STM32U385RGT6, STM32U385RGT6Q, STM32U385RGY6GTR, STM32U385RGY6QTR, STM32U385VGI6, STM32U385VGI6Q, STM32U385VGT6, STM32U385VGT6Q, STM32U535CBT6, STM32U535CBT6Q, STM32U535CBU6, STM32U535CBU6Q, STM32U535CCT6, STM32U535CCT6Q, STM32U535CCU6, STM32U535CCU6Q, STM32U535CET6, STM32U535CET6Q, STM32U535CEU6, STM32U535CEU6Q, STM32U535JEY6QTR, STM32U535NCY6QTR, STM32U535NEY6QTR, STM32U535RBI6, STM32U535RBI6Q, STM32U535RBT6, STM32U535RBT6Q, STM32U535RCI6, STM32U535RCI6Q, STM32U535RCT6, STM32U535RCT6Q, STM32U535REI6, STM32U535REI6Q, STM32U535RET6, STM32U535RET6Q, STM32U535VCI6, STM32U535VCI6Q, STM32U535VCT6, STM32U535VCT6Q, STM32U535VEI6, STM32U535VEI6Q, STM32U535VET6, STM32U535VET6Q, STM32U545CET6, STM32U545CET6Q, STM32U545CEU6, STM32U545CEU6Q, STM32U545JEY6QTR, STM32U545NEY6QTR, STM32U545REI6, STM32U545REI6Q, STM32U545RET6, STM32U545RET6Q, STM32U545VEI6, STM32U545VEI6Q, STM32U545VET6, STM32U545VET6Q, STM32U595AIH6, STM32U595AIH6Q, STM32U595AJH6, STM32U595AJH6Q, STM32U595QII6, STM32U595QII6Q, STM32U595QJI6, STM32U595QJI6Q, STM32U595RIT6, STM32U595RIT6Q, STM32U595RJT6, STM32U595RJT6Q, STM32U595VIT6, STM32U595VIT6Q, STM32U595VJT6, STM32U595VJT6Q, STM32U595ZIT6, STM32U595ZIT6Q, STM32U595ZIY6QTR, STM32U595ZJT6, STM32U595ZJT6Q, STM32U595ZJY6QTR, STM32U599BJY6QTR, STM32U599NIH6Q, STM32U599NJH6Q, STM32U599VIT6Q, STM32U599VJT6, STM32U599VJT6Q, STM32U599ZIT6Q, STM32U599ZIY6QTR, STM32U599ZJT6Q, STM32U599ZJY6QTR, STM32U5A5AJH6, STM32U5A5AJH6Q, STM32U5A5QII3Q , STM32U5A5QJI6, STM32U5A5QJI6Q, STM32U5A5RJT6, STM32U5A5RJT6Q, STM32U5A5VJT6, STM32U5A5VJT6Q, STM32U5A5ZJT6, STM32U5A5ZJT6Q, STM32U5A5ZJY6QTR, STM32U5A9BJY6QTR, STM32U5A9J-DK, STM32U5A9NJH6Q, STM32U5A9VJT6Q, STM32U5A9ZJT6Q, STM32U5A9ZJY6QTR, STM32U5F7VIT6, STM32U5F7VIT6Q, STM32U5F7VJT6, STM32U5F7VJT6Q, STM32U5F9BJY6QTR, STM32U5F9NJH6Q, STM32U5F9VIT6Q, STM32U5F9VJT6Q, STM32U5F9ZIJ6QTR, STM32U5F9ZIT6Q, STM32U5F9ZJJ6QTR, STM32U5F9ZJT6Q, STM32U5G7VJT6, STM32U5G7VJT6Q, STM32U5G9BJY6QTR, STM32U5G9J-DK1, STM32U5G9J-DK2, STM32U5G9NJH6Q, STM32U5G9VJT6Q, STM32U5G9ZJJ6QTR, STM32U5G9ZJT6Q, STM32WB05KZV6TR, STM32WB05KZV7TR, STM32WB05TZF6TR, STM32WB05TZF7TR, STM32WB06CCF6TR, STM32WB06CCF7TR, STM32WB06CCV6TR, STM32WB06CCV7TR, STM32WB06KCV6TR, STM32WB06KCV7TR, STM32WB07CCF6TR, STM32WB07CCF7TR, STM32WB07CCV6TR, STM32WB07CCV7TR, STM32WB07KCV6TR, STM32WB07KCV7TR, STM32WB09KEV6TR, STM32WB09KEV7TR, STM32WB09TEF6TR, STM32WB09TEF7TR, STM32WB1MMCH6, STM32WBA50KGU6, STM32WBA50KGU6TR, STM32WBA52CEU6, STM32WBA52CEU6TR, STM32WBA52CEU7, STM32WBA52CEU7TR, STM32WBA52CGU6, STM32WBA52CGU6TR, STM32WBA52CGU6U, STM32WBA52CGU7, STM32WBA52CGU7TR, STM32WBA52KEU6, STM32WBA52KEU6TR, STM32WBA52KGU6, STM32WBA52KGU6TR, STM32WBA54CEU6, STM32WBA54CEU6TR, STM32WBA54CEU7, STM32WBA54CEU7TR, STM32WBA54CGU6, STM32WBA54CGU6TR, STM32WBA54CGU7, STM32WBA54CGU7TR, STM32WBA54KEU6, STM32WBA54KEU6TR, STM32WBA54KEU7, STM32WBA54KEU7TR, STM32WBA54KGU6, STM32WBA54KGU6TR, STM32WBA54KGU7, STM32WBA54KGU7TR, STM32WBA55CEU6, STM32WBA55CEU6TR, STM32WBA55CEU7, STM32WBA55CEU7TR, STM32WBA55CGU6, STM32WBA55CGU6TR, STM32WBA55CGU6U, STM32WBA55CGU7, STM32WBA55CGU7TR, STM32WBA55G-DK1, STM32WBA55HEF6, STM32WBA55HEF7, STM32WBA55HGF6, STM32WBA55HGF7, STM32WBA55UEI6, STM32WBA55UEI6TR, STM32WBA55UEI7, STM32WBA55UEI7TR, STM32WBA55UGI6, STM32WBA55UGI6TR, STM32WBA55UGI7, STM32WBA55UGI7TR, STM32WBA5MJGH6TR, STM32WBA62CGU6, STM32WBA62CIU6, STM32WBA62MGF6, STM32WBA62MIF6, STM32WBA62PGI6, STM32WBA62PII6, STM32WBA63CGU6, STM32WBA63CGU7, STM32WBA63CIU6, STM32WBA63CIU7, STM32WBA64CGU6, STM32WBA64CGU7, STM32WBA64CIU6, STM32WBA64CIU7, STM32WBA65CGU6, STM32WBA65CGU7, STM32WBA65CIU6, STM32WBA65CIU7, STM32WBA65I-DK1, STM32WBA65MGF6, STM32WBA65MGF7, STM32WBA65MIF6, STM32WBA65MIF7, STM32WBA65PGI6, STM32WBA65PGI7, STM32WBA65PII6, STM32WBA65PII7, STM32WBA65RGV6, STM32WBA65RGV7, STM32WBA65RIV6, STM32WBA65RIV7, STM32WL30K8V6, STM32WL30KBV6, STM32WL31C8V6, STM32WL31CBV6, STM32WL31K8V6, STM32WL31KBV6, STM32WL33C8V6, STM32WL33C8V6TR, STM32WL33C8V7, STM32WL33C8V7TR, STM32WL33CBV6, STM32WL33CBV6TR, STM32WL33CBV7, STM32WL33CBV7TR, STM32WL33CCV6, STM32WL33CCV6TR, STM32WL33CCV7, STM32WL33CCV7A, STM32WL33CCV7ATR, STM32WL33CCV7TR, STM32WL33K8V6, STM32WL33K8V6TR, STM32WL33K8V7, STM32WL33K8V7TR, STM32WL33KBV6, STM32WL33KBV6TR, STM32WL33KBV7, STM32WL33KBV7TR, STM32WL33KCV6, STM32WL33KCV6TR, STM32WL33KCV7, STM32WL33KCV7TR, STM32WL5MOCH6, STM32WL5MOCH6TR]
2026-03-04 14:38:47,506 [INFO] DbMcus:218 - Found 4918 MCUs, 4918 are supported
2026-03-04 14:38:47,507 [INFO] ApiDb:423 - Load user favorites file /home/vatcraft/.stm32cubeide/favorites.mcus.txt: 0 item(s)
2026-03-04 14:38:47,507 [INFO] ApiDb:427 - User favorites MCUs=[]
2026-03-04 14:38:47,507 [INFO] DbMcus:224 - Set 0 / 0 favorites MCUs
2026-03-04 14:38:48,775 [INFO] BoardInfo:889 - No configuration file found for board P-NUCLEO-WB55
2026-03-04 14:38:48,775 [INFO] DbBoards:161 - Kit is not supported: P-NUCLEO-WB55
2026-03-04 14:38:48,779 [INFO] BoardInfo:889 - No configuration file found for board STEVAL-BFA001V1B
2026-03-04 14:38:48,780 [INFO] DbBoards:161 - Kit is not supported: STEVAL-BFA001V1B
2026-03-04 14:38:48,781 [INFO] BoardInfo:889 - No configuration file found for board STEVAL-BFA001V2B
2026-03-04 14:38:48,781 [INFO] DbBoards:161 - Kit is not supported: STEVAL-BFA001V2B
2026-03-04 14:38:48,949 [INFO] BoardInfo:889 - No configuration file found for board STM32MP215F-DK
2026-03-04 14:38:48,949 [INFO] DbBoards:161 - Board is not supported: STM32MP215F-DK
2026-03-04 14:38:48,967 [INFO] DbBoards:168 - Found 212 boards, 208 are supported
2026-03-04 14:38:48,968 [INFO] DbBoards:169 - Found 212 boards, 43 of them is supported for  Bsp
2026-03-04 14:38:48,970 [INFO] ApiDb:423 - Load user favorites file /home/vatcraft/.stm32cubeide/favorites.boards.txt: 0 item(s)
2026-03-04 14:38:48,971 [INFO] ApiDb:427 - User favorites Boards=[]
2026-03-04 14:38:48,971 [INFO] DbBoards:198 - Set 0 / 0 favorites Boards
2026-03-04 14:38:48,971 [INFO] McuFinderGlobals:76 - Set McuFinderConnectedMode to true
2026-03-04 14:38:48,979 [INFO] MultiScanPanel:200 - Auto-refresh data requested => check proxy status ongoing
2026-03-04 14:38:48,983 [INFO] FinderPluginLoader:95 - Searching for filters in installed packs
2026-03-04 14:38:50,889 [INFO] LoadUrlFilesThread:185 - End of LoadServerUrlFiles without Thread
2026-03-04 14:38:50,905 [INFO] DetailPanel:341 - Set advertising image to /home/vatcraft/STM32Cube/Repository//en.prom-stm32cubeaistudio-0226.png
2026-03-04 14:38:56,193 [INFO] MultiScanPanel:200 - Auto-refresh data requested => check proxy status ongoing
2026-03-04 14:38:56,391 [INFO] LoadUrlFilesThread:185 - End of LoadServerUrlFiles without Thread
2026-03-04 14:38:56,391 [INFO] DetailPanel:341 - Set advertising image to /home/vatcraft/STM32Cube/Repository//en.prom-stm32cubeaistudio-0226.png
2026-03-04 14:38:56,406 [INFO] DbBoards:642 - Loading board mini-images...
2026-03-04 14:38:59,556 [INFO] DbBoards:665 - Loaded 212 board mini-images
2026-03-04 14:41:06,961 [INFO] MainUpdater:2872 - connection check result : 10
2026-03-04 14:41:06,961 [INFO] MainUpdater:2872 - connection check result : 10
2026-03-04 14:41:06,975 [INFO] MicroXplorer:468 - Change Database Path : 
2026-03-04 14:41:06,975 [INFO] MicroXplorer:498 - Change Database Version : DB.6.0.141
2026-03-04 14:41:06,981 [WARN] ThirdParty:871 - waiting for thirdparty lock release [close project]
2026-03-04 14:41:06,982 [INFO] ThirdParty:873 - entering critical section [close project]
2026-03-04 14:41:06,983 [INFO] ThirdParty:883 - exiting critical section [close project]
2026-03-04 14:41:06,985 [INFO] PinOutPanel:1589 - setPackage(No Configuration,No Configuration)
2026-03-04 14:41:06,990 [INFO] UtilMem:75 - Begin LoadConfig() Used Memory: 967266672 Bytes (1073741824)
2026-03-04 14:41:06,997 [INFO] MicroXplorer:468 - Change Database Path : 
2026-03-04 14:41:06,998 [INFO] MicroXplorer:498 - Change Database Version : DB.6.0.141
2026-03-04 14:41:06,998 [INFO] OpenFileManager:354 - Change cursor
2026-03-04 14:41:07,030 [INFO] Mcu:2011 - Initializing MCU STM32F401R(D-E)Tx STM32F401RETx STM32F401RET6
2026-03-04 14:41:08,566 [INFO] Context:756 - Trying to add GPIOservice into a context  which must be forbidden
2026-03-04 14:41:09,510 [INFO] Rule:225 - rule Adapt Old IOC before rework replace old CORTEX_M33/CORTEX_M55 attributes by the new one. is applicable
2026-03-04 14:41:09,510 [INFO] Rule:225 - rule Rename parametre of RCC RCC_APBDBG_DIV2 to RCC_TIMPRES_DIV2 is applicable
2026-03-04 14:41:09,510 [INFO] Rule:225 - rule Rename DIE493 pin PA10 [PA12] -> PA10 is applicable
2026-03-04 14:41:09,510 [INFO] Rule:225 - rule Rename DIE493 pin PA9 [PA11] -> PA9 is applicable
2026-03-04 14:41:09,510 [INFO] Rule:225 - rule Adapt Old IOC CSI. is applicable
2026-03-04 14:41:09,511 [INFO] DbConfProperties:307 - Apply Compatibility (0/5 Rules)
2026-03-04 14:41:09,555 [INFO] ImportTextPane:218 - (OptionalMessage_ERROR) Pin12 (VP_RIF_VS_RIF1) cannot be retrieved for this MCU
2026-03-04 14:41:09,954 [INFO] RtosManager:558 - Registered RTOS mode: class=CMSIS, group=RTOS, mode=CMSIS_V1, owner=FREERTOS
2026-03-04 14:41:09,954 [INFO] RtosManager:558 - Registered RTOS mode: class=CMSIS, group=RTOS2, mode=CMSIS_V2, owner=FREERTOS
2026-03-04 14:41:09,954 [INFO] RtosManager:558 - Registered RTOS mode: class=RTOS, group=Core, mode=CMSIS_V1, owner=FREERTOS
2026-03-04 14:41:09,955 [INFO] RtosManager:558 - Registered RTOS mode: class=RTOS, group=Core, mode=CMSIS_V2, owner=FREERTOS
2026-03-04 14:41:09,955 [WARN] ModelIntegratedComponent:184 - Missing modes for component STMicroelectronics:FreeRTOS:0.0.1:STMicroelectronics:RTOS:FreeRTOS:Core:::10.2.0:
2026-03-04 14:41:09,978 [WARN] ModelIntegratedComponent:63 - No mode defined for component null
2026-03-04 14:41:09,978 [WARN] ModelIntegratedComponent:63 - No mode defined for component null
2026-03-04 14:41:09,978 [WARN] ModelIntegratedComponent:63 - No mode defined for component null
2026-03-04 14:41:09,978 [WARN] ModelIntegratedComponent:63 - No mode defined for component null
2026-03-04 14:41:09,978 [WARN] ModelIntegratedComponent:63 - No mode defined for component null
2026-03-04 14:41:09,978 [WARN] ModelIntegratedComponent:63 - No mode defined for component null
2026-03-04 14:41:09,978 [WARN] ModelIntegratedComponent:63 - No mode defined for component null
2026-03-04 14:41:09,978 [WARN] ModelIntegratedComponent:63 - No mode defined for component null
2026-03-04 14:41:09,979 [WARN] ModelIntegratedComponent:63 - No mode defined for component null
2026-03-04 14:41:09,979 [WARN] ModelIntegratedComponent:63 - No mode defined for component null
2026-03-04 14:41:09,979 [WARN] ModelIntegratedComponent:63 - No mode defined for component null
2026-03-04 14:41:09,979 [WARN] ModelIntegratedComponent:63 - No mode defined for component null
2026-03-04 14:41:09,979 [WARN] ModelIntegratedComponent:63 - No mode defined for component null
2026-03-04 14:41:09,979 [WARN] ModelIntegratedComponent:63 - No mode defined for component null
2026-03-04 14:41:09,979 [WARN] ModelIntegratedComponent:63 - No mode defined for component null
2026-03-04 14:41:09,979 [WARN] ModelIntegratedComponent:63 - No mode defined for component null
2026-03-04 14:41:09,979 [WARN] ModelIntegratedComponent:63 - No mode defined for component null
2026-03-04 14:41:09,979 [WARN] ModelIntegratedComponent:63 - No mode defined for component null
2026-03-04 14:41:09,979 [WARN] ModelIntegratedComponent:63 - No mode defined for component null
2026-03-04 14:41:09,979 [WARN] ModelIntegratedComponent:63 - No mode defined for component null
2026-03-04 14:41:09,979 [WARN] ModelIntegratedComponent:63 - No mode defined for component null
2026-03-04 14:41:09,980 [WARN] ModelIntegratedComponent:63 - No mode defined for component null
2026-03-04 14:41:09,980 [WARN] ModelIntegratedComponent:63 - No mode defined for component null
2026-03-04 14:41:09,980 [WARN] ModelIntegratedComponent:63 - No mode defined for component null
2026-03-04 14:41:09,980 [WARN] ModelIntegratedComponent:63 - No mode defined for component null
2026-03-04 14:41:09,980 [WARN] ModelIntegratedComponent:63 - No mode defined for component null
2026-03-04 14:41:09,980 [WARN] ModelIntegratedComponent:63 - No mode defined for component null
2026-03-04 14:41:09,980 [WARN] ModelIntegratedComponent:63 - No mode defined for component null
2026-03-04 14:41:09,980 [WARN] ModelIntegratedComponent:63 - No mode defined for component null
2026-03-04 14:41:09,980 [WARN] ModelIntegratedComponent:63 - No mode defined for component null
2026-03-04 14:41:09,980 [WARN] ModelIntegratedComponent:63 - No mode defined for component null
2026-03-04 14:41:09,980 [WARN] ModelIntegratedComponent:63 - No mode defined for component null
2026-03-04 14:41:09,980 [WARN] ModelIntegratedComponent:63 - No mode defined for component null
2026-03-04 14:41:09,980 [WARN] ModelIntegratedComponent:63 - No mode defined for component null
2026-03-04 14:41:09,981 [WARN] ModelIntegratedComponent:63 - No mode defined for component null
2026-03-04 14:41:09,981 [WARN] ModelPack:524 - Component already loaded: STMicroelectronics:HAL Drivers:0.0.0:STMicroelectronics:Device:STMicro_Driver:XSPI:HAL::0.0.1:HAL_XSPI
2026-03-04 14:41:10,023 [INFO] ThirdPartyModel:298 - Start build external matchings
2026-03-04 14:41:10,745 [INFO] ThirdPartyModel:316 - End build external matchings
2026-03-04 14:41:10,764 [INFO] ImportTextPane:218 - (OptionalMessage_ERROR) IP (RCC) : Parameter (RTCHSEDivFreq_Value) has invalid value (4000000)
2026-03-04 14:41:11,055 [INFO] UtilMem:75 - End LoadConfig() Used Memory: 796033568 Bytes (1073741824)
2026-03-04 14:41:11,306 [WARN] ThirdParty:833 - waiting for thirdparty lock release [change project]
2026-03-04 14:41:11,306 [INFO] ThirdParty:835 - entering critical section [change project]
2026-03-04 14:41:11,306 [INFO] ThirdParty:1030 - CMSIS Pack Vendor :STMicroelectronics X-CUBE-AZRTOS-H7 3.5.0
2026-03-04 14:41:11,306 [INFO] ThirdParty:1030 - CMSIS Pack Vendor :STMicroelectronics X-CUBE-PM33A1 1.0.0
2026-03-04 14:41:11,306 [INFO] ThirdParty:1030 - CMSIS Pack Vendor :STMicroelectronics USBPD 4.1
2026-03-04 14:41:11,306 [INFO] ThirdParty:1030 - CMSIS Pack Vendor :STMicroelectronics X-CUBE-NFC9 1.0.0
2026-03-04 14:41:11,306 [INFO] ThirdParty:1030 - CMSIS Pack Vendor :STMicroelectronics USB_HOST 2.0.0
2026-03-04 14:41:11,306 [INFO] ThirdParty:1030 - CMSIS Pack Vendor :STMicroelectronics X-CUBE-AZRTOS-F4 1.1.0
2026-03-04 14:41:11,306 [INFO] ThirdParty:1030 - CMSIS Pack Vendor :STMicroelectronics LIBJPEG 8.0.0
2026-03-04 14:41:11,306 [INFO] ThirdParty:1030 - CMSIS Pack Vendor :STMicroelectronics FP-ATR-ASTRA1 2.0.2
2026-03-04 14:41:11,306 [INFO] ThirdParty:1030 - CMSIS Pack Vendor :STMicroelectronics X-CUBE-BLE1 7.1.0
2026-03-04 14:41:11,306 [INFO] ThirdParty:1030 - CMSIS Pack Vendor :STMicroelectronics X-CUBE-SMBUS 2.1.0
2026-03-04 14:41:11,306 [INFO] ThirdParty:1030 - CMSIS Pack Vendor :wolfSSL I-CUBE-wolfMQTT 1.19.2
2026-03-04 14:41:11,307 [INFO] ThirdParty:1030 - CMSIS Pack Vendor :STMicroelectronics USB_DEVICE 3.0.0
2026-03-04 14:41:11,307 [INFO] ThirdParty:1030 - CMSIS Pack Vendor :STMicroelectronics X-CUBE-ISPU 2.1.0
2026-03-04 14:41:11,307 [INFO] ThirdParty:1030 - CMSIS Pack Vendor :STMicroelectronics X-CUBE-EEPRMA1 5.2.0
2026-03-04 14:41:11,307 [INFO] ThirdParty:1030 - CMSIS Pack Vendor :STMicroelectronics X-CUBE-BLEMGR 4.1.0
2026-03-04 14:41:11,307 [INFO] ThirdParty:1030 - CMSIS Pack Vendor :STMicroelectronics X-CUBE-AZRTOS-WB 2.0.0
2026-03-04 14:41:11,307 [INFO] ThirdParty:1030 - CMSIS Pack Vendor :wolfSSL I-CUBE-wolfSSL 5.8.4
2026-03-04 14:41:11,307 [INFO] ThirdParty:1030 - CMSIS Pack Vendor :Cesanta I-CUBE-Mongoose 7.20.0
2026-03-04 14:41:11,307 [INFO] ThirdParty:1030 - CMSIS Pack Vendor :STMicroelectronics X-CUBE-NFC12 1.0.0
2026-03-04 14:41:11,307 [INFO] ThirdParty:1030 - CMSIS Pack Vendor :STMicroelectronics X-CUBE-AZRTOS-F7 1.1.0
2026-03-04 14:41:11,307 [INFO] ThirdParty:1030 - CMSIS Pack Vendor :STMicroelectronics X-CUBE-AZRTOS-L5 2.0.0
2026-03-04 14:41:11,307 [INFO] ThirdParty:1030 - CMSIS Pack Vendor :STMicroelectronics USB_DEVICE 2.0.0
2026-03-04 14:41:11,307 [INFO] ThirdParty:1030 - CMSIS Pack Vendor :quantropi X-CUBE-qispace-sdk-base 2.1.0
2026-03-04 14:41:11,307 [INFO] ThirdParty:1030 - CMSIS Pack Vendor :STMicroelectronics X-CUBE-MEMS1 12.0.0
2026-03-04 14:41:11,307 [INFO] ThirdParty:1030 - CMSIS Pack Vendor :STMicroelectronics X-CUBE-STSE01 2.0.0
2026-03-04 14:41:11,307 [INFO] ThirdParty:1030 - CMSIS Pack Vendor :STMicroelectronics FreeRTOS 0.0.1
2026-03-04 14:41:11,307 [INFO] ThirdParty:1030 - CMSIS Pack Vendor :STMicroelectronics X-CUBE-AZRTOS-G0 1.1.0
2026-03-04 14:41:11,307 [INFO] ThirdParty:1030 - CMSIS Pack Vendor :STMicroelectronics X-CUBE-NFC4 3.0.0
2026-03-04 14:41:11,307 [INFO] ThirdParty:1030 - CMSIS Pack Vendor :STMicroelectronics X-CUBE-SUBG2 5.0.0
2026-03-04 14:41:11,307 [INFO] ThirdParty:1030 - CMSIS Pack Vendor :STMicroelectronics STM32_WPAN 1.0.0
2026-03-04 14:41:11,307 [INFO] ThirdParty:1030 - CMSIS Pack Vendor :EmbeddedOffice I-CUBE-FS-RTOS 1.0.1
2026-03-04 14:41:11,307 [INFO] ThirdParty:1030 - CMSIS Pack Vendor :STMicroelectronics lwIP 2.0.3
2026-03-04 14:41:11,307 [INFO] ThirdParty:1030 - CMSIS Pack Vendor :STMicroelectronics USB_HOST 1.0.0
2026-03-04 14:41:11,307 [INFO] ThirdParty:1030 - CMSIS Pack Vendor :STMicroelectronics X-CUBE-AZRTOS-G4 2.0.0
2026-03-04 14:41:11,307 [INFO] ThirdParty:1030 - CMSIS Pack Vendor :STMicroelectronics X-CUBE-WB05N 2.0.0
2026-03-04 14:41:11,307 [INFO] ThirdParty:1030 - CMSIS Pack Vendor :STMicroelectronics PDM2PCM 3.1.0
2026-03-04 14:41:11,308 [INFO] ThirdParty:1030 - CMSIS Pack Vendor :STMicroelectronics PDM2PCM 3.3.0
2026-03-04 14:41:11,308 [INFO] ThirdParty:1030 - CMSIS Pack Vendor :wolfSSL I-CUBE-wolfTPM 3.8.0
2026-03-04 14:41:11,308 [INFO] ThirdParty:1030 - CMSIS Pack Vendor :STMicroelectronics X-CUBE-DISPLAY 3.0.0
2026-03-04 14:41:11,308 [INFO] ThirdParty:1030 - CMSIS Pack Vendor :wolfSSL I-CUBE-wolfSSH 1.4.20
2026-03-04 14:41:11,308 [INFO] ThirdParty:1030 - CMSIS Pack Vendor :STMicroelectronics X-CUBE-NFC7 2.0.0
2026-03-04 14:41:11,308 [INFO] ThirdParty:1030 - CMSIS Pack Vendor :STMicroelectronics X-CUBE-TCPP 4.2.0
2026-03-04 14:41:11,308 [INFO] ThirdParty:1030 - CMSIS Pack Vendor :RealThread X-CUBE-RT-Thread_Nano 4.1.1
2026-03-04 14:41:11,308 [INFO] ThirdParty:1030 - CMSIS Pack Vendor :STMicroelectronics FP-ATR-SIGFOX1 3.2.0
2026-03-04 14:41:11,308 [INFO] ThirdParty:1030 - CMSIS Pack Vendor :STMicroelectronics X-CUBE-NFC10 1.0.0
2026-03-04 14:41:11,308 [INFO] ThirdParty:1030 - CMSIS Pack Vendor :STMicroelectronics HAL Drivers 0.0.0
2026-03-04 14:41:11,308 [INFO] ThirdParty:1030 - CMSIS Pack Vendor :STMicroelectronics MBEDTLS 2.16.2
2026-03-04 14:41:11,308 [INFO] ThirdParty:1030 - CMSIS Pack Vendor :STMicroelectronics X-CUBE-ST60 1.1.0
2026-03-04 14:41:11,308 [INFO] ThirdParty:1030 - CMSIS Pack Vendor :STMicroelectronics X-CUBE-ALS 1.0.2
2026-03-04 14:41:11,308 [INFO] ThirdParty:1030 - CMSIS Pack Vendor :emotas I-CUBE-CANOPEN 1.3.0
2026-03-04 14:41:11,308 [INFO] ThirdParty:1030 - CMSIS Pack Vendor :STMicroelectronics MBEDTLS 2.14.1
2026-03-04 14:41:11,308 [INFO] ThirdParty:1030 - CMSIS Pack Vendor :STMicroelectronics X-CUBE-GNSS1 7.1.0
2026-03-04 14:41:11,308 [INFO] ThirdParty:1030 - CMSIS Pack Vendor :ITTIA_DB I-CUBE-ITTIADB 8.9.0
2026-03-04 14:41:11,308 [INFO] ThirdParty:1030 - CMSIS Pack Vendor :STMicroelectronics X-CUBE-TOUCHGFX 4.26.1
2026-03-04 14:41:11,308 [INFO] ThirdParty:1030 - CMSIS Pack Vendor :STMicroelectronics X-CUBE-NFC6 3.2.0
2026-03-04 14:41:11,308 [INFO] ThirdParty:1030 - CMSIS Pack Vendor :STMicroelectronics X-CUBE-AI 10.2.0
2026-03-04 14:41:11,308 [INFO] ThirdParty:1030 - CMSIS Pack Vendor :STMicroelectronics FP-SNS-STAIOTCFT 1.0.0
2026-03-04 14:41:11,308 [INFO] ThirdParty:1030 - CMSIS Pack Vendor :STMicroelectronics ThreadX 1.0.0
2026-03-04 14:41:11,308 [INFO] ThirdParty:1030 - CMSIS Pack Vendor :STMicroelectronics FP-SNS-SMARTAG2 1.2.0
2026-03-04 14:41:11,309 [INFO] ThirdParty:1030 - CMSIS Pack Vendor :STMicroelectronics FP-SNS-FLIGHT1 5.1.0
2026-03-04 14:41:11,309 [INFO] ThirdParty:1030 - CMSIS Pack Vendor :STMicroelectronics X-CUBE-AZRTOS-WL 2.0.0
2026-03-04 14:41:11,309 [INFO] ThirdParty:1030 - CMSIS Pack Vendor :SEGGER I-CUBE-embOS 1.3.1
2026-03-04 14:41:11,309 [INFO] ThirdParty:1030 - CMSIS Pack Vendor :STMicroelectronics X-CUBE-ALGOBUILD 1.4.0
2026-03-04 14:41:11,309 [INFO] ThirdParty:1030 - CMSIS Pack Vendor :STMicroelectronics X-CUBE-DPower 1.3.0
2026-03-04 14:41:11,309 [INFO] ThirdParty:1030 - CMSIS Pack Vendor :STMicroelectronics USB_DEVICE 1.0.0
2026-03-04 14:41:11,309 [INFO] ThirdParty:1030 - CMSIS Pack Vendor :STMicroelectronics X-CUBE-AZRTOS-H7RS 1.2.0
2026-03-04 14:41:11,309 [INFO] ThirdParty:1030 - CMSIS Pack Vendor :STMicroelectronics X-CUBE-AZRTOS-L4 2.0.0
2026-03-04 14:41:11,309 [INFO] ThirdParty:1030 - CMSIS Pack Vendor :STMicroelectronics ThreadX 0.0.2
2026-03-04 14:41:11,309 [INFO] ThirdParty:1030 - CMSIS Pack Vendor :STMicroelectronics lwIP 2.1.2
2026-03-04 14:41:11,309 [INFO] ThirdParty:1030 - CMSIS Pack Vendor :STMicroelectronics X-CUBE-SFXS2LP1 4.0.0
2026-03-04 14:41:11,309 [INFO] ThirdParty:1030 - CMSIS Pack Vendor :STMicroelectronics X-CUBE-BLE2 3.3.0
2026-03-04 14:41:11,309 [INFO] ThirdParty:1030 - CMSIS Pack Vendor :Avnet-IOTCONNECT X-CUBE-iotc-st67-sdk 1.0.0
2026-03-04 14:41:11,309 [INFO] ThirdParty:1030 - CMSIS Pack Vendor :STMicroelectronics X-CUBE-TOF1 3.4.3
2026-03-04 14:41:11,309 [INFO] ThirdParty:1030 - CMSIS Pack Vendor :Infineon AIROC-Wi-Fi-Bluetooth-STM32 1.8.0
2026-03-04 14:41:11,309 [INFO] ThirdParty:1030 - CMSIS Pack Vendor :STMicroelectronics PDM2PCM 3.2.0
2026-03-04 14:41:11,309 [INFO] ThirdParty:841 - exiting critical section [change project]
2026-03-04 14:41:11,674 [INFO] PinOutPanel:1589 - setPackage(No Configuration,No Configuration)
2026-03-04 14:41:11,675 [INFO] PinOutPanel:1589 - setPackage(STM32F401RETx,LQFP64)
2026-03-04 14:41:12,291 [INFO] UtilMem:75 - Before build in PCC Used Memory: 978222576 Bytes (1073741824)
2026-03-04 14:41:13,057 [INFO] UtilMem:75 - After build in PCC Used Memory: 859532848 Bytes (1073741824)
2026-03-04 14:41:13,119 [INFO] IPUIPlugin:80 - create IPUIPlugin
2026-03-04 14:41:13,120 [INFO] IPUIPlugin:80 - create IPUIPlugin
2026-03-04 14:41:13,120 [INFO] IPUIPlugin:80 - create IPUIPlugin
2026-03-04 14:41:13,121 [INFO] IPUIPlugin:80 - create IPUIPlugin
2026-03-04 14:41:13,121 [INFO] IPUIPlugin:80 - create IPUIPlugin
2026-03-04 14:41:13,121 [INFO] IPUIPlugin:80 - create IPUIPlugin
2026-03-04 14:41:13,122 [INFO] IPUIPlugin:80 - create IPUIPlugin
2026-03-04 14:41:13,122 [INFO] IPUIPlugin:80 - create IPUIPlugin
2026-03-04 14:41:13,122 [INFO] IPUIPlugin:80 - create IPUIPlugin
2026-03-04 14:41:13,122 [INFO] IPUIPlugin:80 - create IPUIPlugin
2026-03-04 14:41:13,124 [INFO] IPUIPlugin:80 - create IPUIPlugin
2026-03-04 14:41:13,124 [INFO] IPUIPlugin:80 - create IPUIPlugin
2026-03-04 14:41:13,125 [INFO] IPUIPlugin:80 - create IPUIPlugin
2026-03-04 14:41:13,125 [INFO] IPUIPlugin:80 - create IPUIPlugin
2026-03-04 14:41:13,125 [INFO] IPUIPlugin:80 - create IPUIPlugin
2026-03-04 14:41:13,125 [INFO] IPUIPlugin:80 - create IPUIPlugin
2026-03-04 14:41:13,126 [INFO] IPUIPlugin:80 - create IPUIPlugin
2026-03-04 14:41:13,126 [INFO] IPUIPlugin:80 - create IPUIPlugin
2026-03-04 14:41:13,127 [INFO] IPUIPlugin:80 - create IPUIPlugin
2026-03-04 14:41:13,127 [INFO] IPUIPlugin:80 - create IPUIPlugin
2026-03-04 14:41:13,127 [INFO] IPUIPlugin:80 - create IPUIPlugin
2026-03-04 14:41:13,127 [INFO] IPUIPlugin:80 - create IPUIPlugin
2026-03-04 14:41:13,128 [INFO] IPUIPlugin:80 - create IPUIPlugin
2026-03-04 14:41:13,128 [INFO] IPUIPlugin:80 - create IPUIPlugin
2026-03-04 14:41:13,129 [INFO] IPUIPlugin:80 - create IPUIPlugin
2026-03-04 14:41:13,129 [INFO] IPUIPlugin:80 - create IPUIPlugin
2026-03-04 14:41:13,131 [INFO] IPUIPlugin:80 - create IPUIPlugin
2026-03-04 14:41:13,133 [INFO] IPUIPlugin:80 - create IPUIPlugin
2026-03-04 14:41:13,134 [INFO] IPUIPlugin:80 - create IPUIPlugin
2026-03-04 14:41:13,135 [INFO] IPUIPlugin:80 - create IPUIPlugin
2026-03-04 14:41:13,135 [INFO] IPUIPlugin:80 - create IPUIPlugin
2026-03-04 14:41:13,136 [INFO] IPUIPlugin:80 - create IPUIPlugin
2026-03-04 14:41:13,137 [INFO] IPUIPlugin:80 - create IPUIPlugin
2026-03-04 14:41:13,137 [INFO] IPUIPlugin:80 - create IPUIPlugin
2026-03-04 14:41:13,138 [INFO] IPUIPlugin:80 - create IPUIPlugin
2026-03-04 14:41:13,139 [INFO] IPUIPlugin:80 - create IPUIPlugin
2026-03-04 14:41:13,139 [INFO] IPUIPlugin:80 - create IPUIPlugin
2026-03-04 14:41:13,140 [INFO] IPUIPlugin:80 - create IPUIPlugin
2026-03-04 14:41:13,181 [INFO] ApiDbMcu:508 - Load IP Config File for PDM2PCM
2026-03-04 14:41:13,420 [INFO] CADModel:165 - CPN selected for project levelSTM32F401RET6
2026-03-04 14:41:13,420 [INFO] CADModel:114 - Register for checkConnection events
2026-03-04 14:41:13,471 [INFO] OpenFileManager:385 - Restore cursor
2026-03-04 14:41:14,056 [INFO] UtilMem:75 - End SaveConfig() Used Memory: 775482672 Bytes (1073741824)
2026-03-04 14:41:21,681 [INFO] McuFinderGlobals:76 - Set McuFinderConnectedMode to true
2026-03-04 14:41:21,684 [INFO] ApiDb:448 - Save user favorites file /home/vatcraft/.stm32cubeide/favorites.mcus.txt: 0 item(s)
2026-03-04 14:41:21,684 [INFO] ApiDb:452 - User favorites MCUs=[]
2026-03-04 14:41:21,685 [INFO] ApiDb:448 - Save user favorites file /home/vatcraft/.stm32cubeide/favorites.boards.txt: 0 item(s)
2026-03-04 14:41:21,685 [INFO] ApiDb:452 - User favorites Boards=[]
2026-03-04 14:41:26,078 [INFO] McuFinderGlobals:63 - Set McuFinder mode to 2 (CubeIDE integrated)
2026-03-04 14:41:26,079 [INFO] UserAuth:171 - activating auth plugin
2026-03-04 14:41:26,081 [INFO] UserAuth:484 - Internet connection configuration mode: 1
2026-03-04 14:42:40,704 [INFO] McuFinderGlobals:63 - Set McuFinder mode to 2 (CubeIDE integrated)
2026-03-04 14:42:40,704 [INFO] UserAuth:171 - activating auth plugin
2026-03-04 14:42:40,706 [INFO] UserAuth:484 - Internet connection configuration mode: 1
2026-03-04 14:44:17,476 [INFO] McuFinderGlobals:63 - Set McuFinder mode to 2 (CubeIDE integrated)
2026-03-04 14:44:17,477 [INFO] UserAuth:171 - activating auth plugin
2026-03-04 14:44:17,480 [INFO] UserAuth:484 - Internet connection configuration mode: 1
2026-03-04 14:49:10,283 [INFO] McuFinderGlobals:63 - Set McuFinder mode to 2 (CubeIDE integrated)
2026-03-04 14:49:10,283 [INFO] UserAuth:171 - activating auth plugin
2026-03-04 14:49:10,286 [INFO] UserAuth:484 - Internet connection configuration mode: 1
2026-03-04 14:49:27,852 [INFO] WebApp:650 - userauth.ini created with success
2026-03-04 14:49:56,485 [INFO] McuFinderGlobals:63 - Set McuFinder mode to 2 (CubeIDE integrated)
2026-03-04 14:49:56,485 [INFO] UserAuth:484 - Internet connection configuration mode: 1
2026-03-04 14:50:11,395 [INFO] MainUpdater:2872 - connection check result : 10
2026-03-04 14:50:11,568 [INFO] McuFinderGlobals:76 - Set McuFinderConnectedMode to true
2026-03-04 14:50:11,570 [INFO] MultiScanPanel:200 - Auto-refresh data requested => check proxy status ongoing
2026-03-04 14:50:11,570 [INFO] FinderPluginLoader:95 - Searching for filters in installed packs
2026-03-04 14:50:14,101 [INFO] LoadUrlFilesThread:185 - End of LoadServerUrlFiles without Thread
2026-03-04 14:50:14,101 [INFO] DetailPanel:341 - Set advertising image to /home/vatcraft/STM32Cube/Repository//en.prom-stm32cubeaistudio-0226.png
2026-03-04 14:50:19,725 [INFO] MultiScanPanel:200 - Auto-refresh data requested => check proxy status ongoing
2026-03-04 14:50:19,819 [INFO] LoadUrlFilesThread:185 - End of LoadServerUrlFiles without Thread
2026-03-04 14:50:19,819 [INFO] DetailPanel:341 - Set advertising image to /home/vatcraft/STM32Cube/Repository//en.prom-stm32cubeaistudio-0226.png
2026-03-04 14:50:40,878 [INFO] MainUpdater:2872 - connection check result : 10
2026-03-04 14:50:40,878 [INFO] MainUpdater:2872 - connection check result : 10
2026-03-04 14:50:41,707 [INFO] MicroXplorer:468 - Change Database Path : 
2026-03-04 14:50:41,708 [INFO] MicroXplorer:498 - Change Database Version : DB.6.0.141
2026-03-04 14:50:41,853 [ERROR] ProjectManagerView:395 - 
java.lang.NullPointerException: Cannot invoke "javax.swing.JTextField.getText()" because the return value of "java.util.List.get(int)" is null
	at com.st.microxplorer.plugins.projectmanager.gui.ProjectChoiceTab$9.caretUpdate(ProjectChoiceTab.java:2678) ~[filemanager.jar:?]
	at javax.swing.text.JTextComponent.fireCaretUpdate(JTextComponent.java:408) ~[?:?]
	at javax.swing.text.JTextComponent$MutableCaretEvent.fire(JTextComponent.java:4484) ~[?:?]
	at javax.swing.text.JTextComponent$MutableCaretEvent.stateChanged(JTextComponent.java:4506) ~[?:?]
	at javax.swing.text.DefaultCaret.fireStateChanged(DefaultCaret.java:857) ~[?:?]
	at javax.swing.text.DefaultCaret.changeCaretPosition(DefaultCaret.java:1343) ~[?:?]
	at javax.swing.text.DefaultCaret.handleSetDot(DefaultCaret.java:1242) ~[?:?]
	at javax.swing.text.DefaultCaret.setDot(DefaultCaret.java:1223) ~[?:?]
	at javax.swing.text.DefaultCaret$Handler.insertUpdate(DefaultCaret.java:1819) ~[?:?]
	at javax.swing.text.AbstractDocument.fireInsertUpdate(AbstractDocument.java:227) ~[?:?]
	at javax.swing.text.AbstractDocument.handleInsertString(AbstractDocument.java:781) ~[?:?]
	at javax.swing.text.AbstractDocument.insertString(AbstractDocument.java:740) ~[?:?]
	at javax.swing.text.PlainDocument.insertString(PlainDocument.java:131) ~[?:?]
	at javax.swing.text.AbstractDocument.replace(AbstractDocument.java:699) ~[?:?]
	at javax.swing.text.JTextComponent.setText(JTextComponent.java:1725) ~[?:?]
	at com.st.microxplorer.plugins.projectmanager.gui.ProjectChoiceTab.createHeapStackFields(ProjectChoiceTab.java:979) ~[filemanager.jar:?]
	at com.st.microxplorer.plugins.projectmanager.gui.ProjectChoiceTab.buildLinkSettingsPanel(ProjectChoiceTab.java:3766) ~[filemanager.jar:?]
	at com.st.microxplorer.plugins.projectmanager.gui.ProjectChoiceTab.defineWindowsFields(ProjectChoiceTab.java:1962) ~[filemanager.jar:?]
	at com.st.microxplorer.plugins.projectmanager.gui.ProjectChoiceTab.updateSettings(ProjectChoiceTab.java:555) ~[filemanager.jar:?]
	at com.st.microxplorer.plugins.projectmanager.gui.ProjectSettingsPanel.UpdateDialog(ProjectSettingsPanel.java:245) ~[filemanager.jar:?]
	at com.st.microxplorer.plugins.projectmanager.ProjectManagerView.propertyChange(ProjectManagerView.java:392) ~[filemanager.jar:?]
	at java.beans.PropertyChangeSupport.fire(PropertyChangeSupport.java:343) ~[?:?]
	at java.beans.PropertyChangeSupport.firePropertyChange(PropertyChangeSupport.java:335) ~[?:?]
	at java.beans.PropertyChangeSupport.firePropertyChange(PropertyChangeSupport.java:268) ~[?:?]
	at com.st.microxplorer.util.MXPropertyChangeSupport.firePropertyChange(MXPropertyChangeSupport.java:54) ~[STM32CubeMX.jar:?]
	at com.st.microxplorer.mxsystem.MxSystem.closeConfig(MxSystem.java:899) ~[STM32CubeMX.jar:?]
	at com.st.microxplorer.maingui.MainPanel.closeConfig(MainPanel.java:789) ~[STM32CubeMX.jar:?]
	at com.st.microxplorer.plugins.filemanager.engine.OpenFileManager.loadConfigurationFile(OpenFileManager.java:287) ~[filemanager.jar:?]
	at com.st.microxplorer.plugins.filemanager.engine.MainFileManager.userLoadConfig(MainFileManager.java:341) ~[filemanager.jar:?]
	at com.st.microxplorer.plugins.filemanager.FileManagerView.getSpecificTask(FileManagerView.java:250) ~[filemanager.jar:?]
	at com.st.stm32cube.common.mx.editor.CubeMxEditor.getMxTabbedPaneInstance(CubeMxEditor.java:1191) ~[com.st.stm32cube.common.mx_6.14.1.202504091515/:?]
	at com.st.stm32cube.common.mx.editor.CubeMxEditor$12$1.createSwingComponent(CubeMxEditor.java:1068) ~[com.st.stm32cube.common.mx_6.14.1.202504091515/:?]
	at com.st.stm32cube.common.mx.oss.core.awtswtbridge.EmbeddedSwingComposite.doComponentCreation(EmbeddedSwingComposite.java:492) ~[com.st.stm32cube.common.mx.oss_6.14.1.202504091515/:?]
	at com.st.stm32cube.common.mx.oss.core.awtswtbridge.EmbeddedSwingComposite$4.run(EmbeddedSwingComposite.java:291) ~[com.st.stm32cube.common.mx.oss_6.14.1.202504091515/:?]
	at com.st.stm32cube.common.mx.oss.core.awtswtbridge.AwtEnvironment$2.run(AwtEnvironment.java:166) ~[com.st.stm32cube.common.mx.oss_6.14.1.202504091515/:?]
	at java.awt.event.InvocationEvent.dispatch(InvocationEvent.java:318) ~[?:?]
	at java.awt.EventQueue.dispatchEventImpl(EventQueue.java:773) ~[?:?]
	at java.awt.EventQueue$4.run(EventQueue.java:720) ~[?:?]
	at java.awt.EventQueue$4.run(EventQueue.java:714) ~[?:?]
	at java.security.AccessController.doPrivileged(AccessController.java:400) ~[?:?]
	at java.security.ProtectionDomain$JavaSecurityAccessImpl.doIntersectionPrivilege(ProtectionDomain.java:87) ~[?:?]
	at java.awt.EventQueue.dispatchEvent(EventQueue.java:742) ~[?:?]
	at java.awt.EventDispatchThread.pumpOneEventForFilters(EventDispatchThread.java:203) ~[?:?]
	at java.awt.EventDispatchThread.pumpEventsForFilter(EventDispatchThread.java:124) ~[?:?]
	at java.awt.EventDispatchThread.pumpEventsForHierarchy(EventDispatchThread.java:113) ~[?:?]
	at java.awt.EventDispatchThread.pumpEvents(EventDispatchThread.java:109) ~[?:?]
	at java.awt.EventDispatchThread.pumpEvents(EventDispatchThread.java:101) ~[?:?]
	at java.awt.EventDispatchThread.run(EventDispatchThread.java:90) ~[?:?]
2026-03-04 14:50:41,872 [WARN] ThirdParty:871 - waiting for thirdparty lock release [close project]
2026-03-04 14:50:41,872 [INFO] ThirdParty:873 - entering critical section [close project]
2026-03-04 14:50:41,873 [INFO] ThirdParty:883 - exiting critical section [close project]
2026-03-04 14:50:41,874 [INFO] PinOutPanel:1589 - setPackage(No Configuration,No Configuration)
2026-03-04 14:50:41,942 [WARN] IpParametersView:155 - Warning: This peripheral hasn't parameters
2026-03-04 14:50:42,006 [WARN] MainPanel:289 - <html><b><center>Warning: This peripheral has no parameters to be configured<br></b></html>
2026-03-04 14:50:42,023 [INFO] UtilMem:75 - Begin LoadConfig() Used Memory: 265201504 Bytes (846200832)
2026-03-04 14:50:42,039 [INFO] MicroXplorer:468 - Change Database Path : 
2026-03-04 14:50:42,039 [INFO] MicroXplorer:498 - Change Database Version : DB.6.0.141
2026-03-04 14:50:42,039 [INFO] OpenFileManager:354 - Change cursor
2026-03-04 14:50:42,129 [INFO] RulesReader:64 - Compatibility file has been processed (302 Rules)
2026-03-04 14:50:42,141 [INFO] Mcu:2011 - Initializing MCU STM32F401R(D-E)Tx STM32F401RETx STM32F401RET6
2026-03-04 14:50:43,731 [INFO] Context:756 - Trying to add GPIOservice into a context  which must be forbidden
2026-03-04 14:50:44,321 [INFO] Rule:225 - rule Adapt Old IOC before rework replace old CORTEX_M33/CORTEX_M55 attributes by the new one. is applicable
2026-03-04 14:50:44,322 [INFO] Rule:225 - rule Rename parametre of RCC RCC_APBDBG_DIV2 to RCC_TIMPRES_DIV2 is applicable
2026-03-04 14:50:44,322 [INFO] Rule:225 - rule Rename DIE493 pin PA10 [PA12] -> PA10 is applicable
2026-03-04 14:50:44,322 [INFO] Rule:225 - rule Rename DIE493 pin PA9 [PA11] -> PA9 is applicable
2026-03-04 14:50:44,322 [INFO] Rule:225 - rule Adapt Old IOC CSI. is applicable
2026-03-04 14:50:44,322 [INFO] DbConfProperties:307 - Apply Compatibility (0/5 Rules)
2026-03-04 14:50:44,341 [INFO] ImportTextPane:218 - (OptionalMessage_ERROR) Pin12 (VP_RIF_VS_RIF1) cannot be retrieved for this MCU
2026-03-04 14:50:44,816 [INFO] RtosManager:558 - Registered RTOS mode: class=CMSIS, group=RTOS, mode=CMSIS_V1, owner=FREERTOS
2026-03-04 14:50:44,816 [INFO] RtosManager:558 - Registered RTOS mode: class=CMSIS, group=RTOS2, mode=CMSIS_V2, owner=FREERTOS
2026-03-04 14:50:44,817 [INFO] RtosManager:558 - Registered RTOS mode: class=RTOS, group=Core, mode=CMSIS_V1, owner=FREERTOS
2026-03-04 14:50:44,817 [INFO] RtosManager:558 - Registered RTOS mode: class=RTOS, group=Core, mode=CMSIS_V2, owner=FREERTOS
2026-03-04 14:50:44,817 [WARN] ModelIntegratedComponent:184 - Missing modes for component STMicroelectronics:FreeRTOS:0.0.1:STMicroelectronics:RTOS:FreeRTOS:Core:::10.2.0:
2026-03-04 14:50:44,832 [WARN] ModelIntegratedComponent:63 - No mode defined for component null
2026-03-04 14:50:44,833 [WARN] ModelIntegratedComponent:63 - No mode defined for component null
2026-03-04 14:50:44,833 [WARN] ModelIntegratedComponent:63 - No mode defined for component null
2026-03-04 14:50:44,833 [WARN] ModelIntegratedComponent:63 - No mode defined for component null
2026-03-04 14:50:44,833 [WARN] ModelIntegratedComponent:63 - No mode defined for component null
2026-03-04 14:50:44,833 [WARN] ModelIntegratedComponent:63 - No mode defined for component null
2026-03-04 14:50:44,833 [WARN] ModelIntegratedComponent:63 - No mode defined for component null
2026-03-04 14:50:44,833 [WARN] ModelIntegratedComponent:63 - No mode defined for component null
2026-03-04 14:50:44,833 [WARN] ModelIntegratedComponent:63 - No mode defined for component null
2026-03-04 14:50:44,833 [WARN] ModelIntegratedComponent:63 - No mode defined for component null
2026-03-04 14:50:44,833 [WARN] ModelIntegratedComponent:63 - No mode defined for component null
2026-03-04 14:50:44,833 [WARN] ModelIntegratedComponent:63 - No mode defined for component null
2026-03-04 14:50:44,833 [WARN] ModelIntegratedComponent:63 - No mode defined for component null
2026-03-04 14:50:44,834 [WARN] ModelIntegratedComponent:63 - No mode defined for component null
2026-03-04 14:50:44,834 [WARN] ModelIntegratedComponent:63 - No mode defined for component null
2026-03-04 14:50:44,834 [WARN] ModelIntegratedComponent:63 - No mode defined for component null
2026-03-04 14:50:44,834 [WARN] ModelIntegratedComponent:63 - No mode defined for component null
2026-03-04 14:50:44,834 [WARN] ModelIntegratedComponent:63 - No mode defined for component null
2026-03-04 14:50:44,834 [WARN] ModelIntegratedComponent:63 - No mode defined for component null
2026-03-04 14:50:44,834 [WARN] ModelIntegratedComponent:63 - No mode defined for component null
2026-03-04 14:50:44,834 [WARN] ModelIntegratedComponent:63 - No mode defined for component null
2026-03-04 14:50:44,834 [WARN] ModelIntegratedComponent:63 - No mode defined for component null
2026-03-04 14:50:44,834 [WARN] ModelIntegratedComponent:63 - No mode defined for component null
2026-03-04 14:50:44,834 [WARN] ModelIntegratedComponent:63 - No mode defined for component null
2026-03-04 14:50:44,834 [WARN] ModelIntegratedComponent:63 - No mode defined for component null
2026-03-04 14:50:44,834 [WARN] ModelIntegratedComponent:63 - No mode defined for component null
2026-03-04 14:50:44,835 [WARN] ModelIntegratedComponent:63 - No mode defined for component null
2026-03-04 14:50:44,835 [WARN] ModelIntegratedComponent:63 - No mode defined for component null
2026-03-04 14:50:44,835 [WARN] ModelIntegratedComponent:63 - No mode defined for component null
2026-03-04 14:50:44,835 [WARN] ModelIntegratedComponent:63 - No mode defined for component null
2026-03-04 14:50:44,835 [WARN] ModelIntegratedComponent:63 - No mode defined for component null
2026-03-04 14:50:44,835 [WARN] ModelIntegratedComponent:63 - No mode defined for component null
2026-03-04 14:50:44,835 [WARN] ModelIntegratedComponent:63 - No mode defined for component null
2026-03-04 14:50:44,835 [WARN] ModelIntegratedComponent:63 - No mode defined for component null
2026-03-04 14:50:44,835 [WARN] ModelIntegratedComponent:63 - No mode defined for component null
2026-03-04 14:50:44,835 [WARN] ModelPack:524 - Component already loaded: STMicroelectronics:HAL Drivers:0.0.0:STMicroelectronics:Device:STMicro_Driver:XSPI:HAL::0.0.1:HAL_XSPI
2026-03-04 14:50:44,875 [INFO] ThirdPartyModel:298 - Start build external matchings
2026-03-04 14:50:45,710 [INFO] ThirdPartyModel:316 - End build external matchings
2026-03-04 14:50:45,734 [INFO] ImportTextPane:218 - (OptionalMessage_ERROR) IP (RCC) : Parameter (RTCHSEDivFreq_Value) has invalid value (4000000)
2026-03-04 14:50:45,992 [INFO] UtilMem:75 - End LoadConfig() Used Memory: 704319808 Bytes (846200832)
2026-03-04 14:50:46,000 [WARN] ThirdParty:833 - waiting for thirdparty lock release [change project]
2026-03-04 14:50:46,000 [INFO] ThirdParty:835 - entering critical section [change project]
2026-03-04 14:50:46,000 [INFO] ThirdParty:1030 - CMSIS Pack Vendor :STMicroelectronics X-CUBE-AZRTOS-H7 3.5.0
2026-03-04 14:50:46,000 [INFO] ThirdParty:1030 - CMSIS Pack Vendor :STMicroelectronics X-CUBE-PM33A1 1.0.0
2026-03-04 14:50:46,001 [INFO] ThirdParty:1030 - CMSIS Pack Vendor :STMicroelectronics USBPD 4.1
2026-03-04 14:50:46,001 [INFO] ThirdParty:1030 - CMSIS Pack Vendor :STMicroelectronics X-CUBE-NFC9 1.0.0
2026-03-04 14:50:46,001 [INFO] ThirdParty:1030 - CMSIS Pack Vendor :STMicroelectronics USB_HOST 2.0.0
2026-03-04 14:50:46,002 [INFO] ThirdParty:1030 - CMSIS Pack Vendor :STMicroelectronics X-CUBE-AZRTOS-F4 1.1.0
2026-03-04 14:50:46,002 [INFO] ThirdParty:1030 - CMSIS Pack Vendor :STMicroelectronics LIBJPEG 8.0.0
2026-03-04 14:50:46,002 [INFO] ThirdParty:1030 - CMSIS Pack Vendor :STMicroelectronics FP-ATR-ASTRA1 2.0.2
2026-03-04 14:50:46,003 [INFO] ThirdParty:1030 - CMSIS Pack Vendor :STMicroelectronics X-CUBE-BLE1 7.1.0
2026-03-04 14:50:46,003 [INFO] ThirdParty:1030 - CMSIS Pack Vendor :STMicroelectronics X-CUBE-SMBUS 2.1.0
2026-03-04 14:50:46,003 [INFO] ThirdParty:1030 - CMSIS Pack Vendor :wolfSSL I-CUBE-wolfMQTT 1.19.2
2026-03-04 14:50:46,003 [INFO] ThirdParty:1030 - CMSIS Pack Vendor :STMicroelectronics USB_DEVICE 3.0.0
2026-03-04 14:50:46,003 [INFO] ThirdParty:1030 - CMSIS Pack Vendor :STMicroelectronics X-CUBE-ISPU 2.1.0
2026-03-04 14:50:46,003 [INFO] ThirdParty:1030 - CMSIS Pack Vendor :STMicroelectronics X-CUBE-EEPRMA1 5.2.0
2026-03-04 14:50:46,003 [INFO] ThirdParty:1030 - CMSIS Pack Vendor :STMicroelectronics X-CUBE-BLEMGR 4.1.0
2026-03-04 14:50:46,003 [INFO] ThirdParty:1030 - CMSIS Pack Vendor :STMicroelectronics X-CUBE-AZRTOS-WB 2.0.0
2026-03-04 14:50:46,004 [INFO] ThirdParty:1030 - CMSIS Pack Vendor :wolfSSL I-CUBE-wolfSSL 5.8.4
2026-03-04 14:50:46,004 [INFO] ThirdParty:1030 - CMSIS Pack Vendor :Cesanta I-CUBE-Mongoose 7.20.0
2026-03-04 14:50:46,004 [INFO] ThirdParty:1030 - CMSIS Pack Vendor :STMicroelectronics X-CUBE-NFC12 1.0.0
2026-03-04 14:50:46,004 [INFO] ThirdParty:1030 - CMSIS Pack Vendor :STMicroelectronics X-CUBE-AZRTOS-F7 1.1.0
2026-03-04 14:50:46,004 [INFO] ThirdParty:1030 - CMSIS Pack Vendor :STMicroelectronics X-CUBE-AZRTOS-L5 2.0.0
2026-03-04 14:50:46,004 [INFO] ThirdParty:1030 - CMSIS Pack Vendor :STMicroelectronics USB_DEVICE 2.0.0
2026-03-04 14:50:46,004 [INFO] ThirdParty:1030 - CMSIS Pack Vendor :quantropi X-CUBE-qispace-sdk-base 2.1.0
2026-03-04 14:50:46,004 [INFO] ThirdParty:1030 - CMSIS Pack Vendor :STMicroelectronics X-CUBE-MEMS1 12.0.0
2026-03-04 14:50:46,004 [INFO] ThirdParty:1030 - CMSIS Pack Vendor :STMicroelectronics X-CUBE-STSE01 2.0.0
2026-03-04 14:50:46,004 [INFO] ThirdParty:1030 - CMSIS Pack Vendor :STMicroelectronics FreeRTOS 0.0.1
2026-03-04 14:50:46,004 [INFO] ThirdParty:1030 - CMSIS Pack Vendor :STMicroelectronics X-CUBE-AZRTOS-G0 1.1.0
2026-03-04 14:50:46,004 [INFO] ThirdParty:1030 - CMSIS Pack Vendor :STMicroelectronics X-CUBE-NFC4 3.0.0
2026-03-04 14:50:46,004 [INFO] ThirdParty:1030 - CMSIS Pack Vendor :STMicroelectronics X-CUBE-SUBG2 5.0.0
2026-03-04 14:50:46,004 [INFO] ThirdParty:1030 - CMSIS Pack Vendor :STMicroelectronics STM32_WPAN 1.0.0
2026-03-04 14:50:46,004 [INFO] ThirdParty:1030 - CMSIS Pack Vendor :EmbeddedOffice I-CUBE-FS-RTOS 1.0.1
2026-03-04 14:50:46,005 [INFO] ThirdParty:1030 - CMSIS Pack Vendor :STMicroelectronics lwIP 2.0.3
2026-03-04 14:50:46,005 [INFO] ThirdParty:1030 - CMSIS Pack Vendor :STMicroelectronics USB_HOST 1.0.0
2026-03-04 14:50:46,005 [INFO] ThirdParty:1030 - CMSIS Pack Vendor :STMicroelectronics X-CUBE-AZRTOS-G4 2.0.0
2026-03-04 14:50:46,005 [INFO] ThirdParty:1030 - CMSIS Pack Vendor :STMicroelectronics X-CUBE-WB05N 2.0.0
2026-03-04 14:50:46,005 [INFO] ThirdParty:1030 - CMSIS Pack Vendor :STMicroelectronics PDM2PCM 3.1.0
2026-03-04 14:50:46,005 [INFO] ThirdParty:1030 - CMSIS Pack Vendor :STMicroelectronics PDM2PCM 3.3.0
2026-03-04 14:50:46,005 [INFO] ThirdParty:1030 - CMSIS Pack Vendor :wolfSSL I-CUBE-wolfTPM 3.8.0
2026-03-04 14:50:46,005 [INFO] ThirdParty:1030 - CMSIS Pack Vendor :STMicroelectronics X-CUBE-DISPLAY 3.0.0
2026-03-04 14:50:46,005 [INFO] ThirdParty:1030 - CMSIS Pack Vendor :wolfSSL I-CUBE-wolfSSH 1.4.20
2026-03-04 14:50:46,005 [INFO] ThirdParty:1030 - CMSIS Pack Vendor :STMicroelectronics X-CUBE-NFC7 2.0.0
2026-03-04 14:50:46,005 [INFO] ThirdParty:1030 - CMSIS Pack Vendor :STMicroelectronics X-CUBE-TCPP 4.2.0
2026-03-04 14:50:46,005 [INFO] ThirdParty:1030 - CMSIS Pack Vendor :RealThread X-CUBE-RT-Thread_Nano 4.1.1
2026-03-04 14:50:46,005 [INFO] ThirdParty:1030 - CMSIS Pack Vendor :STMicroelectronics FP-ATR-SIGFOX1 3.2.0
2026-03-04 14:50:46,005 [INFO] ThirdParty:1030 - CMSIS Pack Vendor :STMicroelectronics X-CUBE-NFC10 1.0.0
2026-03-04 14:50:46,005 [INFO] ThirdParty:1030 - CMSIS Pack Vendor :STMicroelectronics HAL Drivers 0.0.0
2026-03-04 14:50:46,005 [INFO] ThirdParty:1030 - CMSIS Pack Vendor :STMicroelectronics MBEDTLS 2.16.2
2026-03-04 14:50:46,005 [INFO] ThirdParty:1030 - CMSIS Pack Vendor :STMicroelectronics X-CUBE-ST60 1.1.0
2026-03-04 14:50:46,006 [INFO] ThirdParty:1030 - CMSIS Pack Vendor :STMicroelectronics X-CUBE-ALS 1.0.2
2026-03-04 14:50:46,006 [INFO] ThirdParty:1030 - CMSIS Pack Vendor :emotas I-CUBE-CANOPEN 1.3.0
2026-03-04 14:50:46,006 [INFO] ThirdParty:1030 - CMSIS Pack Vendor :STMicroelectronics MBEDTLS 2.14.1
2026-03-04 14:50:46,006 [INFO] ThirdParty:1030 - CMSIS Pack Vendor :STMicroelectronics X-CUBE-GNSS1 7.1.0
2026-03-04 14:50:46,006 [INFO] ThirdParty:1030 - CMSIS Pack Vendor :ITTIA_DB I-CUBE-ITTIADB 8.9.0
2026-03-04 14:50:46,006 [INFO] ThirdParty:1030 - CMSIS Pack Vendor :STMicroelectronics X-CUBE-TOUCHGFX 4.26.1
2026-03-04 14:50:46,006 [INFO] ThirdParty:1030 - CMSIS Pack Vendor :STMicroelectronics X-CUBE-NFC6 3.2.0
2026-03-04 14:50:46,006 [INFO] ThirdParty:1030 - CMSIS Pack Vendor :STMicroelectronics X-CUBE-AI 10.2.0
2026-03-04 14:50:46,006 [INFO] ThirdParty:1030 - CMSIS Pack Vendor :STMicroelectronics FP-SNS-STAIOTCFT 1.0.0
2026-03-04 14:50:46,006 [INFO] ThirdParty:1030 - CMSIS Pack Vendor :STMicroelectronics ThreadX 1.0.0
2026-03-04 14:50:46,006 [INFO] ThirdParty:1030 - CMSIS Pack Vendor :STMicroelectronics FP-SNS-SMARTAG2 1.2.0
2026-03-04 14:50:46,006 [INFO] ThirdParty:1030 - CMSIS Pack Vendor :STMicroelectronics FP-SNS-FLIGHT1 5.1.0
2026-03-04 14:50:46,006 [INFO] ThirdParty:1030 - CMSIS Pack Vendor :STMicroelectronics X-CUBE-AZRTOS-WL 2.0.0
2026-03-04 14:50:46,006 [INFO] ThirdParty:1030 - CMSIS Pack Vendor :SEGGER I-CUBE-embOS 1.3.1
2026-03-04 14:50:46,006 [INFO] ThirdParty:1030 - CMSIS Pack Vendor :STMicroelectronics X-CUBE-ALGOBUILD 1.4.0
2026-03-04 14:50:46,007 [INFO] ThirdParty:1030 - CMSIS Pack Vendor :STMicroelectronics X-CUBE-DPower 1.3.0
2026-03-04 14:50:46,007 [INFO] ThirdParty:1030 - CMSIS Pack Vendor :STMicroelectronics USB_DEVICE 1.0.0
2026-03-04 14:50:46,007 [INFO] ThirdParty:1030 - CMSIS Pack Vendor :STMicroelectronics X-CUBE-AZRTOS-H7RS 1.2.0
2026-03-04 14:50:46,007 [INFO] ThirdParty:1030 - CMSIS Pack Vendor :STMicroelectronics X-CUBE-AZRTOS-L4 2.0.0
2026-03-04 14:50:46,007 [INFO] ThirdParty:1030 - CMSIS Pack Vendor :STMicroelectronics ThreadX 0.0.2
2026-03-04 14:50:46,007 [INFO] ThirdParty:1030 - CMSIS Pack Vendor :STMicroelectronics lwIP 2.1.2
2026-03-04 14:50:46,007 [INFO] ThirdParty:1030 - CMSIS Pack Vendor :STMicroelectronics X-CUBE-SFXS2LP1 4.0.0
2026-03-04 14:50:46,007 [INFO] ThirdParty:1030 - CMSIS Pack Vendor :STMicroelectronics X-CUBE-BLE2 3.3.0
2026-03-04 14:50:46,007 [INFO] ThirdParty:1030 - CMSIS Pack Vendor :Avnet-IOTCONNECT X-CUBE-iotc-st67-sdk 1.0.0
2026-03-04 14:50:46,008 [INFO] ThirdParty:1030 - CMSIS Pack Vendor :STMicroelectronics X-CUBE-TOF1 3.4.3
2026-03-04 14:50:46,008 [INFO] ThirdParty:1030 - CMSIS Pack Vendor :Infineon AIROC-Wi-Fi-Bluetooth-STM32 1.8.0
2026-03-04 14:50:46,008 [INFO] ThirdParty:1030 - CMSIS Pack Vendor :STMicroelectronics PDM2PCM 3.2.0
2026-03-04 14:50:46,009 [INFO] ThirdParty:841 - exiting critical section [change project]
2026-03-04 14:50:46,522 [INFO] PinOutPanel:1589 - setPackage(No Configuration,No Configuration)
2026-03-04 14:50:46,523 [INFO] PinOutPanel:1589 - setPackage(STM32F401RETx,LQFP64)
2026-03-04 14:50:47,122 [INFO] UtilMem:75 - Before build in PCC Used Memory: 374467992 Bytes (846200832)
2026-03-04 14:50:47,567 [INFO] UtilMem:75 - After build in PCC Used Memory: 421653896 Bytes (846200832)
2026-03-04 14:50:47,605 [INFO] IPUIPlugin:80 - create IPUIPlugin
2026-03-04 14:50:47,606 [INFO] IPUIPlugin:80 - create IPUIPlugin
2026-03-04 14:50:47,607 [INFO] IPUIPlugin:80 - create IPUIPlugin
2026-03-04 14:50:47,607 [INFO] IPUIPlugin:80 - create IPUIPlugin
2026-03-04 14:50:47,607 [INFO] IPUIPlugin:80 - create IPUIPlugin
2026-03-04 14:50:47,607 [INFO] IPUIPlugin:80 - create IPUIPlugin
2026-03-04 14:50:47,608 [INFO] IPUIPlugin:80 - create IPUIPlugin
2026-03-04 14:50:47,608 [INFO] IPUIPlugin:80 - create IPUIPlugin
2026-03-04 14:50:47,608 [INFO] IPUIPlugin:80 - create IPUIPlugin
2026-03-04 14:50:47,608 [INFO] IPUIPlugin:80 - create IPUIPlugin
2026-03-04 14:50:47,610 [INFO] IPUIPlugin:80 - create IPUIPlugin
2026-03-04 14:50:47,610 [INFO] IPUIPlugin:80 - create IPUIPlugin
2026-03-04 14:50:47,610 [INFO] IPUIPlugin:80 - create IPUIPlugin
2026-03-04 14:50:47,611 [INFO] IPUIPlugin:80 - create IPUIPlugin
2026-03-04 14:50:47,611 [INFO] IPUIPlugin:80 - create IPUIPlugin
2026-03-04 14:50:47,611 [INFO] IPUIPlugin:80 - create IPUIPlugin
2026-03-04 14:50:47,611 [INFO] IPUIPlugin:80 - create IPUIPlugin
2026-03-04 14:50:47,611 [INFO] IPUIPlugin:80 - create IPUIPlugin
2026-03-04 14:50:47,612 [INFO] IPUIPlugin:80 - create IPUIPlugin
2026-03-04 14:50:47,613 [INFO] IPUIPlugin:80 - create IPUIPlugin
2026-03-04 14:50:47,613 [INFO] IPUIPlugin:80 - create IPUIPlugin
2026-03-04 14:50:47,614 [INFO] IPUIPlugin:80 - create IPUIPlugin
2026-03-04 14:50:47,614 [INFO] IPUIPlugin:80 - create IPUIPlugin
2026-03-04 14:50:47,614 [INFO] IPUIPlugin:80 - create IPUIPlugin
2026-03-04 14:50:47,615 [INFO] IPUIPlugin:80 - create IPUIPlugin
2026-03-04 14:50:47,615 [INFO] IPUIPlugin:80 - create IPUIPlugin
2026-03-04 14:50:47,615 [INFO] IPUIPlugin:80 - create IPUIPlugin
2026-03-04 14:50:47,616 [INFO] IPUIPlugin:80 - create IPUIPlugin
2026-03-04 14:50:47,616 [INFO] IPUIPlugin:80 - create IPUIPlugin
2026-03-04 14:50:47,616 [INFO] IPUIPlugin:80 - create IPUIPlugin
2026-03-04 14:50:47,617 [INFO] IPUIPlugin:80 - create IPUIPlugin
2026-03-04 14:50:47,617 [INFO] IPUIPlugin:80 - create IPUIPlugin
2026-03-04 14:50:47,617 [INFO] IPUIPlugin:80 - create IPUIPlugin
2026-03-04 14:50:47,618 [INFO] IPUIPlugin:80 - create IPUIPlugin
2026-03-04 14:50:47,618 [INFO] IPUIPlugin:80 - create IPUIPlugin
2026-03-04 14:50:47,619 [INFO] IPUIPlugin:80 - create IPUIPlugin
2026-03-04 14:50:47,619 [INFO] IPUIPlugin:80 - create IPUIPlugin
2026-03-04 14:50:47,620 [INFO] IPUIPlugin:80 - create IPUIPlugin
2026-03-04 14:50:47,626 [INFO] ApiDbMcu:508 - Load IP Config File for PDM2PCM
2026-03-04 14:50:47,710 [INFO] CADModel:165 - CPN selected for project levelSTM32F401RET6
2026-03-04 14:50:47,710 [INFO] CADModel:114 - Register for checkConnection events
2026-03-04 14:50:47,765 [INFO] OpenFileManager:385 - Restore cursor
2026-03-04 14:50:48,233 [INFO] UtilMem:75 - End SaveConfig() Used Memory: 525516232 Bytes (846200832)
2026-03-04 14:50:48,679 [INFO] ServerAccessManage:473 - Download File stm32cube_fw_f4_v1280.zip
2026-03-04 14:55:26,643 [INFO] AnalyticsPlugin:368 - Accepted License(s): [FW.F4.1.28.0]
2026-03-04 14:55:26,649 [INFO] FileExtend:242 - Unzip File : stm32cube_fw_f4_v1280.zip
2026-03-04 14:55:26,650 [INFO] FileExtend:257 - Standard Zip Deflate
2026-03-04 14:55:37,578 [INFO] ServerAccessManage:473 - Download File stm32cube_fw_f4_v1283.zip
2026-03-04 14:58:49,240 [INFO] FileExtend:242 - Unzip File : stm32cube_fw_f4_v1283.zip
2026-03-04 14:58:49,241 [INFO] FileExtend:257 - Standard Zip Deflate
2026-03-04 14:58:58,229 [INFO] LoadServerPackagesThread:196 - End of LoadServerPackages Thread
2026-03-04 14:58:58,688 [INFO] ThirdPartyModel:298 - Start build external matchings
2026-03-04 14:58:58,758 [INFO] UtilMem:75 - End SaveConfig() Used Memory: 698619256 Bytes (1073741824)
2026-03-04 14:58:59,995 [INFO] BlockDiagram:2775 - set Specific Code input for plugin: NVIC
2026-03-04 14:58:59,995 [INFO] BlockDiagram:2775 - set Specific Code input for plugin: USART
2026-03-04 14:58:59,995 [INFO] BlockDiagram:2775 - set Specific Code input for plugin: SYS
2026-03-04 14:58:59,996 [INFO] BlockDiagram:2775 - set Specific Code input for plugin: GPIO
2026-03-04 14:58:59,996 [INFO] BlockDiagram:2775 - set Specific Code input for plugin: RCC
2026-03-04 14:58:59,997 [INFO] CodeGenerator:882 - code generatio: config db path: /opt/st/stm32cubeide_1.18.1/plugins/com.st.stm32cube.common.mx_6.14.1.202504091515//db/
2026-03-04 14:59:00,609 [INFO] CodeEngine:263 - oldGeneratedFile, /home/vatcraft/Desktop/FET/ELT3240/Lab1/blink_led2/MXTmpFiles/license.tmp_save
2026-03-04 14:59:01,011 [INFO] ThirdPartyModel:316 - End build external matchings
2026-03-04 14:59:01,031 [INFO] CheckServerUpdateThread:120 - End of CheckServer Thread
2026-03-04 14:59:01,182 [INFO] CodeEngine:287 - Generated code: /home/vatcraft/Desktop/FET/ELT3240/Lab1/blink_led2/MXTmpFiles/license.tmp
2026-03-04 14:59:01,229 [INFO] CodeEngine:263 - oldGeneratedFile, /home/vatcraft/Desktop/FET/ELT3240/Lab1/blink_led2/MXTmpFiles/gpio.tmp_save
2026-03-04 14:59:01,389 [INFO] CodeEngine:287 - Generated code: /home/vatcraft/Desktop/FET/ELT3240/Lab1/blink_led2/MXTmpFiles/gpio.tmp
2026-03-04 14:59:01,488 [INFO] CodeEngine:263 - oldGeneratedFile, /home/vatcraft/Desktop/FET/ELT3240/Lab1/blink_led2/Core/Src/stm32f4xx_it.c_save
2026-03-04 14:59:01,665 [INFO] CodeEngine:287 - Generated code: /home/vatcraft/Desktop/FET/ELT3240/Lab1/blink_led2/Core/Src/stm32f4xx_it.c
2026-03-04 14:59:01,667 [INFO] CodeEngine:263 - oldGeneratedFile, /home/vatcraft/Desktop/FET/ELT3240/Lab1/blink_led2/Core/Inc/stm32f4xx_it.h_save
2026-03-04 14:59:01,792 [INFO] CodeEngine:287 - Generated code: /home/vatcraft/Desktop/FET/ELT3240/Lab1/blink_led2/Core/Inc/stm32f4xx_it.h
2026-03-04 14:59:01,803 [INFO] CodeEngine:263 - oldGeneratedFile, /home/vatcraft/Desktop/FET/ELT3240/Lab1/blink_led2/Core/Src/stm32f4xx_hal_msp.c_save
2026-03-04 14:59:01,977 [INFO] CodeEngine:287 - Generated code: /home/vatcraft/Desktop/FET/ELT3240/Lab1/blink_led2/Core/Src/stm32f4xx_hal_msp.c
2026-03-04 14:59:01,978 [INFO] CodeEngine:263 - oldGeneratedFile, /home/vatcraft/Desktop/FET/ELT3240/Lab1/blink_led2/MXTmpFiles/system.tmp_save
2026-03-04 14:59:02,083 [INFO] CodeEngine:287 - Generated code: /home/vatcraft/Desktop/FET/ELT3240/Lab1/blink_led2/MXTmpFiles/system.tmp
2026-03-04 14:59:02,087 [INFO] CodeEngine:319 - oldGeneratedFile, /home/vatcraft/Desktop/FET/ELT3240/Lab1/blink_led2/Core/Inc/stm32f4xx_hal_conf.h_save
2026-03-04 14:59:02,200 [INFO] CodeEngine:343 - Generated code: /home/vatcraft/Desktop/FET/ELT3240/Lab1/blink_led2/Core/Inc/stm32f4xx_hal_conf.h
2026-03-04 14:59:02,245 [INFO] ApiDbMcu:508 - Load IP Config File for USART2
2026-03-04 14:59:02,251 [INFO] ApiDbMcu:508 - Load IP Config File for RCC
2026-03-04 14:59:02,255 [INFO] CodeEngine:263 - oldGeneratedFile, /home/vatcraft/Desktop/FET/ELT3240/Lab1/blink_led2/Core/Inc/main.h_save
2026-03-04 14:59:02,365 [INFO] CodeEngine:287 - Generated code: /home/vatcraft/Desktop/FET/ELT3240/Lab1/blink_led2/Core/Inc/main.h
2026-03-04 14:59:02,367 [INFO] CodeEngine:263 - oldGeneratedFile, /home/vatcraft/Desktop/FET/ELT3240/Lab1/blink_led2/Core/Src/main.c_save
2026-03-04 14:59:02,510 [INFO] CodeEngine:287 - Generated code: /home/vatcraft/Desktop/FET/ELT3240/Lab1/blink_led2/Core/Src/main.c
2026-03-04 14:59:02,979 [INFO] ProjectBuilder:3324 - Time for Copy HAL[1] : 21mS.
2026-03-04 14:59:02,983 [INFO] ProjectBuilder:4912 - Project Generator version: 4.6.0.1-B1
2026-03-04 14:59:03,178 [INFO] ConfigFileManager:1590 - The Die is : DIE433
2026-03-04 14:59:03,187 [INFO] ApiDbMcu:508 - Load IP Config File for FATFS
2026-03-04 14:59:03,193 [INFO] ApiDbMcu:508 - Load IP Config File for FREERTOS
2026-03-04 14:59:03,196 [INFO] ApiDbMcu:508 - Load IP Config File for LIBJPEG
2026-03-04 14:59:03,204 [INFO] ApiDbMcu:508 - Load IP Config File for MBEDTLS
2026-03-04 14:59:03,215 [INFO] ApiDbMcu:508 - Load IP Config File for USB_DEVICE
2026-03-04 14:59:03,221 [INFO] ApiDbMcu:508 - Load IP Config File for USB_HOST
2026-03-04 14:59:03,789 [INFO] LogOutputStream:77 - [STDOUT_REDIRECT] 
2026-03-04 14:59:06,038 [INFO] ProjectBuilder:5191 - Time for Generating toolchain IDE Files: 3054mS.
2026-03-04 14:59:06,039 [INFO] ProjectBuilder:3181 - Time for Copy CMSIS : 0mS.
2026-03-04 14:59:06,040 [INFO] ProjectBuilder:3181 - Time for Copy CMSIS : 0mS.
2026-03-04 14:59:06,946 [INFO] McuFinderGlobals:76 - Set McuFinderConnectedMode to true
2026-03-04 14:59:06,950 [INFO] ApiDb:448 - Save user favorites file /home/vatcraft/.stm32cubeide/favorites.mcus.txt: 0 item(s)
2026-03-04 14:59:06,950 [INFO] ApiDb:452 - User favorites MCUs=[]
2026-03-04 14:59:06,951 [INFO] ApiDb:448 - Save user favorites file /home/vatcraft/.stm32cubeide/favorites.boards.txt: 0 item(s)
2026-03-04 14:59:06,951 [INFO] ApiDb:452 - User favorites Boards=[]
2026-03-04 15:06:01,720 [ERROR] LogOutputStream:75 - [STDERR_REDIRECT] 
