2026-04-01 13:34:51,513 [INFO] Activator:176 - 


2026-04-01 13:34:51,517 [INFO] Activator:177 - !SESSION log4j initialized
2026-04-01 13:34:54,276 [INFO] LogOutputStream:77 - [STDOUT_REDIRECT] 
2026-04-01 13:34:57,009 [INFO] ApplicationProperties:184 - Using Application install path: /opt/st/stm32cubeide_1.18.1/plugins/com.st.stm32cube.common.mx_6.14.1.202504091515
2026-04-01 13:34:57,027 [INFO] DbMcusXml:78 - Set database path to: /opt/st/stm32cubeide_1.18.1/plugins/com.st.stm32cube.common.mx_6.14.1.202504091515//db//mcu/
2026-04-01 13:34:57,027 [INFO] ApiDb:274 - Set plugin database path to: /opt/st/stm32cubeide_1.18.1/plugins/com.st.stm32cube.common.mx_6.14.1.202504091515//db//plugins/boardmanager/
2026-04-01 13:34:57,027 [WARN] ApiDb:259 - Overriding images path with different value:  => /opt/st/stm32cubeide_1.18.1/plugins/com.st.stm32cube.common.mx_6.14.1.202504091515//db//plugins/mcufinder/images/
2026-04-01 13:34:57,031 [INFO] ApiDb:250 - Set database path to: /home/vatcraft/.stmcufinder/plugins/mcufinder//mcu/
2026-04-01 13:34:57,032 [INFO] DbMcusAds:125 - Set database path to: /home/vatcraft/.stmcufinder/plugins/mcufinder//mcu/
2026-04-01 13:34:57,033 [INFO] CrossReferenceDbSqlite:203 - Set database path to: /home/vatcraft/.stmcufinder/plugins/mcufinder//mcu/cs/
2026-04-01 13:34:57,150 [INFO] RulesReader:64 - Compatibility file has been processed (302 Rules)
2026-04-01 13:34:57,209 [INFO] DbMcusXml:78 - Set database path to: /opt/st/stm32cubeide_1.18.1/plugins/com.st.stm32cube.common.mx_6.14.1.202504091515//db//mcu/
2026-04-01 13:34:57,209 [INFO] ApiDb:274 - Set plugin database path to: /opt/st/stm32cubeide_1.18.1/plugins/com.st.stm32cube.common.mx_6.14.1.202504091515//db//plugins/boardmanager/
2026-04-01 13:34:57,209 [INFO] ApiDb:261 - Set plugin images path to: /opt/st/stm32cubeide_1.18.1/plugins/com.st.stm32cube.common.mx_6.14.1.202504091515//db//plugins/mcufinder/images/
2026-04-01 13:34:57,210 [WARN] DbFile:41 - Overriding database path with different value: /home/vatcraft/.stmcufinder/plugins/mcufinder/ => /home/vatcraft/.stmcufinder/plugins/mcufinder
2026-04-01 13:34:57,210 [INFO] ApiDb:250 - Set database path to: /home/vatcraft/.stmcufinder/plugins/mcufinder//mcu/
2026-04-01 13:34:57,210 [WARN] DbFile:41 - Overriding database path with different value: /home/vatcraft/.stmcufinder/plugins/mcufinder/ => /home/vatcraft/.stmcufinder/plugins/mcufinder
2026-04-01 13:34:57,210 [INFO] DbMcusAds:125 - Set database path to: /home/vatcraft/.stmcufinder/plugins/mcufinder//mcu/
2026-04-01 13:34:57,210 [WARN] DbFile:41 - Overriding database path with different value: /home/vatcraft/.stmcufinder/plugins/mcufinder/ => /home/vatcraft/.stmcufinder/plugins/mcufinder
2026-04-01 13:34:57,210 [WARN] DbFile:41 - Overriding database path with different value: /home/vatcraft/.stmcufinder/plugins/mcufinder/ => /home/vatcraft/.stmcufinder/plugins/mcufinder
2026-04-01 13:34:57,211 [INFO] CrossReferenceDbSqlite:203 - Set database path to: /home/vatcraft/.stmcufinder/plugins/mcufinder//mcu/cs/
2026-04-01 13:34:57,267 [INFO] MainPanel:272 - HeapMemory: 268435456
2026-04-01 13:34:57,368 [INFO] DbMcusXml:78 - Set database path to: /opt/st/stm32cubeide_1.18.1/plugins/com.st.stm32cube.common.mx_6.14.1.202504091515//db//mcu/
2026-04-01 13:34:57,368 [INFO] ApiDb:274 - Set plugin database path to: /opt/st/stm32cubeide_1.18.1/plugins/com.st.stm32cube.common.mx_6.14.1.202504091515//db//plugins/boardmanager/
2026-04-01 13:34:57,368 [INFO] ApiDb:261 - Set plugin images path to: /opt/st/stm32cubeide_1.18.1/plugins/com.st.stm32cube.common.mx_6.14.1.202504091515//db//plugins/mcufinder/images/
2026-04-01 13:34:57,368 [WARN] DbFile:41 - Overriding database path with different value: /home/vatcraft/.stmcufinder/plugins/mcufinder/ => /home/vatcraft/.stmcufinder/plugins/mcufinder
2026-04-01 13:34:57,369 [INFO] ApiDb:250 - Set database path to: /home/vatcraft/.stmcufinder/plugins/mcufinder//mcu/
2026-04-01 13:34:57,369 [WARN] DbFile:41 - Overriding database path with different value: /home/vatcraft/.stmcufinder/plugins/mcufinder/ => /home/vatcraft/.stmcufinder/plugins/mcufinder
2026-04-01 13:34:57,369 [INFO] DbMcusAds:125 - Set database path to: /home/vatcraft/.stmcufinder/plugins/mcufinder//mcu/
2026-04-01 13:34:57,369 [WARN] DbFile:41 - Overriding database path with different value: /home/vatcraft/.stmcufinder/plugins/mcufinder/ => /home/vatcraft/.stmcufinder/plugins/mcufinder
2026-04-01 13:34:57,369 [WARN] DbFile:41 - Overriding database path with different value: /home/vatcraft/.stmcufinder/plugins/mcufinder/ => /home/vatcraft/.stmcufinder/plugins/mcufinder
2026-04-01 13:34:57,369 [INFO] CrossReferenceDbSqlite:203 - Set database path to: /home/vatcraft/.stmcufinder/plugins/mcufinder//mcu/cs/
2026-04-01 13:34:57,383 [INFO] ApplicationProperties:184 - Using Application install path: /opt/st/stm32cubeide_1.18.1/plugins/com.st.stm32cube.common.mx_6.14.1.202504091515
2026-04-01 13:34:57,385 [INFO] PluginManage:196 - Search for loadable plugins [exclusion list=, ]
2026-04-01 13:34:57,386 [INFO] PluginManage:310 - Check plugin analytics
2026-04-01 13:34:57,548 [INFO] AnalyticsPlugin:253 - Accepted Software Licenses: 
2026-04-01 13:34:57,549 [INFO] AnalyticsPlugin:255 - Accepted CMSIS Pack Licenses: 
2026-04-01 13:34:57,549 [INFO] AnalyticsPlugin:257 - Accepted Firmware Licenses: FW.F4.1.28.0,FW.L4.1.18.0
2026-04-01 13:34:57,552 [INFO] PluginManage:359 - Loaded plugin analytics (category:tool,tabindex:-1)
2026-04-01 13:34:57,552 [INFO] PluginManage:310 - Check plugin cadmodel
2026-04-01 13:34:57,556 [INFO] CADModel:105 - Init CAD model plugin
2026-04-01 13:34:57,556 [INFO] PluginManage:359 - Loaded plugin cadmodel (category:power,tabindex:5)
2026-04-01 13:34:57,557 [INFO] PluginManage:310 - Check plugin clock
2026-04-01 13:34:57,563 [INFO] PluginManage:359 - Loaded plugin clock (category:base,tabindex:2)
2026-04-01 13:34:57,563 [INFO] PluginManage:310 - Check plugin ddr
2026-04-01 13:34:57,565 [INFO] PluginManage:359 - Loaded plugin ddr (category:tool,tabindex:6)
2026-04-01 13:34:57,566 [INFO] PluginManage:310 - Check plugin filemanager
2026-04-01 13:34:57,682 [INFO] PluginManage:359 - Loaded plugin filemanager (category:base,tabindex:10)
2026-04-01 13:34:57,682 [INFO] PluginManage:310 - Check plugin ipmanager
2026-04-01 13:34:57,686 [INFO] PluginManage:359 - Loaded plugin ipmanager (category:base,tabindex:5)
2026-04-01 13:34:57,687 [INFO] PluginManage:310 - Check plugin lpbam
2026-04-01 13:34:57,694 [INFO] PluginManage:359 - Loaded plugin lpbam (category:base,tabindex:0)
2026-04-01 13:34:57,694 [INFO] PluginManage:310 - Check plugin memorymap
2026-04-01 13:34:57,703 [INFO] PluginManage:359 - Loaded plugin memorymap (category:base,tabindex:4)
2026-04-01 13:34:57,703 [INFO] PluginManage:310 - Check plugin pinoutandconfiguration
2026-04-01 13:34:57,712 [INFO] PluginManage:359 - Loaded plugin pinoutandconfiguration (category:base,tabindex:1)
2026-04-01 13:34:57,712 [INFO] PluginManage:310 - Check plugin pinoutconfig
2026-04-01 13:34:57,811 [INFO] McuFinderGlobals:63 - Set McuFinder mode to 2 (CubeIDE integrated)
2026-04-01 13:34:57,853 [WARN] SupportedApi:132 - Cannot load RTOS API schema: s4s-elt-must-match.1: The content of 'definitions' must match (annotation?, (simpleType | complexType)?, (unique | key | keyref)*)). A problem was found starting at: attribute.
2026-04-01 13:34:58,037 [INFO] PluginManage:359 - Loaded plugin pinoutconfig (category:base,tabindex:0)
2026-04-01 13:34:58,037 [INFO] PluginManage:310 - Check plugin power
2026-04-01 13:34:58,047 [INFO] PluginManage:359 - Loaded plugin power (category:power,tabindex:4)
2026-04-01 13:34:58,047 [INFO] PluginManage:310 - Check plugin projectmanager
2026-04-01 13:34:58,066 [INFO] PluginManage:359 - Loaded plugin projectmanager (category:projectmanager,tabindex:4)
2026-04-01 13:34:58,066 [INFO] PluginManage:310 - Check plugin rif
2026-04-01 13:34:58,072 [INFO] PluginManage:359 - Loaded plugin rif (category:base,tabindex:3)
2026-04-01 13:34:58,072 [INFO] PluginManage:310 - Check plugin thirdparty
2026-04-01 13:34:58,205 [INFO] PluginManage:359 - Loaded plugin thirdparty (category:base,tabindex:-1)
2026-04-01 13:34:58,205 [INFO] PluginManage:310 - Check plugin tools
2026-04-01 13:34:58,205 [WARN] IntegrityCheckThread:84 - waiting for thirdparty lock release [integrity check]
2026-04-01 13:34:58,206 [INFO] IntegrityCheckThread:86 - entering critical section [integrity check]
2026-04-01 13:34:58,206 [INFO] ThirdPartyUpdaterWithRetryManager:70 - Updater plugin not ready yet. [1/15]
2026-04-01 13:34:58,208 [INFO] PluginManage:359 - Loaded plugin tools (category:base,tabindex:7)
2026-04-01 13:34:58,208 [INFO] PluginManage:310 - Check plugin tutovideos
2026-04-01 13:34:58,393 [INFO] PluginManage:359 - Loaded plugin tutovideos (category:base,tabindex:-1)
2026-04-01 13:34:58,394 [INFO] PluginManage:310 - Check plugin updater
2026-04-01 13:34:58,426 [INFO] PluginManage:359 - Loaded plugin updater (category:base,tabindex:12)
2026-04-01 13:34:58,426 [INFO] PluginManage:310 - Check plugin userauth
2026-04-01 13:34:58,430 [INFO] UserAuth:118 - Init User Auth plugin
2026-04-01 13:34:58,431 [INFO] PluginManage:359 - Loaded plugin userauth (category:base,tabindex:14)
2026-04-01 13:34:58,432 [INFO] PluginManage:283 - PluginManage : Loaded plugins [18]
2026-04-01 13:34:58,611 [INFO] PinOutPanel:1589 - setPackage(No Configuration,No Configuration)
2026-04-01 13:34:58,676 [INFO] CADModel:165 - CPN selected for project level
2026-04-01 13:34:58,676 [INFO] CADModel:114 - Register for checkConnection events
2026-04-01 13:34:58,687 [INFO] IPUIPlugin:80 - create IPUIPlugin
2026-04-01 13:34:58,687 [INFO] PluginManager:220 - loadIPPluginJar : add openamp
2026-04-01 13:34:58,693 [INFO] IPUIPlugin:80 - create IPUIPlugin
2026-04-01 13:34:58,693 [INFO] PluginManager:220 - loadIPPluginJar : add pdm2pcm
2026-04-01 13:34:58,697 [INFO] IPUIPlugin:80 - create IPUIPlugin
2026-04-01 13:34:58,697 [INFO] PluginManager:220 - loadIPPluginJar : add touchsensing
2026-04-01 13:34:58,704 [INFO] IPUIPlugin:80 - create IPUIPlugin
2026-04-01 13:34:58,708 [INFO] PluginManager:220 - loadIPPluginJar : add plateformsettings
2026-04-01 13:34:58,713 [INFO] IPUIPlugin:80 - create IPUIPlugin
2026-04-01 13:34:58,713 [INFO] PluginManager:220 - loadIPPluginJar : add resmgrutility
2026-04-01 13:34:58,719 [INFO] IPUIPlugin:80 - create IPUIPlugin
2026-04-01 13:34:58,720 [INFO] PluginManager:220 - loadIPPluginJar : add gic
2026-04-01 13:34:58,722 [INFO] IPUIPlugin:80 - create IPUIPlugin
2026-04-01 13:34:58,722 [INFO] PluginManager:220 - loadIPPluginJar : add genericplugin
2026-04-01 13:34:58,724 [INFO] IPUIPlugin:80 - create IPUIPlugin
2026-04-01 13:34:58,724 [INFO] PluginManager:220 - loadIPPluginJar : add tracer_emb
2026-04-01 13:34:58,727 [INFO] IPUIPlugin:80 - create IPUIPlugin
2026-04-01 13:34:58,728 [INFO] PluginManager:220 - loadIPPluginJar : add extmemmanager
2026-04-01 13:34:58,730 [INFO] IPUIPlugin:80 - create IPUIPlugin
2026-04-01 13:34:58,730 [INFO] PluginManager:220 - loadIPPluginJar : add spi
2026-04-01 13:34:58,738 [INFO] IPUIPlugin:80 - create IPUIPlugin
2026-04-01 13:34:58,738 [INFO] PluginManager:220 - loadIPPluginJar : add linkedlist
2026-04-01 13:34:58,740 [INFO] IPUIPlugin:80 - create IPUIPlugin
2026-04-01 13:34:58,740 [INFO] PluginManager:220 - loadIPPluginJar : add ucpd
2026-04-01 13:34:58,743 [INFO] IPUIPlugin:80 - create IPUIPlugin
2026-04-01 13:34:58,744 [INFO] PluginManager:220 - loadIPPluginJar : add i3c
2026-04-01 13:34:58,746 [INFO] IPUIPlugin:80 - create IPUIPlugin
2026-04-01 13:34:58,746 [INFO] PluginManager:220 - loadIPPluginJar : add hash
2026-04-01 13:34:58,750 [INFO] IPUIPlugin:80 - create IPUIPlugin
2026-04-01 13:34:58,750 [INFO] PluginManager:220 - loadIPPluginJar : add nvic
2026-04-01 13:34:58,753 [INFO] IPUIPlugin:80 - create IPUIPlugin
2026-04-01 13:34:58,753 [INFO] PluginManager:220 - loadIPPluginJar : add usbx
2026-04-01 13:34:58,756 [INFO] IPUIPlugin:80 - create IPUIPlugin
2026-04-01 13:34:58,756 [INFO] PluginManager:220 - loadIPPluginJar : add cryp
2026-04-01 13:34:58,757 [INFO] IPUIPlugin:80 - create IPUIPlugin
2026-04-01 13:34:58,758 [INFO] PluginManager:220 - loadIPPluginJar : add quadspi
2026-04-01 13:34:58,759 [INFO] IPUIPlugin:80 - create IPUIPlugin
2026-04-01 13:34:58,760 [INFO] PluginManager:220 - loadIPPluginJar : add ts
2026-04-01 13:34:58,762 [INFO] IPUIPlugin:80 - create IPUIPlugin
2026-04-01 13:34:58,762 [INFO] PluginManager:220 - loadIPPluginJar : add i2c
2026-04-01 13:34:58,766 [INFO] IPUIPlugin:80 - create IPUIPlugin
2026-04-01 13:34:58,766 [INFO] PluginManager:220 - loadIPPluginJar : add ipddr
2026-04-01 13:34:58,768 [INFO] IPUIPlugin:80 - create IPUIPlugin
2026-04-01 13:34:58,769 [INFO] PluginManager:220 - loadIPPluginJar : add aes
2026-04-01 13:34:58,773 [INFO] IPUIPlugin:80 - create IPUIPlugin
2026-04-01 13:34:58,773 [INFO] PluginManager:220 - loadIPPluginJar : add sai
2026-04-01 13:34:58,776 [INFO] IPUIPlugin:80 - create IPUIPlugin
2026-04-01 13:34:58,776 [INFO] PluginManager:220 - loadIPPluginJar : add dma3
2026-04-01 13:34:58,779 [INFO] IPUIPlugin:80 - create IPUIPlugin
2026-04-01 13:34:58,779 [INFO] PluginManager:220 - loadIPPluginJar : add lorawan
2026-04-01 13:34:58,782 [INFO] IPUIPlugin:80 - create IPUIPlugin
2026-04-01 13:34:58,782 [INFO] PluginManager:220 - loadIPPluginJar : add dfsdm
2026-04-01 13:34:58,785 [INFO] IPUIPlugin:80 - create IPUIPlugin
2026-04-01 13:34:58,785 [INFO] PluginManager:220 - loadIPPluginJar : add gtzc
2026-04-01 13:34:58,788 [INFO] IPUIPlugin:80 - create IPUIPlugin
2026-04-01 13:34:58,788 [INFO] PluginManager:220 - loadIPPluginJar : add can
2026-04-01 13:34:58,794 [INFO] IPUIPlugin:80 - create IPUIPlugin
2026-04-01 13:34:58,794 [INFO] PluginManager:220 - loadIPPluginJar : add freertos
2026-04-01 13:34:58,797 [INFO] IPUIPlugin:80 - create IPUIPlugin
2026-04-01 13:34:58,797 [INFO] PluginManager:220 - loadIPPluginJar : add usart
2026-04-01 13:34:58,802 [INFO] IPUIPlugin:80 - create IPUIPlugin
2026-04-01 13:34:58,802 [INFO] PluginManager:220 - loadIPPluginJar : add fmc
2026-04-01 13:34:58,807 [INFO] IPUIPlugin:80 - create IPUIPlugin
2026-04-01 13:34:58,807 [INFO] PluginManager:220 - loadIPPluginJar : add gpio
2026-04-01 13:34:58,809 [INFO] IPUIPlugin:80 - create IPUIPlugin
2026-04-01 13:34:58,810 [INFO] PluginManager:220 - loadIPPluginJar : add i2s
2026-04-01 13:34:58,816 [INFO] IPUIPlugin:80 - create IPUIPlugin
2026-04-01 13:34:58,816 [INFO] PluginManager:220 - loadIPPluginJar : add mdma
2026-04-01 13:34:58,817 [INFO] IPUIPlugin:80 - create IPUIPlugin
2026-04-01 13:34:58,817 [INFO] PluginManager:220 - loadIPPluginJar : add ltdc
2026-04-01 13:34:58,820 [INFO] IPUIPlugin:80 - create IPUIPlugin
2026-04-01 13:34:58,820 [INFO] PluginManager:220 - loadIPPluginJar : add opamp
2026-04-01 13:34:58,827 [INFO] IPUIPlugin:80 - create IPUIPlugin
2026-04-01 13:34:58,827 [INFO] PluginManager:220 - loadIPPluginJar : add adc
2026-04-01 13:34:58,830 [INFO] IPUIPlugin:80 - create IPUIPlugin
2026-04-01 13:34:58,830 [INFO] PluginManager:220 - loadIPPluginJar : add ddr_ctrl_phy
2026-04-01 13:34:58,837 [INFO] IPUIPlugin:80 - create IPUIPlugin
2026-04-01 13:34:58,837 [INFO] PluginManager:220 - loadIPPluginJar : add stm32_wpan
2026-04-01 13:34:58,843 [INFO] IPUIPlugin:80 - create IPUIPlugin
2026-04-01 13:34:58,843 [INFO] PluginManager:220 - loadIPPluginJar : add dma
2026-04-01 13:34:58,845 [INFO] IPUIPlugin:80 - create IPUIPlugin
2026-04-01 13:34:58,845 [INFO] PluginManager:220 - loadIPPluginJar : add tsc
2026-04-01 13:34:58,847 [INFO] IPUIPlugin:80 - create IPUIPlugin
2026-04-01 13:34:58,847 [INFO] PluginManager:220 - loadIPPluginJar : add comp
2026-04-01 13:34:58,849 [INFO] IPUIPlugin:80 - create IPUIPlugin
2026-04-01 13:34:58,849 [INFO] PluginManager:220 - loadIPPluginJar : add fatfs
2026-04-01 13:34:58,851 [INFO] IPUIPlugin:80 - create IPUIPlugin
2026-04-01 13:34:58,851 [INFO] PluginManager:220 - loadIPPluginJar : add tim
2026-04-01 13:34:58,853 [INFO] IPUIPlugin:80 - create IPUIPlugin
2026-04-01 13:34:58,853 [INFO] PluginManager:220 - loadIPPluginJar : add gfxmmu
2026-04-01 13:34:58,855 [INFO] IPUIPlugin:80 - create IPUIPlugin
2026-04-01 13:34:58,856 [INFO] PluginManager:220 - loadIPPluginJar : add radio
2026-04-01 13:34:58,977 [FATAL] Updater:351 - Updater called before beeing initialized
2026-04-01 13:34:59,066 [INFO] RulesReader:64 - Compatibility file has been processed (302 Rules)
2026-04-01 13:34:59,087 [INFO] RulesReader:64 - Compatibility file has been processed (302 Rules)
2026-04-01 13:34:59,097 [INFO] CADModel:165 - CPN selected for project level
2026-04-01 13:34:59,097 [INFO] CADModel:114 - Register for checkConnection events
2026-04-01 13:34:59,098 [FATAL] Updater:351 - Updater called before beeing initialized
2026-04-01 13:34:59,098 [ERROR] CADModel:125 - Updater not yet initialized, retry later 
2026-04-01 13:34:59,317 [FATAL] Updater:351 - Updater called before beeing initialized
2026-04-01 13:34:59,319 [INFO] CADModel:165 - CPN selected for project level
2026-04-01 13:34:59,319 [INFO] CADModel:114 - Register for checkConnection events
2026-04-01 13:34:59,319 [FATAL] Updater:351 - Updater called before beeing initialized
2026-04-01 13:34:59,321 [ERROR] CADModel:125 - Updater not yet initialized, retry later 
2026-04-01 13:34:59,325 [FATAL] Updater:351 - Updater called before beeing initialized
2026-04-01 13:34:59,434 [FATAL] Updater:351 - Updater called before beeing initialized
2026-04-01 13:34:59,437 [INFO] DbMcusAds:53 - JSON generation date=Thu Mar 05 21:32:52 ICT 2026 (1772721172890)
2026-04-01 13:34:59,437 [FATAL] Updater:351 - Updater called before beeing initialized
2026-04-01 13:34:59,465 [WARN] DetailPanel:346 - Failed to get advertising image, set to default
2026-04-01 13:34:59,707 [FATAL] Updater:351 - Updater called before beeing initialized
2026-04-01 13:34:59,716 [FATAL] Updater:351 - Updater called before beeing initialized
2026-04-01 13:34:59,716 [FATAL] Updater:351 - Updater called before beeing initialized
2026-04-01 13:34:59,716 [WARN] DetailPanel:346 - Failed to get advertising image, set to default
2026-04-01 13:34:59,717 [FATAL] Updater:351 - Updater called before beeing initialized
2026-04-01 13:34:59,755 [ERROR] Updater:1198 - MainUpdater not yet initialized. External WinMGr cannot be set.
2026-04-01 13:34:59,756 [INFO] Updater:1134 - Updater Version found : 6.14.1
2026-04-01 13:34:59,770 [INFO] ApplicationProperties:184 - Using Application install path: /opt/st/stm32cubeide_1.18.1/plugins/com.st.stm32cube.common.mx_6.14.1.202504091515
2026-04-01 13:35:00,142 [INFO] MainUpdater:2872 - connection check result : 10
2026-04-01 13:35:00,143 [INFO] MainUpdater:289 - Updater Check For Update Now.
2026-04-01 13:35:00,143 [INFO] MicroXplorer:498 - Change Database Version : DB.6.0.141
2026-04-01 13:35:00,155 [INFO] McuFinderGlobals:63 - Set McuFinder mode to 2 (CubeIDE integrated)
2026-04-01 13:35:00,156 [INFO] UserAuth:484 - Internet connection configuration mode: 1
2026-04-01 13:35:00,223 [INFO] JxBrowserEngine:152 - Initiate JxBrowser Engine with user profile folder
2026-04-01 13:35:00,460 [INFO] CheckServerUpdateThread:120 - End of CheckServer Thread
2026-04-01 13:35:00,574 [INFO] MainUpdater:2872 - connection check result : 10
2026-04-01 13:35:00,788 [INFO] MainUpdater:2872 - connection check result : 10
2026-04-01 13:35:01,065 [ERROR] LogOutputStream:75 - [STDERR_REDIRECT] java.lang.NullPointerException: Cannot invoke "com.st.stm32cube.common.mx.targetselector.IdeMcuFinder.getBoard()" because "this.mcuFinder" is null
2026-04-01 13:35:01,068 [ERROR] LogOutputStream:75 - [STDERR_REDIRECT] 	at com.st.stm32cube.common.mx.targetselector.TargetSelectorAdapter.getBoard(TargetSelectorAdapter.java:372)
2026-04-01 13:35:01,068 [ERROR] LogOutputStream:75 - [STDERR_REDIRECT] 	at com.st.stm32cube.common.projectcreation.ui.wizard.TargetSetupPageAbstract.getSelectedTargetName(TargetSetupPageAbstract.java:462)
2026-04-01 13:35:01,069 [ERROR] LogOutputStream:75 - [STDERR_REDIRECT] 	at com.st.stm32cube.common.projectcreation.ui.wizard.ProjectSetupPageAbstract.getTargetObject(ProjectSetupPageAbstract.java:1105)
2026-04-01 13:35:01,070 [ERROR] LogOutputStream:75 - [STDERR_REDIRECT] 	at com.st.stm32cube.common.projectcreation.ui.projectStructure.ProjectStructureCompositeFactory.createProjectStructureComposite(ProjectStructureCompositeFactory.java:22)
2026-04-01 13:35:01,073 [ERROR] LogOutputStream:75 - [STDERR_REDIRECT] 	at com.st.stm32cube.common.projectcreation.ui.wizard.ProjectSetupPageAbstract.createControl(ProjectSetupPageAbstract.java:388)
2026-04-01 13:35:01,075 [ERROR] LogOutputStream:75 - [STDERR_REDIRECT] 	at org.eclipse.jface.wizard.Wizard.createPageControls(Wizard.java:180)
2026-04-01 13:35:01,076 [ERROR] LogOutputStream:75 - [STDERR_REDIRECT] 	at org.eclipse.jface.wizard.WizardDialog.createPageControls(WizardDialog.java:744)
2026-04-01 13:35:01,076 [ERROR] LogOutputStream:75 - [STDERR_REDIRECT] 	at org.eclipse.jface.wizard.WizardDialog.createContents(WizardDialog.java:637)
2026-04-01 13:35:01,077 [ERROR] LogOutputStream:75 - [STDERR_REDIRECT] 	at org.eclipse.jface.window.Window.create(Window.java:431)
2026-04-01 13:35:01,079 [ERROR] LogOutputStream:75 - [STDERR_REDIRECT] 	at org.eclipse.jface.dialogs.Dialog.create(Dialog.java:1092)
2026-04-01 13:35:01,079 [ERROR] LogOutputStream:75 - [STDERR_REDIRECT] 	at org.eclipse.jface.window.Window.open(Window.java:788)
2026-04-01 13:35:01,079 [ERROR] LogOutputStream:75 - [STDERR_REDIRECT] 	at com.st.stm32cube.ide.mcu.informationcenter.WelcomePageAction.run(WelcomePageAction.java:54)
2026-04-01 13:35:01,080 [ERROR] LogOutputStream:75 - [STDERR_REDIRECT] 	at org.eclipse.ui.internal.intro.impl.model.url.IntroURL.runAction(IntroURL.java:272)
2026-04-01 13:35:01,080 [ERROR] LogOutputStream:75 - [STDERR_REDIRECT] 	at org.eclipse.ui.internal.intro.impl.model.url.IntroURL.doExecute(IntroURL.java:187)
2026-04-01 13:35:01,081 [ERROR] LogOutputStream:75 - [STDERR_REDIRECT] 	at org.eclipse.ui.internal.intro.impl.model.url.IntroURL.lambda$0(IntroURL.java:142)
2026-04-01 13:35:01,083 [ERROR] LogOutputStream:75 - [STDERR_REDIRECT] 	at org.eclipse.swt.custom.BusyIndicator.showWhile(BusyIndicator.java:67)
2026-04-01 13:35:01,085 [ERROR] LogOutputStream:75 - [STDERR_REDIRECT] 	at org.eclipse.ui.internal.intro.impl.model.url.IntroURL.execute(IntroURL.java:142)
2026-04-01 13:35:01,086 [ERROR] LogOutputStream:75 - [STDERR_REDIRECT] 	at org.eclipse.ui.internal.intro.impl.presentations.BrowserIntroPartLocationListener.changing(BrowserIntroPartLocationListener.java:130)
2026-04-01 13:35:01,086 [ERROR] LogOutputStream:75 - [STDERR_REDIRECT] 	at org.eclipse.swt.browser.WebKit.webkit_decide_policy(WebKit.java:2300)
2026-04-01 13:35:01,087 [ERROR] LogOutputStream:75 - [STDERR_REDIRECT] 	at org.eclipse.swt.browser.WebKit.webViewProc(WebKit.java:609)
2026-04-01 13:35:01,087 [ERROR] LogOutputStream:75 - [STDERR_REDIRECT] 	at org.eclipse.swt.browser.WebKit.Proc(WebKit.java:530)
2026-04-01 13:35:01,090 [ERROR] LogOutputStream:75 - [STDERR_REDIRECT] 	at org.eclipse.swt.internal.gtk3.GTK3.gtk_main_iteration_do(Native Method)
2026-04-01 13:35:01,090 [ERROR] LogOutputStream:75 - [STDERR_REDIRECT] 	at org.eclipse.swt.widgets.Display.readAndDispatch(Display.java:4514)
2026-04-01 13:35:01,090 [ERROR] LogOutputStream:75 - [STDERR_REDIRECT] 	at com.st.stm32cube.common.mx.oss.core.awtswtbridge.SwtInputBlocker.open(SwtInputBlocker.java:55)
2026-04-01 13:35:01,091 [ERROR] LogOutputStream:75 - [STDERR_REDIRECT] 	at com.st.stm32cube.common.mx.oss.core.awtswtbridge.SwtInputBlocker.block(SwtInputBlocker.java:111)
2026-04-01 13:35:01,094 [ERROR] LogOutputStream:75 - [STDERR_REDIRECT] 	at com.st.stm32cube.common.mx.oss.core.awtswtbridge.AwtEnvironment.invokeAwt(AwtEnvironment.java:179)
2026-04-01 13:35:01,095 [ERROR] LogOutputStream:75 - [STDERR_REDIRECT] 	at com.st.stm32cube.common.mx.oss.core.awtswtbridge.AwtEnvironment.invokeAwtAndBlockSwt(AwtEnvironment.java:206)
2026-04-01 13:35:01,095 [ERROR] LogOutputStream:75 - [STDERR_REDIRECT] 	at com.st.stm32cube.common.mx.targetselector.TargetSelectorAdapter.launchMCUFinder(TargetSelectorAdapter.java:233)
2026-04-01 13:35:01,096 [ERROR] LogOutputStream:75 - [STDERR_REDIRECT] 	at com.st.stm32cube.common.mx.targetselector.TargetSelectorAdapter.addTargetSelector(TargetSelectorAdapter.java:181)
2026-04-01 13:35:01,096 [ERROR] LogOutputStream:75 - [STDERR_REDIRECT] 	at com.st.stm32cube.common.projectcreation.ui.wizard.TargetSetupPageAbstract.createControl(TargetSetupPageAbstract.java:131)
2026-04-01 13:35:01,098 [ERROR] LogOutputStream:75 - [STDERR_REDIRECT] 	at org.eclipse.jface.wizard.Wizard.createPageControls(Wizard.java:180)
2026-04-01 13:35:01,100 [ERROR] LogOutputStream:75 - [STDERR_REDIRECT] 	at org.eclipse.jface.wizard.WizardDialog.createPageControls(WizardDialog.java:744)
2026-04-01 13:35:01,103 [ERROR] LogOutputStream:75 - [STDERR_REDIRECT] 	at org.eclipse.jface.wizard.WizardDialog.createContents(WizardDialog.java:637)
2026-04-01 13:35:01,109 [ERROR] LogOutputStream:75 - [STDERR_REDIRECT] 	at org.eclipse.jface.window.Window.create(Window.java:431)
2026-04-01 13:35:01,110 [ERROR] LogOutputStream:75 - [STDERR_REDIRECT] 	at org.eclipse.jface.dialogs.Dialog.create(Dialog.java:1092)
2026-04-01 13:35:01,117 [ERROR] LogOutputStream:75 - [STDERR_REDIRECT] 	at org.eclipse.jface.window.Window.open(Window.java:788)
2026-04-01 13:35:01,118 [ERROR] LogOutputStream:75 - [STDERR_REDIRECT] 	at com.st.stm32cube.ide.mcu.informationcenter.WelcomePageAction.run(WelcomePageAction.java:54)
2026-04-01 13:35:01,119 [ERROR] LogOutputStream:75 - [STDERR_REDIRECT] 	at org.eclipse.ui.internal.intro.impl.model.url.IntroURL.runAction(IntroURL.java:272)
2026-04-01 13:35:01,119 [ERROR] LogOutputStream:75 - [STDERR_REDIRECT] 	at org.eclipse.ui.internal.intro.impl.model.url.IntroURL.doExecute(IntroURL.java:187)
2026-04-01 13:35:01,120 [ERROR] LogOutputStream:75 - [STDERR_REDIRECT] 	at org.eclipse.ui.internal.intro.impl.model.url.IntroURL.lambda$0(IntroURL.java:142)
2026-04-01 13:35:01,125 [ERROR] LogOutputStream:75 - [STDERR_REDIRECT] 	at org.eclipse.swt.custom.BusyIndicator.showWhile(BusyIndicator.java:67)
2026-04-01 13:35:01,126 [ERROR] LogOutputStream:75 - [STDERR_REDIRECT] 	at org.eclipse.ui.internal.intro.impl.model.url.IntroURL.execute(IntroURL.java:142)
2026-04-01 13:35:01,126 [ERROR] LogOutputStream:75 - [STDERR_REDIRECT] 	at org.eclipse.ui.internal.intro.impl.presentations.BrowserIntroPartLocationListener.changing(BrowserIntroPartLocationListener.java:130)
2026-04-01 13:35:01,131 [ERROR] LogOutputStream:75 - [STDERR_REDIRECT] 	at org.eclipse.swt.browser.WebKit.webkit_decide_policy(WebKit.java:2300)
2026-04-01 13:35:01,133 [ERROR] LogOutputStream:75 - [STDERR_REDIRECT] 	at org.eclipse.swt.browser.WebKit.webViewProc(WebKit.java:609)
2026-04-01 13:35:01,134 [ERROR] LogOutputStream:75 - [STDERR_REDIRECT] 	at org.eclipse.swt.browser.WebKit.Proc(WebKit.java:530)
2026-04-01 13:35:01,134 [ERROR] LogOutputStream:75 - [STDERR_REDIRECT] 	at org.eclipse.swt.internal.gtk3.GTK3.gtk_main_iteration_do(Native Method)
2026-04-01 13:35:01,138 [ERROR] LogOutputStream:75 - [STDERR_REDIRECT] 	at org.eclipse.swt.widgets.Display.readAndDispatch(Display.java:4514)
2026-04-01 13:35:01,139 [ERROR] LogOutputStream:75 - [STDERR_REDIRECT] 	at org.eclipse.e4.ui.internal.workbench.swt.PartRenderingEngine$5.run(PartRenderingEngine.java:1151)
2026-04-01 13:35:01,140 [ERROR] LogOutputStream:75 - [STDERR_REDIRECT] 	at org.eclipse.core.databinding.observable.Realm.runWithDefault(Realm.java:339)
2026-04-01 13:35:01,140 [ERROR] LogOutputStream:75 - [STDERR_REDIRECT] 	at org.eclipse.e4.ui.internal.workbench.swt.PartRenderingEngine.run(PartRenderingEngine.java:1042)
2026-04-01 13:35:01,141 [ERROR] LogOutputStream:75 - [STDERR_REDIRECT] 	at org.eclipse.e4.ui.internal.workbench.E4Workbench.createAndRunUI(E4Workbench.java:153)
2026-04-01 13:35:01,141 [ERROR] LogOutputStream:75 - [STDERR_REDIRECT] 	at org.eclipse.ui.internal.Workbench.lambda$3(Workbench.java:639)
2026-04-01 13:35:01,142 [ERROR] LogOutputStream:75 - [STDERR_REDIRECT] 	at org.eclipse.core.databinding.observable.Realm.runWithDefault(Realm.java:339)
2026-04-01 13:35:01,142 [ERROR] LogOutputStream:75 - [STDERR_REDIRECT] 	at org.eclipse.ui.internal.Workbench.createAndRunWorkbench(Workbench.java:546)
2026-04-01 13:35:01,143 [ERROR] LogOutputStream:75 - [STDERR_REDIRECT] 	at org.eclipse.ui.PlatformUI.createAndRunWorkbench(PlatformUI.java:173)
2026-04-01 13:35:01,144 [ERROR] LogOutputStream:75 - [STDERR_REDIRECT] 	at org.eclipse.ui.internal.ide.application.IDEApplication.start(IDEApplication.java:152)
2026-04-01 13:35:01,144 [ERROR] LogOutputStream:75 - [STDERR_REDIRECT] 	at org.eclipse.equinox.internal.app.EclipseAppHandle.run(EclipseAppHandle.java:208)
2026-04-01 13:35:01,145 [ERROR] LogOutputStream:75 - [STDERR_REDIRECT] 	at org.eclipse.core.runtime.internal.adaptor.EclipseAppLauncher.runApplication(EclipseAppLauncher.java:143)
2026-04-01 13:35:01,146 [ERROR] LogOutputStream:75 - [STDERR_REDIRECT] 	at org.eclipse.core.runtime.internal.adaptor.EclipseAppLauncher.start(EclipseAppLauncher.java:109)
2026-04-01 13:35:01,146 [ERROR] LogOutputStream:75 - [STDERR_REDIRECT] 	at org.eclipse.core.runtime.adaptor.EclipseStarter.run(EclipseStarter.java:439)
2026-04-01 13:35:01,146 [ERROR] LogOutputStream:75 - [STDERR_REDIRECT] 	at org.eclipse.core.runtime.adaptor.EclipseStarter.run(EclipseStarter.java:271)
2026-04-01 13:35:01,147 [ERROR] LogOutputStream:75 - [STDERR_REDIRECT] 	at java.base/jdk.internal.reflect.DirectMethodHandleAccessor.invoke(DirectMethodHandleAccessor.java:103)
2026-04-01 13:35:01,148 [ERROR] LogOutputStream:75 - [STDERR_REDIRECT] 	at java.base/java.lang.reflect.Method.invoke(Method.java:580)
2026-04-01 13:35:01,148 [ERROR] LogOutputStream:75 - [STDERR_REDIRECT] 	at org.eclipse.equinox.launcher.Main.invokeFramework(Main.java:668)
2026-04-01 13:35:01,149 [ERROR] LogOutputStream:75 - [STDERR_REDIRECT] 	at org.eclipse.equinox.launcher.Main.basicRun(Main.java:605)
2026-04-01 13:35:01,149 [ERROR] LogOutputStream:75 - [STDERR_REDIRECT] 	at org.eclipse.equinox.launcher.Main.run(Main.java:1481)
2026-04-01 13:35:01,150 [ERROR] LogOutputStream:75 - [STDERR_REDIRECT] 	at org.eclipse.equinox.launcher.Main.main(Main.java:1454)
2026-04-01 13:35:01,257 [INFO] ApiDb:581 - Connected to CubeFinder SQLite database (/home/vatcraft/.stmcufinder/plugins/mcufinder/mcu/cube-finder-db.db)
2026-04-01 13:35:01,411 [INFO] WebApp:169 - Instantiating new browser for Auth
2026-04-01 13:35:01,438 [INFO] ApiDb:668 - CubeFinder database Data Model version=2.1
2026-04-01 13:35:01,439 [INFO] ApiDb:669 - CubeFinder database Configuration version=3.0.42
2026-04-01 13:35:01,440 [INFO] ApiDb:670 - CubeFinder database generation date=2026-03-11 (1773229989)
2026-04-01 13:35:01,440 [INFO] ApiDb:671 - CubeFinder database FW Pack versions=[FP-ATR-ASTRA1_V2.0.0, FP-SNS-FLIGHT1_V5.1.0, FP-SNS-MOTENV1_V5.1.0, FP-SNS-MOTENVWB1_V1.5.0, FP-SNS-SMARTAG2_V1.2.0, FP-SNS-STBOX1_V2.1.0, STM32Cube_FW_C0_V1.4.0, STM32Cube_FW_F4_V1.28.3, STM32Cube_FW_F7_V1.17.4, STM32Cube_FW_G0_V1.6.3, STM32Cube_FW_G4_V1.6.2, STM32Cube_FW_H5_V1.6.0, STM32Cube_FW_H7RS_V1.3.0, STM32Cube_FW_H7_V1.13.0, STM32Cube_FW_L0_V1.12.2, STM32Cube_FW_L4_V1.18.2, STM32Cube_FW_L5_V1.6.0, STM32Cube_FW_N6_V1.3.0, STM32Cube_FW_U0_V1.3.0, STM32Cube_FW_U3_V1.3.0, STM32Cube_FW_U5_V1.8.0, STM32Cube_FW_WB0_V1.4.0, STM32Cube_FW_WBA_V1.9.0, STM32Cube_FW_WB_V1.24.0, STM32Cube_FW_WL3_V1.4.0, STM32Cube_FW_WL_V1.5.0, X-CUBE-ALGOBUILD_V1.4.0, X-CUBE-ALS_V1.0.2, X-CUBE-AZRTOS-F4_V1.1.0, X-CUBE-AZRTOS-F7_V1.1.0, X-CUBE-AZRTOS-G0_V1.1.0, X-CUBE-AZRTOS-G4_V2.0.0, X-CUBE-AZRTOS-H7RS_V1.1.0, X-CUBE-AZRTOS-H7_V3.4.0, X-CUBE-AZRTOS-L4_V2.0.0, X-CUBE-AZRTOS-L5_V2.0.0, X-CUBE-AZRTOS-WB_V2.0.0, X-CUBE-AZRTOS-WL_V2.0.0, X-CUBE-BLE1_V7.1.0, X-CUBE-BLE2_V3.3.0, X-CUBE-BLEMGR_V4.1.0, X-CUBE-EEPRMA1_V5.2.0, X-CUBE-FREERTOS_V1.5.0, X-CUBE-GNSS1_V6.0.0, X-CUBE-MEMS1_V12.0.0, X-CUBE-NFC4_V3.0.0, X-CUBE-NFC7_V2.0.0, X-CUBE-SFXS2LP1_V4.0.0, X-CUBE-ST67W61_V1.2.0, X-CUBE-SUBG2_V5.0.0, X-CUBE-TOF1_V3.4.3]
2026-04-01 13:35:01,521 [WARN] PackLoader:240 - Cannot read IP mode file for STMicroelectronics.X-CUBE-AZRTOS-H7.3.5.0
2026-04-01 13:35:01,535 [WARN] PackLoader:240 - Cannot read IP mode file for STMicroelectronics.FP-ATR-ASTRA1.2.0.2
2026-04-01 13:35:01,542 [WARN] PackLoader:240 - Cannot read IP mode file for STMicroelectronics.X-CUBE-SMBUS.2.1.0
2026-04-01 13:35:01,600 [WARN] PackLoader:240 - Cannot read IP mode file for STMicroelectronics.X-CUBE-AZRTOS-F7.1.1.0
2026-04-01 13:35:01,611 [ERROR] Engine:466 - /home/vatcraft/.stm32cubemx/thirdparties/pdsc/STMicroelectronics.FP-SNS-MOTENV1.5.1.0.pdsc: PDSC version is not supported
2026-04-01 13:35:01,616 [ERROR] Engine:466 - /home/vatcraft/.stm32cubemx/thirdparties/pdsc/WES.I-CUBE-Cesium.1.4.0.pdsc: PDSC version is not supported
2026-04-01 13:35:01,625 [WARN] PackLoader:240 - Cannot read IP mode file for STMicroelectronics.X-CUBE-DISPLAY.3.0.0
2026-04-01 13:35:01,636 [ERROR] Engine:466 - /home/vatcraft/.stm32cubemx/thirdparties/pdsc/STMicroelectronics.FP-SNS-MOTENVWB1.1.5.0.pdsc: PDSC version is not supported
2026-04-01 13:35:01,647 [WARN] PackLoader:240 - Cannot read IP mode file for STMicroelectronics.X-CUBE-NFC10.1.0.0
2026-04-01 13:35:01,655 [WARN] PackLoader:240 - Cannot read IP mode file for STMicroelectronics.X-CUBE-ST60.1.1.0
2026-04-01 13:35:01,672 [WARN] PackLoader:240 - Cannot read IP mode file for emotas.I-CUBE-CANOPEN.1.3.0
2026-04-01 13:35:01,687 [WARN] PackLoader:240 - Cannot read IP mode file for STMicroelectronics.X-CUBE-GNSS1.7.1.0
2026-04-01 13:35:01,706 [ERROR] Engine:466 - /home/vatcraft/.stm32cubemx/thirdparties/pdsc/STMicroelectronics.FP-SNS-STBOX1.2.1.0.pdsc: PDSC version is not supported
2026-04-01 13:35:01,717 [WARN] PackLoader:240 - Cannot read IP mode file for STMicroelectronics.FP-SNS-SMARTAG2.1.2.0
2026-04-01 13:35:01,727 [WARN] PackLoader:240 - Cannot read IP mode file for STMicroelectronics.FP-SNS-FLIGHT1.5.1.0
2026-04-01 13:35:01,760 [INFO] LogOutputStream:77 - [STDOUT_REDIRECT] 1 : Invalid condition id : UX_CORESTACK_Condition cause : null
2026-04-01 13:35:01,763 [INFO] LogOutputStream:77 - [STDOUT_REDIRECT] 1 : Invalid condition id : UX_CORESTACK_Condition cause : null
2026-04-01 13:35:01,764 [INFO] LogOutputStream:77 - [STDOUT_REDIRECT] 1 : Invalid condition id : UX_CORESTACK_Condition cause : null
2026-04-01 13:35:01,764 [INFO] LogOutputStream:77 - [STDOUT_REDIRECT] 1 : Invalid condition id : UX_CORESTACK_Condition cause : null
2026-04-01 13:35:01,764 [INFO] LogOutputStream:77 - [STDOUT_REDIRECT] 1 : Invalid condition id : UX_CORESTACK_Condition cause : null
2026-04-01 13:35:01,767 [INFO] DbBoardsSqlite:226 - include board P-NUCLEO-WB55-NUCLEO as a kit item of type 'Nucleo-64'
2026-04-01 13:35:01,767 [INFO] DbBoardsSqlite:226 - include board P-NUCLEO-WB55-USBDONGLE as a kit item of type 'Nucleo USB Dongle'
2026-04-01 13:35:01,770 [INFO] DbBoardsSqlite:226 - include board STEVAL-IDP005V1 as a kit item of type 'Evaluation Board'
2026-04-01 13:35:01,772 [INFO] DbBoardsSqlite:226 - include board STEVAL-IDP005V2 as a kit item of type 'Evaluation Board'
2026-04-01 13:35:01,776 [WARN] PackLoader:240 - Cannot read IP mode file for STMicroelectronics.X-CUBE-AZRTOS-WL.2.0.0
2026-04-01 13:35:01,853 [WARN] PackLoader:240 - Cannot read IP mode file for STMicroelectronics.X-CUBE-AZRTOS-H7RS.1.2.0
2026-04-01 13:35:01,864 [WARN] PackLoader:240 - Cannot read IP mode file for STMicroelectronics.X-CUBE-BLE2.3.3.0
2026-04-01 13:35:01,923 [WARN] PackLoader:240 - Cannot read IP mode file for Infineon.AIROC-Wi-Fi-Bluetooth-STM32.1.8.0
2026-04-01 13:35:01,939 [WARN] PackLoader:240 - Cannot read IP mode file for STMicroelectronics.X-CUBE-NFC9.1.0.0
2026-04-01 13:35:01,947 [WARN] PackLoader:240 - Cannot read IP mode file for STMicroelectronics.X-CUBE-BLE1.7.1.0
2026-04-01 13:35:01,956 [WARN] PackLoader:240 - Cannot read IP mode file for wolfSSL.I-CUBE-wolfMQTT.1.19.2
2026-04-01 13:35:01,970 [WARN] PackLoader:240 - Cannot read IP mode file for STMicroelectronics.X-CUBE-EEPRMA1.5.2.0
2026-04-01 13:35:01,984 [WARN] PackLoader:240 - Cannot read IP mode file for wolfSSL.I-CUBE-wolfSSL.5.8.4
2026-04-01 13:35:01,993 [WARN] PackLoader:240 - Cannot read IP mode file for Cesanta.I-CUBE-Mongoose.7.20.0
2026-04-01 13:35:02,074 [INFO] ApiDb:240 - Found 895 in-development CPN: [B-G473E-ZEST1S, B-WB1M-WPAN1, B-WBA5M-WPAN, B-WL5M-SUBG1, NUCLEO-C031C6, NUCLEO-C051C8, NUCLEO-C071RB, NUCLEO-C092RC, NUCLEO-H503RB, NUCLEO-H533RE, NUCLEO-H563ZI, NUCLEO-H7S3L8, NUCLEO-N657X0-Q, NUCLEO-U031R8, NUCLEO-U083RC, NUCLEO-U385RG-Q, NUCLEO-U545RE-Q, NUCLEO-U5A5ZJ-Q, NUCLEO-WB05KZ, NUCLEO-WB07CC, NUCLEO-WB09KE, NUCLEO-WBA52CG, NUCLEO-WBA55CG, NUCLEO-WBA65RI, NUCLEO-WL33CC1, NUCLEO-WL33CC2, STEVAL-PROTEUS1, STEVAL-SMARTAG2, STEVAL-STWINBX1, STM320518-EVAL, STM32C0116-DK, STM32C011D6Y3TR, STM32C011D6Y6TR, STM32C011F4P3, STM32C011F4P6, STM32C011F4U3, STM32C011F4U6TR, STM32C011F6P3, STM32C011F6P6, STM32C011F6U3, STM32C011F6U6TR, STM32C011J4M3, STM32C011J4M6, STM32C011J6M3, STM32C011J6M6, STM32C0316-DK, STM32C031C4T3, STM32C031C4T6, STM32C031C4U3, STM32C031C4U6, STM32C031C6T3, STM32C031C6T6, STM32C031C6U3, STM32C031C6U6, STM32C031F4P3, STM32C031F4P6, STM32C031F6P3, STM32C031F6P6, STM32C031G4U3, STM32C031G4U6, STM32C031G6U3, STM32C031G6U6, STM32C031K4T3, STM32C031K4T6, STM32C031K4U3, STM32C031K4U6, STM32C031K6T3, STM32C031K6T6, STM32C031K6U3, STM32C031K6U6, STM32C051C6T6, STM32C051C6U6, STM32C051C8T6, STM32C051C8U6, STM32C051D8Y6TR, STM32C051F6P6, STM32C051F8P6, STM32C051G6U6, STM32C051G8U6, STM32C051K6T6, STM32C051K6U6, STM32C051K8T6, STM32C071C8T6, STM32C071C8T6N, STM32C071C8U6, STM32C071C8U6N, STM32C071CBT6, STM32C071CBT6N, STM32C071CBU6, STM32C071CBU6N, STM32C071F8P6, STM32C071F8P6N, STM32C071FBP6, STM32C071FBP6N, STM32C071FBY6TR, STM32C071G8U6, STM32C071G8U6N, STM32C071GBU6, STM32C071GBU6N, STM32C071K8T6, STM32C071K8T6N, STM32C071K8U6, STM32C071K8U6N, STM32C071KBT6, STM32C071KBT6N, STM32C071KBU6, STM32C071KBU6N, STM32C071R8T6, STM32C071R8T6N, STM32C071RBI6N, STM32C071RBT6, STM32C071RBT6N, STM32C091CBT6, STM32C091CBU6, STM32C091CCT6, STM32C091CCU6, STM32C091ECY6TR, STM32C091FBP6, STM32C091FCP6, STM32C091GBU6, STM32C091GCU6, STM32C091KBT6, STM32C091KBU6, STM32C091KCT6, STM32C091KCU6, STM32C091RBT6, STM32C091RCI6, STM32C091RCT6, STM32C092CBT6, STM32C092CBU6, STM32C092CCT6, STM32C092CCU6, STM32C092ECY6TR, STM32C092FBP6, STM32C092FCP6, STM32C092GBU6, STM32C092GCU6, STM32C092KBT6, STM32C092KBU6, STM32C092KCT6, STM32C092KCU6, STM32C092RBT6, STM32C092RCI6, STM32C092RCT6, STM32G071K8TXN, STM32G071K8UXN, STM32G081GBU6N, STM32G081KBT6N, STM32G081KBUXN, STM32G0B1CCT6N, STM32G0B1KCT6, STM32G0B1NEY6TR, STM32G0B1RCT6N, STM32G0C1CCT6, STM32G0C1CCT6N, STM32G0C1CCU6N, STM32G0C1CET6N, STM32G0C1CEU6N, STM32G0C1KCT6, STM32G0C1NEY6TR, STM32G0C1RCI6N, STM32G0C1RCT6N, STM32G0C1REI6N, STM32G0C1RET6N, STM32G0C1VCI6, STM32G0C1VEI6, STM32G411C6T3, STM32G411C6T6, STM32G411C6U3, STM32G411C6U6, STM32G411C8T3, STM32G411C8T6, STM32G411C8U3, STM32G411C8U6, STM32G411CBT3, STM32G411CBT6, STM32G411CBU3, STM32G411CBU6, STM32G411CCT3, STM32G411CCT6, STM32G411CCU3, STM32G411CCU6, STM32G411K6T3, STM32G411K6T6, STM32G411K6U3, STM32G411K6U6, STM32G411K8T3, STM32G411K8T6, STM32G411K8U3, STM32G411K8U6, STM32G411KBT3, STM32G411KBT6, STM32G411KBU3, STM32G411KBU6, STM32G411M6T3, STM32G411M6T6, STM32G411M8T3, STM32G411M8T6, STM32G411MBT3, STM32G411MBT6, STM32G411MCT3, STM32G411MCT6, STM32G411R6T3, STM32G411R6T6, STM32G411R8T3, STM32G411R8T6, STM32G411RBT3, STM32G411RBT6, STM32G411RCT3, STM32G411RCT6, STM32G414CBT3, STM32G414CBT6, STM32G414CBU3, STM32G414CBU6, STM32G414CCT3, STM32G414CCT6, STM32G414CCU3, STM32G414CCU6, STM32G414MBT3, STM32G414MBT6, STM32G414MCT3, STM32G414MCT6, STM32G414RBT3, STM32G414RBT6, STM32G414RCT3, STM32G414RCT6, STM32G414VBT3, STM32G414VBT6, STM32G414VCT3, STM32G414VCT6, STM32G431CBT3Z, STM32G431RBT3Z, STM32G471CCT6, STM32G471CCU6, STM32G471CET3, STM32G471CET6, STM32G471CEU3, STM32G471CEU6, STM32G471MCT6, STM32G471MET3, STM32G471MET6, STM32G471MEY6TR, STM32G471QCT6, STM32G471QET3, STM32G471RCT6, STM32G471RET3, STM32G471RET6, STM32G471VCH6, STM32G471VCI6, STM32G471VCT6, STM32G471VEH3, STM32G471VEH6, STM32G471VEI3, STM32G471VEI6, STM32G471VET3, STM32G471VET6, STM32G473QET3Z, STM32G473RET3Z, STM32G474CCT6, STM32G491RET3Z, STM32H503CBT6, STM32H503CBU6, STM32H503EBY6TR, STM32H503KBU6, STM32H503RBT6, STM32H523CCT6, STM32H523CCU6, STM32H523CET6, STM32H523CEU6, STM32H523HEY6TR, STM32H523RCT6, STM32H523RET6, STM32H523VCI6, STM32H523VCT6, STM32H523VEI6, STM32H523VET6, STM32H523ZCJ6, STM32H523ZCT6, STM32H523ZEJ6, STM32H523ZET6, STM32H533CET6, STM32H533CEU6, STM32H533HEY6TR, STM32H533RET6, STM32H533VEI6, STM32H533VET6, STM32H533ZEJ6, STM32H533ZET6, STM32H562AGI6, STM32H562AII6, STM32H562IGK6, STM32H562IGT6, STM32H562IIK6, STM32H562IIT6, STM32H562RGT6, STM32H562RGV6, STM32H562RIT6, STM32H562RIV6, STM32H562VGT6, STM32H562VIT6, STM32H562ZGT6, STM32H562ZIT6, STM32H563AGI6, STM32H563AII3Q, STM32H563AII6, STM32H563IGK6, STM32H563IGT6, STM32H563IIK3Q, STM32H563IIK6, STM32H563IIT3Q, STM32H563IIT6, STM32H563MIY3QTR, STM32H563RGT6, STM32H563RGV6, STM32H563RIT6, STM32H563RIV6, STM32H563VGT6, STM32H563VIT3Q, STM32H563VIT6, STM32H563ZGT6, STM32H563ZIT3Q, STM32H563ZIT6, STM32H573AII3Q, STM32H573AII6, STM32H573I-DK, STM32H573IIK3Q, STM32H573IIK6, STM32H573IIT3Q, STM32H573IIT6, STM32H573MIY3QTR, STM32H573RIT6, STM32H573RIV6, STM32H573VIT3Q, STM32H573VIT6, STM32H573ZIT3Q, STM32H573ZIT6, STM32H7R3A8I6, STM32H7R3I8K6, STM32H7R3I8T6, STM32H7R3L8H6, STM32H7R3L8H6H, STM32H7R3R8V6, STM32H7R3V8H6, STM32H7R3V8T6, STM32H7R3V8Y6TR, STM32H7R3Z8J6, STM32H7R3Z8T6, STM32H7R7A8I6, STM32H7R7I8K6, STM32H7R7I8T6, STM32H7R7L8H6, STM32H7R7L8H6H, STM32H7R7Z8J6, STM32H7S3A8I6, STM32H7S3I8K6, STM32H7S3I8T6, STM32H7S3L8H6, STM32H7S3L8H6H, STM32H7S3R8V6, STM32H7S3V8H6, STM32H7S3V8T6, STM32H7S3V8Y6TR, STM32H7S3Z8J6, STM32H7S3Z8T6, STM32H7S78-DK, STM32H7S7A8I6, STM32H7S7I8K6, STM32H7S7I8T6, STM32H7S7L8H6, STM32H7S7L8H6H, STM32H7S7Z8J6, STM32L4R5QGI6STR, STM32MP131AAE3, STM32MP131AAF3, STM32MP131AAG3, STM32MP131CAE3, STM32MP131CAF3, STM32MP131CAG3, STM32MP131DAE7, STM32MP131DAF7, STM32MP131DAG7, STM32MP131FAE7, STM32MP131FAF7, STM32MP131FAG7, STM32MP133AAE3, STM32MP133AAF3, STM32MP133AAG3, STM32MP133CAE3, STM32MP133CAF3, STM32MP133CAG3, STM32MP133DAE7, STM32MP133DAF7, STM32MP133DAG7, STM32MP133FAE7, STM32MP133FAF7, STM32MP133FAG7, STM32MP135AAE3, STM32MP135AAF3, STM32MP135AAG3, STM32MP135CAE3, STM32MP135CAF3, STM32MP135CAG3, STM32MP135DAE7, STM32MP135DAF7, STM32MP135DAG7, STM32MP135F-DK, STM32MP135FAE7, STM32MP135FAF7, STM32MP135FAF7T, STM32MP135FAF7U, STM32MP135FAG7, STM32MP231AAJ3, STM32MP231AAK3, STM32MP231AAL3, STM32MP231CAJ3, STM32MP231CAK3, STM32MP231CAL3, STM32MP231DAJ3, STM32MP231DAK3, STM32MP231DAL3, STM32MP231FAJ3, STM32MP231FAK3, STM32MP231FAL3, STM32MP233AAJ3, STM32MP233AAK3, STM32MP233AAL3, STM32MP233CAJ3, STM32MP233CAK3, STM32MP233CAL3, STM32MP233DAJ3, STM32MP233DAK3, STM32MP233DAL3, STM32MP233FAJ3, STM32MP233FAK3, STM32MP233FAL3, STM32MP235AAJ3, STM32MP235AAK3, STM32MP235AAL3, STM32MP235CAJ3, STM32MP235CAK3, STM32MP235CAL3, STM32MP235DAJ3, STM32MP235DAK3, STM32MP235DAL3, STM32MP235FAJ3, STM32MP235FAK3, STM32MP235FAL3, STM32MP251AAI3, STM32MP251AAJ3, STM32MP251AAK3, STM32MP251AAL3, STM32MP251CAI3, STM32MP251CAJ3, STM32MP251CAK3, STM32MP251CAL3, STM32MP251DAI3, STM32MP251DAJ3, STM32MP251DAK3, STM32MP251DAL3, STM32MP251FAI3, STM32MP251FAJ3, STM32MP251FAK3, STM32MP251FAL3, STM32MP253AAI3, STM32MP253AAJ3, STM32MP253AAK3, STM32MP253AAL3, STM32MP253CAI3, STM32MP253CAJ3, STM32MP253CAK3, STM32MP253CAL3, STM32MP253DAI3, STM32MP253DAJ3, STM32MP253DAK3, STM32MP253DAL3, STM32MP253FAI3, STM32MP253FAJ3, STM32MP253FAK3, STM32MP253FAL3, STM32MP255AAI3, STM32MP255AAJ3, STM32MP255AAK3, STM32MP255AAL3, STM32MP255CAI3, STM32MP255CAJ3, STM32MP255CAK3, STM32MP255CAL3, STM32MP255DAI3, STM32MP255DAJ3, STM32MP255DAK3, STM32MP255DAL3, STM32MP255FAI3, STM32MP255FAJ3, STM32MP255FAK3, STM32MP255FAL3, STM32MP257AAI3, STM32MP257AAJ3, STM32MP257AAK3, STM32MP257AAL3, STM32MP257CAI3, STM32MP257CAJ3, STM32MP257CAK3, STM32MP257CAL3, STM32MP257DAI3, STM32MP257DAJ3, STM32MP257DAK3, STM32MP257DAL3, STM32MP257F-DK, STM32MP257F-EV1, STM32MP257FAI3, STM32MP257FAJ3, STM32MP257FAK3, STM32MP257FAL3, STM32N645A0H3Q, STM32N645B0H3Q, STM32N645I0H3Q, STM32N645L0H3Q, STM32N645X0H3Q, STM32N645Z0H3Q, STM32N647A0H3Q, STM32N647B0H3Q, STM32N647I0H3Q, STM32N647L0H3Q, STM32N647X0H3Q, STM32N647Z0H3Q, STM32N655A0H3Q, STM32N655B0H3Q, STM32N655I0H3Q, STM32N655L0H3Q, STM32N655X0H3Q, STM32N655Z0H3Q, STM32N6570-DK, STM32N657A0H3Q, STM32N657B0H3Q, STM32N657I0H3Q, STM32N657L0H3Q, STM32N657X0H3Q, STM32N657Z0H3Q, STM32U031C6T6, STM32U031C6U6, STM32U031C8T6, STM32U031C8U6, STM32U031F4P6, STM32U031F6P6, STM32U031F8P6, STM32U031G6Y6TR, STM32U031G8Y6TR, STM32U031K4U6, STM32U031K6U6, STM32U031K8U6, STM32U031R6I6, STM32U031R6T6, STM32U031R8I6, STM32U031R8T6, STM32U073C8T6, STM32U073C8U6, STM32U073CBT6, STM32U073CBU6, STM32U073CCT6, STM32U073CCU6, STM32U073H8Y6TR, STM32U073HBY6TR, STM32U073HCY6TR, STM32U073K8U6, STM32U073KBU6, STM32U073KCU6, STM32U073M8I6, STM32U073M8T6, STM32U073MBI6, STM32U073MBT6, STM32U073MCI6, STM32U073MCT6, STM32U073R8I6, STM32U073R8T6, STM32U073RBI6, STM32U073RBT6, STM32U073RCI6, STM32U073RCT6, STM32U083C-DK, STM32U083CCT6, STM32U083CCU6, STM32U083HCY6TR, STM32U083KCU6, STM32U083MCI6, STM32U083MCT6, STM32U083RCI6, STM32U083RCT6, STM32U375CET6, STM32U375CET6Q, STM32U375CEU6, STM32U375CEU6Q, STM32U375CEY6QTR, STM32U375CGT6, STM32U375CGT6Q, STM32U375CGU6, STM32U375CGU6Q, STM32U375CGY6QTR, STM32U375KEU6, STM32U375KGU6, STM32U375REI6, STM32U375REI6Q, STM32U375RET6, STM32U375RET6Q, STM32U375REY6GTR, STM32U375REY6QTR, STM32U375RGI6, STM32U375RGI6Q, STM32U375RGT6, STM32U375RGT6Q, STM32U375RGY6GTR, STM32U375RGY6QTR, STM32U375VEI6, STM32U375VEI6Q, STM32U375VET6, STM32U375VET6Q, STM32U375VGI6, STM32U375VGI6Q, STM32U375VGT6, STM32U375VGT6Q, STM32U385CGT6, STM32U385CGT6Q, STM32U385CGU6, STM32U385CGU6Q, STM32U385CGY6QTR, STM32U385KGU6, STM32U385RGI6, STM32U385RGI6Q, STM32U385RGT6, STM32U385RGT6Q, STM32U385RGY6GTR, STM32U385RGY6QTR, STM32U385VGI6, STM32U385VGI6Q, STM32U385VGT6, STM32U385VGT6Q, STM32U535CBT6, STM32U535CBT6Q, STM32U535CBU6, STM32U535CBU6Q, STM32U535CCT6, STM32U535CCT6Q, STM32U535CCU6, STM32U535CCU6Q, STM32U535CET6, STM32U535CET6Q, STM32U535CEU6, STM32U535CEU6Q, STM32U535JEY6QTR, STM32U535NCY6QTR, STM32U535NEY6QTR, STM32U535RBI6, STM32U535RBI6Q, STM32U535RBT6, STM32U535RBT6Q, STM32U535RCI6, STM32U535RCI6Q, STM32U535RCT6, STM32U535RCT6Q, STM32U535REI6, STM32U535REI6Q, STM32U535RET6, STM32U535RET6Q, STM32U535VCI6, STM32U535VCI6Q, STM32U535VCT6, STM32U535VCT6Q, STM32U535VEI6, STM32U535VEI6Q, STM32U535VET6, STM32U535VET6Q, STM32U545CET6, STM32U545CET6Q, STM32U545CEU6, STM32U545CEU6Q, STM32U545JEY6QTR, STM32U545NEY6QTR, STM32U545REI6, STM32U545REI6Q, STM32U545RET6, STM32U545RET6Q, STM32U545VEI6, STM32U545VEI6Q, STM32U545VET6, STM32U545VET6Q, STM32U595AIH6, STM32U595AIH6Q, STM32U595AJH6, STM32U595AJH6Q, STM32U595QII6, STM32U595QII6Q, STM32U595QJI6, STM32U595QJI6Q, STM32U595RIT6, STM32U595RIT6Q, STM32U595RJT6, STM32U595RJT6Q, STM32U595VIT6, STM32U595VIT6Q, STM32U595VJT6, STM32U595VJT6Q, STM32U595ZIT6, STM32U595ZIT6Q, STM32U595ZIY6QTR, STM32U595ZJT6, STM32U595ZJT6Q, STM32U595ZJY6QTR, STM32U599BJY6QTR, STM32U599NIH6Q, STM32U599NJH6Q, STM32U599VIT6Q, STM32U599VJT6, STM32U599VJT6Q, STM32U599ZIT6Q, STM32U599ZIY6QTR, STM32U599ZJT6Q, STM32U599ZJY6QTR, STM32U5A5AJH6, STM32U5A5AJH6Q, STM32U5A5QII3Q , STM32U5A5QJI6, STM32U5A5QJI6Q, STM32U5A5RJT6, STM32U5A5RJT6Q, STM32U5A5VJT6, STM32U5A5VJT6Q, STM32U5A5ZJT6, STM32U5A5ZJT6Q, STM32U5A5ZJY6QTR, STM32U5A9BJY6QTR, STM32U5A9J-DK, STM32U5A9NJH6Q, STM32U5A9VJT6Q, STM32U5A9ZJT6Q, STM32U5A9ZJY6QTR, STM32U5F7VIT6, STM32U5F7VIT6Q, STM32U5F7VJT6, STM32U5F7VJT6Q, STM32U5F9BJY6QTR, STM32U5F9NJH6Q, STM32U5F9VIT6Q, STM32U5F9VJT6Q, STM32U5F9ZIJ6QTR, STM32U5F9ZIT6Q, STM32U5F9ZJJ6QTR, STM32U5F9ZJT6Q, STM32U5G7VJT6, STM32U5G7VJT6Q, STM32U5G9BJY6QTR, STM32U5G9J-DK1, STM32U5G9J-DK2, STM32U5G9NJH6Q, STM32U5G9VJT6Q, STM32U5G9ZJJ6QTR, STM32U5G9ZJT6Q, STM32WB05KZV6TR, STM32WB05KZV7TR, STM32WB05TZF6TR, STM32WB05TZF7TR, STM32WB06CCF6TR, STM32WB06CCF7TR, STM32WB06CCV6TR, STM32WB06CCV7TR, STM32WB06KCV6TR, STM32WB06KCV7TR, STM32WB07CCF6TR, STM32WB07CCF7TR, STM32WB07CCV6TR, STM32WB07CCV7TR, STM32WB07KCV6TR, STM32WB07KCV7TR, STM32WB09KEV6TR, STM32WB09KEV7TR, STM32WB09TEF6TR, STM32WB09TEF7TR, STM32WB1MMCH6, STM32WBA50KGU6, STM32WBA50KGU6TR, STM32WBA52CEU6, STM32WBA52CEU6TR, STM32WBA52CEU7, STM32WBA52CEU7TR, STM32WBA52CGU6, STM32WBA52CGU6TR, STM32WBA52CGU6U, STM32WBA52CGU7, STM32WBA52CGU7TR, STM32WBA52KEU6, STM32WBA52KEU6TR, STM32WBA52KGU6, STM32WBA52KGU6TR, STM32WBA54CEU6, STM32WBA54CEU6TR, STM32WBA54CEU7, STM32WBA54CEU7TR, STM32WBA54CGU6, STM32WBA54CGU6TR, STM32WBA54CGU7, STM32WBA54CGU7TR, STM32WBA54KEU6, STM32WBA54KEU6TR, STM32WBA54KEU7, STM32WBA54KEU7TR, STM32WBA54KGU6, STM32WBA54KGU6TR, STM32WBA54KGU7, STM32WBA54KGU7TR, STM32WBA55CEU6, STM32WBA55CEU6TR, STM32WBA55CEU7, STM32WBA55CEU7TR, STM32WBA55CGU6, STM32WBA55CGU6TR, STM32WBA55CGU6U, STM32WBA55CGU7, STM32WBA55CGU7TR, STM32WBA55G-DK1, STM32WBA55HEF6, STM32WBA55HEF7, STM32WBA55HGF6, STM32WBA55HGF7, STM32WBA55UEI6, STM32WBA55UEI6TR, STM32WBA55UEI7, STM32WBA55UEI7TR, STM32WBA55UGI6, STM32WBA55UGI6TR, STM32WBA55UGI7, STM32WBA55UGI7TR, STM32WBA5MJGH6TR, STM32WBA62CGU6, STM32WBA62CIU6, STM32WBA62MGF6, STM32WBA62MIF6, STM32WBA62PGI6, STM32WBA62PII6, STM32WBA63CGU6, STM32WBA63CGU7, STM32WBA63CIU6, STM32WBA63CIU7, STM32WBA64CGU6, STM32WBA64CGU7, STM32WBA64CIU6, STM32WBA64CIU7, STM32WBA65CGU6, STM32WBA65CGU7, STM32WBA65CIU6, STM32WBA65CIU7, STM32WBA65I-DK1, STM32WBA65MGF6, STM32WBA65MGF7, STM32WBA65MIF6, STM32WBA65MIF7, STM32WBA65PGI6, STM32WBA65PGI7, STM32WBA65PII6, STM32WBA65PII7, STM32WBA65RGV6, STM32WBA65RGV7, STM32WBA65RIV6, STM32WBA65RIV7, STM32WL30K8V6, STM32WL30KBV6, STM32WL31C8V6, STM32WL31CBV6, STM32WL31K8V6, STM32WL31KBV6, STM32WL33C8V6, STM32WL33C8V6TR, STM32WL33C8V7, STM32WL33C8V7TR, STM32WL33CBV6, STM32WL33CBV6TR, STM32WL33CBV7, STM32WL33CBV7TR, STM32WL33CCV6, STM32WL33CCV6TR, STM32WL33CCV7, STM32WL33CCV7A, STM32WL33CCV7ATR, STM32WL33CCV7TR, STM32WL33K8V6, STM32WL33K8V6TR, STM32WL33K8V7, STM32WL33K8V7TR, STM32WL33KBV6, STM32WL33KBV6TR, STM32WL33KBV7, STM32WL33KBV7TR, STM32WL33KCV6, STM32WL33KCV6TR, STM32WL33KCV7, STM32WL33KCV7TR, STM32WL5MOCH6, STM32WL5MOCH6TR]
2026-04-01 13:35:02,090 [INFO] ApiDb:668 - CubeFinder database Data Model version=2.1
2026-04-01 13:35:02,091 [INFO] ApiDb:669 - CubeFinder database Configuration version=3.0.42
2026-04-01 13:35:02,091 [INFO] ApiDb:670 - CubeFinder database generation date=2026-03-11 (1773229989)
2026-04-01 13:35:02,091 [INFO] ApiDb:671 - CubeFinder database FW Pack versions=[FP-ATR-ASTRA1_V2.0.0, FP-SNS-FLIGHT1_V5.1.0, FP-SNS-MOTENV1_V5.1.0, FP-SNS-MOTENVWB1_V1.5.0, FP-SNS-SMARTAG2_V1.2.0, FP-SNS-STBOX1_V2.1.0, STM32Cube_FW_C0_V1.4.0, STM32Cube_FW_F4_V1.28.3, STM32Cube_FW_F7_V1.17.4, STM32Cube_FW_G0_V1.6.3, STM32Cube_FW_G4_V1.6.2, STM32Cube_FW_H5_V1.6.0, STM32Cube_FW_H7RS_V1.3.0, STM32Cube_FW_H7_V1.13.0, STM32Cube_FW_L0_V1.12.2, STM32Cube_FW_L4_V1.18.2, STM32Cube_FW_L5_V1.6.0, STM32Cube_FW_N6_V1.3.0, STM32Cube_FW_U0_V1.3.0, STM32Cube_FW_U3_V1.3.0, STM32Cube_FW_U5_V1.8.0, STM32Cube_FW_WB0_V1.4.0, STM32Cube_FW_WBA_V1.9.0, STM32Cube_FW_WB_V1.24.0, STM32Cube_FW_WL3_V1.4.0, STM32Cube_FW_WL_V1.5.0, X-CUBE-ALGOBUILD_V1.4.0, X-CUBE-ALS_V1.0.2, X-CUBE-AZRTOS-F4_V1.1.0, X-CUBE-AZRTOS-F7_V1.1.0, X-CUBE-AZRTOS-G0_V1.1.0, X-CUBE-AZRTOS-G4_V2.0.0, X-CUBE-AZRTOS-H7RS_V1.1.0, X-CUBE-AZRTOS-H7_V3.4.0, X-CUBE-AZRTOS-L4_V2.0.0, X-CUBE-AZRTOS-L5_V2.0.0, X-CUBE-AZRTOS-WB_V2.0.0, X-CUBE-AZRTOS-WL_V2.0.0, X-CUBE-BLE1_V7.1.0, X-CUBE-BLE2_V3.3.0, X-CUBE-BLEMGR_V4.1.0, X-CUBE-EEPRMA1_V5.2.0, X-CUBE-FREERTOS_V1.5.0, X-CUBE-GNSS1_V6.0.0, X-CUBE-MEMS1_V12.0.0, X-CUBE-NFC4_V3.0.0, X-CUBE-NFC7_V2.0.0, X-CUBE-SFXS2LP1_V4.0.0, X-CUBE-ST67W61_V1.2.0, X-CUBE-SUBG2_V5.0.0, X-CUBE-TOF1_V3.4.3]
2026-04-01 13:35:02,102 [WARN] PackLoader:240 - Cannot read IP mode file for STMicroelectronics.X-CUBE-MEMS1.12.0.0
2026-04-01 13:35:02,439 [WARN] PackLoader:240 - Cannot read IP mode file for STMicroelectronics.X-CUBE-AZRTOS-G0.1.1.0
2026-04-01 13:35:02,456 [WARN] PackLoader:240 - Cannot read IP mode file for STMicroelectronics.X-CUBE-NFC4.3.0.0
2026-04-01 13:35:02,476 [WARN] PackLoader:240 - Cannot read IP mode file for EmbeddedOffice.I-CUBE-FS-RTOS.1.0.1
2026-04-01 13:35:02,489 [WARN] PackLoader:240 - Cannot read IP mode file for STMicroelectronics.X-CUBE-WB05N.2.0.0
2026-04-01 13:35:02,498 [WARN] PackLoader:240 - Cannot read IP mode file for wolfSSL.I-CUBE-wolfTPM.3.8.0
2026-04-01 13:35:02,506 [WARN] PackLoader:240 - Cannot read IP mode file for STMicroelectronics.X-CUBE-TCPP.4.2.0
2026-04-01 13:35:02,546 [WARN] PackLoader:240 - Cannot read IP mode file for RealThread.X-CUBE-RT-Thread_Nano.4.1.1
2026-04-01 13:35:02,563 [WARN] PackLoader:240 - Cannot read IP mode file for STMicroelectronics.FP-ATR-SIGFOX1.3.2.0
2026-04-01 13:35:02,572 [ERROR] Engine:466 - /home/vatcraft/.stm32cubemx/thirdparties/pdsc/STMicroelectronics.X-CUBE-FREERTOS.1.5.0.pdsc: PDSC version is not supported
2026-04-01 13:35:02,584 [WARN] PackLoader:240 - Cannot read IP mode file for ITTIA_DB.I-CUBE-ITTIADB.8.9.0
2026-04-01 13:35:02,605 [WARN] PackLoader:240 - Cannot read IP mode file for STMicroelectronics.X-CUBE-NFC6.3.2.0
2026-04-01 13:35:02,620 [WARN] PackLoader:240 - Cannot read IP mode file for STMicroelectronics.X-CUBE-AI.10.2.0
2026-04-01 13:35:02,683 [WARN] PackLoader:240 - Cannot read IP mode file for SEGGER.I-CUBE-embOS.1.3.1
2026-04-01 13:35:02,786 [WARN] PackLoader:240 - Cannot read IP mode file for STMicroelectronics.X-CUBE-ALGOBUILD.1.4.0
2026-04-01 13:35:02,794 [WARN] PackLoader:240 - Cannot read IP mode file for STMicroelectronics.X-CUBE-PM33A1.1.0.0
2026-04-01 13:35:02,824 [WARN] PackLoader:240 - Cannot read IP mode file for STMicroelectronics.X-CUBE-AZRTOS-F4.1.1.0
2026-04-01 13:35:02,861 [WARN] PackLoader:240 - Cannot read IP mode file for STMicroelectronics.X-CUBE-ISPU.2.1.0
2026-04-01 13:35:02,874 [ERROR] Engine:466 - /home/vatcraft/.stm32cubemx/thirdparties/pdsc/STMicroelectronics.X-CUBE-IPS.3.2.0.pdsc: PDSC version is not supported
2026-04-01 13:35:02,886 [WARN] PackLoader:240 - Cannot read IP mode file for STMicroelectronics.X-CUBE-NFC12.1.0.0
2026-04-01 13:35:02,918 [WARN] PackLoader:240 - Cannot read IP mode file for STMicroelectronics.X-CUBE-AZRTOS-L5.2.0.0
2026-04-01 13:35:02,925 [WARN] PackLoader:240 - Cannot read IP mode file for STMicroelectronics.X-CUBE-TOUCHGFX.4.26.1
2026-04-01 13:35:02,931 [WARN] PackLoader:240 - Cannot read IP mode file for STMicroelectronics.FP-SNS-STAIOTCFT.1.0.0
2026-04-01 13:35:02,940 [WARN] PackLoader:240 - Cannot read IP mode file for STMicroelectronics.X-CUBE-DPower.1.3.0
2026-04-01 13:35:02,965 [WARN] ConditionMgr:438 - getConditionDescription Invalid condition id : LAN8742 Phy interface Condition cause : null
2026-04-01 13:35:02,966 [WARN] PackLoader:240 - Cannot read IP mode file for STMicroelectronics.X-CUBE-AZRTOS-L4.2.0.0
2026-04-01 13:35:02,970 [WARN] ConditionMgr:1044 - genDependencies : Invalid condition id : LAN8742 Phy interface Condition cause : null
2026-04-01 13:35:02,971 [WARN] ConditionMgr:1044 - genDependencies : Invalid condition id : LAN8742 Phy interface Condition cause : null
2026-04-01 13:35:02,972 [WARN] ConditionMgr:1044 - genDependencies : Invalid condition id : LAN8742 Phy interface Condition cause : null
2026-04-01 13:35:02,981 [WARN] PackLoader:240 - Cannot read IP mode file for STMicroelectronics.X-CUBE-SFXS2LP1.4.0.0
2026-04-01 13:35:02,988 [ERROR] Engine:466 - /home/vatcraft/.stm32cubemx/thirdparties/pdsc/STMicroelectronics.X-CUBE-ST67W61.1.2.0.pdsc: PDSC version is not supported
2026-04-01 13:35:03,001 [WARN] PackLoader:240 - Cannot read IP mode file for STMicroelectronics.X-CUBE-BLEMGR.4.1.0
2026-04-01 13:35:03,027 [WARN] ConditionMgr:438 - getConditionDescription Invalid condition id : UX DEVICE CLASS RTOS Condition cause : null
2026-04-01 13:35:03,027 [WARN] ConditionMgr:438 - getConditionDescription Invalid condition id : UX DEVICE CLASS RTOS Condition cause : null
2026-04-01 13:35:03,032 [WARN] PackLoader:240 - Cannot read IP mode file for STMicroelectronics.X-CUBE-AZRTOS-WB.2.0.0
2026-04-01 13:35:03,032 [WARN] ConditionMgr:1044 - genDependencies : Invalid condition id : UX DEVICE CLASS RTOS Condition cause : null
2026-04-01 13:35:03,033 [WARN] ConditionMgr:1044 - genDependencies : Invalid condition id : UX DEVICE CLASS RTOS Condition cause : null
2026-04-01 13:35:03,033 [WARN] ConditionMgr:1044 - genDependencies : Invalid condition id : UX DEVICE CLASS RTOS Condition cause : null
2026-04-01 13:35:03,034 [WARN] ConditionMgr:1044 - genDependencies : Invalid condition id : UX DEVICE CLASS RTOS Condition cause : null
2026-04-01 13:35:03,034 [WARN] ConditionMgr:1044 - genDependencies : Invalid condition id : UX DEVICE CLASS RTOS Condition cause : null
2026-04-01 13:35:03,039 [WARN] ConditionMgr:438 - getConditionDescription Invalid condition id : Cortex-A Device cause : null
2026-04-01 13:35:03,044 [INFO] WebApp:463 - Apply proxy settings
2026-04-01 13:35:03,044 [INFO] WebApp:548 - Chromium requires no authentication
2026-04-01 13:35:03,062 [WARN] ConditionMgr:1044 - genDependencies : Invalid condition id : Cortex-A Device cause : null
2026-04-01 13:35:03,063 [WARN] ConditionMgr:1044 - genDependencies : Invalid condition id : Cortex-A Device cause : null
2026-04-01 13:35:03,063 [WARN] ConditionMgr:1044 - genDependencies : Invalid condition id : Cortex-A Device cause : null
2026-04-01 13:35:03,069 [INFO] WebApp:491 - Direct internet connection detected
2026-04-01 13:35:03,074 [WARN] PackLoader:240 - Cannot read IP mode file for STMicroelectronics.X-CUBE-STSE01.2.0.0
2026-04-01 13:35:03,089 [WARN] PackLoader:240 - Cannot read IP mode file for STMicroelectronics.X-CUBE-SUBG2.5.0.0
2026-04-01 13:35:03,113 [WARN] PackLoader:240 - Cannot read IP mode file for STMicroelectronics.X-CUBE-AZRTOS-G4.2.0.0
2026-04-01 13:35:03,118 [WARN] PackLoader:240 - Cannot read IP mode file for wolfSSL.I-CUBE-wolfSSH.1.4.20
2026-04-01 13:35:03,123 [WARN] PackLoader:240 - Cannot read IP mode file for STMicroelectronics.X-CUBE-NFC7.2.0.0
2026-04-01 13:35:03,129 [WARN] PackLoader:240 - Cannot read IP mode file for STMicroelectronics.X-CUBE-ALS.1.0.2
2026-04-01 13:35:03,136 [INFO] WebApp:894 - Register for checkConnection events
2026-04-01 13:35:03,138 [INFO] WebApp:463 - Apply proxy settings
2026-04-01 13:35:03,139 [INFO] WebApp:548 - Chromium requires no authentication
2026-04-01 13:35:03,139 [INFO] WebApp:491 - Direct internet connection detected
2026-04-01 13:35:03,147 [WARN] PackLoader:240 - Cannot read IP mode file for STMicroelectronics.X-CUBE-TOF1.3.4.3
2026-04-01 13:35:03,168 [INFO] ThirdParty:978 - Integrity check success = true
2026-04-01 13:35:03,169 [INFO] IntegrityCheckThread:100 - exiting critical section [integrity check]
2026-04-01 13:35:03,169 [INFO] IntegrityCheckThread:103 - End integrity checks thread
2026-04-01 13:35:03,391 [INFO] WebApp:225 - Starting web application
2026-04-01 13:35:03,394 [INFO] WebApp:593 - Web application path used /opt/st/stm32cubeide_1.18.1/plugins/com.st.stm32cube.common.mx_6.14.1.202504091515/db/plugins/mcufinder/reactClient1/index.html
2026-04-01 13:35:03,483 [INFO] WebApp:191 - Connection restablished
2026-04-01 13:35:03,721 [INFO] UserAuth:484 - Internet connection configuration mode: 1
2026-04-01 13:35:07,525 [INFO] ApiDb:240 - Found 895 in-development CPN: [B-G473E-ZEST1S, B-WB1M-WPAN1, B-WBA5M-WPAN, B-WL5M-SUBG1, NUCLEO-C031C6, NUCLEO-C051C8, NUCLEO-C071RB, NUCLEO-C092RC, NUCLEO-H503RB, NUCLEO-H533RE, NUCLEO-H563ZI, NUCLEO-H7S3L8, NUCLEO-N657X0-Q, NUCLEO-U031R8, NUCLEO-U083RC, NUCLEO-U385RG-Q, NUCLEO-U545RE-Q, NUCLEO-U5A5ZJ-Q, NUCLEO-WB05KZ, NUCLEO-WB07CC, NUCLEO-WB09KE, NUCLEO-WBA52CG, NUCLEO-WBA55CG, NUCLEO-WBA65RI, NUCLEO-WL33CC1, NUCLEO-WL33CC2, STEVAL-PROTEUS1, STEVAL-SMARTAG2, STEVAL-STWINBX1, STM320518-EVAL, STM32C0116-DK, STM32C011D6Y3TR, STM32C011D6Y6TR, STM32C011F4P3, STM32C011F4P6, STM32C011F4U3, STM32C011F4U6TR, STM32C011F6P3, STM32C011F6P6, STM32C011F6U3, STM32C011F6U6TR, STM32C011J4M3, STM32C011J4M6, STM32C011J6M3, STM32C011J6M6, STM32C0316-DK, STM32C031C4T3, STM32C031C4T6, STM32C031C4U3, STM32C031C4U6, STM32C031C6T3, STM32C031C6T6, STM32C031C6U3, STM32C031C6U6, STM32C031F4P3, STM32C031F4P6, STM32C031F6P3, STM32C031F6P6, STM32C031G4U3, STM32C031G4U6, STM32C031G6U3, STM32C031G6U6, STM32C031K4T3, STM32C031K4T6, STM32C031K4U3, STM32C031K4U6, STM32C031K6T3, STM32C031K6T6, STM32C031K6U3, STM32C031K6U6, STM32C051C6T6, STM32C051C6U6, STM32C051C8T6, STM32C051C8U6, STM32C051D8Y6TR, STM32C051F6P6, STM32C051F8P6, STM32C051G6U6, STM32C051G8U6, STM32C051K6T6, STM32C051K6U6, STM32C051K8T6, STM32C071C8T6, STM32C071C8T6N, STM32C071C8U6, STM32C071C8U6N, STM32C071CBT6, STM32C071CBT6N, STM32C071CBU6, STM32C071CBU6N, STM32C071F8P6, STM32C071F8P6N, STM32C071FBP6, STM32C071FBP6N, STM32C071FBY6TR, STM32C071G8U6, STM32C071G8U6N, STM32C071GBU6, STM32C071GBU6N, STM32C071K8T6, STM32C071K8T6N, STM32C071K8U6, STM32C071K8U6N, STM32C071KBT6, STM32C071KBT6N, STM32C071KBU6, STM32C071KBU6N, STM32C071R8T6, STM32C071R8T6N, STM32C071RBI6N, STM32C071RBT6, STM32C071RBT6N, STM32C091CBT6, STM32C091CBU6, STM32C091CCT6, STM32C091CCU6, STM32C091ECY6TR, STM32C091FBP6, STM32C091FCP6, STM32C091GBU6, STM32C091GCU6, STM32C091KBT6, STM32C091KBU6, STM32C091KCT6, STM32C091KCU6, STM32C091RBT6, STM32C091RCI6, STM32C091RCT6, STM32C092CBT6, STM32C092CBU6, STM32C092CCT6, STM32C092CCU6, STM32C092ECY6TR, STM32C092FBP6, STM32C092FCP6, STM32C092GBU6, STM32C092GCU6, STM32C092KBT6, STM32C092KBU6, STM32C092KCT6, STM32C092KCU6, STM32C092RBT6, STM32C092RCI6, STM32C092RCT6, STM32G071K8TXN, STM32G071K8UXN, STM32G081GBU6N, STM32G081KBT6N, STM32G081KBUXN, STM32G0B1CCT6N, STM32G0B1KCT6, STM32G0B1NEY6TR, STM32G0B1RCT6N, STM32G0C1CCT6, STM32G0C1CCT6N, STM32G0C1CCU6N, STM32G0C1CET6N, STM32G0C1CEU6N, STM32G0C1KCT6, STM32G0C1NEY6TR, STM32G0C1RCI6N, STM32G0C1RCT6N, STM32G0C1REI6N, STM32G0C1RET6N, STM32G0C1VCI6, STM32G0C1VEI6, STM32G411C6T3, STM32G411C6T6, STM32G411C6U3, STM32G411C6U6, STM32G411C8T3, STM32G411C8T6, STM32G411C8U3, STM32G411C8U6, STM32G411CBT3, STM32G411CBT6, STM32G411CBU3, STM32G411CBU6, STM32G411CCT3, STM32G411CCT6, STM32G411CCU3, STM32G411CCU6, STM32G411K6T3, STM32G411K6T6, STM32G411K6U3, STM32G411K6U6, STM32G411K8T3, STM32G411K8T6, STM32G411K8U3, STM32G411K8U6, STM32G411KBT3, STM32G411KBT6, STM32G411KBU3, STM32G411KBU6, STM32G411M6T3, STM32G411M6T6, STM32G411M8T3, STM32G411M8T6, STM32G411MBT3, STM32G411MBT6, STM32G411MCT3, STM32G411MCT6, STM32G411R6T3, STM32G411R6T6, STM32G411R8T3, STM32G411R8T6, STM32G411RBT3, STM32G411RBT6, STM32G411RCT3, STM32G411RCT6, STM32G414CBT3, STM32G414CBT6, STM32G414CBU3, STM32G414CBU6, STM32G414CCT3, STM32G414CCT6, STM32G414CCU3, STM32G414CCU6, STM32G414MBT3, STM32G414MBT6, STM32G414MCT3, STM32G414MCT6, STM32G414RBT3, STM32G414RBT6, STM32G414RCT3, STM32G414RCT6, STM32G414VBT3, STM32G414VBT6, STM32G414VCT3, STM32G414VCT6, STM32G431CBT3Z, STM32G431RBT3Z, STM32G471CCT6, STM32G471CCU6, STM32G471CET3, STM32G471CET6, STM32G471CEU3, STM32G471CEU6, STM32G471MCT6, STM32G471MET3, STM32G471MET6, STM32G471MEY6TR, STM32G471QCT6, STM32G471QET3, STM32G471RCT6, STM32G471RET3, STM32G471RET6, STM32G471VCH6, STM32G471VCI6, STM32G471VCT6, STM32G471VEH3, STM32G471VEH6, STM32G471VEI3, STM32G471VEI6, STM32G471VET3, STM32G471VET6, STM32G473QET3Z, STM32G473RET3Z, STM32G474CCT6, STM32G491RET3Z, STM32H503CBT6, STM32H503CBU6, STM32H503EBY6TR, STM32H503KBU6, STM32H503RBT6, STM32H523CCT6, STM32H523CCU6, STM32H523CET6, STM32H523CEU6, STM32H523HEY6TR, STM32H523RCT6, STM32H523RET6, STM32H523VCI6, STM32H523VCT6, STM32H523VEI6, STM32H523VET6, STM32H523ZCJ6, STM32H523ZCT6, STM32H523ZEJ6, STM32H523ZET6, STM32H533CET6, STM32H533CEU6, STM32H533HEY6TR, STM32H533RET6, STM32H533VEI6, STM32H533VET6, STM32H533ZEJ6, STM32H533ZET6, STM32H562AGI6, STM32H562AII6, STM32H562IGK6, STM32H562IGT6, STM32H562IIK6, STM32H562IIT6, STM32H562RGT6, STM32H562RGV6, STM32H562RIT6, STM32H562RIV6, STM32H562VGT6, STM32H562VIT6, STM32H562ZGT6, STM32H562ZIT6, STM32H563AGI6, STM32H563AII3Q, STM32H563AII6, STM32H563IGK6, STM32H563IGT6, STM32H563IIK3Q, STM32H563IIK6, STM32H563IIT3Q, STM32H563IIT6, STM32H563MIY3QTR, STM32H563RGT6, STM32H563RGV6, STM32H563RIT6, STM32H563RIV6, STM32H563VGT6, STM32H563VIT3Q, STM32H563VIT6, STM32H563ZGT6, STM32H563ZIT3Q, STM32H563ZIT6, STM32H573AII3Q, STM32H573AII6, STM32H573I-DK, STM32H573IIK3Q, STM32H573IIK6, STM32H573IIT3Q, STM32H573IIT6, STM32H573MIY3QTR, STM32H573RIT6, STM32H573RIV6, STM32H573VIT3Q, STM32H573VIT6, STM32H573ZIT3Q, STM32H573ZIT6, STM32H7R3A8I6, STM32H7R3I8K6, STM32H7R3I8T6, STM32H7R3L8H6, STM32H7R3L8H6H, STM32H7R3R8V6, STM32H7R3V8H6, STM32H7R3V8T6, STM32H7R3V8Y6TR, STM32H7R3Z8J6, STM32H7R3Z8T6, STM32H7R7A8I6, STM32H7R7I8K6, STM32H7R7I8T6, STM32H7R7L8H6, STM32H7R7L8H6H, STM32H7R7Z8J6, STM32H7S3A8I6, STM32H7S3I8K6, STM32H7S3I8T6, STM32H7S3L8H6, STM32H7S3L8H6H, STM32H7S3R8V6, STM32H7S3V8H6, STM32H7S3V8T6, STM32H7S3V8Y6TR, STM32H7S3Z8J6, STM32H7S3Z8T6, STM32H7S78-DK, STM32H7S7A8I6, STM32H7S7I8K6, STM32H7S7I8T6, STM32H7S7L8H6, STM32H7S7L8H6H, STM32H7S7Z8J6, STM32L4R5QGI6STR, STM32MP131AAE3, STM32MP131AAF3, STM32MP131AAG3, STM32MP131CAE3, STM32MP131CAF3, STM32MP131CAG3, STM32MP131DAE7, STM32MP131DAF7, STM32MP131DAG7, STM32MP131FAE7, STM32MP131FAF7, STM32MP131FAG7, STM32MP133AAE3, STM32MP133AAF3, STM32MP133AAG3, STM32MP133CAE3, STM32MP133CAF3, STM32MP133CAG3, STM32MP133DAE7, STM32MP133DAF7, STM32MP133DAG7, STM32MP133FAE7, STM32MP133FAF7, STM32MP133FAG7, STM32MP135AAE3, STM32MP135AAF3, STM32MP135AAG3, STM32MP135CAE3, STM32MP135CAF3, STM32MP135CAG3, STM32MP135DAE7, STM32MP135DAF7, STM32MP135DAG7, STM32MP135F-DK, STM32MP135FAE7, STM32MP135FAF7, STM32MP135FAF7T, STM32MP135FAF7U, STM32MP135FAG7, STM32MP231AAJ3, STM32MP231AAK3, STM32MP231AAL3, STM32MP231CAJ3, STM32MP231CAK3, STM32MP231CAL3, STM32MP231DAJ3, STM32MP231DAK3, STM32MP231DAL3, STM32MP231FAJ3, STM32MP231FAK3, STM32MP231FAL3, STM32MP233AAJ3, STM32MP233AAK3, STM32MP233AAL3, STM32MP233CAJ3, STM32MP233CAK3, STM32MP233CAL3, STM32MP233DAJ3, STM32MP233DAK3, STM32MP233DAL3, STM32MP233FAJ3, STM32MP233FAK3, STM32MP233FAL3, STM32MP235AAJ3, STM32MP235AAK3, STM32MP235AAL3, STM32MP235CAJ3, STM32MP235CAK3, STM32MP235CAL3, STM32MP235DAJ3, STM32MP235DAK3, STM32MP235DAL3, STM32MP235FAJ3, STM32MP235FAK3, STM32MP235FAL3, STM32MP251AAI3, STM32MP251AAJ3, STM32MP251AAK3, STM32MP251AAL3, STM32MP251CAI3, STM32MP251CAJ3, STM32MP251CAK3, STM32MP251CAL3, STM32MP251DAI3, STM32MP251DAJ3, STM32MP251DAK3, STM32MP251DAL3, STM32MP251FAI3, STM32MP251FAJ3, STM32MP251FAK3, STM32MP251FAL3, STM32MP253AAI3, STM32MP253AAJ3, STM32MP253AAK3, STM32MP253AAL3, STM32MP253CAI3, STM32MP253CAJ3, STM32MP253CAK3, STM32MP253CAL3, STM32MP253DAI3, STM32MP253DAJ3, STM32MP253DAK3, STM32MP253DAL3, STM32MP253FAI3, STM32MP253FAJ3, STM32MP253FAK3, STM32MP253FAL3, STM32MP255AAI3, STM32MP255AAJ3, STM32MP255AAK3, STM32MP255AAL3, STM32MP255CAI3, STM32MP255CAJ3, STM32MP255CAK3, STM32MP255CAL3, STM32MP255DAI3, STM32MP255DAJ3, STM32MP255DAK3, STM32MP255DAL3, STM32MP255FAI3, STM32MP255FAJ3, STM32MP255FAK3, STM32MP255FAL3, STM32MP257AAI3, STM32MP257AAJ3, STM32MP257AAK3, STM32MP257AAL3, STM32MP257CAI3, STM32MP257CAJ3, STM32MP257CAK3, STM32MP257CAL3, STM32MP257DAI3, STM32MP257DAJ3, STM32MP257DAK3, STM32MP257DAL3, STM32MP257F-DK, STM32MP257F-EV1, STM32MP257FAI3, STM32MP257FAJ3, STM32MP257FAK3, STM32MP257FAL3, STM32N645A0H3Q, STM32N645B0H3Q, STM32N645I0H3Q, STM32N645L0H3Q, STM32N645X0H3Q, STM32N645Z0H3Q, STM32N647A0H3Q, STM32N647B0H3Q, STM32N647I0H3Q, STM32N647L0H3Q, STM32N647X0H3Q, STM32N647Z0H3Q, STM32N655A0H3Q, STM32N655B0H3Q, STM32N655I0H3Q, STM32N655L0H3Q, STM32N655X0H3Q, STM32N655Z0H3Q, STM32N6570-DK, STM32N657A0H3Q, STM32N657B0H3Q, STM32N657I0H3Q, STM32N657L0H3Q, STM32N657X0H3Q, STM32N657Z0H3Q, STM32U031C6T6, STM32U031C6U6, STM32U031C8T6, STM32U031C8U6, STM32U031F4P6, STM32U031F6P6, STM32U031F8P6, STM32U031G6Y6TR, STM32U031G8Y6TR, STM32U031K4U6, STM32U031K6U6, STM32U031K8U6, STM32U031R6I6, STM32U031R6T6, STM32U031R8I6, STM32U031R8T6, STM32U073C8T6, STM32U073C8U6, STM32U073CBT6, STM32U073CBU6, STM32U073CCT6, STM32U073CCU6, STM32U073H8Y6TR, STM32U073HBY6TR, STM32U073HCY6TR, STM32U073K8U6, STM32U073KBU6, STM32U073KCU6, STM32U073M8I6, STM32U073M8T6, STM32U073MBI6, STM32U073MBT6, STM32U073MCI6, STM32U073MCT6, STM32U073R8I6, STM32U073R8T6, STM32U073RBI6, STM32U073RBT6, STM32U073RCI6, STM32U073RCT6, STM32U083C-DK, STM32U083CCT6, STM32U083CCU6, STM32U083HCY6TR, STM32U083KCU6, STM32U083MCI6, STM32U083MCT6, STM32U083RCI6, STM32U083RCT6, STM32U375CET6, STM32U375CET6Q, STM32U375CEU6, STM32U375CEU6Q, STM32U375CEY6QTR, STM32U375CGT6, STM32U375CGT6Q, STM32U375CGU6, STM32U375CGU6Q, STM32U375CGY6QTR, STM32U375KEU6, STM32U375KGU6, STM32U375REI6, STM32U375REI6Q, STM32U375RET6, STM32U375RET6Q, STM32U375REY6GTR, STM32U375REY6QTR, STM32U375RGI6, STM32U375RGI6Q, STM32U375RGT6, STM32U375RGT6Q, STM32U375RGY6GTR, STM32U375RGY6QTR, STM32U375VEI6, STM32U375VEI6Q, STM32U375VET6, STM32U375VET6Q, STM32U375VGI6, STM32U375VGI6Q, STM32U375VGT6, STM32U375VGT6Q, STM32U385CGT6, STM32U385CGT6Q, STM32U385CGU6, STM32U385CGU6Q, STM32U385CGY6QTR, STM32U385KGU6, STM32U385RGI6, STM32U385RGI6Q, STM32U385RGT6, STM32U385RGT6Q, STM32U385RGY6GTR, STM32U385RGY6QTR, STM32U385VGI6, STM32U385VGI6Q, STM32U385VGT6, STM32U385VGT6Q, STM32U535CBT6, STM32U535CBT6Q, STM32U535CBU6, STM32U535CBU6Q, STM32U535CCT6, STM32U535CCT6Q, STM32U535CCU6, STM32U535CCU6Q, STM32U535CET6, STM32U535CET6Q, STM32U535CEU6, STM32U535CEU6Q, STM32U535JEY6QTR, STM32U535NCY6QTR, STM32U535NEY6QTR, STM32U535RBI6, STM32U535RBI6Q, STM32U535RBT6, STM32U535RBT6Q, STM32U535RCI6, STM32U535RCI6Q, STM32U535RCT6, STM32U535RCT6Q, STM32U535REI6, STM32U535REI6Q, STM32U535RET6, STM32U535RET6Q, STM32U535VCI6, STM32U535VCI6Q, STM32U535VCT6, STM32U535VCT6Q, STM32U535VEI6, STM32U535VEI6Q, STM32U535VET6, STM32U535VET6Q, STM32U545CET6, STM32U545CET6Q, STM32U545CEU6, STM32U545CEU6Q, STM32U545JEY6QTR, STM32U545NEY6QTR, STM32U545REI6, STM32U545REI6Q, STM32U545RET6, STM32U545RET6Q, STM32U545VEI6, STM32U545VEI6Q, STM32U545VET6, STM32U545VET6Q, STM32U595AIH6, STM32U595AIH6Q, STM32U595AJH6, STM32U595AJH6Q, STM32U595QII6, STM32U595QII6Q, STM32U595QJI6, STM32U595QJI6Q, STM32U595RIT6, STM32U595RIT6Q, STM32U595RJT6, STM32U595RJT6Q, STM32U595VIT6, STM32U595VIT6Q, STM32U595VJT6, STM32U595VJT6Q, STM32U595ZIT6, STM32U595ZIT6Q, STM32U595ZIY6QTR, STM32U595ZJT6, STM32U595ZJT6Q, STM32U595ZJY6QTR, STM32U599BJY6QTR, STM32U599NIH6Q, STM32U599NJH6Q, STM32U599VIT6Q, STM32U599VJT6, STM32U599VJT6Q, STM32U599ZIT6Q, STM32U599ZIY6QTR, STM32U599ZJT6Q, STM32U599ZJY6QTR, STM32U5A5AJH6, STM32U5A5AJH6Q, STM32U5A5QII3Q , STM32U5A5QJI6, STM32U5A5QJI6Q, STM32U5A5RJT6, STM32U5A5RJT6Q, STM32U5A5VJT6, STM32U5A5VJT6Q, STM32U5A5ZJT6, STM32U5A5ZJT6Q, STM32U5A5ZJY6QTR, STM32U5A9BJY6QTR, STM32U5A9J-DK, STM32U5A9NJH6Q, STM32U5A9VJT6Q, STM32U5A9ZJT6Q, STM32U5A9ZJY6QTR, STM32U5F7VIT6, STM32U5F7VIT6Q, STM32U5F7VJT6, STM32U5F7VJT6Q, STM32U5F9BJY6QTR, STM32U5F9NJH6Q, STM32U5F9VIT6Q, STM32U5F9VJT6Q, STM32U5F9ZIJ6QTR, STM32U5F9ZIT6Q, STM32U5F9ZJJ6QTR, STM32U5F9ZJT6Q, STM32U5G7VJT6, STM32U5G7VJT6Q, STM32U5G9BJY6QTR, STM32U5G9J-DK1, STM32U5G9J-DK2, STM32U5G9NJH6Q, STM32U5G9VJT6Q, STM32U5G9ZJJ6QTR, STM32U5G9ZJT6Q, STM32WB05KZV6TR, STM32WB05KZV7TR, STM32WB05TZF6TR, STM32WB05TZF7TR, STM32WB06CCF6TR, STM32WB06CCF7TR, STM32WB06CCV6TR, STM32WB06CCV7TR, STM32WB06KCV6TR, STM32WB06KCV7TR, STM32WB07CCF6TR, STM32WB07CCF7TR, STM32WB07CCV6TR, STM32WB07CCV7TR, STM32WB07KCV6TR, STM32WB07KCV7TR, STM32WB09KEV6TR, STM32WB09KEV7TR, STM32WB09TEF6TR, STM32WB09TEF7TR, STM32WB1MMCH6, STM32WBA50KGU6, STM32WBA50KGU6TR, STM32WBA52CEU6, STM32WBA52CEU6TR, STM32WBA52CEU7, STM32WBA52CEU7TR, STM32WBA52CGU6, STM32WBA52CGU6TR, STM32WBA52CGU6U, STM32WBA52CGU7, STM32WBA52CGU7TR, STM32WBA52KEU6, STM32WBA52KEU6TR, STM32WBA52KGU6, STM32WBA52KGU6TR, STM32WBA54CEU6, STM32WBA54CEU6TR, STM32WBA54CEU7, STM32WBA54CEU7TR, STM32WBA54CGU6, STM32WBA54CGU6TR, STM32WBA54CGU7, STM32WBA54CGU7TR, STM32WBA54KEU6, STM32WBA54KEU6TR, STM32WBA54KEU7, STM32WBA54KEU7TR, STM32WBA54KGU6, STM32WBA54KGU6TR, STM32WBA54KGU7, STM32WBA54KGU7TR, STM32WBA55CEU6, STM32WBA55CEU6TR, STM32WBA55CEU7, STM32WBA55CEU7TR, STM32WBA55CGU6, STM32WBA55CGU6TR, STM32WBA55CGU6U, STM32WBA55CGU7, STM32WBA55CGU7TR, STM32WBA55G-DK1, STM32WBA55HEF6, STM32WBA55HEF7, STM32WBA55HGF6, STM32WBA55HGF7, STM32WBA55UEI6, STM32WBA55UEI6TR, STM32WBA55UEI7, STM32WBA55UEI7TR, STM32WBA55UGI6, STM32WBA55UGI6TR, STM32WBA55UGI7, STM32WBA55UGI7TR, STM32WBA5MJGH6TR, STM32WBA62CGU6, STM32WBA62CIU6, STM32WBA62MGF6, STM32WBA62MIF6, STM32WBA62PGI6, STM32WBA62PII6, STM32WBA63CGU6, STM32WBA63CGU7, STM32WBA63CIU6, STM32WBA63CIU7, STM32WBA64CGU6, STM32WBA64CGU7, STM32WBA64CIU6, STM32WBA64CIU7, STM32WBA65CGU6, STM32WBA65CGU7, STM32WBA65CIU6, STM32WBA65CIU7, STM32WBA65I-DK1, STM32WBA65MGF6, STM32WBA65MGF7, STM32WBA65MIF6, STM32WBA65MIF7, STM32WBA65PGI6, STM32WBA65PGI7, STM32WBA65PII6, STM32WBA65PII7, STM32WBA65RGV6, STM32WBA65RGV7, STM32WBA65RIV6, STM32WBA65RIV7, STM32WL30K8V6, STM32WL30KBV6, STM32WL31C8V6, STM32WL31CBV6, STM32WL31K8V6, STM32WL31KBV6, STM32WL33C8V6, STM32WL33C8V6TR, STM32WL33C8V7, STM32WL33C8V7TR, STM32WL33CBV6, STM32WL33CBV6TR, STM32WL33CBV7, STM32WL33CBV7TR, STM32WL33CCV6, STM32WL33CCV6TR, STM32WL33CCV7, STM32WL33CCV7A, STM32WL33CCV7ATR, STM32WL33CCV7TR, STM32WL33K8V6, STM32WL33K8V6TR, STM32WL33K8V7, STM32WL33K8V7TR, STM32WL33KBV6, STM32WL33KBV6TR, STM32WL33KBV7, STM32WL33KBV7TR, STM32WL33KCV6, STM32WL33KCV6TR, STM32WL33KCV7, STM32WL33KCV7TR, STM32WL5MOCH6, STM32WL5MOCH6TR]
2026-04-01 13:35:07,534 [INFO] DbMcus:218 - Found 5051 MCUs, 4964 are supported
2026-04-01 13:35:07,535 [INFO] ApiDb:423 - Load user favorites file /home/vatcraft/.stm32cubeide/favorites.mcus.txt: 0 item(s)
2026-04-01 13:35:07,535 [INFO] ApiDb:427 - User favorites MCUs=[]
2026-04-01 13:35:07,535 [INFO] DbMcus:224 - Set 0 / 0 favorites MCUs
2026-04-01 13:35:08,743 [INFO] BoardInfo:889 - No configuration file found for board NUCLEO-H5E5ZJ
2026-04-01 13:35:08,744 [INFO] DbBoards:161 - Board is not supported: NUCLEO-H5E5ZJ
2026-04-01 13:35:08,813 [INFO] BoardInfo:889 - No configuration file found for board NUCLEO-U3C5ZI-Q
2026-04-01 13:35:08,813 [INFO] DbBoards:161 - Board is not supported: NUCLEO-U3C5ZI-Q
2026-04-01 13:35:08,830 [INFO] BoardInfo:889 - No configuration file found for board NUCLEO-WBA25CE1
2026-04-01 13:35:08,831 [INFO] DbBoards:161 - Board is not supported: NUCLEO-WBA25CE1
2026-04-01 13:35:08,840 [INFO] BoardInfo:889 - No configuration file found for board NUCLEO-WL3RKB1
2026-04-01 13:35:08,840 [INFO] DbBoards:161 - Board is not supported: NUCLEO-WL3RKB1
2026-04-01 13:35:08,841 [INFO] BoardInfo:889 - No configuration file found for board NUCLEO-WL3RKB2
2026-04-01 13:35:08,842 [INFO] DbBoards:161 - Board is not supported: NUCLEO-WL3RKB2
2026-04-01 13:35:08,850 [INFO] BoardInfo:889 - No configuration file found for board P-NUCLEO-WB55
2026-04-01 13:35:08,850 [INFO] DbBoards:161 - Kit is not supported: P-NUCLEO-WB55
2026-04-01 13:35:08,854 [INFO] BoardInfo:889 - No configuration file found for board STEVAL-BFA001V1B
2026-04-01 13:35:08,855 [INFO] DbBoards:161 - Kit is not supported: STEVAL-BFA001V1B
2026-04-01 13:35:08,856 [INFO] BoardInfo:889 - No configuration file found for board STEVAL-BFA001V2B
2026-04-01 13:35:08,856 [INFO] DbBoards:161 - Kit is not supported: STEVAL-BFA001V2B
2026-04-01 13:35:08,935 [INFO] BoardInfo:889 - No configuration file found for board STM32H5F5J-DK
2026-04-01 13:35:08,936 [INFO] DbBoards:161 - Board is not supported: STM32H5F5J-DK
2026-04-01 13:35:08,985 [INFO] BoardInfo:889 - No configuration file found for board STM32MP215F-DK
2026-04-01 13:35:08,985 [INFO] DbBoards:161 - Board is not supported: STM32MP215F-DK
2026-04-01 13:35:09,005 [INFO] DbBoards:168 - Found 218 boards, 208 are supported
2026-04-01 13:35:09,005 [INFO] DbBoards:169 - Found 218 boards, 43 of them is supported for  Bsp
2026-04-01 13:35:09,008 [INFO] ApiDb:423 - Load user favorites file /home/vatcraft/.stm32cubeide/favorites.boards.txt: 0 item(s)
2026-04-01 13:35:09,009 [INFO] ApiDb:427 - User favorites Boards=[]
2026-04-01 13:35:09,009 [INFO] DbBoards:198 - Set 0 / 0 favorites Boards
2026-04-01 13:35:09,009 [INFO] McuFinderGlobals:76 - Set McuFinderConnectedMode to true
2026-04-01 13:35:09,020 [INFO] MultiScanPanel:200 - Auto-refresh data requested => check proxy status ongoing
2026-04-01 13:35:09,022 [INFO] FinderPluginLoader:95 - Searching for filters in installed packs
2026-04-01 13:35:11,631 [INFO] LoadUrlFilesThread:185 - End of LoadServerUrlFiles without Thread
2026-04-01 13:35:11,652 [INFO] DetailPanel:341 - Set advertising image to /home/vatcraft/STM32Cube/Repository//en.prom-stm32c5-0326.jpg
2026-04-01 13:35:13,494 [INFO] McuFinderGlobals:76 - Set McuFinderConnectedMode to true
2026-04-01 13:35:13,496 [INFO] MultiScanPanel:200 - Auto-refresh data requested => check proxy status ongoing
2026-04-01 13:35:13,496 [INFO] FinderPluginLoader:95 - Searching for filters in installed packs
2026-04-01 13:35:14,876 [INFO] LoadUrlFilesThread:185 - End of LoadServerUrlFiles without Thread
2026-04-01 13:35:14,876 [INFO] DetailPanel:341 - Set advertising image to /home/vatcraft/STM32Cube/Repository//en.prom-stm32c5-0326.jpg
2026-04-01 13:35:21,343 [INFO] MultiScanPanel:200 - Auto-refresh data requested => check proxy status ongoing
2026-04-01 13:35:21,554 [INFO] LoadUrlFilesThread:185 - End of LoadServerUrlFiles without Thread
2026-04-01 13:35:21,554 [INFO] DetailPanel:341 - Set advertising image to /home/vatcraft/STM32Cube/Repository//en.prom-stm32c5-0326.jpg
2026-04-01 13:35:21,571 [INFO] DbBoards:642 - Loading board mini-images...
2026-04-01 13:35:25,137 [INFO] DbBoards:665 - Loaded 218 board mini-images
2026-04-01 13:35:52,067 [INFO] MainUpdater:2872 - connection check result : 10
2026-04-01 13:35:52,068 [INFO] MainUpdater:2872 - connection check result : 10
2026-04-01 13:35:52,105 [INFO] MicroXplorer:468 - Change Database Path : 
2026-04-01 13:35:52,105 [INFO] MicroXplorer:498 - Change Database Version : DB.6.0.141
2026-04-01 13:35:52,115 [WARN] ThirdParty:871 - waiting for thirdparty lock release [close project]
2026-04-01 13:35:52,115 [INFO] ThirdParty:873 - entering critical section [close project]
2026-04-01 13:35:52,116 [INFO] ThirdParty:883 - exiting critical section [close project]
2026-04-01 13:35:52,119 [INFO] PinOutPanel:1589 - setPackage(No Configuration,No Configuration)
2026-04-01 13:35:52,124 [INFO] UtilMem:75 - Begin LoadConfig() Used Memory: 906343200 Bytes (1073741824)
2026-04-01 13:35:52,133 [INFO] MicroXplorer:468 - Change Database Path : 
2026-04-01 13:35:52,133 [INFO] MicroXplorer:498 - Change Database Version : DB.6.0.141
2026-04-01 13:35:52,133 [INFO] OpenFileManager:354 - Change cursor
2026-04-01 13:35:52,160 [INFO] Mcu:2011 - Initializing MCU STM32F401R(D-E)Tx STM32F401RETx STM32F401RET6
2026-04-01 13:35:54,903 [INFO] Context:756 - Trying to add GPIOservice into a context  which must be forbidden
2026-04-01 13:35:55,550 [INFO] Rule:225 - rule Adapt Old IOC before rework replace old CORTEX_M33/CORTEX_M55 attributes by the new one. is applicable
2026-04-01 13:35:55,550 [INFO] Rule:225 - rule Rename parametre of RCC RCC_APBDBG_DIV2 to RCC_TIMPRES_DIV2 is applicable
2026-04-01 13:35:55,550 [INFO] Rule:225 - rule Rename DIE493 pin PA10 [PA12] -> PA10 is applicable
2026-04-01 13:35:55,550 [INFO] Rule:225 - rule Rename DIE493 pin PA9 [PA11] -> PA9 is applicable
2026-04-01 13:35:55,551 [INFO] Rule:225 - rule Adapt Old IOC CSI. is applicable
2026-04-01 13:35:55,551 [INFO] DbConfProperties:307 - Apply Compatibility (0/5 Rules)
2026-04-01 13:35:55,584 [INFO] ImportTextPane:218 - (OptionalMessage_ERROR) Pin12 (VP_RIF_VS_RIF1) cannot be retrieved for this MCU
2026-04-01 13:35:55,969 [INFO] RtosManager:558 - Registered RTOS mode: class=CMSIS, group=RTOS, mode=CMSIS_V1, owner=FREERTOS
2026-04-01 13:35:55,969 [INFO] RtosManager:558 - Registered RTOS mode: class=CMSIS, group=RTOS2, mode=CMSIS_V2, owner=FREERTOS
2026-04-01 13:35:55,969 [INFO] RtosManager:558 - Registered RTOS mode: class=RTOS, group=Core, mode=CMSIS_V1, owner=FREERTOS
2026-04-01 13:35:55,969 [INFO] RtosManager:558 - Registered RTOS mode: class=RTOS, group=Core, mode=CMSIS_V2, owner=FREERTOS
2026-04-01 13:35:55,969 [WARN] ModelIntegratedComponent:184 - Missing modes for component STMicroelectronics:FreeRTOS:0.0.1:STMicroelectronics:RTOS:FreeRTOS:Core:::10.2.0:
2026-04-01 13:35:56,009 [WARN] ModelIntegratedComponent:63 - No mode defined for component null
2026-04-01 13:35:56,010 [WARN] ModelIntegratedComponent:63 - No mode defined for component null
2026-04-01 13:35:56,010 [WARN] ModelIntegratedComponent:63 - No mode defined for component null
2026-04-01 13:35:56,010 [WARN] ModelIntegratedComponent:63 - No mode defined for component null
2026-04-01 13:35:56,010 [WARN] ModelIntegratedComponent:63 - No mode defined for component null
2026-04-01 13:35:56,010 [WARN] ModelIntegratedComponent:63 - No mode defined for component null
2026-04-01 13:35:56,010 [WARN] ModelIntegratedComponent:63 - No mode defined for component null
2026-04-01 13:35:56,010 [WARN] ModelIntegratedComponent:63 - No mode defined for component null
2026-04-01 13:35:56,010 [WARN] ModelIntegratedComponent:63 - No mode defined for component null
2026-04-01 13:35:56,010 [WARN] ModelIntegratedComponent:63 - No mode defined for component null
2026-04-01 13:35:56,010 [WARN] ModelIntegratedComponent:63 - No mode defined for component null
2026-04-01 13:35:56,010 [WARN] ModelIntegratedComponent:63 - No mode defined for component null
2026-04-01 13:35:56,010 [WARN] ModelIntegratedComponent:63 - No mode defined for component null
2026-04-01 13:35:56,010 [WARN] ModelIntegratedComponent:63 - No mode defined for component null
2026-04-01 13:35:56,010 [WARN] ModelIntegratedComponent:63 - No mode defined for component null
2026-04-01 13:35:56,010 [WARN] ModelIntegratedComponent:63 - No mode defined for component null
2026-04-01 13:35:56,011 [WARN] ModelIntegratedComponent:63 - No mode defined for component null
2026-04-01 13:35:56,011 [WARN] ModelIntegratedComponent:63 - No mode defined for component null
2026-04-01 13:35:56,011 [WARN] ModelIntegratedComponent:63 - No mode defined for component null
2026-04-01 13:35:56,011 [WARN] ModelIntegratedComponent:63 - No mode defined for component null
2026-04-01 13:35:56,011 [WARN] ModelIntegratedComponent:63 - No mode defined for component null
2026-04-01 13:35:56,011 [WARN] ModelIntegratedComponent:63 - No mode defined for component null
2026-04-01 13:35:56,011 [WARN] ModelIntegratedComponent:63 - No mode defined for component null
2026-04-01 13:35:56,011 [WARN] ModelIntegratedComponent:63 - No mode defined for component null
2026-04-01 13:35:56,011 [WARN] ModelIntegratedComponent:63 - No mode defined for component null
2026-04-01 13:35:56,011 [WARN] ModelIntegratedComponent:63 - No mode defined for component null
2026-04-01 13:35:56,013 [WARN] ModelIntegratedComponent:63 - No mode defined for component null
2026-04-01 13:35:56,014 [WARN] ModelIntegratedComponent:63 - No mode defined for component null
2026-04-01 13:35:56,014 [WARN] ModelIntegratedComponent:63 - No mode defined for component null
2026-04-01 13:35:56,014 [WARN] ModelIntegratedComponent:63 - No mode defined for component null
2026-04-01 13:35:56,014 [WARN] ModelIntegratedComponent:63 - No mode defined for component null
2026-04-01 13:35:56,014 [WARN] ModelIntegratedComponent:63 - No mode defined for component null
2026-04-01 13:35:56,014 [WARN] ModelIntegratedComponent:63 - No mode defined for component null
2026-04-01 13:35:56,014 [WARN] ModelIntegratedComponent:63 - No mode defined for component null
2026-04-01 13:35:56,014 [WARN] ModelIntegratedComponent:63 - No mode defined for component null
2026-04-01 13:35:56,014 [WARN] ModelPack:524 - Component already loaded: STMicroelectronics:HAL Drivers:0.0.0:STMicroelectronics:Device:STMicro_Driver:XSPI:HAL::0.0.1:HAL_XSPI
2026-04-01 13:35:56,088 [INFO] ThirdPartyModel:298 - Start build external matchings
2026-04-01 13:35:56,586 [INFO] ThirdPartyModel:316 - End build external matchings
2026-04-01 13:35:56,608 [INFO] ImportTextPane:218 - (OptionalMessage_ERROR) IP (RCC) : Parameter (RTCHSEDivFreq_Value) has invalid value (4000000)
2026-04-01 13:35:57,134 [INFO] UtilMem:75 - End LoadConfig() Used Memory: 747719496 Bytes (1073741824)
2026-04-01 13:35:57,461 [WARN] ThirdParty:833 - waiting for thirdparty lock release [change project]
2026-04-01 13:35:57,461 [INFO] ThirdParty:835 - entering critical section [change project]
2026-04-01 13:35:57,463 [INFO] ThirdParty:1030 - CMSIS Pack Vendor :STMicroelectronics X-CUBE-AZRTOS-H7 3.5.0
2026-04-01 13:35:57,464 [INFO] ThirdParty:1030 - CMSIS Pack Vendor :STMicroelectronics X-CUBE-PM33A1 1.0.0
2026-04-01 13:35:57,464 [INFO] ThirdParty:1030 - CMSIS Pack Vendor :STMicroelectronics USBPD 4.1
2026-04-01 13:35:57,465 [INFO] ThirdParty:1030 - CMSIS Pack Vendor :STMicroelectronics X-CUBE-NFC9 1.0.0
2026-04-01 13:35:57,465 [INFO] ThirdParty:1030 - CMSIS Pack Vendor :STMicroelectronics USB_HOST 2.0.0
2026-04-01 13:35:57,465 [INFO] ThirdParty:1030 - CMSIS Pack Vendor :STMicroelectronics X-CUBE-AZRTOS-F4 1.1.0
2026-04-01 13:35:57,465 [INFO] ThirdParty:1030 - CMSIS Pack Vendor :STMicroelectronics LIBJPEG 8.0.0
2026-04-01 13:35:57,465 [INFO] ThirdParty:1030 - CMSIS Pack Vendor :STMicroelectronics FP-ATR-ASTRA1 2.0.2
2026-04-01 13:35:57,465 [INFO] ThirdParty:1030 - CMSIS Pack Vendor :STMicroelectronics X-CUBE-BLE1 7.1.0
2026-04-01 13:35:57,465 [INFO] ThirdParty:1030 - CMSIS Pack Vendor :STMicroelectronics X-CUBE-SMBUS 2.1.0
2026-04-01 13:35:57,465 [INFO] ThirdParty:1030 - CMSIS Pack Vendor :wolfSSL I-CUBE-wolfMQTT 1.19.2
2026-04-01 13:35:57,465 [INFO] ThirdParty:1030 - CMSIS Pack Vendor :STMicroelectronics USB_DEVICE 3.0.0
2026-04-01 13:35:57,465 [INFO] ThirdParty:1030 - CMSIS Pack Vendor :STMicroelectronics X-CUBE-ISPU 2.1.0
2026-04-01 13:35:57,465 [INFO] ThirdParty:1030 - CMSIS Pack Vendor :STMicroelectronics X-CUBE-EEPRMA1 5.2.0
2026-04-01 13:35:57,465 [INFO] ThirdParty:1030 - CMSIS Pack Vendor :STMicroelectronics X-CUBE-BLEMGR 4.1.0
2026-04-01 13:35:57,465 [INFO] ThirdParty:1030 - CMSIS Pack Vendor :STMicroelectronics X-CUBE-AZRTOS-WB 2.0.0
2026-04-01 13:35:57,465 [INFO] ThirdParty:1030 - CMSIS Pack Vendor :wolfSSL I-CUBE-wolfSSL 5.8.4
2026-04-01 13:35:57,465 [INFO] ThirdParty:1030 - CMSIS Pack Vendor :Cesanta I-CUBE-Mongoose 7.20.0
2026-04-01 13:35:57,466 [INFO] ThirdParty:1030 - CMSIS Pack Vendor :STMicroelectronics X-CUBE-NFC12 1.0.0
2026-04-01 13:35:57,466 [INFO] ThirdParty:1030 - CMSIS Pack Vendor :STMicroelectronics X-CUBE-AZRTOS-F7 1.1.0
2026-04-01 13:35:57,466 [INFO] ThirdParty:1030 - CMSIS Pack Vendor :STMicroelectronics X-CUBE-AZRTOS-L5 2.0.0
2026-04-01 13:35:57,466 [INFO] ThirdParty:1030 - CMSIS Pack Vendor :STMicroelectronics USB_DEVICE 2.0.0
2026-04-01 13:35:57,466 [INFO] ThirdParty:1030 - CMSIS Pack Vendor :quantropi X-CUBE-qispace-sdk-base 2.1.0
2026-04-01 13:35:57,466 [INFO] ThirdParty:1030 - CMSIS Pack Vendor :STMicroelectronics X-CUBE-MEMS1 12.0.0
2026-04-01 13:35:57,466 [INFO] ThirdParty:1030 - CMSIS Pack Vendor :STMicroelectronics X-CUBE-STSE01 2.0.0
2026-04-01 13:35:57,466 [INFO] ThirdParty:1030 - CMSIS Pack Vendor :STMicroelectronics FreeRTOS 0.0.1
2026-04-01 13:35:57,466 [INFO] ThirdParty:1030 - CMSIS Pack Vendor :STMicroelectronics X-CUBE-AZRTOS-G0 1.1.0
2026-04-01 13:35:57,466 [INFO] ThirdParty:1030 - CMSIS Pack Vendor :STMicroelectronics X-CUBE-NFC4 3.0.0
2026-04-01 13:35:57,466 [INFO] ThirdParty:1030 - CMSIS Pack Vendor :STMicroelectronics X-CUBE-SUBG2 5.0.0
2026-04-01 13:35:57,466 [INFO] ThirdParty:1030 - CMSIS Pack Vendor :STMicroelectronics STM32_WPAN 1.0.0
2026-04-01 13:35:57,466 [INFO] ThirdParty:1030 - CMSIS Pack Vendor :EmbeddedOffice I-CUBE-FS-RTOS 1.0.1
2026-04-01 13:35:57,466 [INFO] ThirdParty:1030 - CMSIS Pack Vendor :STMicroelectronics lwIP 2.0.3
2026-04-01 13:35:57,466 [INFO] ThirdParty:1030 - CMSIS Pack Vendor :STMicroelectronics USB_HOST 1.0.0
2026-04-01 13:35:57,466 [INFO] ThirdParty:1030 - CMSIS Pack Vendor :STMicroelectronics X-CUBE-AZRTOS-G4 2.0.0
2026-04-01 13:35:57,466 [INFO] ThirdParty:1030 - CMSIS Pack Vendor :STMicroelectronics X-CUBE-WB05N 2.0.0
2026-04-01 13:35:57,466 [INFO] ThirdParty:1030 - CMSIS Pack Vendor :STMicroelectronics PDM2PCM 3.1.0
2026-04-01 13:35:57,467 [INFO] ThirdParty:1030 - CMSIS Pack Vendor :STMicroelectronics PDM2PCM 3.3.0
2026-04-01 13:35:57,467 [INFO] ThirdParty:1030 - CMSIS Pack Vendor :wolfSSL I-CUBE-wolfTPM 3.8.0
2026-04-01 13:35:57,467 [INFO] ThirdParty:1030 - CMSIS Pack Vendor :STMicroelectronics X-CUBE-DISPLAY 3.0.0
2026-04-01 13:35:57,467 [INFO] ThirdParty:1030 - CMSIS Pack Vendor :wolfSSL I-CUBE-wolfSSH 1.4.20
2026-04-01 13:35:57,467 [INFO] ThirdParty:1030 - CMSIS Pack Vendor :STMicroelectronics X-CUBE-NFC7 2.0.0
2026-04-01 13:35:57,467 [INFO] ThirdParty:1030 - CMSIS Pack Vendor :STMicroelectronics X-CUBE-TCPP 4.2.0
2026-04-01 13:35:57,467 [INFO] ThirdParty:1030 - CMSIS Pack Vendor :RealThread X-CUBE-RT-Thread_Nano 4.1.1
2026-04-01 13:35:57,467 [INFO] ThirdParty:1030 - CMSIS Pack Vendor :STMicroelectronics FP-ATR-SIGFOX1 3.2.0
2026-04-01 13:35:57,467 [INFO] ThirdParty:1030 - CMSIS Pack Vendor :STMicroelectronics X-CUBE-NFC10 1.0.0
2026-04-01 13:35:57,467 [INFO] ThirdParty:1030 - CMSIS Pack Vendor :STMicroelectronics HAL Drivers 0.0.0
2026-04-01 13:35:57,467 [INFO] ThirdParty:1030 - CMSIS Pack Vendor :STMicroelectronics MBEDTLS 2.16.2
2026-04-01 13:35:57,467 [INFO] ThirdParty:1030 - CMSIS Pack Vendor :STMicroelectronics X-CUBE-ST60 1.1.0
2026-04-01 13:35:57,467 [INFO] ThirdParty:1030 - CMSIS Pack Vendor :STMicroelectronics X-CUBE-ALS 1.0.2
2026-04-01 13:35:57,467 [INFO] ThirdParty:1030 - CMSIS Pack Vendor :emotas I-CUBE-CANOPEN 1.3.0
2026-04-01 13:35:57,467 [INFO] ThirdParty:1030 - CMSIS Pack Vendor :STMicroelectronics MBEDTLS 2.14.1
2026-04-01 13:35:57,468 [INFO] ThirdParty:1030 - CMSIS Pack Vendor :STMicroelectronics X-CUBE-GNSS1 7.1.0
2026-04-01 13:35:57,468 [INFO] ThirdParty:1030 - CMSIS Pack Vendor :ITTIA_DB I-CUBE-ITTIADB 8.9.0
2026-04-01 13:35:57,468 [INFO] ThirdParty:1030 - CMSIS Pack Vendor :STMicroelectronics X-CUBE-TOUCHGFX 4.26.1
2026-04-01 13:35:57,468 [INFO] ThirdParty:1030 - CMSIS Pack Vendor :STMicroelectronics X-CUBE-NFC6 3.2.0
2026-04-01 13:35:57,468 [INFO] ThirdParty:1030 - CMSIS Pack Vendor :STMicroelectronics X-CUBE-AI 10.2.0
2026-04-01 13:35:57,468 [INFO] ThirdParty:1030 - CMSIS Pack Vendor :STMicroelectronics FP-SNS-STAIOTCFT 1.0.0
2026-04-01 13:35:57,468 [INFO] ThirdParty:1030 - CMSIS Pack Vendor :STMicroelectronics ThreadX 1.0.0
2026-04-01 13:35:57,468 [INFO] ThirdParty:1030 - CMSIS Pack Vendor :STMicroelectronics FP-SNS-SMARTAG2 1.2.0
2026-04-01 13:35:57,468 [INFO] ThirdParty:1030 - CMSIS Pack Vendor :STMicroelectronics FP-SNS-FLIGHT1 5.1.0
2026-04-01 13:35:57,468 [INFO] ThirdParty:1030 - CMSIS Pack Vendor :STMicroelectronics X-CUBE-AZRTOS-WL 2.0.0
2026-04-01 13:35:57,468 [INFO] ThirdParty:1030 - CMSIS Pack Vendor :SEGGER I-CUBE-embOS 1.3.1
2026-04-01 13:35:57,468 [INFO] ThirdParty:1030 - CMSIS Pack Vendor :STMicroelectronics X-CUBE-ALGOBUILD 1.4.0
2026-04-01 13:35:57,468 [INFO] ThirdParty:1030 - CMSIS Pack Vendor :STMicroelectronics X-CUBE-DPower 1.3.0
2026-04-01 13:35:57,468 [INFO] ThirdParty:1030 - CMSIS Pack Vendor :STMicroelectronics USB_DEVICE 1.0.0
2026-04-01 13:35:57,468 [INFO] ThirdParty:1030 - CMSIS Pack Vendor :STMicroelectronics X-CUBE-AZRTOS-H7RS 1.2.0
2026-04-01 13:35:57,468 [INFO] ThirdParty:1030 - CMSIS Pack Vendor :STMicroelectronics X-CUBE-AZRTOS-L4 2.0.0
2026-04-01 13:35:57,468 [INFO] ThirdParty:1030 - CMSIS Pack Vendor :STMicroelectronics ThreadX 0.0.2
2026-04-01 13:35:57,468 [INFO] ThirdParty:1030 - CMSIS Pack Vendor :STMicroelectronics lwIP 2.1.2
2026-04-01 13:35:57,469 [INFO] ThirdParty:1030 - CMSIS Pack Vendor :STMicroelectronics X-CUBE-SFXS2LP1 4.0.0
2026-04-01 13:35:57,469 [INFO] ThirdParty:1030 - CMSIS Pack Vendor :STMicroelectronics X-CUBE-BLE2 3.3.0
2026-04-01 13:35:57,469 [INFO] ThirdParty:1030 - CMSIS Pack Vendor :Avnet-IOTCONNECT X-CUBE-iotc-st67-sdk 1.0.0
2026-04-01 13:35:57,469 [INFO] ThirdParty:1030 - CMSIS Pack Vendor :STMicroelectronics X-CUBE-TOF1 3.4.3
2026-04-01 13:35:57,469 [INFO] ThirdParty:1030 - CMSIS Pack Vendor :Infineon AIROC-Wi-Fi-Bluetooth-STM32 1.8.0
2026-04-01 13:35:57,469 [INFO] ThirdParty:1030 - CMSIS Pack Vendor :STMicroelectronics PDM2PCM 3.2.0
2026-04-01 13:35:57,469 [INFO] ThirdParty:841 - exiting critical section [change project]
2026-04-01 13:35:58,247 [INFO] PinOutPanel:1589 - setPackage(No Configuration,No Configuration)
2026-04-01 13:35:58,249 [INFO] PinOutPanel:1589 - setPackage(STM32F401RETx,LQFP64)
2026-04-01 13:35:59,565 [INFO] UtilMem:75 - Before build in PCC Used Memory: 752737200 Bytes (1073741824)
2026-04-01 13:36:00,679 [INFO] UtilMem:75 - After build in PCC Used Memory: 917426208 Bytes (1073741824)
2026-04-01 13:36:00,741 [INFO] IPUIPlugin:80 - create IPUIPlugin
2026-04-01 13:36:00,742 [INFO] IPUIPlugin:80 - create IPUIPlugin
2026-04-01 13:36:00,742 [INFO] IPUIPlugin:80 - create IPUIPlugin
2026-04-01 13:36:00,742 [INFO] IPUIPlugin:80 - create IPUIPlugin
2026-04-01 13:36:00,743 [INFO] IPUIPlugin:80 - create IPUIPlugin
2026-04-01 13:36:00,743 [INFO] IPUIPlugin:80 - create IPUIPlugin
2026-04-01 13:36:00,744 [INFO] IPUIPlugin:80 - create IPUIPlugin
2026-04-01 13:36:00,745 [INFO] IPUIPlugin:80 - create IPUIPlugin
2026-04-01 13:36:00,745 [INFO] IPUIPlugin:80 - create IPUIPlugin
2026-04-01 13:36:00,745 [INFO] IPUIPlugin:80 - create IPUIPlugin
2026-04-01 13:36:00,746 [INFO] IPUIPlugin:80 - create IPUIPlugin
2026-04-01 13:36:00,746 [INFO] IPUIPlugin:80 - create IPUIPlugin
2026-04-01 13:36:00,747 [INFO] IPUIPlugin:80 - create IPUIPlugin
2026-04-01 13:36:00,747 [INFO] IPUIPlugin:80 - create IPUIPlugin
2026-04-01 13:36:00,747 [INFO] IPUIPlugin:80 - create IPUIPlugin
2026-04-01 13:36:00,748 [INFO] IPUIPlugin:80 - create IPUIPlugin
2026-04-01 13:36:00,748 [INFO] IPUIPlugin:80 - create IPUIPlugin
2026-04-01 13:36:00,749 [INFO] IPUIPlugin:80 - create IPUIPlugin
2026-04-01 13:36:00,749 [INFO] IPUIPlugin:80 - create IPUIPlugin
2026-04-01 13:36:00,749 [INFO] IPUIPlugin:80 - create IPUIPlugin
2026-04-01 13:36:00,750 [INFO] IPUIPlugin:80 - create IPUIPlugin
2026-04-01 13:36:00,750 [INFO] IPUIPlugin:80 - create IPUIPlugin
2026-04-01 13:36:00,751 [INFO] IPUIPlugin:80 - create IPUIPlugin
2026-04-01 13:36:00,751 [INFO] IPUIPlugin:80 - create IPUIPlugin
2026-04-01 13:36:00,752 [INFO] IPUIPlugin:80 - create IPUIPlugin
2026-04-01 13:36:00,753 [INFO] IPUIPlugin:80 - create IPUIPlugin
2026-04-01 13:36:00,753 [INFO] IPUIPlugin:80 - create IPUIPlugin
2026-04-01 13:36:00,754 [INFO] IPUIPlugin:80 - create IPUIPlugin
2026-04-01 13:36:00,755 [INFO] IPUIPlugin:80 - create IPUIPlugin
2026-04-01 13:36:00,755 [INFO] IPUIPlugin:80 - create IPUIPlugin
2026-04-01 13:36:00,755 [INFO] IPUIPlugin:80 - create IPUIPlugin
2026-04-01 13:36:00,757 [INFO] IPUIPlugin:80 - create IPUIPlugin
2026-04-01 13:36:00,758 [INFO] IPUIPlugin:80 - create IPUIPlugin
2026-04-01 13:36:00,758 [INFO] IPUIPlugin:80 - create IPUIPlugin
2026-04-01 13:36:00,759 [INFO] IPUIPlugin:80 - create IPUIPlugin
2026-04-01 13:36:00,759 [INFO] IPUIPlugin:80 - create IPUIPlugin
2026-04-01 13:36:00,760 [INFO] IPUIPlugin:80 - create IPUIPlugin
2026-04-01 13:36:00,761 [INFO] IPUIPlugin:80 - create IPUIPlugin
2026-04-01 13:36:00,825 [INFO] ApiDbMcu:508 - Load IP Config File for PDM2PCM
2026-04-01 13:36:01,214 [INFO] CADModel:165 - CPN selected for project levelSTM32F401RET6
2026-04-01 13:36:01,215 [INFO] CADModel:114 - Register for checkConnection events
2026-04-01 13:36:01,294 [INFO] OpenFileManager:385 - Restore cursor
2026-04-01 13:36:02,025 [INFO] UtilMem:75 - End SaveConfig() Used Memory: 916457472 Bytes (1073741824)
2026-04-01 13:36:02,178 [INFO] UtilMem:75 - End SaveConfig() Used Memory: 943196160 Bytes (1073741824)
2026-04-01 13:36:03,553 [INFO] BlockDiagram:2775 - set Specific Code input for plugin: NVIC
2026-04-01 13:36:03,554 [INFO] BlockDiagram:2775 - set Specific Code input for plugin: USART
2026-04-01 13:36:03,555 [INFO] BlockDiagram:2775 - set Specific Code input for plugin: SYS
2026-04-01 13:36:03,555 [INFO] BlockDiagram:2775 - set Specific Code input for plugin: GPIO
2026-04-01 13:36:03,555 [INFO] BlockDiagram:2775 - set Specific Code input for plugin: RCC
2026-04-01 13:36:03,559 [INFO] CodeGenerator:882 - code generatio: config db path: /opt/st/stm32cubeide_1.18.1/plugins/com.st.stm32cube.common.mx_6.14.1.202504091515//db/
2026-04-01 13:36:04,075 [INFO] CodeEngine:263 - oldGeneratedFile, /home/vatcraft/Desktop/FET/ELT3240/Lab3/ex1/MXTmpFiles/license.tmp_save
2026-04-01 13:36:05,086 [INFO] CodeEngine:287 - Generated code: /home/vatcraft/Desktop/FET/ELT3240/Lab3/ex1/MXTmpFiles/license.tmp
2026-04-01 13:36:05,204 [INFO] CodeEngine:263 - oldGeneratedFile, /home/vatcraft/Desktop/FET/ELT3240/Lab3/ex1/MXTmpFiles/gpio.tmp_save
2026-04-01 13:36:05,572 [INFO] CodeEngine:287 - Generated code: /home/vatcraft/Desktop/FET/ELT3240/Lab3/ex1/MXTmpFiles/gpio.tmp
2026-04-01 13:36:05,683 [INFO] CodeEngine:263 - oldGeneratedFile, /home/vatcraft/Desktop/FET/ELT3240/Lab3/ex1/Core/Src/stm32f4xx_it.c_save
2026-04-01 13:36:05,918 [INFO] CodeEngine:287 - Generated code: /home/vatcraft/Desktop/FET/ELT3240/Lab3/ex1/Core/Src/stm32f4xx_it.c
2026-04-01 13:36:05,921 [INFO] CodeEngine:263 - oldGeneratedFile, /home/vatcraft/Desktop/FET/ELT3240/Lab3/ex1/Core/Inc/stm32f4xx_it.h_save
2026-04-01 13:36:06,053 [INFO] CodeEngine:287 - Generated code: /home/vatcraft/Desktop/FET/ELT3240/Lab3/ex1/Core/Inc/stm32f4xx_it.h
2026-04-01 13:36:06,063 [INFO] CodeEngine:263 - oldGeneratedFile, /home/vatcraft/Desktop/FET/ELT3240/Lab3/ex1/Core/Src/stm32f4xx_hal_msp.c_save
2026-04-01 13:36:06,320 [INFO] CodeEngine:287 - Generated code: /home/vatcraft/Desktop/FET/ELT3240/Lab3/ex1/Core/Src/stm32f4xx_hal_msp.c
2026-04-01 13:36:06,323 [INFO] CodeEngine:263 - oldGeneratedFile, /home/vatcraft/Desktop/FET/ELT3240/Lab3/ex1/MXTmpFiles/system.tmp_save
2026-04-01 13:36:06,461 [INFO] CodeEngine:287 - Generated code: /home/vatcraft/Desktop/FET/ELT3240/Lab3/ex1/MXTmpFiles/system.tmp
2026-04-01 13:36:06,471 [INFO] CodeEngine:319 - oldGeneratedFile, /home/vatcraft/Desktop/FET/ELT3240/Lab3/ex1/Core/Inc/stm32f4xx_hal_conf.h_save
2026-04-01 13:36:06,704 [INFO] CodeEngine:343 - Generated code: /home/vatcraft/Desktop/FET/ELT3240/Lab3/ex1/Core/Inc/stm32f4xx_hal_conf.h
2026-04-01 13:36:06,800 [INFO] ApiDbMcu:508 - Load IP Config File for USART2
2026-04-01 13:36:06,820 [INFO] ApiDbMcu:508 - Load IP Config File for RCC
2026-04-01 13:36:06,830 [INFO] CodeEngine:263 - oldGeneratedFile, /home/vatcraft/Desktop/FET/ELT3240/Lab3/ex1/Core/Inc/main.h_save
2026-04-01 13:36:07,051 [INFO] CodeEngine:287 - Generated code: /home/vatcraft/Desktop/FET/ELT3240/Lab3/ex1/Core/Inc/main.h
2026-04-01 13:36:07,055 [INFO] CodeEngine:263 - oldGeneratedFile, /home/vatcraft/Desktop/FET/ELT3240/Lab3/ex1/Core/Src/main.c_save
2026-04-01 13:36:07,405 [INFO] CodeEngine:287 - Generated code: /home/vatcraft/Desktop/FET/ELT3240/Lab3/ex1/Core/Src/main.c
2026-04-01 13:36:07,983 [INFO] ProjectBuilder:3324 - Time for Copy HAL[1] : 69mS.
2026-04-01 13:36:07,989 [INFO] ProjectBuilder:4912 - Project Generator version: 4.6.0.1-B1
2026-04-01 13:36:08,184 [INFO] ConfigFileManager:1590 - The Die is : DIE433
2026-04-01 13:36:08,198 [INFO] ApiDbMcu:508 - Load IP Config File for FATFS
2026-04-01 13:36:08,207 [INFO] ApiDbMcu:508 - Load IP Config File for FREERTOS
2026-04-01 13:36:08,215 [INFO] ApiDbMcu:508 - Load IP Config File for LIBJPEG
2026-04-01 13:36:08,227 [INFO] ApiDbMcu:508 - Load IP Config File for MBEDTLS
2026-04-01 13:36:08,258 [INFO] ApiDbMcu:508 - Load IP Config File for USB_DEVICE
2026-04-01 13:36:08,270 [INFO] ApiDbMcu:508 - Load IP Config File for USB_HOST
2026-04-01 13:36:09,468 [INFO] LogOutputStream:77 - [STDOUT_REDIRECT] 
2026-04-01 13:36:13,064 [INFO] ProjectBuilder:5191 - Time for Generating toolchain IDE Files: 5075mS.
2026-04-01 13:36:13,065 [INFO] ProjectBuilder:3181 - Time for Copy CMSIS : 0mS.
2026-04-01 13:36:13,068 [INFO] ProjectBuilder:3181 - Time for Copy CMSIS : 0mS.
2026-04-01 13:36:14,263 [INFO] McuFinderGlobals:76 - Set McuFinderConnectedMode to true
2026-04-01 13:36:14,267 [INFO] ApiDb:448 - Save user favorites file /home/vatcraft/.stm32cubeide/favorites.mcus.txt: 0 item(s)
2026-04-01 13:36:14,267 [INFO] ApiDb:452 - User favorites MCUs=[]
2026-04-01 13:36:14,272 [INFO] ApiDb:448 - Save user favorites file /home/vatcraft/.stm32cubeide/favorites.boards.txt: 0 item(s)
2026-04-01 13:36:14,272 [INFO] ApiDb:452 - User favorites Boards=[]
2026-04-01 13:53:30,278 [INFO] Activator:176 - 


2026-04-01 13:53:30,280 [INFO] Activator:177 - !SESSION log4j initialized
2026-04-01 13:53:35,174 [INFO] LogOutputStream:77 - [STDOUT_REDIRECT] 
2026-04-01 13:53:36,271 [INFO] ApplicationProperties:184 - Using Application install path: /opt/st/stm32cubeide_1.18.1/plugins/com.st.stm32cube.common.mx_6.14.1.202504091515
2026-04-01 13:53:36,308 [INFO] DbMcusXml:78 - Set database path to: /opt/st/stm32cubeide_1.18.1/plugins/com.st.stm32cube.common.mx_6.14.1.202504091515//db//mcu/
2026-04-01 13:53:36,309 [INFO] ApiDb:274 - Set plugin database path to: /opt/st/stm32cubeide_1.18.1/plugins/com.st.stm32cube.common.mx_6.14.1.202504091515//db//plugins/boardmanager/
2026-04-01 13:53:36,312 [WARN] ApiDb:259 - Overriding images path with different value:  => /opt/st/stm32cubeide_1.18.1/plugins/com.st.stm32cube.common.mx_6.14.1.202504091515//db//plugins/mcufinder/images/
2026-04-01 13:53:36,321 [INFO] ApiDb:250 - Set database path to: /home/vatcraft/.stmcufinder/plugins/mcufinder//mcu/
2026-04-01 13:53:36,327 [INFO] DbMcusAds:125 - Set database path to: /home/vatcraft/.stmcufinder/plugins/mcufinder//mcu/
2026-04-01 13:53:36,332 [INFO] CrossReferenceDbSqlite:203 - Set database path to: /home/vatcraft/.stmcufinder/plugins/mcufinder//mcu/cs/
2026-04-01 13:53:36,577 [INFO] RulesReader:64 - Compatibility file has been processed (302 Rules)
2026-04-01 13:53:36,656 [INFO] DbMcusXml:78 - Set database path to: /opt/st/stm32cubeide_1.18.1/plugins/com.st.stm32cube.common.mx_6.14.1.202504091515//db//mcu/
2026-04-01 13:53:36,656 [INFO] ApiDb:274 - Set plugin database path to: /opt/st/stm32cubeide_1.18.1/plugins/com.st.stm32cube.common.mx_6.14.1.202504091515//db//plugins/boardmanager/
2026-04-01 13:53:36,656 [INFO] ApiDb:261 - Set plugin images path to: /opt/st/stm32cubeide_1.18.1/plugins/com.st.stm32cube.common.mx_6.14.1.202504091515//db//plugins/mcufinder/images/
2026-04-01 13:53:36,657 [WARN] DbFile:41 - Overriding database path with different value: /home/vatcraft/.stmcufinder/plugins/mcufinder/ => /home/vatcraft/.stmcufinder/plugins/mcufinder
2026-04-01 13:53:36,657 [INFO] ApiDb:250 - Set database path to: /home/vatcraft/.stmcufinder/plugins/mcufinder//mcu/
2026-04-01 13:53:36,657 [WARN] DbFile:41 - Overriding database path with different value: /home/vatcraft/.stmcufinder/plugins/mcufinder/ => /home/vatcraft/.stmcufinder/plugins/mcufinder
2026-04-01 13:53:36,657 [INFO] DbMcusAds:125 - Set database path to: /home/vatcraft/.stmcufinder/plugins/mcufinder//mcu/
2026-04-01 13:53:36,657 [WARN] DbFile:41 - Overriding database path with different value: /home/vatcraft/.stmcufinder/plugins/mcufinder/ => /home/vatcraft/.stmcufinder/plugins/mcufinder
2026-04-01 13:53:36,657 [WARN] DbFile:41 - Overriding database path with different value: /home/vatcraft/.stmcufinder/plugins/mcufinder/ => /home/vatcraft/.stmcufinder/plugins/mcufinder
2026-04-01 13:53:36,658 [INFO] CrossReferenceDbSqlite:203 - Set database path to: /home/vatcraft/.stmcufinder/plugins/mcufinder//mcu/cs/
2026-04-01 13:53:36,723 [INFO] MainPanel:272 - HeapMemory: 268435456
2026-04-01 13:53:36,824 [INFO] DbMcusXml:78 - Set database path to: /opt/st/stm32cubeide_1.18.1/plugins/com.st.stm32cube.common.mx_6.14.1.202504091515//db//mcu/
2026-04-01 13:53:36,824 [INFO] ApiDb:274 - Set plugin database path to: /opt/st/stm32cubeide_1.18.1/plugins/com.st.stm32cube.common.mx_6.14.1.202504091515//db//plugins/boardmanager/
2026-04-01 13:53:36,824 [INFO] ApiDb:261 - Set plugin images path to: /opt/st/stm32cubeide_1.18.1/plugins/com.st.stm32cube.common.mx_6.14.1.202504091515//db//plugins/mcufinder/images/
2026-04-01 13:53:36,824 [WARN] DbFile:41 - Overriding database path with different value: /home/vatcraft/.stmcufinder/plugins/mcufinder/ => /home/vatcraft/.stmcufinder/plugins/mcufinder
2026-04-01 13:53:36,824 [INFO] ApiDb:250 - Set database path to: /home/vatcraft/.stmcufinder/plugins/mcufinder//mcu/
2026-04-01 13:53:36,825 [WARN] DbFile:41 - Overriding database path with different value: /home/vatcraft/.stmcufinder/plugins/mcufinder/ => /home/vatcraft/.stmcufinder/plugins/mcufinder
2026-04-01 13:53:36,825 [INFO] DbMcusAds:125 - Set database path to: /home/vatcraft/.stmcufinder/plugins/mcufinder//mcu/
2026-04-01 13:53:36,825 [WARN] DbFile:41 - Overriding database path with different value: /home/vatcraft/.stmcufinder/plugins/mcufinder/ => /home/vatcraft/.stmcufinder/plugins/mcufinder
2026-04-01 13:53:36,825 [WARN] DbFile:41 - Overriding database path with different value: /home/vatcraft/.stmcufinder/plugins/mcufinder/ => /home/vatcraft/.stmcufinder/plugins/mcufinder
2026-04-01 13:53:36,825 [INFO] CrossReferenceDbSqlite:203 - Set database path to: /home/vatcraft/.stmcufinder/plugins/mcufinder//mcu/cs/
2026-04-01 13:53:36,840 [INFO] ApplicationProperties:184 - Using Application install path: /opt/st/stm32cubeide_1.18.1/plugins/com.st.stm32cube.common.mx_6.14.1.202504091515
2026-04-01 13:53:36,841 [INFO] PluginManage:196 - Search for loadable plugins [exclusion list=, ]
2026-04-01 13:53:36,842 [INFO] PluginManage:310 - Check plugin analytics
2026-04-01 13:53:37,001 [INFO] AnalyticsPlugin:253 - Accepted Software Licenses: 
2026-04-01 13:53:37,001 [INFO] AnalyticsPlugin:255 - Accepted CMSIS Pack Licenses: 
2026-04-01 13:53:37,001 [INFO] AnalyticsPlugin:257 - Accepted Firmware Licenses: FW.F4.1.28.0,FW.L4.1.18.0
2026-04-01 13:53:37,004 [INFO] PluginManage:359 - Loaded plugin analytics (category:tool,tabindex:-1)
2026-04-01 13:53:37,005 [INFO] PluginManage:310 - Check plugin cadmodel
2026-04-01 13:53:37,009 [INFO] CADModel:105 - Init CAD model plugin
2026-04-01 13:53:37,009 [INFO] PluginManage:359 - Loaded plugin cadmodel (category:power,tabindex:5)
2026-04-01 13:53:37,009 [INFO] PluginManage:310 - Check plugin clock
2026-04-01 13:53:37,018 [INFO] PluginManage:359 - Loaded plugin clock (category:base,tabindex:2)
2026-04-01 13:53:37,018 [INFO] PluginManage:310 - Check plugin ddr
2026-04-01 13:53:37,020 [INFO] PluginManage:359 - Loaded plugin ddr (category:tool,tabindex:6)
2026-04-01 13:53:37,020 [INFO] PluginManage:310 - Check plugin filemanager
2026-04-01 13:53:37,158 [INFO] PluginManage:359 - Loaded plugin filemanager (category:base,tabindex:10)
2026-04-01 13:53:37,159 [INFO] PluginManage:310 - Check plugin ipmanager
2026-04-01 13:53:37,165 [INFO] PluginManage:359 - Loaded plugin ipmanager (category:base,tabindex:5)
2026-04-01 13:53:37,165 [INFO] PluginManage:310 - Check plugin lpbam
2026-04-01 13:53:37,175 [INFO] PluginManage:359 - Loaded plugin lpbam (category:base,tabindex:0)
2026-04-01 13:53:37,176 [INFO] PluginManage:310 - Check plugin memorymap
2026-04-01 13:53:37,185 [INFO] PluginManage:359 - Loaded plugin memorymap (category:base,tabindex:4)
2026-04-01 13:53:37,186 [INFO] PluginManage:310 - Check plugin pinoutandconfiguration
2026-04-01 13:53:37,195 [INFO] PluginManage:359 - Loaded plugin pinoutandconfiguration (category:base,tabindex:1)
2026-04-01 13:53:37,195 [INFO] PluginManage:310 - Check plugin pinoutconfig
2026-04-01 13:53:37,303 [WARN] SupportedApi:132 - Cannot load RTOS API schema: s4s-elt-must-match.1: The content of 'definitions' must match (annotation?, (simpleType | complexType)?, (unique | key | keyref)*)). A problem was found starting at: attribute.
2026-04-01 13:53:37,419 [INFO] PluginManage:359 - Loaded plugin pinoutconfig (category:base,tabindex:0)
2026-04-01 13:53:37,419 [INFO] PluginManage:310 - Check plugin power
2026-04-01 13:53:37,428 [INFO] PluginManage:359 - Loaded plugin power (category:power,tabindex:4)
2026-04-01 13:53:37,428 [INFO] PluginManage:310 - Check plugin projectmanager
2026-04-01 13:53:37,449 [INFO] PluginManage:359 - Loaded plugin projectmanager (category:projectmanager,tabindex:4)
2026-04-01 13:53:37,449 [INFO] PluginManage:310 - Check plugin rif
2026-04-01 13:53:37,456 [INFO] PluginManage:359 - Loaded plugin rif (category:base,tabindex:3)
2026-04-01 13:53:37,456 [INFO] PluginManage:310 - Check plugin thirdparty
2026-04-01 13:53:37,600 [WARN] IntegrityCheckThread:84 - waiting for thirdparty lock release [integrity check]
2026-04-01 13:53:37,600 [INFO] PluginManage:359 - Loaded plugin thirdparty (category:base,tabindex:-1)
2026-04-01 13:53:37,601 [INFO] IntegrityCheckThread:86 - entering critical section [integrity check]
2026-04-01 13:53:37,601 [INFO] PluginManage:310 - Check plugin tools
2026-04-01 13:53:37,601 [INFO] ThirdPartyUpdaterWithRetryManager:70 - Updater plugin not ready yet. [1/15]
2026-04-01 13:53:37,603 [INFO] PluginManage:359 - Loaded plugin tools (category:base,tabindex:7)
2026-04-01 13:53:37,604 [INFO] PluginManage:310 - Check plugin tutovideos
2026-04-01 13:53:37,755 [INFO] PluginManage:359 - Loaded plugin tutovideos (category:base,tabindex:-1)
2026-04-01 13:53:37,755 [INFO] PluginManage:310 - Check plugin updater
2026-04-01 13:53:37,783 [INFO] PluginManage:359 - Loaded plugin updater (category:base,tabindex:12)
2026-04-01 13:53:37,783 [INFO] PluginManage:310 - Check plugin userauth
2026-04-01 13:53:37,788 [INFO] UserAuth:118 - Init User Auth plugin
2026-04-01 13:53:37,789 [INFO] PluginManage:359 - Loaded plugin userauth (category:base,tabindex:14)
2026-04-01 13:53:37,789 [INFO] PluginManage:283 - PluginManage : Loaded plugins [18]
2026-04-01 13:53:37,974 [INFO] PinOutPanel:1589 - setPackage(No Configuration,No Configuration)
2026-04-01 13:53:38,040 [INFO] CADModel:165 - CPN selected for project level
2026-04-01 13:53:38,040 [INFO] CADModel:114 - Register for checkConnection events
2026-04-01 13:53:38,052 [INFO] IPUIPlugin:80 - create IPUIPlugin
2026-04-01 13:53:38,052 [INFO] PluginManager:220 - loadIPPluginJar : add openamp
2026-04-01 13:53:38,057 [INFO] IPUIPlugin:80 - create IPUIPlugin
2026-04-01 13:53:38,058 [INFO] PluginManager:220 - loadIPPluginJar : add pdm2pcm
2026-04-01 13:53:38,061 [INFO] IPUIPlugin:80 - create IPUIPlugin
2026-04-01 13:53:38,061 [INFO] PluginManager:220 - loadIPPluginJar : add touchsensing
2026-04-01 13:53:38,066 [INFO] IPUIPlugin:80 - create IPUIPlugin
2026-04-01 13:53:38,069 [INFO] PluginManager:220 - loadIPPluginJar : add plateformsettings
2026-04-01 13:53:38,073 [INFO] IPUIPlugin:80 - create IPUIPlugin
2026-04-01 13:53:38,073 [INFO] PluginManager:220 - loadIPPluginJar : add resmgrutility
2026-04-01 13:53:38,077 [INFO] IPUIPlugin:80 - create IPUIPlugin
2026-04-01 13:53:38,077 [INFO] PluginManager:220 - loadIPPluginJar : add gic
2026-04-01 13:53:38,079 [INFO] IPUIPlugin:80 - create IPUIPlugin
2026-04-01 13:53:38,079 [INFO] PluginManager:220 - loadIPPluginJar : add genericplugin
2026-04-01 13:53:38,081 [INFO] IPUIPlugin:80 - create IPUIPlugin
2026-04-01 13:53:38,081 [INFO] PluginManager:220 - loadIPPluginJar : add tracer_emb
2026-04-01 13:53:38,083 [INFO] IPUIPlugin:80 - create IPUIPlugin
2026-04-01 13:53:38,083 [INFO] PluginManager:220 - loadIPPluginJar : add extmemmanager
2026-04-01 13:53:38,085 [INFO] IPUIPlugin:80 - create IPUIPlugin
2026-04-01 13:53:38,085 [INFO] PluginManager:220 - loadIPPluginJar : add spi
2026-04-01 13:53:38,091 [INFO] IPUIPlugin:80 - create IPUIPlugin
2026-04-01 13:53:38,091 [INFO] PluginManager:220 - loadIPPluginJar : add linkedlist
2026-04-01 13:53:38,092 [INFO] IPUIPlugin:80 - create IPUIPlugin
2026-04-01 13:53:38,092 [INFO] PluginManager:220 - loadIPPluginJar : add ucpd
2026-04-01 13:53:38,094 [INFO] IPUIPlugin:80 - create IPUIPlugin
2026-04-01 13:53:38,095 [INFO] PluginManager:220 - loadIPPluginJar : add i3c
2026-04-01 13:53:38,096 [INFO] IPUIPlugin:80 - create IPUIPlugin
2026-04-01 13:53:38,096 [INFO] PluginManager:220 - loadIPPluginJar : add hash
2026-04-01 13:53:38,099 [INFO] IPUIPlugin:80 - create IPUIPlugin
2026-04-01 13:53:38,099 [INFO] PluginManager:220 - loadIPPluginJar : add nvic
2026-04-01 13:53:38,102 [INFO] IPUIPlugin:80 - create IPUIPlugin
2026-04-01 13:53:38,103 [INFO] PluginManager:220 - loadIPPluginJar : add usbx
2026-04-01 13:53:38,105 [INFO] IPUIPlugin:80 - create IPUIPlugin
2026-04-01 13:53:38,105 [INFO] PluginManager:220 - loadIPPluginJar : add cryp
2026-04-01 13:53:38,106 [INFO] IPUIPlugin:80 - create IPUIPlugin
2026-04-01 13:53:38,107 [INFO] PluginManager:220 - loadIPPluginJar : add quadspi
2026-04-01 13:53:38,108 [INFO] IPUIPlugin:80 - create IPUIPlugin
2026-04-01 13:53:38,109 [INFO] PluginManager:220 - loadIPPluginJar : add ts
2026-04-01 13:53:38,111 [INFO] IPUIPlugin:80 - create IPUIPlugin
2026-04-01 13:53:38,111 [INFO] PluginManager:220 - loadIPPluginJar : add i2c
2026-04-01 13:53:38,114 [INFO] IPUIPlugin:80 - create IPUIPlugin
2026-04-01 13:53:38,114 [INFO] PluginManager:220 - loadIPPluginJar : add ipddr
2026-04-01 13:53:38,116 [INFO] IPUIPlugin:80 - create IPUIPlugin
2026-04-01 13:53:38,116 [INFO] PluginManager:220 - loadIPPluginJar : add aes
2026-04-01 13:53:38,119 [INFO] IPUIPlugin:80 - create IPUIPlugin
2026-04-01 13:53:38,119 [INFO] PluginManager:220 - loadIPPluginJar : add sai
2026-04-01 13:53:38,121 [INFO] IPUIPlugin:80 - create IPUIPlugin
2026-04-01 13:53:38,122 [INFO] PluginManager:220 - loadIPPluginJar : add dma3
2026-04-01 13:53:38,124 [INFO] IPUIPlugin:80 - create IPUIPlugin
2026-04-01 13:53:38,124 [INFO] PluginManager:220 - loadIPPluginJar : add lorawan
2026-04-01 13:53:38,126 [INFO] IPUIPlugin:80 - create IPUIPlugin
2026-04-01 13:53:38,127 [INFO] PluginManager:220 - loadIPPluginJar : add dfsdm
2026-04-01 13:53:38,129 [INFO] IPUIPlugin:80 - create IPUIPlugin
2026-04-01 13:53:38,129 [INFO] PluginManager:220 - loadIPPluginJar : add gtzc
2026-04-01 13:53:38,132 [INFO] IPUIPlugin:80 - create IPUIPlugin
2026-04-01 13:53:38,132 [INFO] PluginManager:220 - loadIPPluginJar : add can
2026-04-01 13:53:38,136 [INFO] IPUIPlugin:80 - create IPUIPlugin
2026-04-01 13:53:38,137 [INFO] PluginManager:220 - loadIPPluginJar : add freertos
2026-04-01 13:53:38,139 [INFO] IPUIPlugin:80 - create IPUIPlugin
2026-04-01 13:53:38,139 [INFO] PluginManager:220 - loadIPPluginJar : add usart
2026-04-01 13:53:38,143 [INFO] IPUIPlugin:80 - create IPUIPlugin
2026-04-01 13:53:38,143 [INFO] PluginManager:220 - loadIPPluginJar : add fmc
2026-04-01 13:53:38,147 [INFO] IPUIPlugin:80 - create IPUIPlugin
2026-04-01 13:53:38,147 [INFO] PluginManager:220 - loadIPPluginJar : add gpio
2026-04-01 13:53:38,149 [INFO] IPUIPlugin:80 - create IPUIPlugin
2026-04-01 13:53:38,149 [INFO] PluginManager:220 - loadIPPluginJar : add i2s
2026-04-01 13:53:38,154 [INFO] IPUIPlugin:80 - create IPUIPlugin
2026-04-01 13:53:38,155 [INFO] PluginManager:220 - loadIPPluginJar : add mdma
2026-04-01 13:53:38,156 [INFO] IPUIPlugin:80 - create IPUIPlugin
2026-04-01 13:53:38,156 [INFO] PluginManager:220 - loadIPPluginJar : add ltdc
2026-04-01 13:53:38,158 [INFO] IPUIPlugin:80 - create IPUIPlugin
2026-04-01 13:53:38,158 [INFO] PluginManager:220 - loadIPPluginJar : add opamp
2026-04-01 13:53:38,165 [INFO] IPUIPlugin:80 - create IPUIPlugin
2026-04-01 13:53:38,165 [INFO] PluginManager:220 - loadIPPluginJar : add adc
2026-04-01 13:53:38,167 [INFO] IPUIPlugin:80 - create IPUIPlugin
2026-04-01 13:53:38,167 [INFO] PluginManager:220 - loadIPPluginJar : add ddr_ctrl_phy
2026-04-01 13:53:38,173 [INFO] IPUIPlugin:80 - create IPUIPlugin
2026-04-01 13:53:38,174 [INFO] PluginManager:220 - loadIPPluginJar : add stm32_wpan
2026-04-01 13:53:38,179 [INFO] IPUIPlugin:80 - create IPUIPlugin
2026-04-01 13:53:38,179 [INFO] PluginManager:220 - loadIPPluginJar : add dma
2026-04-01 13:53:38,180 [INFO] IPUIPlugin:80 - create IPUIPlugin
2026-04-01 13:53:38,180 [INFO] PluginManager:220 - loadIPPluginJar : add tsc
2026-04-01 13:53:38,182 [INFO] IPUIPlugin:80 - create IPUIPlugin
2026-04-01 13:53:38,182 [INFO] PluginManager:220 - loadIPPluginJar : add comp
2026-04-01 13:53:38,183 [INFO] IPUIPlugin:80 - create IPUIPlugin
2026-04-01 13:53:38,184 [INFO] PluginManager:220 - loadIPPluginJar : add fatfs
2026-04-01 13:53:38,185 [INFO] IPUIPlugin:80 - create IPUIPlugin
2026-04-01 13:53:38,185 [INFO] PluginManager:220 - loadIPPluginJar : add tim
2026-04-01 13:53:38,187 [INFO] IPUIPlugin:80 - create IPUIPlugin
2026-04-01 13:53:38,187 [INFO] PluginManager:220 - loadIPPluginJar : add gfxmmu
2026-04-01 13:53:38,189 [INFO] IPUIPlugin:80 - create IPUIPlugin
2026-04-01 13:53:38,189 [INFO] PluginManager:220 - loadIPPluginJar : add radio
2026-04-01 13:53:38,296 [FATAL] Updater:351 - Updater called before beeing initialized
2026-04-01 13:53:38,327 [INFO] RulesReader:64 - Compatibility file has been processed (302 Rules)
2026-04-01 13:53:38,342 [INFO] RulesReader:64 - Compatibility file has been processed (302 Rules)
2026-04-01 13:53:38,351 [INFO] CADModel:165 - CPN selected for project level
2026-04-01 13:53:38,351 [INFO] CADModel:114 - Register for checkConnection events
2026-04-01 13:53:38,351 [FATAL] Updater:351 - Updater called before beeing initialized
2026-04-01 13:53:38,352 [ERROR] CADModel:125 - Updater not yet initialized, retry later 
2026-04-01 13:53:38,492 [FATAL] Updater:351 - Updater called before beeing initialized
2026-04-01 13:53:38,493 [INFO] CADModel:165 - CPN selected for project level
2026-04-01 13:53:38,494 [INFO] CADModel:114 - Register for checkConnection events
2026-04-01 13:53:38,494 [FATAL] Updater:351 - Updater called before beeing initialized
2026-04-01 13:53:38,494 [ERROR] CADModel:125 - Updater not yet initialized, retry later 
2026-04-01 13:53:38,497 [FATAL] Updater:351 - Updater called before beeing initialized
2026-04-01 13:53:38,592 [FATAL] Updater:351 - Updater called before beeing initialized
2026-04-01 13:53:38,597 [INFO] DbMcusAds:53 - JSON generation date=Thu Mar 05 21:32:52 ICT 2026 (1772721172890)
2026-04-01 13:53:38,597 [FATAL] Updater:351 - Updater called before beeing initialized
2026-04-01 13:53:38,629 [WARN] DetailPanel:346 - Failed to get advertising image, set to default
2026-04-01 13:53:38,898 [FATAL] Updater:351 - Updater called before beeing initialized
2026-04-01 13:53:38,899 [FATAL] Updater:351 - Updater called before beeing initialized
2026-04-01 13:53:38,899 [FATAL] Updater:351 - Updater called before beeing initialized
2026-04-01 13:53:38,900 [WARN] DetailPanel:346 - Failed to get advertising image, set to default
2026-04-01 13:53:38,901 [FATAL] Updater:351 - Updater called before beeing initialized
2026-04-01 13:53:38,943 [ERROR] Updater:1198 - MainUpdater not yet initialized. External WinMGr cannot be set.
2026-04-01 13:53:38,945 [INFO] Updater:1134 - Updater Version found : 6.14.1
2026-04-01 13:53:38,969 [INFO] ApplicationProperties:184 - Using Application install path: /opt/st/stm32cubeide_1.18.1/plugins/com.st.stm32cube.common.mx_6.14.1.202504091515
2026-04-01 13:53:39,330 [INFO] MainUpdater:2872 - connection check result : 10
2026-04-01 13:53:39,332 [INFO] MainUpdater:289 - Updater Check For Update Now.
2026-04-01 13:53:39,333 [INFO] MicroXplorer:498 - Change Database Version : DB.6.0.141
2026-04-01 13:53:39,347 [INFO] McuFinderGlobals:63 - Set McuFinder mode to 2 (CubeIDE integrated)
2026-04-01 13:53:39,349 [INFO] UserAuth:484 - Internet connection configuration mode: 1
2026-04-01 13:53:39,424 [INFO] JxBrowserEngine:152 - Initiate JxBrowser Engine with user profile folder
2026-04-01 13:53:39,650 [INFO] CheckServerUpdateThread:120 - End of CheckServer Thread
2026-04-01 13:53:40,235 [INFO] WebApp:169 - Instantiating new browser for Auth
2026-04-01 13:53:40,814 [WARN] PackLoader:240 - Cannot read IP mode file for STMicroelectronics.X-CUBE-AZRTOS-H7.3.5.0
2026-04-01 13:53:40,831 [WARN] PackLoader:240 - Cannot read IP mode file for STMicroelectronics.FP-ATR-ASTRA1.2.0.2
2026-04-01 13:53:40,838 [WARN] PackLoader:240 - Cannot read IP mode file for STMicroelectronics.X-CUBE-SMBUS.2.1.0
2026-04-01 13:53:40,871 [WARN] PackLoader:240 - Cannot read IP mode file for STMicroelectronics.X-CUBE-AZRTOS-F7.1.1.0
2026-04-01 13:53:40,887 [ERROR] Engine:466 - /home/vatcraft/.stm32cubemx/thirdparties/pdsc/STMicroelectronics.FP-SNS-MOTENV1.5.1.0.pdsc: PDSC version is not supported
2026-04-01 13:53:40,892 [ERROR] Engine:466 - /home/vatcraft/.stm32cubemx/thirdparties/pdsc/WES.I-CUBE-Cesium.1.4.0.pdsc: PDSC version is not supported
2026-04-01 13:53:40,901 [WARN] PackLoader:240 - Cannot read IP mode file for STMicroelectronics.X-CUBE-DISPLAY.3.0.0
2026-04-01 13:53:40,912 [ERROR] Engine:466 - /home/vatcraft/.stm32cubemx/thirdparties/pdsc/STMicroelectronics.FP-SNS-MOTENVWB1.1.5.0.pdsc: PDSC version is not supported
2026-04-01 13:53:40,921 [WARN] PackLoader:240 - Cannot read IP mode file for STMicroelectronics.X-CUBE-NFC10.1.0.0
2026-04-01 13:53:40,935 [WARN] PackLoader:240 - Cannot read IP mode file for STMicroelectronics.X-CUBE-ST60.1.1.0
2026-04-01 13:53:40,951 [WARN] PackLoader:240 - Cannot read IP mode file for emotas.I-CUBE-CANOPEN.1.3.0
2026-04-01 13:53:41,015 [WARN] PackLoader:240 - Cannot read IP mode file for STMicroelectronics.X-CUBE-GNSS1.7.1.0
2026-04-01 13:53:41,037 [ERROR] Engine:466 - /home/vatcraft/.stm32cubemx/thirdparties/pdsc/STMicroelectronics.FP-SNS-STBOX1.2.1.0.pdsc: PDSC version is not supported
2026-04-01 13:53:41,046 [WARN] PackLoader:240 - Cannot read IP mode file for STMicroelectronics.FP-SNS-SMARTAG2.1.2.0
2026-04-01 13:53:41,051 [WARN] PackLoader:240 - Cannot read IP mode file for STMicroelectronics.FP-SNS-FLIGHT1.5.1.0
2026-04-01 13:53:41,081 [INFO] LogOutputStream:77 - [STDOUT_REDIRECT] 1 : Invalid condition id : UX_CORESTACK_Condition cause : null
2026-04-01 13:53:41,083 [INFO] LogOutputStream:77 - [STDOUT_REDIRECT] 1 : Invalid condition id : UX_CORESTACK_Condition cause : null
2026-04-01 13:53:41,084 [INFO] LogOutputStream:77 - [STDOUT_REDIRECT] 1 : Invalid condition id : UX_CORESTACK_Condition cause : null
2026-04-01 13:53:41,084 [INFO] LogOutputStream:77 - [STDOUT_REDIRECT] 1 : Invalid condition id : UX_CORESTACK_Condition cause : null
2026-04-01 13:53:41,084 [INFO] LogOutputStream:77 - [STDOUT_REDIRECT] 1 : Invalid condition id : UX_CORESTACK_Condition cause : null
2026-04-01 13:53:41,093 [WARN] PackLoader:240 - Cannot read IP mode file for STMicroelectronics.X-CUBE-AZRTOS-WL.2.0.0
2026-04-01 13:53:41,131 [INFO] WebApp:463 - Apply proxy settings
2026-04-01 13:53:41,131 [INFO] WebApp:548 - Chromium requires no authentication
2026-04-01 13:53:41,144 [INFO] WebApp:491 - Direct internet connection detected
2026-04-01 13:53:41,160 [WARN] PackLoader:240 - Cannot read IP mode file for STMicroelectronics.X-CUBE-AZRTOS-H7RS.1.2.0
2026-04-01 13:53:41,180 [WARN] PackLoader:240 - Cannot read IP mode file for STMicroelectronics.X-CUBE-BLE2.3.3.0
2026-04-01 13:53:41,201 [INFO] WebApp:894 - Register for checkConnection events
2026-04-01 13:53:41,201 [INFO] WebApp:463 - Apply proxy settings
2026-04-01 13:53:41,201 [INFO] WebApp:548 - Chromium requires no authentication
2026-04-01 13:53:41,203 [INFO] WebApp:491 - Direct internet connection detected
2026-04-01 13:53:41,253 [WARN] PackLoader:240 - Cannot read IP mode file for Infineon.AIROC-Wi-Fi-Bluetooth-STM32.1.8.0
2026-04-01 13:53:41,275 [WARN] PackLoader:240 - Cannot read IP mode file for STMicroelectronics.X-CUBE-NFC9.1.0.0
2026-04-01 13:53:41,287 [WARN] PackLoader:240 - Cannot read IP mode file for STMicroelectronics.X-CUBE-BLE1.7.1.0
2026-04-01 13:53:41,292 [WARN] PackLoader:240 - Cannot read IP mode file for wolfSSL.I-CUBE-wolfMQTT.1.19.2
2026-04-01 13:53:41,300 [WARN] PackLoader:240 - Cannot read IP mode file for STMicroelectronics.X-CUBE-EEPRMA1.5.2.0
2026-04-01 13:53:41,313 [WARN] PackLoader:240 - Cannot read IP mode file for wolfSSL.I-CUBE-wolfSSL.5.8.4
2026-04-01 13:53:41,316 [WARN] PackLoader:240 - Cannot read IP mode file for Cesanta.I-CUBE-Mongoose.7.20.0
2026-04-01 13:53:41,406 [WARN] PackLoader:240 - Cannot read IP mode file for STMicroelectronics.X-CUBE-MEMS1.12.0.0
2026-04-01 13:53:41,459 [INFO] WebApp:191 - Connection restablished
2026-04-01 13:53:41,528 [INFO] WebApp:225 - Starting web application
2026-04-01 13:53:41,528 [INFO] WebApp:593 - Web application path used /opt/st/stm32cubeide_1.18.1/plugins/com.st.stm32cube.common.mx_6.14.1.202504091515/db/plugins/mcufinder/reactClient1/index.html
2026-04-01 13:53:41,702 [WARN] PackLoader:240 - Cannot read IP mode file for STMicroelectronics.X-CUBE-AZRTOS-G0.1.1.0
2026-04-01 13:53:41,715 [WARN] PackLoader:240 - Cannot read IP mode file for STMicroelectronics.X-CUBE-NFC4.3.0.0
2026-04-01 13:53:41,729 [WARN] PackLoader:240 - Cannot read IP mode file for EmbeddedOffice.I-CUBE-FS-RTOS.1.0.1
2026-04-01 13:53:41,741 [WARN] PackLoader:240 - Cannot read IP mode file for STMicroelectronics.X-CUBE-WB05N.2.0.0
2026-04-01 13:53:41,751 [WARN] PackLoader:240 - Cannot read IP mode file for wolfSSL.I-CUBE-wolfTPM.3.8.0
2026-04-01 13:53:41,762 [WARN] PackLoader:240 - Cannot read IP mode file for STMicroelectronics.X-CUBE-TCPP.4.2.0
2026-04-01 13:53:41,776 [WARN] PackLoader:240 - Cannot read IP mode file for RealThread.X-CUBE-RT-Thread_Nano.4.1.1
2026-04-01 13:53:41,784 [WARN] PackLoader:240 - Cannot read IP mode file for STMicroelectronics.FP-ATR-SIGFOX1.3.2.0
2026-04-01 13:53:41,790 [ERROR] Engine:466 - /home/vatcraft/.stm32cubemx/thirdparties/pdsc/STMicroelectronics.X-CUBE-FREERTOS.1.5.0.pdsc: PDSC version is not supported
2026-04-01 13:53:41,802 [WARN] PackLoader:240 - Cannot read IP mode file for ITTIA_DB.I-CUBE-ITTIADB.8.9.0
2026-04-01 13:53:41,823 [WARN] PackLoader:240 - Cannot read IP mode file for STMicroelectronics.X-CUBE-NFC6.3.2.0
2026-04-01 13:53:41,843 [WARN] PackLoader:240 - Cannot read IP mode file for STMicroelectronics.X-CUBE-AI.10.2.0
2026-04-01 13:53:41,843 [INFO] UserAuth:484 - Internet connection configuration mode: 1
2026-04-01 13:53:41,940 [WARN] PackLoader:240 - Cannot read IP mode file for SEGGER.I-CUBE-embOS.1.3.1
2026-04-01 13:53:42,217 [WARN] PackLoader:240 - Cannot read IP mode file for STMicroelectronics.X-CUBE-ALGOBUILD.1.4.0
2026-04-01 13:53:42,231 [WARN] PackLoader:240 - Cannot read IP mode file for STMicroelectronics.X-CUBE-PM33A1.1.0.0
2026-04-01 13:53:42,338 [WARN] PackLoader:240 - Cannot read IP mode file for STMicroelectronics.X-CUBE-AZRTOS-F4.1.1.0
2026-04-01 13:53:42,356 [WARN] PackLoader:240 - Cannot read IP mode file for STMicroelectronics.X-CUBE-ISPU.2.1.0
2026-04-01 13:53:42,376 [ERROR] Engine:466 - /home/vatcraft/.stm32cubemx/thirdparties/pdsc/STMicroelectronics.X-CUBE-IPS.3.2.0.pdsc: PDSC version is not supported
2026-04-01 13:53:42,387 [WARN] PackLoader:240 - Cannot read IP mode file for STMicroelectronics.X-CUBE-NFC12.1.0.0
2026-04-01 13:53:42,438 [WARN] PackLoader:240 - Cannot read IP mode file for STMicroelectronics.X-CUBE-AZRTOS-L5.2.0.0
2026-04-01 13:53:42,471 [WARN] PackLoader:240 - Cannot read IP mode file for STMicroelectronics.X-CUBE-TOUCHGFX.4.26.1
2026-04-01 13:53:42,485 [WARN] PackLoader:240 - Cannot read IP mode file for STMicroelectronics.FP-SNS-STAIOTCFT.1.0.0
2026-04-01 13:53:42,499 [WARN] PackLoader:240 - Cannot read IP mode file for STMicroelectronics.X-CUBE-DPower.1.3.0
2026-04-01 13:53:42,574 [WARN] ConditionMgr:438 - getConditionDescription Invalid condition id : LAN8742 Phy interface Condition cause : null
2026-04-01 13:53:42,575 [WARN] PackLoader:240 - Cannot read IP mode file for STMicroelectronics.X-CUBE-AZRTOS-L4.2.0.0
2026-04-01 13:53:42,580 [WARN] ConditionMgr:1044 - genDependencies : Invalid condition id : LAN8742 Phy interface Condition cause : null
2026-04-01 13:53:42,581 [WARN] ConditionMgr:1044 - genDependencies : Invalid condition id : LAN8742 Phy interface Condition cause : null
2026-04-01 13:53:42,582 [WARN] ConditionMgr:1044 - genDependencies : Invalid condition id : LAN8742 Phy interface Condition cause : null
2026-04-01 13:53:42,604 [WARN] PackLoader:240 - Cannot read IP mode file for STMicroelectronics.X-CUBE-SFXS2LP1.4.0.0
2026-04-01 13:53:42,619 [ERROR] Engine:466 - /home/vatcraft/.stm32cubemx/thirdparties/pdsc/STMicroelectronics.X-CUBE-ST67W61.1.2.0.pdsc: PDSC version is not supported
2026-04-01 13:53:42,650 [WARN] PackLoader:240 - Cannot read IP mode file for STMicroelectronics.X-CUBE-BLEMGR.4.1.0
2026-04-01 13:53:42,685 [WARN] ConditionMgr:438 - getConditionDescription Invalid condition id : UX DEVICE CLASS RTOS Condition cause : null
2026-04-01 13:53:42,685 [WARN] ConditionMgr:438 - getConditionDescription Invalid condition id : UX DEVICE CLASS RTOS Condition cause : null
2026-04-01 13:53:42,698 [WARN] PackLoader:240 - Cannot read IP mode file for STMicroelectronics.X-CUBE-AZRTOS-WB.2.0.0
2026-04-01 13:53:42,699 [WARN] ConditionMgr:1044 - genDependencies : Invalid condition id : UX DEVICE CLASS RTOS Condition cause : null
2026-04-01 13:53:42,699 [WARN] ConditionMgr:1044 - genDependencies : Invalid condition id : UX DEVICE CLASS RTOS Condition cause : null
2026-04-01 13:53:42,700 [WARN] ConditionMgr:1044 - genDependencies : Invalid condition id : UX DEVICE CLASS RTOS Condition cause : null
2026-04-01 13:53:42,704 [WARN] ConditionMgr:1044 - genDependencies : Invalid condition id : UX DEVICE CLASS RTOS Condition cause : null
2026-04-01 13:53:42,704 [WARN] ConditionMgr:1044 - genDependencies : Invalid condition id : UX DEVICE CLASS RTOS Condition cause : null
2026-04-01 13:53:42,715 [WARN] ConditionMgr:438 - getConditionDescription Invalid condition id : Cortex-A Device cause : null
2026-04-01 13:53:42,734 [WARN] ConditionMgr:1044 - genDependencies : Invalid condition id : Cortex-A Device cause : null
2026-04-01 13:53:42,734 [WARN] ConditionMgr:1044 - genDependencies : Invalid condition id : Cortex-A Device cause : null
2026-04-01 13:53:42,734 [WARN] ConditionMgr:1044 - genDependencies : Invalid condition id : Cortex-A Device cause : null
2026-04-01 13:53:42,748 [WARN] PackLoader:240 - Cannot read IP mode file for STMicroelectronics.X-CUBE-STSE01.2.0.0
2026-04-01 13:53:42,781 [WARN] PackLoader:240 - Cannot read IP mode file for STMicroelectronics.X-CUBE-SUBG2.5.0.0
2026-04-01 13:53:42,822 [WARN] PackLoader:240 - Cannot read IP mode file for STMicroelectronics.X-CUBE-AZRTOS-G4.2.0.0
2026-04-01 13:53:42,833 [WARN] PackLoader:240 - Cannot read IP mode file for wolfSSL.I-CUBE-wolfSSH.1.4.20
2026-04-01 13:53:42,838 [WARN] PackLoader:240 - Cannot read IP mode file for STMicroelectronics.X-CUBE-NFC7.2.0.0
2026-04-01 13:53:42,844 [WARN] PackLoader:240 - Cannot read IP mode file for STMicroelectronics.X-CUBE-ALS.1.0.2
2026-04-01 13:53:42,862 [WARN] PackLoader:240 - Cannot read IP mode file for STMicroelectronics.X-CUBE-TOF1.3.4.3
2026-04-01 13:53:42,878 [INFO] ThirdParty:978 - Integrity check success = true
2026-04-01 13:53:42,878 [INFO] IntegrityCheckThread:100 - exiting critical section [integrity check]
2026-04-01 13:53:42,878 [INFO] IntegrityCheckThread:103 - End integrity checks thread
2026-04-01 14:57:12,909 [INFO] WebApp:194 - Connection lost
2026-04-01 14:57:13,345 [INFO] WebApp:191 - Connection restablished
2026-04-01 14:58:12,273 [INFO] WebApp:194 - Connection lost
2026-04-01 14:58:18,950 [INFO] WebApp:191 - Connection restablished
2026-04-01 14:58:46,821 [INFO] WebApp:194 - Connection lost
2026-04-01 14:58:46,987 [INFO] WebApp:191 - Connection restablished
2026-04-01 14:59:12,629 [INFO] WebApp:194 - Connection lost
2026-04-01 14:59:12,924 [INFO] WebApp:191 - Connection restablished
2026-04-01 14:59:37,194 [INFO] WebApp:194 - Connection lost
2026-04-01 14:59:38,029 [INFO] WebApp:191 - Connection restablished
2026-04-01 15:04:37,725 [INFO] WebApp:194 - Connection lost
2026-04-01 15:04:46,505 [INFO] WebApp:191 - Connection restablished
2026-04-01 15:05:38,735 [INFO] WebApp:194 - Connection lost
2026-04-01 15:05:38,974 [INFO] WebApp:191 - Connection restablished
2026-04-01 15:06:38,690 [INFO] WebApp:194 - Connection lost
2026-04-01 15:13:22,600 [INFO] WebApp:191 - Connection restablished
2026-04-01 15:14:09,214 [INFO] WebApp:194 - Connection lost
2026-04-01 15:14:09,381 [INFO] WebApp:191 - Connection restablished
2026-04-01 15:17:06,723 [ERROR] ConfigurationRetriever:142 - IOException on connection: sw-center.st.com
2026-04-01 15:17:06,735 [ERROR] ConfigurationRetriever:142 - IOException on connection: sw-center.st.com
2026-04-01 15:17:06,738 [ERROR] ConfigurationRetriever:142 - IOException on connection: sw-center.st.com
2026-04-01 15:17:06,813 [ERROR] ConfigurationRetriever:142 - IOException on connection: sw-center.st.com
2026-04-01 15:17:06,814 [ERROR] ConfigurationRetriever:142 - IOException on connection: sw-center.st.com
2026-04-01 15:17:06,815 [ERROR] ConfigurationRetriever:142 - IOException on connection: sw-center.st.com
2026-04-01 15:19:05,221 [INFO] WebApp:194 - Connection lost
2026-04-01 15:21:25,399 [INFO] WebApp:191 - Connection restablished
2026-04-01 15:22:03,422 [INFO] WebApp:194 - Connection lost
2026-04-01 15:22:04,306 [INFO] WebApp:191 - Connection restablished
2026-04-01 15:28:31,006 [INFO] WebApp:194 - Connection lost
2026-04-01 15:31:16,945 [ERROR] ConfigurationRetriever:142 - IOException on connection: sw-center.st.com
2026-04-01 15:31:16,947 [ERROR] ConfigurationRetriever:142 - IOException on connection: sw-center.st.com
2026-04-01 15:31:16,947 [ERROR] ConfigurationRetriever:142 - IOException on connection: sw-center.st.com
2026-04-01 15:31:17,100 [ERROR] ConfigurationRetriever:142 - IOException on connection: sw-center.st.com
2026-04-01 15:31:17,101 [ERROR] ConfigurationRetriever:142 - IOException on connection: sw-center.st.com
2026-04-01 15:31:17,102 [ERROR] ConfigurationRetriever:142 - IOException on connection: sw-center.st.com
2026-04-01 15:32:50,082 [INFO] WebApp:191 - Connection restablished
2026-04-01 15:43:07,569 [INFO] McuFinderGlobals:63 - Set McuFinder mode to 2 (CubeIDE integrated)
2026-04-01 15:43:07,572 [INFO] MainUpdater:2872 - connection check result : 10
2026-04-01 15:43:08,150 [INFO] ApiDb:581 - Connected to CubeFinder SQLite database (/home/vatcraft/.stmcufinder/plugins/mcufinder/mcu/cube-finder-db.db)
2026-04-01 15:43:08,229 [INFO] ApiDb:668 - CubeFinder database Data Model version=2.1
2026-04-01 15:43:08,229 [INFO] ApiDb:669 - CubeFinder database Configuration version=3.0.42
2026-04-01 15:43:08,232 [INFO] ApiDb:670 - CubeFinder database generation date=2026-03-11 (1773229989)
2026-04-01 15:43:08,233 [INFO] ApiDb:671 - CubeFinder database FW Pack versions=[FP-ATR-ASTRA1_V2.0.0, FP-SNS-FLIGHT1_V5.1.0, FP-SNS-MOTENV1_V5.1.0, FP-SNS-MOTENVWB1_V1.5.0, FP-SNS-SMARTAG2_V1.2.0, FP-SNS-STBOX1_V2.1.0, STM32Cube_FW_C0_V1.4.0, STM32Cube_FW_F4_V1.28.3, STM32Cube_FW_F7_V1.17.4, STM32Cube_FW_G0_V1.6.3, STM32Cube_FW_G4_V1.6.2, STM32Cube_FW_H5_V1.6.0, STM32Cube_FW_H7RS_V1.3.0, STM32Cube_FW_H7_V1.13.0, STM32Cube_FW_L0_V1.12.2, STM32Cube_FW_L4_V1.18.2, STM32Cube_FW_L5_V1.6.0, STM32Cube_FW_N6_V1.3.0, STM32Cube_FW_U0_V1.3.0, STM32Cube_FW_U3_V1.3.0, STM32Cube_FW_U5_V1.8.0, STM32Cube_FW_WB0_V1.4.0, STM32Cube_FW_WBA_V1.9.0, STM32Cube_FW_WB_V1.24.0, STM32Cube_FW_WL3_V1.4.0, STM32Cube_FW_WL_V1.5.0, X-CUBE-ALGOBUILD_V1.4.0, X-CUBE-ALS_V1.0.2, X-CUBE-AZRTOS-F4_V1.1.0, X-CUBE-AZRTOS-F7_V1.1.0, X-CUBE-AZRTOS-G0_V1.1.0, X-CUBE-AZRTOS-G4_V2.0.0, X-CUBE-AZRTOS-H7RS_V1.1.0, X-CUBE-AZRTOS-H7_V3.4.0, X-CUBE-AZRTOS-L4_V2.0.0, X-CUBE-AZRTOS-L5_V2.0.0, X-CUBE-AZRTOS-WB_V2.0.0, X-CUBE-AZRTOS-WL_V2.0.0, X-CUBE-BLE1_V7.1.0, X-CUBE-BLE2_V3.3.0, X-CUBE-BLEMGR_V4.1.0, X-CUBE-EEPRMA1_V5.2.0, X-CUBE-FREERTOS_V1.5.0, X-CUBE-GNSS1_V6.0.0, X-CUBE-MEMS1_V12.0.0, X-CUBE-NFC4_V3.0.0, X-CUBE-NFC7_V2.0.0, X-CUBE-SFXS2LP1_V4.0.0, X-CUBE-ST67W61_V1.2.0, X-CUBE-SUBG2_V5.0.0, X-CUBE-TOF1_V3.4.3]
2026-04-01 15:43:08,326 [INFO] DbBoardsSqlite:226 - include board P-NUCLEO-WB55-NUCLEO as a kit item of type 'Nucleo-64'
2026-04-01 15:43:08,327 [INFO] DbBoardsSqlite:226 - include board P-NUCLEO-WB55-USBDONGLE as a kit item of type 'Nucleo USB Dongle'
2026-04-01 15:43:08,327 [INFO] DbBoardsSqlite:226 - include board STEVAL-IDP005V1 as a kit item of type 'Evaluation Board'
2026-04-01 15:43:08,328 [INFO] DbBoardsSqlite:226 - include board STEVAL-IDP005V2 as a kit item of type 'Evaluation Board'
2026-04-01 15:43:08,411 [INFO] ApiDb:240 - Found 895 in-development CPN: [B-G473E-ZEST1S, B-WB1M-WPAN1, B-WBA5M-WPAN, B-WL5M-SUBG1, NUCLEO-C031C6, NUCLEO-C051C8, NUCLEO-C071RB, NUCLEO-C092RC, NUCLEO-H503RB, NUCLEO-H533RE, NUCLEO-H563ZI, NUCLEO-H7S3L8, NUCLEO-N657X0-Q, NUCLEO-U031R8, NUCLEO-U083RC, NUCLEO-U385RG-Q, NUCLEO-U545RE-Q, NUCLEO-U5A5ZJ-Q, NUCLEO-WB05KZ, NUCLEO-WB07CC, NUCLEO-WB09KE, NUCLEO-WBA52CG, NUCLEO-WBA55CG, NUCLEO-WBA65RI, NUCLEO-WL33CC1, NUCLEO-WL33CC2, STEVAL-PROTEUS1, STEVAL-SMARTAG2, STEVAL-STWINBX1, STM320518-EVAL, STM32C0116-DK, STM32C011D6Y3TR, STM32C011D6Y6TR, STM32C011F4P3, STM32C011F4P6, STM32C011F4U3, STM32C011F4U6TR, STM32C011F6P3, STM32C011F6P6, STM32C011F6U3, STM32C011F6U6TR, STM32C011J4M3, STM32C011J4M6, STM32C011J6M3, STM32C011J6M6, STM32C0316-DK, STM32C031C4T3, STM32C031C4T6, STM32C031C4U3, STM32C031C4U6, STM32C031C6T3, STM32C031C6T6, STM32C031C6U3, STM32C031C6U6, STM32C031F4P3, STM32C031F4P6, STM32C031F6P3, STM32C031F6P6, STM32C031G4U3, STM32C031G4U6, STM32C031G6U3, STM32C031G6U6, STM32C031K4T3, STM32C031K4T6, STM32C031K4U3, STM32C031K4U6, STM32C031K6T3, STM32C031K6T6, STM32C031K6U3, STM32C031K6U6, STM32C051C6T6, STM32C051C6U6, STM32C051C8T6, STM32C051C8U6, STM32C051D8Y6TR, STM32C051F6P6, STM32C051F8P6, STM32C051G6U6, STM32C051G8U6, STM32C051K6T6, STM32C051K6U6, STM32C051K8T6, STM32C071C8T6, STM32C071C8T6N, STM32C071C8U6, STM32C071C8U6N, STM32C071CBT6, STM32C071CBT6N, STM32C071CBU6, STM32C071CBU6N, STM32C071F8P6, STM32C071F8P6N, STM32C071FBP6, STM32C071FBP6N, STM32C071FBY6TR, STM32C071G8U6, STM32C071G8U6N, STM32C071GBU6, STM32C071GBU6N, STM32C071K8T6, STM32C071K8T6N, STM32C071K8U6, STM32C071K8U6N, STM32C071KBT6, STM32C071KBT6N, STM32C071KBU6, STM32C071KBU6N, STM32C071R8T6, STM32C071R8T6N, STM32C071RBI6N, STM32C071RBT6, STM32C071RBT6N, STM32C091CBT6, STM32C091CBU6, STM32C091CCT6, STM32C091CCU6, STM32C091ECY6TR, STM32C091FBP6, STM32C091FCP6, STM32C091GBU6, STM32C091GCU6, STM32C091KBT6, STM32C091KBU6, STM32C091KCT6, STM32C091KCU6, STM32C091RBT6, STM32C091RCI6, STM32C091RCT6, STM32C092CBT6, STM32C092CBU6, STM32C092CCT6, STM32C092CCU6, STM32C092ECY6TR, STM32C092FBP6, STM32C092FCP6, STM32C092GBU6, STM32C092GCU6, STM32C092KBT6, STM32C092KBU6, STM32C092KCT6, STM32C092KCU6, STM32C092RBT6, STM32C092RCI6, STM32C092RCT6, STM32G071K8TXN, STM32G071K8UXN, STM32G081GBU6N, STM32G081KBT6N, STM32G081KBUXN, STM32G0B1CCT6N, STM32G0B1KCT6, STM32G0B1NEY6TR, STM32G0B1RCT6N, STM32G0C1CCT6, STM32G0C1CCT6N, STM32G0C1CCU6N, STM32G0C1CET6N, STM32G0C1CEU6N, STM32G0C1KCT6, STM32G0C1NEY6TR, STM32G0C1RCI6N, STM32G0C1RCT6N, STM32G0C1REI6N, STM32G0C1RET6N, STM32G0C1VCI6, STM32G0C1VEI6, STM32G411C6T3, STM32G411C6T6, STM32G411C6U3, STM32G411C6U6, STM32G411C8T3, STM32G411C8T6, STM32G411C8U3, STM32G411C8U6, STM32G411CBT3, STM32G411CBT6, STM32G411CBU3, STM32G411CBU6, STM32G411CCT3, STM32G411CCT6, STM32G411CCU3, STM32G411CCU6, STM32G411K6T3, STM32G411K6T6, STM32G411K6U3, STM32G411K6U6, STM32G411K8T3, STM32G411K8T6, STM32G411K8U3, STM32G411K8U6, STM32G411KBT3, STM32G411KBT6, STM32G411KBU3, STM32G411KBU6, STM32G411M6T3, STM32G411M6T6, STM32G411M8T3, STM32G411M8T6, STM32G411MBT3, STM32G411MBT6, STM32G411MCT3, STM32G411MCT6, STM32G411R6T3, STM32G411R6T6, STM32G411R8T3, STM32G411R8T6, STM32G411RBT3, STM32G411RBT6, STM32G411RCT3, STM32G411RCT6, STM32G414CBT3, STM32G414CBT6, STM32G414CBU3, STM32G414CBU6, STM32G414CCT3, STM32G414CCT6, STM32G414CCU3, STM32G414CCU6, STM32G414MBT3, STM32G414MBT6, STM32G414MCT3, STM32G414MCT6, STM32G414RBT3, STM32G414RBT6, STM32G414RCT3, STM32G414RCT6, STM32G414VBT3, STM32G414VBT6, STM32G414VCT3, STM32G414VCT6, STM32G431CBT3Z, STM32G431RBT3Z, STM32G471CCT6, STM32G471CCU6, STM32G471CET3, STM32G471CET6, STM32G471CEU3, STM32G471CEU6, STM32G471MCT6, STM32G471MET3, STM32G471MET6, STM32G471MEY6TR, STM32G471QCT6, STM32G471QET3, STM32G471RCT6, STM32G471RET3, STM32G471RET6, STM32G471VCH6, STM32G471VCI6, STM32G471VCT6, STM32G471VEH3, STM32G471VEH6, STM32G471VEI3, STM32G471VEI6, STM32G471VET3, STM32G471VET6, STM32G473QET3Z, STM32G473RET3Z, STM32G474CCT6, STM32G491RET3Z, STM32H503CBT6, STM32H503CBU6, STM32H503EBY6TR, STM32H503KBU6, STM32H503RBT6, STM32H523CCT6, STM32H523CCU6, STM32H523CET6, STM32H523CEU6, STM32H523HEY6TR, STM32H523RCT6, STM32H523RET6, STM32H523VCI6, STM32H523VCT6, STM32H523VEI6, STM32H523VET6, STM32H523ZCJ6, STM32H523ZCT6, STM32H523ZEJ6, STM32H523ZET6, STM32H533CET6, STM32H533CEU6, STM32H533HEY6TR, STM32H533RET6, STM32H533VEI6, STM32H533VET6, STM32H533ZEJ6, STM32H533ZET6, STM32H562AGI6, STM32H562AII6, STM32H562IGK6, STM32H562IGT6, STM32H562IIK6, STM32H562IIT6, STM32H562RGT6, STM32H562RGV6, STM32H562RIT6, STM32H562RIV6, STM32H562VGT6, STM32H562VIT6, STM32H562ZGT6, STM32H562ZIT6, STM32H563AGI6, STM32H563AII3Q, STM32H563AII6, STM32H563IGK6, STM32H563IGT6, STM32H563IIK3Q, STM32H563IIK6, STM32H563IIT3Q, STM32H563IIT6, STM32H563MIY3QTR, STM32H563RGT6, STM32H563RGV6, STM32H563RIT6, STM32H563RIV6, STM32H563VGT6, STM32H563VIT3Q, STM32H563VIT6, STM32H563ZGT6, STM32H563ZIT3Q, STM32H563ZIT6, STM32H573AII3Q, STM32H573AII6, STM32H573I-DK, STM32H573IIK3Q, STM32H573IIK6, STM32H573IIT3Q, STM32H573IIT6, STM32H573MIY3QTR, STM32H573RIT6, STM32H573RIV6, STM32H573VIT3Q, STM32H573VIT6, STM32H573ZIT3Q, STM32H573ZIT6, STM32H7R3A8I6, STM32H7R3I8K6, STM32H7R3I8T6, STM32H7R3L8H6, STM32H7R3L8H6H, STM32H7R3R8V6, STM32H7R3V8H6, STM32H7R3V8T6, STM32H7R3V8Y6TR, STM32H7R3Z8J6, STM32H7R3Z8T6, STM32H7R7A8I6, STM32H7R7I8K6, STM32H7R7I8T6, STM32H7R7L8H6, STM32H7R7L8H6H, STM32H7R7Z8J6, STM32H7S3A8I6, STM32H7S3I8K6, STM32H7S3I8T6, STM32H7S3L8H6, STM32H7S3L8H6H, STM32H7S3R8V6, STM32H7S3V8H6, STM32H7S3V8T6, STM32H7S3V8Y6TR, STM32H7S3Z8J6, STM32H7S3Z8T6, STM32H7S78-DK, STM32H7S7A8I6, STM32H7S7I8K6, STM32H7S7I8T6, STM32H7S7L8H6, STM32H7S7L8H6H, STM32H7S7Z8J6, STM32L4R5QGI6STR, STM32MP131AAE3, STM32MP131AAF3, STM32MP131AAG3, STM32MP131CAE3, STM32MP131CAF3, STM32MP131CAG3, STM32MP131DAE7, STM32MP131DAF7, STM32MP131DAG7, STM32MP131FAE7, STM32MP131FAF7, STM32MP131FAG7, STM32MP133AAE3, STM32MP133AAF3, STM32MP133AAG3, STM32MP133CAE3, STM32MP133CAF3, STM32MP133CAG3, STM32MP133DAE7, STM32MP133DAF7, STM32MP133DAG7, STM32MP133FAE7, STM32MP133FAF7, STM32MP133FAG7, STM32MP135AAE3, STM32MP135AAF3, STM32MP135AAG3, STM32MP135CAE3, STM32MP135CAF3, STM32MP135CAG3, STM32MP135DAE7, STM32MP135DAF7, STM32MP135DAG7, STM32MP135F-DK, STM32MP135FAE7, STM32MP135FAF7, STM32MP135FAF7T, STM32MP135FAF7U, STM32MP135FAG7, STM32MP231AAJ3, STM32MP231AAK3, STM32MP231AAL3, STM32MP231CAJ3, STM32MP231CAK3, STM32MP231CAL3, STM32MP231DAJ3, STM32MP231DAK3, STM32MP231DAL3, STM32MP231FAJ3, STM32MP231FAK3, STM32MP231FAL3, STM32MP233AAJ3, STM32MP233AAK3, STM32MP233AAL3, STM32MP233CAJ3, STM32MP233CAK3, STM32MP233CAL3, STM32MP233DAJ3, STM32MP233DAK3, STM32MP233DAL3, STM32MP233FAJ3, STM32MP233FAK3, STM32MP233FAL3, STM32MP235AAJ3, STM32MP235AAK3, STM32MP235AAL3, STM32MP235CAJ3, STM32MP235CAK3, STM32MP235CAL3, STM32MP235DAJ3, STM32MP235DAK3, STM32MP235DAL3, STM32MP235FAJ3, STM32MP235FAK3, STM32MP235FAL3, STM32MP251AAI3, STM32MP251AAJ3, STM32MP251AAK3, STM32MP251AAL3, STM32MP251CAI3, STM32MP251CAJ3, STM32MP251CAK3, STM32MP251CAL3, STM32MP251DAI3, STM32MP251DAJ3, STM32MP251DAK3, STM32MP251DAL3, STM32MP251FAI3, STM32MP251FAJ3, STM32MP251FAK3, STM32MP251FAL3, STM32MP253AAI3, STM32MP253AAJ3, STM32MP253AAK3, STM32MP253AAL3, STM32MP253CAI3, STM32MP253CAJ3, STM32MP253CAK3, STM32MP253CAL3, STM32MP253DAI3, STM32MP253DAJ3, STM32MP253DAK3, STM32MP253DAL3, STM32MP253FAI3, STM32MP253FAJ3, STM32MP253FAK3, STM32MP253FAL3, STM32MP255AAI3, STM32MP255AAJ3, STM32MP255AAK3, STM32MP255AAL3, STM32MP255CAI3, STM32MP255CAJ3, STM32MP255CAK3, STM32MP255CAL3, STM32MP255DAI3, STM32MP255DAJ3, STM32MP255DAK3, STM32MP255DAL3, STM32MP255FAI3, STM32MP255FAJ3, STM32MP255FAK3, STM32MP255FAL3, STM32MP257AAI3, STM32MP257AAJ3, STM32MP257AAK3, STM32MP257AAL3, STM32MP257CAI3, STM32MP257CAJ3, STM32MP257CAK3, STM32MP257CAL3, STM32MP257DAI3, STM32MP257DAJ3, STM32MP257DAK3, STM32MP257DAL3, STM32MP257F-DK, STM32MP257F-EV1, STM32MP257FAI3, STM32MP257FAJ3, STM32MP257FAK3, STM32MP257FAL3, STM32N645A0H3Q, STM32N645B0H3Q, STM32N645I0H3Q, STM32N645L0H3Q, STM32N645X0H3Q, STM32N645Z0H3Q, STM32N647A0H3Q, STM32N647B0H3Q, STM32N647I0H3Q, STM32N647L0H3Q, STM32N647X0H3Q, STM32N647Z0H3Q, STM32N655A0H3Q, STM32N655B0H3Q, STM32N655I0H3Q, STM32N655L0H3Q, STM32N655X0H3Q, STM32N655Z0H3Q, STM32N6570-DK, STM32N657A0H3Q, STM32N657B0H3Q, STM32N657I0H3Q, STM32N657L0H3Q, STM32N657X0H3Q, STM32N657Z0H3Q, STM32U031C6T6, STM32U031C6U6, STM32U031C8T6, STM32U031C8U6, STM32U031F4P6, STM32U031F6P6, STM32U031F8P6, STM32U031G6Y6TR, STM32U031G8Y6TR, STM32U031K4U6, STM32U031K6U6, STM32U031K8U6, STM32U031R6I6, STM32U031R6T6, STM32U031R8I6, STM32U031R8T6, STM32U073C8T6, STM32U073C8U6, STM32U073CBT6, STM32U073CBU6, STM32U073CCT6, STM32U073CCU6, STM32U073H8Y6TR, STM32U073HBY6TR, STM32U073HCY6TR, STM32U073K8U6, STM32U073KBU6, STM32U073KCU6, STM32U073M8I6, STM32U073M8T6, STM32U073MBI6, STM32U073MBT6, STM32U073MCI6, STM32U073MCT6, STM32U073R8I6, STM32U073R8T6, STM32U073RBI6, STM32U073RBT6, STM32U073RCI6, STM32U073RCT6, STM32U083C-DK, STM32U083CCT6, STM32U083CCU6, STM32U083HCY6TR, STM32U083KCU6, STM32U083MCI6, STM32U083MCT6, STM32U083RCI6, STM32U083RCT6, STM32U375CET6, STM32U375CET6Q, STM32U375CEU6, STM32U375CEU6Q, STM32U375CEY6QTR, STM32U375CGT6, STM32U375CGT6Q, STM32U375CGU6, STM32U375CGU6Q, STM32U375CGY6QTR, STM32U375KEU6, STM32U375KGU6, STM32U375REI6, STM32U375REI6Q, STM32U375RET6, STM32U375RET6Q, STM32U375REY6GTR, STM32U375REY6QTR, STM32U375RGI6, STM32U375RGI6Q, STM32U375RGT6, STM32U375RGT6Q, STM32U375RGY6GTR, STM32U375RGY6QTR, STM32U375VEI6, STM32U375VEI6Q, STM32U375VET6, STM32U375VET6Q, STM32U375VGI6, STM32U375VGI6Q, STM32U375VGT6, STM32U375VGT6Q, STM32U385CGT6, STM32U385CGT6Q, STM32U385CGU6, STM32U385CGU6Q, STM32U385CGY6QTR, STM32U385KGU6, STM32U385RGI6, STM32U385RGI6Q, STM32U385RGT6, STM32U385RGT6Q, STM32U385RGY6GTR, STM32U385RGY6QTR, STM32U385VGI6, STM32U385VGI6Q, STM32U385VGT6, STM32U385VGT6Q, STM32U535CBT6, STM32U535CBT6Q, STM32U535CBU6, STM32U535CBU6Q, STM32U535CCT6, STM32U535CCT6Q, STM32U535CCU6, STM32U535CCU6Q, STM32U535CET6, STM32U535CET6Q, STM32U535CEU6, STM32U535CEU6Q, STM32U535JEY6QTR, STM32U535NCY6QTR, STM32U535NEY6QTR, STM32U535RBI6, STM32U535RBI6Q, STM32U535RBT6, STM32U535RBT6Q, STM32U535RCI6, STM32U535RCI6Q, STM32U535RCT6, STM32U535RCT6Q, STM32U535REI6, STM32U535REI6Q, STM32U535RET6, STM32U535RET6Q, STM32U535VCI6, STM32U535VCI6Q, STM32U535VCT6, STM32U535VCT6Q, STM32U535VEI6, STM32U535VEI6Q, STM32U535VET6, STM32U535VET6Q, STM32U545CET6, STM32U545CET6Q, STM32U545CEU6, STM32U545CEU6Q, STM32U545JEY6QTR, STM32U545NEY6QTR, STM32U545REI6, STM32U545REI6Q, STM32U545RET6, STM32U545RET6Q, STM32U545VEI6, STM32U545VEI6Q, STM32U545VET6, STM32U545VET6Q, STM32U595AIH6, STM32U595AIH6Q, STM32U595AJH6, STM32U595AJH6Q, STM32U595QII6, STM32U595QII6Q, STM32U595QJI6, STM32U595QJI6Q, STM32U595RIT6, STM32U595RIT6Q, STM32U595RJT6, STM32U595RJT6Q, STM32U595VIT6, STM32U595VIT6Q, STM32U595VJT6, STM32U595VJT6Q, STM32U595ZIT6, STM32U595ZIT6Q, STM32U595ZIY6QTR, STM32U595ZJT6, STM32U595ZJT6Q, STM32U595ZJY6QTR, STM32U599BJY6QTR, STM32U599NIH6Q, STM32U599NJH6Q, STM32U599VIT6Q, STM32U599VJT6, STM32U599VJT6Q, STM32U599ZIT6Q, STM32U599ZIY6QTR, STM32U599ZJT6Q, STM32U599ZJY6QTR, STM32U5A5AJH6, STM32U5A5AJH6Q, STM32U5A5QII3Q , STM32U5A5QJI6, STM32U5A5QJI6Q, STM32U5A5RJT6, STM32U5A5RJT6Q, STM32U5A5VJT6, STM32U5A5VJT6Q, STM32U5A5ZJT6, STM32U5A5ZJT6Q, STM32U5A5ZJY6QTR, STM32U5A9BJY6QTR, STM32U5A9J-DK, STM32U5A9NJH6Q, STM32U5A9VJT6Q, STM32U5A9ZJT6Q, STM32U5A9ZJY6QTR, STM32U5F7VIT6, STM32U5F7VIT6Q, STM32U5F7VJT6, STM32U5F7VJT6Q, STM32U5F9BJY6QTR, STM32U5F9NJH6Q, STM32U5F9VIT6Q, STM32U5F9VJT6Q, STM32U5F9ZIJ6QTR, STM32U5F9ZIT6Q, STM32U5F9ZJJ6QTR, STM32U5F9ZJT6Q, STM32U5G7VJT6, STM32U5G7VJT6Q, STM32U5G9BJY6QTR, STM32U5G9J-DK1, STM32U5G9J-DK2, STM32U5G9NJH6Q, STM32U5G9VJT6Q, STM32U5G9ZJJ6QTR, STM32U5G9ZJT6Q, STM32WB05KZV6TR, STM32WB05KZV7TR, STM32WB05TZF6TR, STM32WB05TZF7TR, STM32WB06CCF6TR, STM32WB06CCF7TR, STM32WB06CCV6TR, STM32WB06CCV7TR, STM32WB06KCV6TR, STM32WB06KCV7TR, STM32WB07CCF6TR, STM32WB07CCF7TR, STM32WB07CCV6TR, STM32WB07CCV7TR, STM32WB07KCV6TR, STM32WB07KCV7TR, STM32WB09KEV6TR, STM32WB09KEV7TR, STM32WB09TEF6TR, STM32WB09TEF7TR, STM32WB1MMCH6, STM32WBA50KGU6, STM32WBA50KGU6TR, STM32WBA52CEU6, STM32WBA52CEU6TR, STM32WBA52CEU7, STM32WBA52CEU7TR, STM32WBA52CGU6, STM32WBA52CGU6TR, STM32WBA52CGU6U, STM32WBA52CGU7, STM32WBA52CGU7TR, STM32WBA52KEU6, STM32WBA52KEU6TR, STM32WBA52KGU6, STM32WBA52KGU6TR, STM32WBA54CEU6, STM32WBA54CEU6TR, STM32WBA54CEU7, STM32WBA54CEU7TR, STM32WBA54CGU6, STM32WBA54CGU6TR, STM32WBA54CGU7, STM32WBA54CGU7TR, STM32WBA54KEU6, STM32WBA54KEU6TR, STM32WBA54KEU7, STM32WBA54KEU7TR, STM32WBA54KGU6, STM32WBA54KGU6TR, STM32WBA54KGU7, STM32WBA54KGU7TR, STM32WBA55CEU6, STM32WBA55CEU6TR, STM32WBA55CEU7, STM32WBA55CEU7TR, STM32WBA55CGU6, STM32WBA55CGU6TR, STM32WBA55CGU6U, STM32WBA55CGU7, STM32WBA55CGU7TR, STM32WBA55G-DK1, STM32WBA55HEF6, STM32WBA55HEF7, STM32WBA55HGF6, STM32WBA55HGF7, STM32WBA55UEI6, STM32WBA55UEI6TR, STM32WBA55UEI7, STM32WBA55UEI7TR, STM32WBA55UGI6, STM32WBA55UGI6TR, STM32WBA55UGI7, STM32WBA55UGI7TR, STM32WBA5MJGH6TR, STM32WBA62CGU6, STM32WBA62CIU6, STM32WBA62MGF6, STM32WBA62MIF6, STM32WBA62PGI6, STM32WBA62PII6, STM32WBA63CGU6, STM32WBA63CGU7, STM32WBA63CIU6, STM32WBA63CIU7, STM32WBA64CGU6, STM32WBA64CGU7, STM32WBA64CIU6, STM32WBA64CIU7, STM32WBA65CGU6, STM32WBA65CGU7, STM32WBA65CIU6, STM32WBA65CIU7, STM32WBA65I-DK1, STM32WBA65MGF6, STM32WBA65MGF7, STM32WBA65MIF6, STM32WBA65MIF7, STM32WBA65PGI6, STM32WBA65PGI7, STM32WBA65PII6, STM32WBA65PII7, STM32WBA65RGV6, STM32WBA65RGV7, STM32WBA65RIV6, STM32WBA65RIV7, STM32WL30K8V6, STM32WL30KBV6, STM32WL31C8V6, STM32WL31CBV6, STM32WL31K8V6, STM32WL31KBV6, STM32WL33C8V6, STM32WL33C8V6TR, STM32WL33C8V7, STM32WL33C8V7TR, STM32WL33CBV6, STM32WL33CBV6TR, STM32WL33CBV7, STM32WL33CBV7TR, STM32WL33CCV6, STM32WL33CCV6TR, STM32WL33CCV7, STM32WL33CCV7A, STM32WL33CCV7ATR, STM32WL33CCV7TR, STM32WL33K8V6, STM32WL33K8V6TR, STM32WL33K8V7, STM32WL33K8V7TR, STM32WL33KBV6, STM32WL33KBV6TR, STM32WL33KBV7, STM32WL33KBV7TR, STM32WL33KCV6, STM32WL33KCV6TR, STM32WL33KCV7, STM32WL33KCV7TR, STM32WL5MOCH6, STM32WL5MOCH6TR]
2026-04-01 15:43:08,416 [INFO] ApiDb:668 - CubeFinder database Data Model version=2.1
2026-04-01 15:43:08,416 [INFO] ApiDb:669 - CubeFinder database Configuration version=3.0.42
2026-04-01 15:43:08,416 [INFO] ApiDb:670 - CubeFinder database generation date=2026-03-11 (1773229989)
2026-04-01 15:43:08,416 [INFO] ApiDb:671 - CubeFinder database FW Pack versions=[FP-ATR-ASTRA1_V2.0.0, FP-SNS-FLIGHT1_V5.1.0, FP-SNS-MOTENV1_V5.1.0, FP-SNS-MOTENVWB1_V1.5.0, FP-SNS-SMARTAG2_V1.2.0, FP-SNS-STBOX1_V2.1.0, STM32Cube_FW_C0_V1.4.0, STM32Cube_FW_F4_V1.28.3, STM32Cube_FW_F7_V1.17.4, STM32Cube_FW_G0_V1.6.3, STM32Cube_FW_G4_V1.6.2, STM32Cube_FW_H5_V1.6.0, STM32Cube_FW_H7RS_V1.3.0, STM32Cube_FW_H7_V1.13.0, STM32Cube_FW_L0_V1.12.2, STM32Cube_FW_L4_V1.18.2, STM32Cube_FW_L5_V1.6.0, STM32Cube_FW_N6_V1.3.0, STM32Cube_FW_U0_V1.3.0, STM32Cube_FW_U3_V1.3.0, STM32Cube_FW_U5_V1.8.0, STM32Cube_FW_WB0_V1.4.0, STM32Cube_FW_WBA_V1.9.0, STM32Cube_FW_WB_V1.24.0, STM32Cube_FW_WL3_V1.4.0, STM32Cube_FW_WL_V1.5.0, X-CUBE-ALGOBUILD_V1.4.0, X-CUBE-ALS_V1.0.2, X-CUBE-AZRTOS-F4_V1.1.0, X-CUBE-AZRTOS-F7_V1.1.0, X-CUBE-AZRTOS-G0_V1.1.0, X-CUBE-AZRTOS-G4_V2.0.0, X-CUBE-AZRTOS-H7RS_V1.1.0, X-CUBE-AZRTOS-H7_V3.4.0, X-CUBE-AZRTOS-L4_V2.0.0, X-CUBE-AZRTOS-L5_V2.0.0, X-CUBE-AZRTOS-WB_V2.0.0, X-CUBE-AZRTOS-WL_V2.0.0, X-CUBE-BLE1_V7.1.0, X-CUBE-BLE2_V3.3.0, X-CUBE-BLEMGR_V4.1.0, X-CUBE-EEPRMA1_V5.2.0, X-CUBE-FREERTOS_V1.5.0, X-CUBE-GNSS1_V6.0.0, X-CUBE-MEMS1_V12.0.0, X-CUBE-NFC4_V3.0.0, X-CUBE-NFC7_V2.0.0, X-CUBE-SFXS2LP1_V4.0.0, X-CUBE-ST67W61_V1.2.0, X-CUBE-SUBG2_V5.0.0, X-CUBE-TOF1_V3.4.3]
2026-04-01 15:43:13,244 [INFO] ApiDb:240 - Found 895 in-development CPN: [B-G473E-ZEST1S, B-WB1M-WPAN1, B-WBA5M-WPAN, B-WL5M-SUBG1, NUCLEO-C031C6, NUCLEO-C051C8, NUCLEO-C071RB, NUCLEO-C092RC, NUCLEO-H503RB, NUCLEO-H533RE, NUCLEO-H563ZI, NUCLEO-H7S3L8, NUCLEO-N657X0-Q, NUCLEO-U031R8, NUCLEO-U083RC, NUCLEO-U385RG-Q, NUCLEO-U545RE-Q, NUCLEO-U5A5ZJ-Q, NUCLEO-WB05KZ, NUCLEO-WB07CC, NUCLEO-WB09KE, NUCLEO-WBA52CG, NUCLEO-WBA55CG, NUCLEO-WBA65RI, NUCLEO-WL33CC1, NUCLEO-WL33CC2, STEVAL-PROTEUS1, STEVAL-SMARTAG2, STEVAL-STWINBX1, STM320518-EVAL, STM32C0116-DK, STM32C011D6Y3TR, STM32C011D6Y6TR, STM32C011F4P3, STM32C011F4P6, STM32C011F4U3, STM32C011F4U6TR, STM32C011F6P3, STM32C011F6P6, STM32C011F6U3, STM32C011F6U6TR, STM32C011J4M3, STM32C011J4M6, STM32C011J6M3, STM32C011J6M6, STM32C0316-DK, STM32C031C4T3, STM32C031C4T6, STM32C031C4U3, STM32C031C4U6, STM32C031C6T3, STM32C031C6T6, STM32C031C6U3, STM32C031C6U6, STM32C031F4P3, STM32C031F4P6, STM32C031F6P3, STM32C031F6P6, STM32C031G4U3, STM32C031G4U6, STM32C031G6U3, STM32C031G6U6, STM32C031K4T3, STM32C031K4T6, STM32C031K4U3, STM32C031K4U6, STM32C031K6T3, STM32C031K6T6, STM32C031K6U3, STM32C031K6U6, STM32C051C6T6, STM32C051C6U6, STM32C051C8T6, STM32C051C8U6, STM32C051D8Y6TR, STM32C051F6P6, STM32C051F8P6, STM32C051G6U6, STM32C051G8U6, STM32C051K6T6, STM32C051K6U6, STM32C051K8T6, STM32C071C8T6, STM32C071C8T6N, STM32C071C8U6, STM32C071C8U6N, STM32C071CBT6, STM32C071CBT6N, STM32C071CBU6, STM32C071CBU6N, STM32C071F8P6, STM32C071F8P6N, STM32C071FBP6, STM32C071FBP6N, STM32C071FBY6TR, STM32C071G8U6, STM32C071G8U6N, STM32C071GBU6, STM32C071GBU6N, STM32C071K8T6, STM32C071K8T6N, STM32C071K8U6, STM32C071K8U6N, STM32C071KBT6, STM32C071KBT6N, STM32C071KBU6, STM32C071KBU6N, STM32C071R8T6, STM32C071R8T6N, STM32C071RBI6N, STM32C071RBT6, STM32C071RBT6N, STM32C091CBT6, STM32C091CBU6, STM32C091CCT6, STM32C091CCU6, STM32C091ECY6TR, STM32C091FBP6, STM32C091FCP6, STM32C091GBU6, STM32C091GCU6, STM32C091KBT6, STM32C091KBU6, STM32C091KCT6, STM32C091KCU6, STM32C091RBT6, STM32C091RCI6, STM32C091RCT6, STM32C092CBT6, STM32C092CBU6, STM32C092CCT6, STM32C092CCU6, STM32C092ECY6TR, STM32C092FBP6, STM32C092FCP6, STM32C092GBU6, STM32C092GCU6, STM32C092KBT6, STM32C092KBU6, STM32C092KCT6, STM32C092KCU6, STM32C092RBT6, STM32C092RCI6, STM32C092RCT6, STM32G071K8TXN, STM32G071K8UXN, STM32G081GBU6N, STM32G081KBT6N, STM32G081KBUXN, STM32G0B1CCT6N, STM32G0B1KCT6, STM32G0B1NEY6TR, STM32G0B1RCT6N, STM32G0C1CCT6, STM32G0C1CCT6N, STM32G0C1CCU6N, STM32G0C1CET6N, STM32G0C1CEU6N, STM32G0C1KCT6, STM32G0C1NEY6TR, STM32G0C1RCI6N, STM32G0C1RCT6N, STM32G0C1REI6N, STM32G0C1RET6N, STM32G0C1VCI6, STM32G0C1VEI6, STM32G411C6T3, STM32G411C6T6, STM32G411C6U3, STM32G411C6U6, STM32G411C8T3, STM32G411C8T6, STM32G411C8U3, STM32G411C8U6, STM32G411CBT3, STM32G411CBT6, STM32G411CBU3, STM32G411CBU6, STM32G411CCT3, STM32G411CCT6, STM32G411CCU3, STM32G411CCU6, STM32G411K6T3, STM32G411K6T6, STM32G411K6U3, STM32G411K6U6, STM32G411K8T3, STM32G411K8T6, STM32G411K8U3, STM32G411K8U6, STM32G411KBT3, STM32G411KBT6, STM32G411KBU3, STM32G411KBU6, STM32G411M6T3, STM32G411M6T6, STM32G411M8T3, STM32G411M8T6, STM32G411MBT3, STM32G411MBT6, STM32G411MCT3, STM32G411MCT6, STM32G411R6T3, STM32G411R6T6, STM32G411R8T3, STM32G411R8T6, STM32G411RBT3, STM32G411RBT6, STM32G411RCT3, STM32G411RCT6, STM32G414CBT3, STM32G414CBT6, STM32G414CBU3, STM32G414CBU6, STM32G414CCT3, STM32G414CCT6, STM32G414CCU3, STM32G414CCU6, STM32G414MBT3, STM32G414MBT6, STM32G414MCT3, STM32G414MCT6, STM32G414RBT3, STM32G414RBT6, STM32G414RCT3, STM32G414RCT6, STM32G414VBT3, STM32G414VBT6, STM32G414VCT3, STM32G414VCT6, STM32G431CBT3Z, STM32G431RBT3Z, STM32G471CCT6, STM32G471CCU6, STM32G471CET3, STM32G471CET6, STM32G471CEU3, STM32G471CEU6, STM32G471MCT6, STM32G471MET3, STM32G471MET6, STM32G471MEY6TR, STM32G471QCT6, STM32G471QET3, STM32G471RCT6, STM32G471RET3, STM32G471RET6, STM32G471VCH6, STM32G471VCI6, STM32G471VCT6, STM32G471VEH3, STM32G471VEH6, STM32G471VEI3, STM32G471VEI6, STM32G471VET3, STM32G471VET6, STM32G473QET3Z, STM32G473RET3Z, STM32G474CCT6, STM32G491RET3Z, STM32H503CBT6, STM32H503CBU6, STM32H503EBY6TR, STM32H503KBU6, STM32H503RBT6, STM32H523CCT6, STM32H523CCU6, STM32H523CET6, STM32H523CEU6, STM32H523HEY6TR, STM32H523RCT6, STM32H523RET6, STM32H523VCI6, STM32H523VCT6, STM32H523VEI6, STM32H523VET6, STM32H523ZCJ6, STM32H523ZCT6, STM32H523ZEJ6, STM32H523ZET6, STM32H533CET6, STM32H533CEU6, STM32H533HEY6TR, STM32H533RET6, STM32H533VEI6, STM32H533VET6, STM32H533ZEJ6, STM32H533ZET6, STM32H562AGI6, STM32H562AII6, STM32H562IGK6, STM32H562IGT6, STM32H562IIK6, STM32H562IIT6, STM32H562RGT6, STM32H562RGV6, STM32H562RIT6, STM32H562RIV6, STM32H562VGT6, STM32H562VIT6, STM32H562ZGT6, STM32H562ZIT6, STM32H563AGI6, STM32H563AII3Q, STM32H563AII6, STM32H563IGK6, STM32H563IGT6, STM32H563IIK3Q, STM32H563IIK6, STM32H563IIT3Q, STM32H563IIT6, STM32H563MIY3QTR, STM32H563RGT6, STM32H563RGV6, STM32H563RIT6, STM32H563RIV6, STM32H563VGT6, STM32H563VIT3Q, STM32H563VIT6, STM32H563ZGT6, STM32H563ZIT3Q, STM32H563ZIT6, STM32H573AII3Q, STM32H573AII6, STM32H573I-DK, STM32H573IIK3Q, STM32H573IIK6, STM32H573IIT3Q, STM32H573IIT6, STM32H573MIY3QTR, STM32H573RIT6, STM32H573RIV6, STM32H573VIT3Q, STM32H573VIT6, STM32H573ZIT3Q, STM32H573ZIT6, STM32H7R3A8I6, STM32H7R3I8K6, STM32H7R3I8T6, STM32H7R3L8H6, STM32H7R3L8H6H, STM32H7R3R8V6, STM32H7R3V8H6, STM32H7R3V8T6, STM32H7R3V8Y6TR, STM32H7R3Z8J6, STM32H7R3Z8T6, STM32H7R7A8I6, STM32H7R7I8K6, STM32H7R7I8T6, STM32H7R7L8H6, STM32H7R7L8H6H, STM32H7R7Z8J6, STM32H7S3A8I6, STM32H7S3I8K6, STM32H7S3I8T6, STM32H7S3L8H6, STM32H7S3L8H6H, STM32H7S3R8V6, STM32H7S3V8H6, STM32H7S3V8T6, STM32H7S3V8Y6TR, STM32H7S3Z8J6, STM32H7S3Z8T6, STM32H7S78-DK, STM32H7S7A8I6, STM32H7S7I8K6, STM32H7S7I8T6, STM32H7S7L8H6, STM32H7S7L8H6H, STM32H7S7Z8J6, STM32L4R5QGI6STR, STM32MP131AAE3, STM32MP131AAF3, STM32MP131AAG3, STM32MP131CAE3, STM32MP131CAF3, STM32MP131CAG3, STM32MP131DAE7, STM32MP131DAF7, STM32MP131DAG7, STM32MP131FAE7, STM32MP131FAF7, STM32MP131FAG7, STM32MP133AAE3, STM32MP133AAF3, STM32MP133AAG3, STM32MP133CAE3, STM32MP133CAF3, STM32MP133CAG3, STM32MP133DAE7, STM32MP133DAF7, STM32MP133DAG7, STM32MP133FAE7, STM32MP133FAF7, STM32MP133FAG7, STM32MP135AAE3, STM32MP135AAF3, STM32MP135AAG3, STM32MP135CAE3, STM32MP135CAF3, STM32MP135CAG3, STM32MP135DAE7, STM32MP135DAF7, STM32MP135DAG7, STM32MP135F-DK, STM32MP135FAE7, STM32MP135FAF7, STM32MP135FAF7T, STM32MP135FAF7U, STM32MP135FAG7, STM32MP231AAJ3, STM32MP231AAK3, STM32MP231AAL3, STM32MP231CAJ3, STM32MP231CAK3, STM32MP231CAL3, STM32MP231DAJ3, STM32MP231DAK3, STM32MP231DAL3, STM32MP231FAJ3, STM32MP231FAK3, STM32MP231FAL3, STM32MP233AAJ3, STM32MP233AAK3, STM32MP233AAL3, STM32MP233CAJ3, STM32MP233CAK3, STM32MP233CAL3, STM32MP233DAJ3, STM32MP233DAK3, STM32MP233DAL3, STM32MP233FAJ3, STM32MP233FAK3, STM32MP233FAL3, STM32MP235AAJ3, STM32MP235AAK3, STM32MP235AAL3, STM32MP235CAJ3, STM32MP235CAK3, STM32MP235CAL3, STM32MP235DAJ3, STM32MP235DAK3, STM32MP235DAL3, STM32MP235FAJ3, STM32MP235FAK3, STM32MP235FAL3, STM32MP251AAI3, STM32MP251AAJ3, STM32MP251AAK3, STM32MP251AAL3, STM32MP251CAI3, STM32MP251CAJ3, STM32MP251CAK3, STM32MP251CAL3, STM32MP251DAI3, STM32MP251DAJ3, STM32MP251DAK3, STM32MP251DAL3, STM32MP251FAI3, STM32MP251FAJ3, STM32MP251FAK3, STM32MP251FAL3, STM32MP253AAI3, STM32MP253AAJ3, STM32MP253AAK3, STM32MP253AAL3, STM32MP253CAI3, STM32MP253CAJ3, STM32MP253CAK3, STM32MP253CAL3, STM32MP253DAI3, STM32MP253DAJ3, STM32MP253DAK3, STM32MP253DAL3, STM32MP253FAI3, STM32MP253FAJ3, STM32MP253FAK3, STM32MP253FAL3, STM32MP255AAI3, STM32MP255AAJ3, STM32MP255AAK3, STM32MP255AAL3, STM32MP255CAI3, STM32MP255CAJ3, STM32MP255CAK3, STM32MP255CAL3, STM32MP255DAI3, STM32MP255DAJ3, STM32MP255DAK3, STM32MP255DAL3, STM32MP255FAI3, STM32MP255FAJ3, STM32MP255FAK3, STM32MP255FAL3, STM32MP257AAI3, STM32MP257AAJ3, STM32MP257AAK3, STM32MP257AAL3, STM32MP257CAI3, STM32MP257CAJ3, STM32MP257CAK3, STM32MP257CAL3, STM32MP257DAI3, STM32MP257DAJ3, STM32MP257DAK3, STM32MP257DAL3, STM32MP257F-DK, STM32MP257F-EV1, STM32MP257FAI3, STM32MP257FAJ3, STM32MP257FAK3, STM32MP257FAL3, STM32N645A0H3Q, STM32N645B0H3Q, STM32N645I0H3Q, STM32N645L0H3Q, STM32N645X0H3Q, STM32N645Z0H3Q, STM32N647A0H3Q, STM32N647B0H3Q, STM32N647I0H3Q, STM32N647L0H3Q, STM32N647X0H3Q, STM32N647Z0H3Q, STM32N655A0H3Q, STM32N655B0H3Q, STM32N655I0H3Q, STM32N655L0H3Q, STM32N655X0H3Q, STM32N655Z0H3Q, STM32N6570-DK, STM32N657A0H3Q, STM32N657B0H3Q, STM32N657I0H3Q, STM32N657L0H3Q, STM32N657X0H3Q, STM32N657Z0H3Q, STM32U031C6T6, STM32U031C6U6, STM32U031C8T6, STM32U031C8U6, STM32U031F4P6, STM32U031F6P6, STM32U031F8P6, STM32U031G6Y6TR, STM32U031G8Y6TR, STM32U031K4U6, STM32U031K6U6, STM32U031K8U6, STM32U031R6I6, STM32U031R6T6, STM32U031R8I6, STM32U031R8T6, STM32U073C8T6, STM32U073C8U6, STM32U073CBT6, STM32U073CBU6, STM32U073CCT6, STM32U073CCU6, STM32U073H8Y6TR, STM32U073HBY6TR, STM32U073HCY6TR, STM32U073K8U6, STM32U073KBU6, STM32U073KCU6, STM32U073M8I6, STM32U073M8T6, STM32U073MBI6, STM32U073MBT6, STM32U073MCI6, STM32U073MCT6, STM32U073R8I6, STM32U073R8T6, STM32U073RBI6, STM32U073RBT6, STM32U073RCI6, STM32U073RCT6, STM32U083C-DK, STM32U083CCT6, STM32U083CCU6, STM32U083HCY6TR, STM32U083KCU6, STM32U083MCI6, STM32U083MCT6, STM32U083RCI6, STM32U083RCT6, STM32U375CET6, STM32U375CET6Q, STM32U375CEU6, STM32U375CEU6Q, STM32U375CEY6QTR, STM32U375CGT6, STM32U375CGT6Q, STM32U375CGU6, STM32U375CGU6Q, STM32U375CGY6QTR, STM32U375KEU6, STM32U375KGU6, STM32U375REI6, STM32U375REI6Q, STM32U375RET6, STM32U375RET6Q, STM32U375REY6GTR, STM32U375REY6QTR, STM32U375RGI6, STM32U375RGI6Q, STM32U375RGT6, STM32U375RGT6Q, STM32U375RGY6GTR, STM32U375RGY6QTR, STM32U375VEI6, STM32U375VEI6Q, STM32U375VET6, STM32U375VET6Q, STM32U375VGI6, STM32U375VGI6Q, STM32U375VGT6, STM32U375VGT6Q, STM32U385CGT6, STM32U385CGT6Q, STM32U385CGU6, STM32U385CGU6Q, STM32U385CGY6QTR, STM32U385KGU6, STM32U385RGI6, STM32U385RGI6Q, STM32U385RGT6, STM32U385RGT6Q, STM32U385RGY6GTR, STM32U385RGY6QTR, STM32U385VGI6, STM32U385VGI6Q, STM32U385VGT6, STM32U385VGT6Q, STM32U535CBT6, STM32U535CBT6Q, STM32U535CBU6, STM32U535CBU6Q, STM32U535CCT6, STM32U535CCT6Q, STM32U535CCU6, STM32U535CCU6Q, STM32U535CET6, STM32U535CET6Q, STM32U535CEU6, STM32U535CEU6Q, STM32U535JEY6QTR, STM32U535NCY6QTR, STM32U535NEY6QTR, STM32U535RBI6, STM32U535RBI6Q, STM32U535RBT6, STM32U535RBT6Q, STM32U535RCI6, STM32U535RCI6Q, STM32U535RCT6, STM32U535RCT6Q, STM32U535REI6, STM32U535REI6Q, STM32U535RET6, STM32U535RET6Q, STM32U535VCI6, STM32U535VCI6Q, STM32U535VCT6, STM32U535VCT6Q, STM32U535VEI6, STM32U535VEI6Q, STM32U535VET6, STM32U535VET6Q, STM32U545CET6, STM32U545CET6Q, STM32U545CEU6, STM32U545CEU6Q, STM32U545JEY6QTR, STM32U545NEY6QTR, STM32U545REI6, STM32U545REI6Q, STM32U545RET6, STM32U545RET6Q, STM32U545VEI6, STM32U545VEI6Q, STM32U545VET6, STM32U545VET6Q, STM32U595AIH6, STM32U595AIH6Q, STM32U595AJH6, STM32U595AJH6Q, STM32U595QII6, STM32U595QII6Q, STM32U595QJI6, STM32U595QJI6Q, STM32U595RIT6, STM32U595RIT6Q, STM32U595RJT6, STM32U595RJT6Q, STM32U595VIT6, STM32U595VIT6Q, STM32U595VJT6, STM32U595VJT6Q, STM32U595ZIT6, STM32U595ZIT6Q, STM32U595ZIY6QTR, STM32U595ZJT6, STM32U595ZJT6Q, STM32U595ZJY6QTR, STM32U599BJY6QTR, STM32U599NIH6Q, STM32U599NJH6Q, STM32U599VIT6Q, STM32U599VJT6, STM32U599VJT6Q, STM32U599ZIT6Q, STM32U599ZIY6QTR, STM32U599ZJT6Q, STM32U599ZJY6QTR, STM32U5A5AJH6, STM32U5A5AJH6Q, STM32U5A5QII3Q , STM32U5A5QJI6, STM32U5A5QJI6Q, STM32U5A5RJT6, STM32U5A5RJT6Q, STM32U5A5VJT6, STM32U5A5VJT6Q, STM32U5A5ZJT6, STM32U5A5ZJT6Q, STM32U5A5ZJY6QTR, STM32U5A9BJY6QTR, STM32U5A9J-DK, STM32U5A9NJH6Q, STM32U5A9VJT6Q, STM32U5A9ZJT6Q, STM32U5A9ZJY6QTR, STM32U5F7VIT6, STM32U5F7VIT6Q, STM32U5F7VJT6, STM32U5F7VJT6Q, STM32U5F9BJY6QTR, STM32U5F9NJH6Q, STM32U5F9VIT6Q, STM32U5F9VJT6Q, STM32U5F9ZIJ6QTR, STM32U5F9ZIT6Q, STM32U5F9ZJJ6QTR, STM32U5F9ZJT6Q, STM32U5G7VJT6, STM32U5G7VJT6Q, STM32U5G9BJY6QTR, STM32U5G9J-DK1, STM32U5G9J-DK2, STM32U5G9NJH6Q, STM32U5G9VJT6Q, STM32U5G9ZJJ6QTR, STM32U5G9ZJT6Q, STM32WB05KZV6TR, STM32WB05KZV7TR, STM32WB05TZF6TR, STM32WB05TZF7TR, STM32WB06CCF6TR, STM32WB06CCF7TR, STM32WB06CCV6TR, STM32WB06CCV7TR, STM32WB06KCV6TR, STM32WB06KCV7TR, STM32WB07CCF6TR, STM32WB07CCF7TR, STM32WB07CCV6TR, STM32WB07CCV7TR, STM32WB07KCV6TR, STM32WB07KCV7TR, STM32WB09KEV6TR, STM32WB09KEV7TR, STM32WB09TEF6TR, STM32WB09TEF7TR, STM32WB1MMCH6, STM32WBA50KGU6, STM32WBA50KGU6TR, STM32WBA52CEU6, STM32WBA52CEU6TR, STM32WBA52CEU7, STM32WBA52CEU7TR, STM32WBA52CGU6, STM32WBA52CGU6TR, STM32WBA52CGU6U, STM32WBA52CGU7, STM32WBA52CGU7TR, STM32WBA52KEU6, STM32WBA52KEU6TR, STM32WBA52KGU6, STM32WBA52KGU6TR, STM32WBA54CEU6, STM32WBA54CEU6TR, STM32WBA54CEU7, STM32WBA54CEU7TR, STM32WBA54CGU6, STM32WBA54CGU6TR, STM32WBA54CGU7, STM32WBA54CGU7TR, STM32WBA54KEU6, STM32WBA54KEU6TR, STM32WBA54KEU7, STM32WBA54KEU7TR, STM32WBA54KGU6, STM32WBA54KGU6TR, STM32WBA54KGU7, STM32WBA54KGU7TR, STM32WBA55CEU6, STM32WBA55CEU6TR, STM32WBA55CEU7, STM32WBA55CEU7TR, STM32WBA55CGU6, STM32WBA55CGU6TR, STM32WBA55CGU6U, STM32WBA55CGU7, STM32WBA55CGU7TR, STM32WBA55G-DK1, STM32WBA55HEF6, STM32WBA55HEF7, STM32WBA55HGF6, STM32WBA55HGF7, STM32WBA55UEI6, STM32WBA55UEI6TR, STM32WBA55UEI7, STM32WBA55UEI7TR, STM32WBA55UGI6, STM32WBA55UGI6TR, STM32WBA55UGI7, STM32WBA55UGI7TR, STM32WBA5MJGH6TR, STM32WBA62CGU6, STM32WBA62CIU6, STM32WBA62MGF6, STM32WBA62MIF6, STM32WBA62PGI6, STM32WBA62PII6, STM32WBA63CGU6, STM32WBA63CGU7, STM32WBA63CIU6, STM32WBA63CIU7, STM32WBA64CGU6, STM32WBA64CGU7, STM32WBA64CIU6, STM32WBA64CIU7, STM32WBA65CGU6, STM32WBA65CGU7, STM32WBA65CIU6, STM32WBA65CIU7, STM32WBA65I-DK1, STM32WBA65MGF6, STM32WBA65MGF7, STM32WBA65MIF6, STM32WBA65MIF7, STM32WBA65PGI6, STM32WBA65PGI7, STM32WBA65PII6, STM32WBA65PII7, STM32WBA65RGV6, STM32WBA65RGV7, STM32WBA65RIV6, STM32WBA65RIV7, STM32WL30K8V6, STM32WL30KBV6, STM32WL31C8V6, STM32WL31CBV6, STM32WL31K8V6, STM32WL31KBV6, STM32WL33C8V6, STM32WL33C8V6TR, STM32WL33C8V7, STM32WL33C8V7TR, STM32WL33CBV6, STM32WL33CBV6TR, STM32WL33CBV7, STM32WL33CBV7TR, STM32WL33CCV6, STM32WL33CCV6TR, STM32WL33CCV7, STM32WL33CCV7A, STM32WL33CCV7ATR, STM32WL33CCV7TR, STM32WL33K8V6, STM32WL33K8V6TR, STM32WL33K8V7, STM32WL33K8V7TR, STM32WL33KBV6, STM32WL33KBV6TR, STM32WL33KBV7, STM32WL33KBV7TR, STM32WL33KCV6, STM32WL33KCV6TR, STM32WL33KCV7, STM32WL33KCV7TR, STM32WL5MOCH6, STM32WL5MOCH6TR]
2026-04-01 15:43:13,252 [INFO] DbMcus:218 - Found 5051 MCUs, 4964 are supported
2026-04-01 15:43:13,253 [INFO] ApiDb:423 - Load user favorites file /home/vatcraft/.stm32cubeide/favorites.mcus.txt: 0 item(s)
2026-04-01 15:43:13,253 [INFO] ApiDb:427 - User favorites MCUs=[]
2026-04-01 15:43:13,254 [INFO] DbMcus:224 - Set 0 / 0 favorites MCUs
2026-04-01 15:43:14,511 [INFO] BoardInfo:889 - No configuration file found for board NUCLEO-H5E5ZJ
2026-04-01 15:43:14,513 [INFO] DbBoards:161 - Board is not supported: NUCLEO-H5E5ZJ
2026-04-01 15:43:14,557 [INFO] BoardInfo:889 - No configuration file found for board NUCLEO-U3C5ZI-Q
2026-04-01 15:43:14,558 [INFO] DbBoards:161 - Board is not supported: NUCLEO-U3C5ZI-Q
2026-04-01 15:43:14,567 [INFO] BoardInfo:889 - No configuration file found for board NUCLEO-WBA25CE1
2026-04-01 15:43:14,567 [INFO] DbBoards:161 - Board is not supported: NUCLEO-WBA25CE1
2026-04-01 15:43:14,575 [INFO] BoardInfo:889 - No configuration file found for board NUCLEO-WL3RKB1
2026-04-01 15:43:14,575 [INFO] DbBoards:161 - Board is not supported: NUCLEO-WL3RKB1
2026-04-01 15:43:14,576 [INFO] BoardInfo:889 - No configuration file found for board NUCLEO-WL3RKB2
2026-04-01 15:43:14,576 [INFO] DbBoards:161 - Board is not supported: NUCLEO-WL3RKB2
2026-04-01 15:43:14,582 [INFO] BoardInfo:889 - No configuration file found for board P-NUCLEO-WB55
2026-04-01 15:43:14,582 [INFO] DbBoards:161 - Kit is not supported: P-NUCLEO-WB55
2026-04-01 15:43:14,586 [INFO] BoardInfo:889 - No configuration file found for board STEVAL-BFA001V1B
2026-04-01 15:43:14,587 [INFO] DbBoards:161 - Kit is not supported: STEVAL-BFA001V1B
2026-04-01 15:43:14,588 [INFO] BoardInfo:889 - No configuration file found for board STEVAL-BFA001V2B
2026-04-01 15:43:14,589 [INFO] DbBoards:161 - Kit is not supported: STEVAL-BFA001V2B
2026-04-01 15:43:14,656 [INFO] BoardInfo:889 - No configuration file found for board STM32H5F5J-DK
2026-04-01 15:43:14,656 [INFO] DbBoards:161 - Board is not supported: STM32H5F5J-DK
2026-04-01 15:43:14,701 [INFO] BoardInfo:889 - No configuration file found for board STM32MP215F-DK
2026-04-01 15:43:14,701 [INFO] DbBoards:161 - Board is not supported: STM32MP215F-DK
2026-04-01 15:43:14,714 [INFO] DbBoards:168 - Found 218 boards, 208 are supported
2026-04-01 15:43:14,714 [INFO] DbBoards:169 - Found 218 boards, 43 of them is supported for  Bsp
2026-04-01 15:43:14,718 [INFO] ApiDb:423 - Load user favorites file /home/vatcraft/.stm32cubeide/favorites.boards.txt: 0 item(s)
2026-04-01 15:43:14,718 [INFO] ApiDb:427 - User favorites Boards=[]
2026-04-01 15:43:14,718 [INFO] DbBoards:198 - Set 0 / 0 favorites Boards
2026-04-01 15:43:14,719 [INFO] McuFinderGlobals:76 - Set McuFinderConnectedMode to true
2026-04-01 15:43:14,727 [INFO] MultiScanPanel:200 - Auto-refresh data requested => check proxy status ongoing
2026-04-01 15:43:14,730 [INFO] FinderPluginLoader:95 - Searching for filters in installed packs
2026-04-01 15:43:16,691 [INFO] LoadUrlFilesThread:185 - End of LoadServerUrlFiles without Thread
2026-04-01 15:43:16,700 [INFO] DetailPanel:341 - Set advertising image to /home/vatcraft/STM32Cube/Repository//en.prom-stm32c5-0326.jpg
2026-04-01 15:43:31,083 [INFO] MultiScanPanel:200 - Auto-refresh data requested => check proxy status ongoing
2026-04-01 15:43:31,300 [INFO] LoadUrlFilesThread:185 - End of LoadServerUrlFiles without Thread
2026-04-01 15:43:31,300 [INFO] DetailPanel:341 - Set advertising image to /home/vatcraft/STM32Cube/Repository//en.prom-stm32c5-0326.jpg
2026-04-01 15:43:31,316 [INFO] DbBoards:642 - Loading board mini-images...
2026-04-01 15:43:33,768 [INFO] DbBoards:665 - Loaded 218 board mini-images
2026-04-01 15:43:57,668 [INFO] MainUpdater:2872 - connection check result : 10
2026-04-01 15:43:57,668 [INFO] MainUpdater:2872 - connection check result : 10
2026-04-01 15:43:57,688 [INFO] MicroXplorer:468 - Change Database Path : 
2026-04-01 15:43:57,688 [INFO] MicroXplorer:498 - Change Database Version : DB.6.0.141
2026-04-01 15:43:57,695 [WARN] ThirdParty:871 - waiting for thirdparty lock release [close project]
2026-04-01 15:43:57,695 [INFO] ThirdParty:873 - entering critical section [close project]
2026-04-01 15:43:57,696 [INFO] ThirdParty:883 - exiting critical section [close project]
2026-04-01 15:43:57,705 [INFO] PinOutPanel:1589 - setPackage(No Configuration,No Configuration)
2026-04-01 15:43:57,710 [INFO] UtilMem:75 - Begin LoadConfig() Used Memory: 493661248 Bytes (785383424)
2026-04-01 15:43:57,721 [INFO] MicroXplorer:468 - Change Database Path : 
2026-04-01 15:43:57,721 [INFO] MicroXplorer:498 - Change Database Version : DB.6.0.141
2026-04-01 15:43:57,722 [INFO] OpenFileManager:354 - Change cursor
2026-04-01 15:43:57,776 [INFO] Mcu:2011 - Initializing MCU STM32F401R(D-E)Tx STM32F401RETx STM32F401RET6
2026-04-01 15:43:59,590 [INFO] Context:756 - Trying to add GPIOservice into a context  which must be forbidden
2026-04-01 15:44:00,102 [INFO] Rule:225 - rule Adapt Old IOC before rework replace old CORTEX_M33/CORTEX_M55 attributes by the new one. is applicable
2026-04-01 15:44:00,102 [INFO] Rule:225 - rule Rename parametre of RCC RCC_APBDBG_DIV2 to RCC_TIMPRES_DIV2 is applicable
2026-04-01 15:44:00,102 [INFO] Rule:225 - rule Rename DIE493 pin PA10 [PA12] -> PA10 is applicable
2026-04-01 15:44:00,102 [INFO] Rule:225 - rule Rename DIE493 pin PA9 [PA11] -> PA9 is applicable
2026-04-01 15:44:00,102 [INFO] Rule:225 - rule Adapt Old IOC CSI. is applicable
2026-04-01 15:44:00,103 [INFO] DbConfProperties:307 - Apply Compatibility (0/5 Rules)
2026-04-01 15:44:00,130 [INFO] ImportTextPane:218 - (OptionalMessage_ERROR) Pin12 (VP_RIF_VS_RIF1) cannot be retrieved for this MCU
2026-04-01 15:44:00,560 [INFO] RtosManager:558 - Registered RTOS mode: class=CMSIS, group=RTOS, mode=CMSIS_V1, owner=FREERTOS
2026-04-01 15:44:00,561 [INFO] RtosManager:558 - Registered RTOS mode: class=CMSIS, group=RTOS2, mode=CMSIS_V2, owner=FREERTOS
2026-04-01 15:44:00,561 [INFO] RtosManager:558 - Registered RTOS mode: class=RTOS, group=Core, mode=CMSIS_V1, owner=FREERTOS
2026-04-01 15:44:00,561 [INFO] RtosManager:558 - Registered RTOS mode: class=RTOS, group=Core, mode=CMSIS_V2, owner=FREERTOS
2026-04-01 15:44:00,561 [WARN] ModelIntegratedComponent:184 - Missing modes for component STMicroelectronics:FreeRTOS:0.0.1:STMicroelectronics:RTOS:FreeRTOS:Core:::10.2.0:
2026-04-01 15:44:00,577 [WARN] ModelIntegratedComponent:63 - No mode defined for component null
2026-04-01 15:44:00,578 [WARN] ModelIntegratedComponent:63 - No mode defined for component null
2026-04-01 15:44:00,578 [WARN] ModelIntegratedComponent:63 - No mode defined for component null
2026-04-01 15:44:00,578 [WARN] ModelIntegratedComponent:63 - No mode defined for component null
2026-04-01 15:44:00,578 [WARN] ModelIntegratedComponent:63 - No mode defined for component null
2026-04-01 15:44:00,578 [WARN] ModelIntegratedComponent:63 - No mode defined for component null
2026-04-01 15:44:00,578 [WARN] ModelIntegratedComponent:63 - No mode defined for component null
2026-04-01 15:44:00,578 [WARN] ModelIntegratedComponent:63 - No mode defined for component null
2026-04-01 15:44:00,578 [WARN] ModelIntegratedComponent:63 - No mode defined for component null
2026-04-01 15:44:00,578 [WARN] ModelIntegratedComponent:63 - No mode defined for component null
2026-04-01 15:44:00,578 [WARN] ModelIntegratedComponent:63 - No mode defined for component null
2026-04-01 15:44:00,578 [WARN] ModelIntegratedComponent:63 - No mode defined for component null
2026-04-01 15:44:00,578 [WARN] ModelIntegratedComponent:63 - No mode defined for component null
2026-04-01 15:44:00,578 [WARN] ModelIntegratedComponent:63 - No mode defined for component null
2026-04-01 15:44:00,578 [WARN] ModelIntegratedComponent:63 - No mode defined for component null
2026-04-01 15:44:00,578 [WARN] ModelIntegratedComponent:63 - No mode defined for component null
2026-04-01 15:44:00,578 [WARN] ModelIntegratedComponent:63 - No mode defined for component null
2026-04-01 15:44:00,578 [WARN] ModelIntegratedComponent:63 - No mode defined for component null
2026-04-01 15:44:00,578 [WARN] ModelIntegratedComponent:63 - No mode defined for component null
2026-04-01 15:44:00,579 [WARN] ModelIntegratedComponent:63 - No mode defined for component null
2026-04-01 15:44:00,579 [WARN] ModelIntegratedComponent:63 - No mode defined for component null
2026-04-01 15:44:00,579 [WARN] ModelIntegratedComponent:63 - No mode defined for component null
2026-04-01 15:44:00,579 [WARN] ModelIntegratedComponent:63 - No mode defined for component null
2026-04-01 15:44:00,580 [WARN] ModelIntegratedComponent:63 - No mode defined for component null
2026-04-01 15:44:00,580 [WARN] ModelIntegratedComponent:63 - No mode defined for component null
2026-04-01 15:44:00,580 [WARN] ModelIntegratedComponent:63 - No mode defined for component null
2026-04-01 15:44:00,580 [WARN] ModelIntegratedComponent:63 - No mode defined for component null
2026-04-01 15:44:00,580 [WARN] ModelIntegratedComponent:63 - No mode defined for component null
2026-04-01 15:44:00,580 [WARN] ModelIntegratedComponent:63 - No mode defined for component null
2026-04-01 15:44:00,580 [WARN] ModelIntegratedComponent:63 - No mode defined for component null
2026-04-01 15:44:00,580 [WARN] ModelIntegratedComponent:63 - No mode defined for component null
2026-04-01 15:44:00,581 [WARN] ModelIntegratedComponent:63 - No mode defined for component null
2026-04-01 15:44:00,581 [WARN] ModelIntegratedComponent:63 - No mode defined for component null
2026-04-01 15:44:00,581 [WARN] ModelIntegratedComponent:63 - No mode defined for component null
2026-04-01 15:44:00,582 [WARN] ModelIntegratedComponent:63 - No mode defined for component null
2026-04-01 15:44:00,582 [WARN] ModelPack:524 - Component already loaded: STMicroelectronics:HAL Drivers:0.0.0:STMicroelectronics:Device:STMicro_Driver:XSPI:HAL::0.0.1:HAL_XSPI
2026-04-01 15:44:00,624 [INFO] ThirdPartyModel:298 - Start build external matchings
2026-04-01 15:44:01,297 [INFO] ThirdPartyModel:316 - End build external matchings
2026-04-01 15:44:01,313 [INFO] ImportTextPane:218 - (OptionalMessage_ERROR) IP (RCC) : Parameter (RTCHSEDivFreq_Value) has invalid value (4000000)
2026-04-01 15:44:01,558 [INFO] UtilMem:75 - End LoadConfig() Used Memory: 882957000 Bytes (972029952)
2026-04-01 15:44:01,789 [WARN] ThirdParty:833 - waiting for thirdparty lock release [change project]
2026-04-01 15:44:01,789 [INFO] ThirdParty:835 - entering critical section [change project]
2026-04-01 15:44:01,789 [INFO] ThirdParty:1030 - CMSIS Pack Vendor :STMicroelectronics X-CUBE-AZRTOS-H7 3.5.0
2026-04-01 15:44:01,790 [INFO] ThirdParty:1030 - CMSIS Pack Vendor :STMicroelectronics X-CUBE-PM33A1 1.0.0
2026-04-01 15:44:01,790 [INFO] ThirdParty:1030 - CMSIS Pack Vendor :STMicroelectronics USBPD 4.1
2026-04-01 15:44:01,790 [INFO] ThirdParty:1030 - CMSIS Pack Vendor :STMicroelectronics X-CUBE-NFC9 1.0.0
2026-04-01 15:44:01,790 [INFO] ThirdParty:1030 - CMSIS Pack Vendor :STMicroelectronics USB_HOST 2.0.0
2026-04-01 15:44:01,790 [INFO] ThirdParty:1030 - CMSIS Pack Vendor :STMicroelectronics X-CUBE-AZRTOS-F4 1.1.0
2026-04-01 15:44:01,790 [INFO] ThirdParty:1030 - CMSIS Pack Vendor :STMicroelectronics LIBJPEG 8.0.0
2026-04-01 15:44:01,790 [INFO] ThirdParty:1030 - CMSIS Pack Vendor :STMicroelectronics FP-ATR-ASTRA1 2.0.2
2026-04-01 15:44:01,790 [INFO] ThirdParty:1030 - CMSIS Pack Vendor :STMicroelectronics X-CUBE-BLE1 7.1.0
2026-04-01 15:44:01,790 [INFO] ThirdParty:1030 - CMSIS Pack Vendor :STMicroelectronics X-CUBE-SMBUS 2.1.0
2026-04-01 15:44:01,790 [INFO] ThirdParty:1030 - CMSIS Pack Vendor :wolfSSL I-CUBE-wolfMQTT 1.19.2
2026-04-01 15:44:01,790 [INFO] ThirdParty:1030 - CMSIS Pack Vendor :STMicroelectronics USB_DEVICE 3.0.0
2026-04-01 15:44:01,790 [INFO] ThirdParty:1030 - CMSIS Pack Vendor :STMicroelectronics X-CUBE-ISPU 2.1.0
2026-04-01 15:44:01,790 [INFO] ThirdParty:1030 - CMSIS Pack Vendor :STMicroelectronics X-CUBE-EEPRMA1 5.2.0
2026-04-01 15:44:01,790 [INFO] ThirdParty:1030 - CMSIS Pack Vendor :STMicroelectronics X-CUBE-BLEMGR 4.1.0
2026-04-01 15:44:01,790 [INFO] ThirdParty:1030 - CMSIS Pack Vendor :STMicroelectronics X-CUBE-AZRTOS-WB 2.0.0
2026-04-01 15:44:01,790 [INFO] ThirdParty:1030 - CMSIS Pack Vendor :wolfSSL I-CUBE-wolfSSL 5.8.4
2026-04-01 15:44:01,790 [INFO] ThirdParty:1030 - CMSIS Pack Vendor :Cesanta I-CUBE-Mongoose 7.20.0
2026-04-01 15:44:01,790 [INFO] ThirdParty:1030 - CMSIS Pack Vendor :STMicroelectronics X-CUBE-NFC12 1.0.0
2026-04-01 15:44:01,790 [INFO] ThirdParty:1030 - CMSIS Pack Vendor :STMicroelectronics X-CUBE-AZRTOS-F7 1.1.0
2026-04-01 15:44:01,790 [INFO] ThirdParty:1030 - CMSIS Pack Vendor :STMicroelectronics X-CUBE-AZRTOS-L5 2.0.0
2026-04-01 15:44:01,790 [INFO] ThirdParty:1030 - CMSIS Pack Vendor :STMicroelectronics USB_DEVICE 2.0.0
2026-04-01 15:44:01,790 [INFO] ThirdParty:1030 - CMSIS Pack Vendor :quantropi X-CUBE-qispace-sdk-base 2.1.0
2026-04-01 15:44:01,791 [INFO] ThirdParty:1030 - CMSIS Pack Vendor :STMicroelectronics X-CUBE-MEMS1 12.0.0
2026-04-01 15:44:01,791 [INFO] ThirdParty:1030 - CMSIS Pack Vendor :STMicroelectronics X-CUBE-STSE01 2.0.0
2026-04-01 15:44:01,791 [INFO] ThirdParty:1030 - CMSIS Pack Vendor :STMicroelectronics FreeRTOS 0.0.1
2026-04-01 15:44:01,791 [INFO] ThirdParty:1030 - CMSIS Pack Vendor :STMicroelectronics X-CUBE-AZRTOS-G0 1.1.0
2026-04-01 15:44:01,791 [INFO] ThirdParty:1030 - CMSIS Pack Vendor :STMicroelectronics X-CUBE-NFC4 3.0.0
2026-04-01 15:44:01,791 [INFO] ThirdParty:1030 - CMSIS Pack Vendor :STMicroelectronics X-CUBE-SUBG2 5.0.0
2026-04-01 15:44:01,791 [INFO] ThirdParty:1030 - CMSIS Pack Vendor :STMicroelectronics STM32_WPAN 1.0.0
2026-04-01 15:44:01,791 [INFO] ThirdParty:1030 - CMSIS Pack Vendor :EmbeddedOffice I-CUBE-FS-RTOS 1.0.1
2026-04-01 15:44:01,791 [INFO] ThirdParty:1030 - CMSIS Pack Vendor :STMicroelectronics lwIP 2.0.3
2026-04-01 15:44:01,791 [INFO] ThirdParty:1030 - CMSIS Pack Vendor :STMicroelectronics USB_HOST 1.0.0
2026-04-01 15:44:01,791 [INFO] ThirdParty:1030 - CMSIS Pack Vendor :STMicroelectronics X-CUBE-AZRTOS-G4 2.0.0
2026-04-01 15:44:01,791 [INFO] ThirdParty:1030 - CMSIS Pack Vendor :STMicroelectronics X-CUBE-WB05N 2.0.0
2026-04-01 15:44:01,791 [INFO] ThirdParty:1030 - CMSIS Pack Vendor :STMicroelectronics PDM2PCM 3.1.0
2026-04-01 15:44:01,791 [INFO] ThirdParty:1030 - CMSIS Pack Vendor :STMicroelectronics PDM2PCM 3.3.0
2026-04-01 15:44:01,791 [INFO] ThirdParty:1030 - CMSIS Pack Vendor :wolfSSL I-CUBE-wolfTPM 3.8.0
2026-04-01 15:44:01,791 [INFO] ThirdParty:1030 - CMSIS Pack Vendor :STMicroelectronics X-CUBE-DISPLAY 3.0.0
2026-04-01 15:44:01,791 [INFO] ThirdParty:1030 - CMSIS Pack Vendor :wolfSSL I-CUBE-wolfSSH 1.4.20
2026-04-01 15:44:01,791 [INFO] ThirdParty:1030 - CMSIS Pack Vendor :STMicroelectronics X-CUBE-NFC7 2.0.0
2026-04-01 15:44:01,791 [INFO] ThirdParty:1030 - CMSIS Pack Vendor :STMicroelectronics X-CUBE-TCPP 4.2.0
2026-04-01 15:44:01,791 [INFO] ThirdParty:1030 - CMSIS Pack Vendor :RealThread X-CUBE-RT-Thread_Nano 4.1.1
2026-04-01 15:44:01,791 [INFO] ThirdParty:1030 - CMSIS Pack Vendor :STMicroelectronics FP-ATR-SIGFOX1 3.2.0
2026-04-01 15:44:01,791 [INFO] ThirdParty:1030 - CMSIS Pack Vendor :STMicroelectronics X-CUBE-NFC10 1.0.0
2026-04-01 15:44:01,791 [INFO] ThirdParty:1030 - CMSIS Pack Vendor :STMicroelectronics HAL Drivers 0.0.0
2026-04-01 15:44:01,791 [INFO] ThirdParty:1030 - CMSIS Pack Vendor :STMicroelectronics MBEDTLS 2.16.2
2026-04-01 15:44:01,792 [INFO] ThirdParty:1030 - CMSIS Pack Vendor :STMicroelectronics X-CUBE-ST60 1.1.0
2026-04-01 15:44:01,792 [INFO] ThirdParty:1030 - CMSIS Pack Vendor :STMicroelectronics X-CUBE-ALS 1.0.2
2026-04-01 15:44:01,792 [INFO] ThirdParty:1030 - CMSIS Pack Vendor :emotas I-CUBE-CANOPEN 1.3.0
2026-04-01 15:44:01,792 [INFO] ThirdParty:1030 - CMSIS Pack Vendor :STMicroelectronics MBEDTLS 2.14.1
2026-04-01 15:44:01,792 [INFO] ThirdParty:1030 - CMSIS Pack Vendor :STMicroelectronics X-CUBE-GNSS1 7.1.0
2026-04-01 15:44:01,792 [INFO] ThirdParty:1030 - CMSIS Pack Vendor :ITTIA_DB I-CUBE-ITTIADB 8.9.0
2026-04-01 15:44:01,792 [INFO] ThirdParty:1030 - CMSIS Pack Vendor :STMicroelectronics X-CUBE-TOUCHGFX 4.26.1
2026-04-01 15:44:01,792 [INFO] ThirdParty:1030 - CMSIS Pack Vendor :STMicroelectronics X-CUBE-NFC6 3.2.0
2026-04-01 15:44:01,792 [INFO] ThirdParty:1030 - CMSIS Pack Vendor :STMicroelectronics X-CUBE-AI 10.2.0
2026-04-01 15:44:01,792 [INFO] ThirdParty:1030 - CMSIS Pack Vendor :STMicroelectronics FP-SNS-STAIOTCFT 1.0.0
2026-04-01 15:44:01,792 [INFO] ThirdParty:1030 - CMSIS Pack Vendor :STMicroelectronics ThreadX 1.0.0
2026-04-01 15:44:01,792 [INFO] ThirdParty:1030 - CMSIS Pack Vendor :STMicroelectronics FP-SNS-SMARTAG2 1.2.0
2026-04-01 15:44:01,792 [INFO] ThirdParty:1030 - CMSIS Pack Vendor :STMicroelectronics FP-SNS-FLIGHT1 5.1.0
2026-04-01 15:44:01,792 [INFO] ThirdParty:1030 - CMSIS Pack Vendor :STMicroelectronics X-CUBE-AZRTOS-WL 2.0.0
2026-04-01 15:44:01,792 [INFO] ThirdParty:1030 - CMSIS Pack Vendor :SEGGER I-CUBE-embOS 1.3.1
2026-04-01 15:44:01,792 [INFO] ThirdParty:1030 - CMSIS Pack Vendor :STMicroelectronics X-CUBE-ALGOBUILD 1.4.0
2026-04-01 15:44:01,792 [INFO] ThirdParty:1030 - CMSIS Pack Vendor :STMicroelectronics X-CUBE-DPower 1.3.0
2026-04-01 15:44:01,792 [INFO] ThirdParty:1030 - CMSIS Pack Vendor :STMicroelectronics USB_DEVICE 1.0.0
2026-04-01 15:44:01,792 [INFO] ThirdParty:1030 - CMSIS Pack Vendor :STMicroelectronics X-CUBE-AZRTOS-H7RS 1.2.0
2026-04-01 15:44:01,792 [INFO] ThirdParty:1030 - CMSIS Pack Vendor :STMicroelectronics X-CUBE-AZRTOS-L4 2.0.0
2026-04-01 15:44:01,792 [INFO] ThirdParty:1030 - CMSIS Pack Vendor :STMicroelectronics ThreadX 0.0.2
2026-04-01 15:44:01,793 [INFO] ThirdParty:1030 - CMSIS Pack Vendor :STMicroelectronics lwIP 2.1.2
2026-04-01 15:44:01,793 [INFO] ThirdParty:1030 - CMSIS Pack Vendor :STMicroelectronics X-CUBE-SFXS2LP1 4.0.0
2026-04-01 15:44:01,793 [INFO] ThirdParty:1030 - CMSIS Pack Vendor :STMicroelectronics X-CUBE-BLE2 3.3.0
2026-04-01 15:44:01,793 [INFO] ThirdParty:1030 - CMSIS Pack Vendor :Avnet-IOTCONNECT X-CUBE-iotc-st67-sdk 1.0.0
2026-04-01 15:44:01,793 [INFO] ThirdParty:1030 - CMSIS Pack Vendor :STMicroelectronics X-CUBE-TOF1 3.4.3
2026-04-01 15:44:01,793 [INFO] ThirdParty:1030 - CMSIS Pack Vendor :Infineon AIROC-Wi-Fi-Bluetooth-STM32 1.8.0
2026-04-01 15:44:01,793 [INFO] ThirdParty:1030 - CMSIS Pack Vendor :STMicroelectronics PDM2PCM 3.2.0
2026-04-01 15:44:01,793 [INFO] ThirdParty:841 - exiting critical section [change project]
2026-04-01 15:44:02,274 [INFO] PinOutPanel:1589 - setPackage(No Configuration,No Configuration)
2026-04-01 15:44:02,276 [INFO] PinOutPanel:1589 - setPackage(STM32F401RETx,LQFP64)
2026-04-01 15:44:03,218 [INFO] UtilMem:75 - Before build in PCC Used Memory: 516884584 Bytes (972029952)
2026-04-01 15:44:03,970 [INFO] UtilMem:75 - After build in PCC Used Memory: 613353568 Bytes (972029952)
2026-04-01 15:44:04,018 [INFO] IPUIPlugin:80 - create IPUIPlugin
2026-04-01 15:44:04,019 [INFO] IPUIPlugin:80 - create IPUIPlugin
2026-04-01 15:44:04,019 [INFO] IPUIPlugin:80 - create IPUIPlugin
2026-04-01 15:44:04,019 [INFO] IPUIPlugin:80 - create IPUIPlugin
2026-04-01 15:44:04,020 [INFO] IPUIPlugin:80 - create IPUIPlugin
2026-04-01 15:44:04,020 [INFO] IPUIPlugin:80 - create IPUIPlugin
2026-04-01 15:44:04,020 [INFO] IPUIPlugin:80 - create IPUIPlugin
2026-04-01 15:44:04,020 [INFO] IPUIPlugin:80 - create IPUIPlugin
2026-04-01 15:44:04,020 [INFO] IPUIPlugin:80 - create IPUIPlugin
2026-04-01 15:44:04,020 [INFO] IPUIPlugin:80 - create IPUIPlugin
2026-04-01 15:44:04,021 [INFO] IPUIPlugin:80 - create IPUIPlugin
2026-04-01 15:44:04,021 [INFO] IPUIPlugin:80 - create IPUIPlugin
2026-04-01 15:44:04,021 [INFO] IPUIPlugin:80 - create IPUIPlugin
2026-04-01 15:44:04,021 [INFO] IPUIPlugin:80 - create IPUIPlugin
2026-04-01 15:44:04,022 [INFO] IPUIPlugin:80 - create IPUIPlugin
2026-04-01 15:44:04,022 [INFO] IPUIPlugin:80 - create IPUIPlugin
2026-04-01 15:44:04,022 [INFO] IPUIPlugin:80 - create IPUIPlugin
2026-04-01 15:44:04,023 [INFO] IPUIPlugin:80 - create IPUIPlugin
2026-04-01 15:44:04,023 [INFO] IPUIPlugin:80 - create IPUIPlugin
2026-04-01 15:44:04,023 [INFO] IPUIPlugin:80 - create IPUIPlugin
2026-04-01 15:44:04,024 [INFO] IPUIPlugin:80 - create IPUIPlugin
2026-04-01 15:44:04,024 [INFO] IPUIPlugin:80 - create IPUIPlugin
2026-04-01 15:44:04,024 [INFO] IPUIPlugin:80 - create IPUIPlugin
2026-04-01 15:44:04,025 [INFO] IPUIPlugin:80 - create IPUIPlugin
2026-04-01 15:44:04,025 [INFO] IPUIPlugin:80 - create IPUIPlugin
2026-04-01 15:44:04,025 [INFO] IPUIPlugin:80 - create IPUIPlugin
2026-04-01 15:44:04,025 [INFO] IPUIPlugin:80 - create IPUIPlugin
2026-04-01 15:44:04,026 [INFO] IPUIPlugin:80 - create IPUIPlugin
2026-04-01 15:44:04,026 [INFO] IPUIPlugin:80 - create IPUIPlugin
2026-04-01 15:44:04,027 [INFO] IPUIPlugin:80 - create IPUIPlugin
2026-04-01 15:44:04,027 [INFO] IPUIPlugin:80 - create IPUIPlugin
2026-04-01 15:44:04,028 [INFO] IPUIPlugin:80 - create IPUIPlugin
2026-04-01 15:44:04,028 [INFO] IPUIPlugin:80 - create IPUIPlugin
2026-04-01 15:44:04,029 [INFO] IPUIPlugin:80 - create IPUIPlugin
2026-04-01 15:44:04,029 [INFO] IPUIPlugin:80 - create IPUIPlugin
2026-04-01 15:44:04,030 [INFO] IPUIPlugin:80 - create IPUIPlugin
2026-04-01 15:44:04,030 [INFO] IPUIPlugin:80 - create IPUIPlugin
2026-04-01 15:44:04,031 [INFO] IPUIPlugin:80 - create IPUIPlugin
2026-04-01 15:44:04,074 [INFO] ApiDbMcu:508 - Load IP Config File for PDM2PCM
2026-04-01 15:44:04,291 [INFO] CADModel:165 - CPN selected for project levelSTM32F401RET6
2026-04-01 15:44:04,291 [INFO] CADModel:114 - Register for checkConnection events
2026-04-01 15:44:04,353 [INFO] OpenFileManager:385 - Restore cursor
2026-04-01 15:44:04,937 [INFO] UtilMem:75 - End SaveConfig() Used Memory: 737760192 Bytes (972029952)
2026-04-01 15:44:05,040 [INFO] UtilMem:75 - End SaveConfig() Used Memory: 753488832 Bytes (972029952)
2026-04-01 15:44:05,576 [INFO] BlockDiagram:2775 - set Specific Code input for plugin: NVIC
2026-04-01 15:44:05,576 [INFO] BlockDiagram:2775 - set Specific Code input for plugin: USART
2026-04-01 15:44:05,576 [INFO] BlockDiagram:2775 - set Specific Code input for plugin: SYS
2026-04-01 15:44:05,576 [INFO] BlockDiagram:2775 - set Specific Code input for plugin: GPIO
2026-04-01 15:44:05,577 [INFO] BlockDiagram:2775 - set Specific Code input for plugin: RCC
2026-04-01 15:44:05,577 [INFO] CodeGenerator:882 - code generatio: config db path: /opt/st/stm32cubeide_1.18.1/plugins/com.st.stm32cube.common.mx_6.14.1.202504091515//db/
2026-04-01 15:44:05,820 [INFO] CodeEngine:263 - oldGeneratedFile, /home/vatcraft/Desktop/FET/ELT3240/Lab3/ex2/MXTmpFiles/license.tmp_save
2026-04-01 15:44:06,268 [INFO] CodeEngine:287 - Generated code: /home/vatcraft/Desktop/FET/ELT3240/Lab3/ex2/MXTmpFiles/license.tmp
2026-04-01 15:44:06,384 [INFO] CodeEngine:263 - oldGeneratedFile, /home/vatcraft/Desktop/FET/ELT3240/Lab3/ex2/MXTmpFiles/gpio.tmp_save
2026-04-01 15:44:06,548 [INFO] CodeEngine:287 - Generated code: /home/vatcraft/Desktop/FET/ELT3240/Lab3/ex2/MXTmpFiles/gpio.tmp
2026-04-01 15:44:06,625 [INFO] CodeEngine:263 - oldGeneratedFile, /home/vatcraft/Desktop/FET/ELT3240/Lab3/ex2/Core/Src/stm32f4xx_it.c_save
2026-04-01 15:44:06,771 [INFO] CodeEngine:287 - Generated code: /home/vatcraft/Desktop/FET/ELT3240/Lab3/ex2/Core/Src/stm32f4xx_it.c
2026-04-01 15:44:06,777 [INFO] CodeEngine:263 - oldGeneratedFile, /home/vatcraft/Desktop/FET/ELT3240/Lab3/ex2/Core/Inc/stm32f4xx_it.h_save
2026-04-01 15:44:06,881 [INFO] CodeEngine:287 - Generated code: /home/vatcraft/Desktop/FET/ELT3240/Lab3/ex2/Core/Inc/stm32f4xx_it.h
2026-04-01 15:44:06,886 [INFO] CodeEngine:263 - oldGeneratedFile, /home/vatcraft/Desktop/FET/ELT3240/Lab3/ex2/Core/Src/stm32f4xx_hal_msp.c_save
2026-04-01 15:44:07,043 [INFO] CodeEngine:287 - Generated code: /home/vatcraft/Desktop/FET/ELT3240/Lab3/ex2/Core/Src/stm32f4xx_hal_msp.c
2026-04-01 15:44:07,045 [INFO] CodeEngine:263 - oldGeneratedFile, /home/vatcraft/Desktop/FET/ELT3240/Lab3/ex2/MXTmpFiles/system.tmp_save
2026-04-01 15:44:07,162 [INFO] CodeEngine:287 - Generated code: /home/vatcraft/Desktop/FET/ELT3240/Lab3/ex2/MXTmpFiles/system.tmp
2026-04-01 15:44:07,169 [INFO] CodeEngine:319 - oldGeneratedFile, /home/vatcraft/Desktop/FET/ELT3240/Lab3/ex2/Core/Inc/stm32f4xx_hal_conf.h_save
2026-04-01 15:44:07,302 [INFO] CodeEngine:343 - Generated code: /home/vatcraft/Desktop/FET/ELT3240/Lab3/ex2/Core/Inc/stm32f4xx_hal_conf.h
2026-04-01 15:44:07,370 [INFO] ApiDbMcu:508 - Load IP Config File for USART2
2026-04-01 15:44:07,383 [INFO] ApiDbMcu:508 - Load IP Config File for RCC
2026-04-01 15:44:07,387 [INFO] CodeEngine:263 - oldGeneratedFile, /home/vatcraft/Desktop/FET/ELT3240/Lab3/ex2/Core/Inc/main.h_save
2026-04-01 15:44:07,512 [INFO] CodeEngine:287 - Generated code: /home/vatcraft/Desktop/FET/ELT3240/Lab3/ex2/Core/Inc/main.h
2026-04-01 15:44:07,514 [INFO] CodeEngine:263 - oldGeneratedFile, /home/vatcraft/Desktop/FET/ELT3240/Lab3/ex2/Core/Src/main.c_save
2026-04-01 15:44:07,677 [INFO] CodeEngine:287 - Generated code: /home/vatcraft/Desktop/FET/ELT3240/Lab3/ex2/Core/Src/main.c
2026-04-01 15:44:07,975 [INFO] ProjectBuilder:3324 - Time for Copy HAL[1] : 24mS.
2026-04-01 15:44:07,979 [INFO] ProjectBuilder:4912 - Project Generator version: 4.6.0.1-B1
2026-04-01 15:44:08,098 [INFO] ConfigFileManager:1590 - The Die is : DIE433
2026-04-01 15:44:08,111 [INFO] ApiDbMcu:508 - Load IP Config File for FATFS
2026-04-01 15:44:08,144 [INFO] ApiDbMcu:508 - Load IP Config File for FREERTOS
2026-04-01 15:44:08,151 [INFO] ApiDbMcu:508 - Load IP Config File for LIBJPEG
2026-04-01 15:44:08,201 [INFO] ApiDbMcu:508 - Load IP Config File for MBEDTLS
2026-04-01 15:44:08,251 [INFO] ApiDbMcu:508 - Load IP Config File for USB_DEVICE
2026-04-01 15:44:08,265 [INFO] ApiDbMcu:508 - Load IP Config File for USB_HOST
2026-04-01 15:44:08,867 [INFO] LogOutputStream:77 - [STDOUT_REDIRECT] 
2026-04-01 15:44:10,954 [INFO] ProjectBuilder:5191 - Time for Generating toolchain IDE Files: 2975mS.
2026-04-01 15:44:10,955 [INFO] ProjectBuilder:3181 - Time for Copy CMSIS : 0mS.
2026-04-01 15:44:10,955 [INFO] ProjectBuilder:3181 - Time for Copy CMSIS : 0mS.
2026-04-01 15:44:11,561 [INFO] McuFinderGlobals:76 - Set McuFinderConnectedMode to true
2026-04-01 15:44:11,566 [INFO] ApiDb:448 - Save user favorites file /home/vatcraft/.stm32cubeide/favorites.mcus.txt: 0 item(s)
2026-04-01 15:44:11,566 [INFO] ApiDb:452 - User favorites MCUs=[]
2026-04-01 15:44:11,567 [INFO] ApiDb:448 - Save user favorites file /home/vatcraft/.stm32cubeide/favorites.boards.txt: 0 item(s)
2026-04-01 15:44:11,567 [INFO] ApiDb:452 - User favorites Boards=[]
2026-04-01 20:54:47,779 [INFO] WebApp:194 - Connection lost
2026-04-01 20:54:55,552 [INFO] WebApp:191 - Connection restablished
2026-04-01 21:23:47,682 [INFO] MainUpdater:2872 - connection check result : 10
2026-04-01 21:23:47,685 [INFO] McuFinderGlobals:76 - Set McuFinderConnectedMode to true
2026-04-01 21:23:48,148 [INFO] ServerAccessManage:473 - Download File mcusAds.json._tmp_
2026-04-01 21:23:48,254 [INFO] LoadUrlFilesThread:156 - End of LoadUrlFiles Thread
2026-04-01 21:23:48,519 [INFO] ServerAccessManage:473 - Download File cube-finder-db.zip
2026-04-01 21:23:52,765 [INFO] FileExtend:242 - Unzip File : cube-finder-db.zip
2026-04-01 21:23:52,766 [INFO] FileExtend:257 - Standard Zip Deflate
2026-04-01 21:23:53,836 [INFO] LoadUrlFilesThread:156 - End of LoadUrlFiles Thread
2026-04-01 21:23:57,566 [INFO] ServerAccessManage:473 - Download File crdb.zip
2026-04-01 21:24:01,162 [INFO] FileExtend:242 - Unzip File : crdb.zip
2026-04-01 21:24:01,164 [INFO] FileExtend:257 - Standard Zip Deflate
2026-04-01 21:24:01,409 [INFO] LoadUrlFilesThread:156 - End of LoadUrlFiles Thread
2026-04-01 21:24:01,677 [INFO] ServerAccessManage:473 - Download File tutoVideoDB.zip
2026-04-01 21:24:01,824 [INFO] FileExtend:242 - Unzip File : tutoVideoDB.zip
2026-04-01 21:24:01,825 [INFO] FileExtend:257 - Standard Zip Deflate
2026-04-01 21:24:01,933 [INFO] LoadUrlFilesThread:156 - End of LoadUrlFiles Thread
2026-04-01 21:24:01,944 [WARN] DbFile:41 - Overriding database path with different value: /home/vatcraft/.stmcufinder/plugins/mcufinder/ => /home/vatcraft/.stmcufinder/plugins/mcufinder
2026-04-01 21:24:02,148 [INFO] ServerAccessManage:473 - Download File api_config.json
2026-04-01 21:24:02,269 [INFO] LoadUrlFilesThread:156 - End of LoadUrlFiles Thread
2026-04-01 21:24:02,314 [INFO] DbMcusAds:53 - JSON generation date=Thu Mar 05 21:32:52 ICT 2026 (1772721172890)
2026-04-01 21:24:02,322 [INFO] ApiDb:448 - Save user favorites file /home/vatcraft/.stm32cubeide/favorites.mcus.txt: 0 item(s)
2026-04-01 21:24:02,323 [INFO] ApiDb:452 - User favorites MCUs=[]
2026-04-01 21:24:02,348 [INFO] ApiDb:581 - Connected to CubeFinder SQLite database (/home/vatcraft/.stmcufinder/plugins/mcufinder/mcu/cube-finder-db.db)
2026-04-01 21:24:02,467 [INFO] ApiDb:668 - CubeFinder database Data Model version=2.1
2026-04-01 21:24:02,467 [INFO] ApiDb:669 - CubeFinder database Configuration version=3.0.42
2026-04-01 21:24:02,468 [INFO] ApiDb:670 - CubeFinder database generation date=2026-03-11 (1773229989)
2026-04-01 21:24:02,468 [INFO] ApiDb:671 - CubeFinder database FW Pack versions=[FP-ATR-ASTRA1_V2.0.0, FP-SNS-FLIGHT1_V5.1.0, FP-SNS-MOTENV1_V5.1.0, FP-SNS-MOTENVWB1_V1.5.0, FP-SNS-SMARTAG2_V1.2.0, FP-SNS-STBOX1_V2.1.0, STM32Cube_FW_C0_V1.4.0, STM32Cube_FW_F4_V1.28.3, STM32Cube_FW_F7_V1.17.4, STM32Cube_FW_G0_V1.6.3, STM32Cube_FW_G4_V1.6.2, STM32Cube_FW_H5_V1.6.0, STM32Cube_FW_H7RS_V1.3.0, STM32Cube_FW_H7_V1.13.0, STM32Cube_FW_L0_V1.12.2, STM32Cube_FW_L4_V1.18.2, STM32Cube_FW_L5_V1.6.0, STM32Cube_FW_N6_V1.3.0, STM32Cube_FW_U0_V1.3.0, STM32Cube_FW_U3_V1.3.0, STM32Cube_FW_U5_V1.8.0, STM32Cube_FW_WB0_V1.4.0, STM32Cube_FW_WBA_V1.9.0, STM32Cube_FW_WB_V1.24.0, STM32Cube_FW_WL3_V1.4.0, STM32Cube_FW_WL_V1.5.0, X-CUBE-ALGOBUILD_V1.4.0, X-CUBE-ALS_V1.0.2, X-CUBE-AZRTOS-F4_V1.1.0, X-CUBE-AZRTOS-F7_V1.1.0, X-CUBE-AZRTOS-G0_V1.1.0, X-CUBE-AZRTOS-G4_V2.0.0, X-CUBE-AZRTOS-H7RS_V1.1.0, X-CUBE-AZRTOS-H7_V3.4.0, X-CUBE-AZRTOS-L4_V2.0.0, X-CUBE-AZRTOS-L5_V2.0.0, X-CUBE-AZRTOS-WB_V2.0.0, X-CUBE-AZRTOS-WL_V2.0.0, X-CUBE-BLE1_V7.1.0, X-CUBE-BLE2_V3.3.0, X-CUBE-BLEMGR_V4.1.0, X-CUBE-EEPRMA1_V5.2.0, X-CUBE-FREERTOS_V1.5.0, X-CUBE-GNSS1_V6.0.0, X-CUBE-MEMS1_V12.0.0, X-CUBE-NFC4_V3.0.0, X-CUBE-NFC7_V2.0.0, X-CUBE-SFXS2LP1_V4.0.0, X-CUBE-ST67W61_V1.2.0, X-CUBE-SUBG2_V5.0.0, X-CUBE-TOF1_V3.4.3]
2026-04-01 21:24:06,615 [INFO] ApiDb:240 - Found 895 in-development CPN: [B-G473E-ZEST1S, B-WB1M-WPAN1, B-WBA5M-WPAN, B-WL5M-SUBG1, NUCLEO-C031C6, NUCLEO-C051C8, NUCLEO-C071RB, NUCLEO-C092RC, NUCLEO-H503RB, NUCLEO-H533RE, NUCLEO-H563ZI, NUCLEO-H7S3L8, NUCLEO-N657X0-Q, NUCLEO-U031R8, NUCLEO-U083RC, NUCLEO-U385RG-Q, NUCLEO-U545RE-Q, NUCLEO-U5A5ZJ-Q, NUCLEO-WB05KZ, NUCLEO-WB07CC, NUCLEO-WB09KE, NUCLEO-WBA52CG, NUCLEO-WBA55CG, NUCLEO-WBA65RI, NUCLEO-WL33CC1, NUCLEO-WL33CC2, STEVAL-PROTEUS1, STEVAL-SMARTAG2, STEVAL-STWINBX1, STM320518-EVAL, STM32C0116-DK, STM32C011D6Y3TR, STM32C011D6Y6TR, STM32C011F4P3, STM32C011F4P6, STM32C011F4U3, STM32C011F4U6TR, STM32C011F6P3, STM32C011F6P6, STM32C011F6U3, STM32C011F6U6TR, STM32C011J4M3, STM32C011J4M6, STM32C011J6M3, STM32C011J6M6, STM32C0316-DK, STM32C031C4T3, STM32C031C4T6, STM32C031C4U3, STM32C031C4U6, STM32C031C6T3, STM32C031C6T6, STM32C031C6U3, STM32C031C6U6, STM32C031F4P3, STM32C031F4P6, STM32C031F6P3, STM32C031F6P6, STM32C031G4U3, STM32C031G4U6, STM32C031G6U3, STM32C031G6U6, STM32C031K4T3, STM32C031K4T6, STM32C031K4U3, STM32C031K4U6, STM32C031K6T3, STM32C031K6T6, STM32C031K6U3, STM32C031K6U6, STM32C051C6T6, STM32C051C6U6, STM32C051C8T6, STM32C051C8U6, STM32C051D8Y6TR, STM32C051F6P6, STM32C051F8P6, STM32C051G6U6, STM32C051G8U6, STM32C051K6T6, STM32C051K6U6, STM32C051K8T6, STM32C071C8T6, STM32C071C8T6N, STM32C071C8U6, STM32C071C8U6N, STM32C071CBT6, STM32C071CBT6N, STM32C071CBU6, STM32C071CBU6N, STM32C071F8P6, STM32C071F8P6N, STM32C071FBP6, STM32C071FBP6N, STM32C071FBY6TR, STM32C071G8U6, STM32C071G8U6N, STM32C071GBU6, STM32C071GBU6N, STM32C071K8T6, STM32C071K8T6N, STM32C071K8U6, STM32C071K8U6N, STM32C071KBT6, STM32C071KBT6N, STM32C071KBU6, STM32C071KBU6N, STM32C071R8T6, STM32C071R8T6N, STM32C071RBI6N, STM32C071RBT6, STM32C071RBT6N, STM32C091CBT6, STM32C091CBU6, STM32C091CCT6, STM32C091CCU6, STM32C091ECY6TR, STM32C091FBP6, STM32C091FCP6, STM32C091GBU6, STM32C091GCU6, STM32C091KBT6, STM32C091KBU6, STM32C091KCT6, STM32C091KCU6, STM32C091RBT6, STM32C091RCI6, STM32C091RCT6, STM32C092CBT6, STM32C092CBU6, STM32C092CCT6, STM32C092CCU6, STM32C092ECY6TR, STM32C092FBP6, STM32C092FCP6, STM32C092GBU6, STM32C092GCU6, STM32C092KBT6, STM32C092KBU6, STM32C092KCT6, STM32C092KCU6, STM32C092RBT6, STM32C092RCI6, STM32C092RCT6, STM32G071K8TXN, STM32G071K8UXN, STM32G081GBU6N, STM32G081KBT6N, STM32G081KBUXN, STM32G0B1CCT6N, STM32G0B1KCT6, STM32G0B1NEY6TR, STM32G0B1RCT6N, STM32G0C1CCT6, STM32G0C1CCT6N, STM32G0C1CCU6N, STM32G0C1CET6N, STM32G0C1CEU6N, STM32G0C1KCT6, STM32G0C1NEY6TR, STM32G0C1RCI6N, STM32G0C1RCT6N, STM32G0C1REI6N, STM32G0C1RET6N, STM32G0C1VCI6, STM32G0C1VEI6, STM32G411C6T3, STM32G411C6T6, STM32G411C6U3, STM32G411C6U6, STM32G411C8T3, STM32G411C8T6, STM32G411C8U3, STM32G411C8U6, STM32G411CBT3, STM32G411CBT6, STM32G411CBU3, STM32G411CBU6, STM32G411CCT3, STM32G411CCT6, STM32G411CCU3, STM32G411CCU6, STM32G411K6T3, STM32G411K6T6, STM32G411K6U3, STM32G411K6U6, STM32G411K8T3, STM32G411K8T6, STM32G411K8U3, STM32G411K8U6, STM32G411KBT3, STM32G411KBT6, STM32G411KBU3, STM32G411KBU6, STM32G411M6T3, STM32G411M6T6, STM32G411M8T3, STM32G411M8T6, STM32G411MBT3, STM32G411MBT6, STM32G411MCT3, STM32G411MCT6, STM32G411R6T3, STM32G411R6T6, STM32G411R8T3, STM32G411R8T6, STM32G411RBT3, STM32G411RBT6, STM32G411RCT3, STM32G411RCT6, STM32G414CBT3, STM32G414CBT6, STM32G414CBU3, STM32G414CBU6, STM32G414CCT3, STM32G414CCT6, STM32G414CCU3, STM32G414CCU6, STM32G414MBT3, STM32G414MBT6, STM32G414MCT3, STM32G414MCT6, STM32G414RBT3, STM32G414RBT6, STM32G414RCT3, STM32G414RCT6, STM32G414VBT3, STM32G414VBT6, STM32G414VCT3, STM32G414VCT6, STM32G431CBT3Z, STM32G431RBT3Z, STM32G471CCT6, STM32G471CCU6, STM32G471CET3, STM32G471CET6, STM32G471CEU3, STM32G471CEU6, STM32G471MCT6, STM32G471MET3, STM32G471MET6, STM32G471MEY6TR, STM32G471QCT6, STM32G471QET3, STM32G471RCT6, STM32G471RET3, STM32G471RET6, STM32G471VCH6, STM32G471VCI6, STM32G471VCT6, STM32G471VEH3, STM32G471VEH6, STM32G471VEI3, STM32G471VEI6, STM32G471VET3, STM32G471VET6, STM32G473QET3Z, STM32G473RET3Z, STM32G474CCT6, STM32G491RET3Z, STM32H503CBT6, STM32H503CBU6, STM32H503EBY6TR, STM32H503KBU6, STM32H503RBT6, STM32H523CCT6, STM32H523CCU6, STM32H523CET6, STM32H523CEU6, STM32H523HEY6TR, STM32H523RCT6, STM32H523RET6, STM32H523VCI6, STM32H523VCT6, STM32H523VEI6, STM32H523VET6, STM32H523ZCJ6, STM32H523ZCT6, STM32H523ZEJ6, STM32H523ZET6, STM32H533CET6, STM32H533CEU6, STM32H533HEY6TR, STM32H533RET6, STM32H533VEI6, STM32H533VET6, STM32H533ZEJ6, STM32H533ZET6, STM32H562AGI6, STM32H562AII6, STM32H562IGK6, STM32H562IGT6, STM32H562IIK6, STM32H562IIT6, STM32H562RGT6, STM32H562RGV6, STM32H562RIT6, STM32H562RIV6, STM32H562VGT6, STM32H562VIT6, STM32H562ZGT6, STM32H562ZIT6, STM32H563AGI6, STM32H563AII3Q, STM32H563AII6, STM32H563IGK6, STM32H563IGT6, STM32H563IIK3Q, STM32H563IIK6, STM32H563IIT3Q, STM32H563IIT6, STM32H563MIY3QTR, STM32H563RGT6, STM32H563RGV6, STM32H563RIT6, STM32H563RIV6, STM32H563VGT6, STM32H563VIT3Q, STM32H563VIT6, STM32H563ZGT6, STM32H563ZIT3Q, STM32H563ZIT6, STM32H573AII3Q, STM32H573AII6, STM32H573I-DK, STM32H573IIK3Q, STM32H573IIK6, STM32H573IIT3Q, STM32H573IIT6, STM32H573MIY3QTR, STM32H573RIT6, STM32H573RIV6, STM32H573VIT3Q, STM32H573VIT6, STM32H573ZIT3Q, STM32H573ZIT6, STM32H7R3A8I6, STM32H7R3I8K6, STM32H7R3I8T6, STM32H7R3L8H6, STM32H7R3L8H6H, STM32H7R3R8V6, STM32H7R3V8H6, STM32H7R3V8T6, STM32H7R3V8Y6TR, STM32H7R3Z8J6, STM32H7R3Z8T6, STM32H7R7A8I6, STM32H7R7I8K6, STM32H7R7I8T6, STM32H7R7L8H6, STM32H7R7L8H6H, STM32H7R7Z8J6, STM32H7S3A8I6, STM32H7S3I8K6, STM32H7S3I8T6, STM32H7S3L8H6, STM32H7S3L8H6H, STM32H7S3R8V6, STM32H7S3V8H6, STM32H7S3V8T6, STM32H7S3V8Y6TR, STM32H7S3Z8J6, STM32H7S3Z8T6, STM32H7S78-DK, STM32H7S7A8I6, STM32H7S7I8K6, STM32H7S7I8T6, STM32H7S7L8H6, STM32H7S7L8H6H, STM32H7S7Z8J6, STM32L4R5QGI6STR, STM32MP131AAE3, STM32MP131AAF3, STM32MP131AAG3, STM32MP131CAE3, STM32MP131CAF3, STM32MP131CAG3, STM32MP131DAE7, STM32MP131DAF7, STM32MP131DAG7, STM32MP131FAE7, STM32MP131FAF7, STM32MP131FAG7, STM32MP133AAE3, STM32MP133AAF3, STM32MP133AAG3, STM32MP133CAE3, STM32MP133CAF3, STM32MP133CAG3, STM32MP133DAE7, STM32MP133DAF7, STM32MP133DAG7, STM32MP133FAE7, STM32MP133FAF7, STM32MP133FAG7, STM32MP135AAE3, STM32MP135AAF3, STM32MP135AAG3, STM32MP135CAE3, STM32MP135CAF3, STM32MP135CAG3, STM32MP135DAE7, STM32MP135DAF7, STM32MP135DAG7, STM32MP135F-DK, STM32MP135FAE7, STM32MP135FAF7, STM32MP135FAF7T, STM32MP135FAF7U, STM32MP135FAG7, STM32MP231AAJ3, STM32MP231AAK3, STM32MP231AAL3, STM32MP231CAJ3, STM32MP231CAK3, STM32MP231CAL3, STM32MP231DAJ3, STM32MP231DAK3, STM32MP231DAL3, STM32MP231FAJ3, STM32MP231FAK3, STM32MP231FAL3, STM32MP233AAJ3, STM32MP233AAK3, STM32MP233AAL3, STM32MP233CAJ3, STM32MP233CAK3, STM32MP233CAL3, STM32MP233DAJ3, STM32MP233DAK3, STM32MP233DAL3, STM32MP233FAJ3, STM32MP233FAK3, STM32MP233FAL3, STM32MP235AAJ3, STM32MP235AAK3, STM32MP235AAL3, STM32MP235CAJ3, STM32MP235CAK3, STM32MP235CAL3, STM32MP235DAJ3, STM32MP235DAK3, STM32MP235DAL3, STM32MP235FAJ3, STM32MP235FAK3, STM32MP235FAL3, STM32MP251AAI3, STM32MP251AAJ3, STM32MP251AAK3, STM32MP251AAL3, STM32MP251CAI3, STM32MP251CAJ3, STM32MP251CAK3, STM32MP251CAL3, STM32MP251DAI3, STM32MP251DAJ3, STM32MP251DAK3, STM32MP251DAL3, STM32MP251FAI3, STM32MP251FAJ3, STM32MP251FAK3, STM32MP251FAL3, STM32MP253AAI3, STM32MP253AAJ3, STM32MP253AAK3, STM32MP253AAL3, STM32MP253CAI3, STM32MP253CAJ3, STM32MP253CAK3, STM32MP253CAL3, STM32MP253DAI3, STM32MP253DAJ3, STM32MP253DAK3, STM32MP253DAL3, STM32MP253FAI3, STM32MP253FAJ3, STM32MP253FAK3, STM32MP253FAL3, STM32MP255AAI3, STM32MP255AAJ3, STM32MP255AAK3, STM32MP255AAL3, STM32MP255CAI3, STM32MP255CAJ3, STM32MP255CAK3, STM32MP255CAL3, STM32MP255DAI3, STM32MP255DAJ3, STM32MP255DAK3, STM32MP255DAL3, STM32MP255FAI3, STM32MP255FAJ3, STM32MP255FAK3, STM32MP255FAL3, STM32MP257AAI3, STM32MP257AAJ3, STM32MP257AAK3, STM32MP257AAL3, STM32MP257CAI3, STM32MP257CAJ3, STM32MP257CAK3, STM32MP257CAL3, STM32MP257DAI3, STM32MP257DAJ3, STM32MP257DAK3, STM32MP257DAL3, STM32MP257F-DK, STM32MP257F-EV1, STM32MP257FAI3, STM32MP257FAJ3, STM32MP257FAK3, STM32MP257FAL3, STM32N645A0H3Q, STM32N645B0H3Q, STM32N645I0H3Q, STM32N645L0H3Q, STM32N645X0H3Q, STM32N645Z0H3Q, STM32N647A0H3Q, STM32N647B0H3Q, STM32N647I0H3Q, STM32N647L0H3Q, STM32N647X0H3Q, STM32N647Z0H3Q, STM32N655A0H3Q, STM32N655B0H3Q, STM32N655I0H3Q, STM32N655L0H3Q, STM32N655X0H3Q, STM32N655Z0H3Q, STM32N6570-DK, STM32N657A0H3Q, STM32N657B0H3Q, STM32N657I0H3Q, STM32N657L0H3Q, STM32N657X0H3Q, STM32N657Z0H3Q, STM32U031C6T6, STM32U031C6U6, STM32U031C8T6, STM32U031C8U6, STM32U031F4P6, STM32U031F6P6, STM32U031F8P6, STM32U031G6Y6TR, STM32U031G8Y6TR, STM32U031K4U6, STM32U031K6U6, STM32U031K8U6, STM32U031R6I6, STM32U031R6T6, STM32U031R8I6, STM32U031R8T6, STM32U073C8T6, STM32U073C8U6, STM32U073CBT6, STM32U073CBU6, STM32U073CCT6, STM32U073CCU6, STM32U073H8Y6TR, STM32U073HBY6TR, STM32U073HCY6TR, STM32U073K8U6, STM32U073KBU6, STM32U073KCU6, STM32U073M8I6, STM32U073M8T6, STM32U073MBI6, STM32U073MBT6, STM32U073MCI6, STM32U073MCT6, STM32U073R8I6, STM32U073R8T6, STM32U073RBI6, STM32U073RBT6, STM32U073RCI6, STM32U073RCT6, STM32U083C-DK, STM32U083CCT6, STM32U083CCU6, STM32U083HCY6TR, STM32U083KCU6, STM32U083MCI6, STM32U083MCT6, STM32U083RCI6, STM32U083RCT6, STM32U375CET6, STM32U375CET6Q, STM32U375CEU6, STM32U375CEU6Q, STM32U375CEY6QTR, STM32U375CGT6, STM32U375CGT6Q, STM32U375CGU6, STM32U375CGU6Q, STM32U375CGY6QTR, STM32U375KEU6, STM32U375KGU6, STM32U375REI6, STM32U375REI6Q, STM32U375RET6, STM32U375RET6Q, STM32U375REY6GTR, STM32U375REY6QTR, STM32U375RGI6, STM32U375RGI6Q, STM32U375RGT6, STM32U375RGT6Q, STM32U375RGY6GTR, STM32U375RGY6QTR, STM32U375VEI6, STM32U375VEI6Q, STM32U375VET6, STM32U375VET6Q, STM32U375VGI6, STM32U375VGI6Q, STM32U375VGT6, STM32U375VGT6Q, STM32U385CGT6, STM32U385CGT6Q, STM32U385CGU6, STM32U385CGU6Q, STM32U385CGY6QTR, STM32U385KGU6, STM32U385RGI6, STM32U385RGI6Q, STM32U385RGT6, STM32U385RGT6Q, STM32U385RGY6GTR, STM32U385RGY6QTR, STM32U385VGI6, STM32U385VGI6Q, STM32U385VGT6, STM32U385VGT6Q, STM32U535CBT6, STM32U535CBT6Q, STM32U535CBU6, STM32U535CBU6Q, STM32U535CCT6, STM32U535CCT6Q, STM32U535CCU6, STM32U535CCU6Q, STM32U535CET6, STM32U535CET6Q, STM32U535CEU6, STM32U535CEU6Q, STM32U535JEY6QTR, STM32U535NCY6QTR, STM32U535NEY6QTR, STM32U535RBI6, STM32U535RBI6Q, STM32U535RBT6, STM32U535RBT6Q, STM32U535RCI6, STM32U535RCI6Q, STM32U535RCT6, STM32U535RCT6Q, STM32U535REI6, STM32U535REI6Q, STM32U535RET6, STM32U535RET6Q, STM32U535VCI6, STM32U535VCI6Q, STM32U535VCT6, STM32U535VCT6Q, STM32U535VEI6, STM32U535VEI6Q, STM32U535VET6, STM32U535VET6Q, STM32U545CET6, STM32U545CET6Q, STM32U545CEU6, STM32U545CEU6Q, STM32U545JEY6QTR, STM32U545NEY6QTR, STM32U545REI6, STM32U545REI6Q, STM32U545RET6, STM32U545RET6Q, STM32U545VEI6, STM32U545VEI6Q, STM32U545VET6, STM32U545VET6Q, STM32U595AIH6, STM32U595AIH6Q, STM32U595AJH6, STM32U595AJH6Q, STM32U595QII6, STM32U595QII6Q, STM32U595QJI6, STM32U595QJI6Q, STM32U595RIT6, STM32U595RIT6Q, STM32U595RJT6, STM32U595RJT6Q, STM32U595VIT6, STM32U595VIT6Q, STM32U595VJT6, STM32U595VJT6Q, STM32U595ZIT6, STM32U595ZIT6Q, STM32U595ZIY6QTR, STM32U595ZJT6, STM32U595ZJT6Q, STM32U595ZJY6QTR, STM32U599BJY6QTR, STM32U599NIH6Q, STM32U599NJH6Q, STM32U599VIT6Q, STM32U599VJT6, STM32U599VJT6Q, STM32U599ZIT6Q, STM32U599ZIY6QTR, STM32U599ZJT6Q, STM32U599ZJY6QTR, STM32U5A5AJH6, STM32U5A5AJH6Q, STM32U5A5QII3Q , STM32U5A5QJI6, STM32U5A5QJI6Q, STM32U5A5RJT6, STM32U5A5RJT6Q, STM32U5A5VJT6, STM32U5A5VJT6Q, STM32U5A5ZJT6, STM32U5A5ZJT6Q, STM32U5A5ZJY6QTR, STM32U5A9BJY6QTR, STM32U5A9J-DK, STM32U5A9NJH6Q, STM32U5A9VJT6Q, STM32U5A9ZJT6Q, STM32U5A9ZJY6QTR, STM32U5F7VIT6, STM32U5F7VIT6Q, STM32U5F7VJT6, STM32U5F7VJT6Q, STM32U5F9BJY6QTR, STM32U5F9NJH6Q, STM32U5F9VIT6Q, STM32U5F9VJT6Q, STM32U5F9ZIJ6QTR, STM32U5F9ZIT6Q, STM32U5F9ZJJ6QTR, STM32U5F9ZJT6Q, STM32U5G7VJT6, STM32U5G7VJT6Q, STM32U5G9BJY6QTR, STM32U5G9J-DK1, STM32U5G9J-DK2, STM32U5G9NJH6Q, STM32U5G9VJT6Q, STM32U5G9ZJJ6QTR, STM32U5G9ZJT6Q, STM32WB05KZV6TR, STM32WB05KZV7TR, STM32WB05TZF6TR, STM32WB05TZF7TR, STM32WB06CCF6TR, STM32WB06CCF7TR, STM32WB06CCV6TR, STM32WB06CCV7TR, STM32WB06KCV6TR, STM32WB06KCV7TR, STM32WB07CCF6TR, STM32WB07CCF7TR, STM32WB07CCV6TR, STM32WB07CCV7TR, STM32WB07KCV6TR, STM32WB07KCV7TR, STM32WB09KEV6TR, STM32WB09KEV7TR, STM32WB09TEF6TR, STM32WB09TEF7TR, STM32WB1MMCH6, STM32WBA50KGU6, STM32WBA50KGU6TR, STM32WBA52CEU6, STM32WBA52CEU6TR, STM32WBA52CEU7, STM32WBA52CEU7TR, STM32WBA52CGU6, STM32WBA52CGU6TR, STM32WBA52CGU6U, STM32WBA52CGU7, STM32WBA52CGU7TR, STM32WBA52KEU6, STM32WBA52KEU6TR, STM32WBA52KGU6, STM32WBA52KGU6TR, STM32WBA54CEU6, STM32WBA54CEU6TR, STM32WBA54CEU7, STM32WBA54CEU7TR, STM32WBA54CGU6, STM32WBA54CGU6TR, STM32WBA54CGU7, STM32WBA54CGU7TR, STM32WBA54KEU6, STM32WBA54KEU6TR, STM32WBA54KEU7, STM32WBA54KEU7TR, STM32WBA54KGU6, STM32WBA54KGU6TR, STM32WBA54KGU7, STM32WBA54KGU7TR, STM32WBA55CEU6, STM32WBA55CEU6TR, STM32WBA55CEU7, STM32WBA55CEU7TR, STM32WBA55CGU6, STM32WBA55CGU6TR, STM32WBA55CGU6U, STM32WBA55CGU7, STM32WBA55CGU7TR, STM32WBA55G-DK1, STM32WBA55HEF6, STM32WBA55HEF7, STM32WBA55HGF6, STM32WBA55HGF7, STM32WBA55UEI6, STM32WBA55UEI6TR, STM32WBA55UEI7, STM32WBA55UEI7TR, STM32WBA55UGI6, STM32WBA55UGI6TR, STM32WBA55UGI7, STM32WBA55UGI7TR, STM32WBA5MJGH6TR, STM32WBA62CGU6, STM32WBA62CIU6, STM32WBA62MGF6, STM32WBA62MIF6, STM32WBA62PGI6, STM32WBA62PII6, STM32WBA63CGU6, STM32WBA63CGU7, STM32WBA63CIU6, STM32WBA63CIU7, STM32WBA64CGU6, STM32WBA64CGU7, STM32WBA64CIU6, STM32WBA64CIU7, STM32WBA65CGU6, STM32WBA65CGU7, STM32WBA65CIU6, STM32WBA65CIU7, STM32WBA65I-DK1, STM32WBA65MGF6, STM32WBA65MGF7, STM32WBA65MIF6, STM32WBA65MIF7, STM32WBA65PGI6, STM32WBA65PGI7, STM32WBA65PII6, STM32WBA65PII7, STM32WBA65RGV6, STM32WBA65RGV7, STM32WBA65RIV6, STM32WBA65RIV7, STM32WL30K8V6, STM32WL30KBV6, STM32WL31C8V6, STM32WL31CBV6, STM32WL31K8V6, STM32WL31KBV6, STM32WL33C8V6, STM32WL33C8V6TR, STM32WL33C8V7, STM32WL33C8V7TR, STM32WL33CBV6, STM32WL33CBV6TR, STM32WL33CBV7, STM32WL33CBV7TR, STM32WL33CCV6, STM32WL33CCV6TR, STM32WL33CCV7, STM32WL33CCV7A, STM32WL33CCV7ATR, STM32WL33CCV7TR, STM32WL33K8V6, STM32WL33K8V6TR, STM32WL33K8V7, STM32WL33K8V7TR, STM32WL33KBV6, STM32WL33KBV6TR, STM32WL33KBV7, STM32WL33KBV7TR, STM32WL33KCV6, STM32WL33KCV6TR, STM32WL33KCV7, STM32WL33KCV7TR, STM32WL5MOCH6, STM32WL5MOCH6TR]
2026-04-01 21:24:06,620 [INFO] DbMcus:218 - Found 5051 MCUs, 4964 are supported
2026-04-01 21:24:06,621 [INFO] ApiDb:423 - Load user favorites file /home/vatcraft/.stm32cubeide/favorites.mcus.txt: 0 item(s)
2026-04-01 21:24:06,621 [INFO] ApiDb:427 - User favorites MCUs=[]
2026-04-01 21:24:06,621 [INFO] DbMcus:224 - Set 0 / 0 favorites MCUs
2026-04-01 21:24:07,996 [INFO] ApiDb:448 - Save user favorites file /home/vatcraft/.stm32cubeide/favorites.boards.txt: 0 item(s)
2026-04-01 21:24:07,996 [INFO] ApiDb:452 - User favorites Boards=[]
2026-04-01 21:24:07,998 [INFO] ApiDb:581 - Connected to CubeFinder SQLite database (/home/vatcraft/.stmcufinder/plugins/mcufinder/mcu/cube-finder-db.db)
2026-04-01 21:24:08,080 [INFO] ApiDb:668 - CubeFinder database Data Model version=2.1
2026-04-01 21:24:08,080 [INFO] ApiDb:669 - CubeFinder database Configuration version=3.0.42
2026-04-01 21:24:08,080 [INFO] ApiDb:670 - CubeFinder database generation date=2026-03-11 (1773229989)
2026-04-01 21:24:08,080 [INFO] ApiDb:671 - CubeFinder database FW Pack versions=[FP-ATR-ASTRA1_V2.0.0, FP-SNS-FLIGHT1_V5.1.0, FP-SNS-MOTENV1_V5.1.0, FP-SNS-MOTENVWB1_V1.5.0, FP-SNS-SMARTAG2_V1.2.0, FP-SNS-STBOX1_V2.1.0, STM32Cube_FW_C0_V1.4.0, STM32Cube_FW_F4_V1.28.3, STM32Cube_FW_F7_V1.17.4, STM32Cube_FW_G0_V1.6.3, STM32Cube_FW_G4_V1.6.2, STM32Cube_FW_H5_V1.6.0, STM32Cube_FW_H7RS_V1.3.0, STM32Cube_FW_H7_V1.13.0, STM32Cube_FW_L0_V1.12.2, STM32Cube_FW_L4_V1.18.2, STM32Cube_FW_L5_V1.6.0, STM32Cube_FW_N6_V1.3.0, STM32Cube_FW_U0_V1.3.0, STM32Cube_FW_U3_V1.3.0, STM32Cube_FW_U5_V1.8.0, STM32Cube_FW_WB0_V1.4.0, STM32Cube_FW_WBA_V1.9.0, STM32Cube_FW_WB_V1.24.0, STM32Cube_FW_WL3_V1.4.0, STM32Cube_FW_WL_V1.5.0, X-CUBE-ALGOBUILD_V1.4.0, X-CUBE-ALS_V1.0.2, X-CUBE-AZRTOS-F4_V1.1.0, X-CUBE-AZRTOS-F7_V1.1.0, X-CUBE-AZRTOS-G0_V1.1.0, X-CUBE-AZRTOS-G4_V2.0.0, X-CUBE-AZRTOS-H7RS_V1.1.0, X-CUBE-AZRTOS-H7_V3.4.0, X-CUBE-AZRTOS-L4_V2.0.0, X-CUBE-AZRTOS-L5_V2.0.0, X-CUBE-AZRTOS-WB_V2.0.0, X-CUBE-AZRTOS-WL_V2.0.0, X-CUBE-BLE1_V7.1.0, X-CUBE-BLE2_V3.3.0, X-CUBE-BLEMGR_V4.1.0, X-CUBE-EEPRMA1_V5.2.0, X-CUBE-FREERTOS_V1.5.0, X-CUBE-GNSS1_V6.0.0, X-CUBE-MEMS1_V12.0.0, X-CUBE-NFC4_V3.0.0, X-CUBE-NFC7_V2.0.0, X-CUBE-SFXS2LP1_V4.0.0, X-CUBE-ST67W61_V1.2.0, X-CUBE-SUBG2_V5.0.0, X-CUBE-TOF1_V3.4.3]
2026-04-01 21:24:08,158 [INFO] DbBoardsSqlite:226 - include board P-NUCLEO-WB55-NUCLEO as a kit item of type 'Nucleo-64'
2026-04-01 21:24:08,158 [INFO] DbBoardsSqlite:226 - include board P-NUCLEO-WB55-USBDONGLE as a kit item of type 'Nucleo USB Dongle'
2026-04-01 21:24:08,158 [INFO] DbBoardsSqlite:226 - include board STEVAL-IDP005V1 as a kit item of type 'Evaluation Board'
2026-04-01 21:24:08,159 [INFO] DbBoardsSqlite:226 - include board STEVAL-IDP005V2 as a kit item of type 'Evaluation Board'
2026-04-01 21:24:08,224 [INFO] ApiDb:240 - Found 895 in-development CPN: [B-G473E-ZEST1S, B-WB1M-WPAN1, B-WBA5M-WPAN, B-WL5M-SUBG1, NUCLEO-C031C6, NUCLEO-C051C8, NUCLEO-C071RB, NUCLEO-C092RC, NUCLEO-H503RB, NUCLEO-H533RE, NUCLEO-H563ZI, NUCLEO-H7S3L8, NUCLEO-N657X0-Q, NUCLEO-U031R8, NUCLEO-U083RC, NUCLEO-U385RG-Q, NUCLEO-U545RE-Q, NUCLEO-U5A5ZJ-Q, NUCLEO-WB05KZ, NUCLEO-WB07CC, NUCLEO-WB09KE, NUCLEO-WBA52CG, NUCLEO-WBA55CG, NUCLEO-WBA65RI, NUCLEO-WL33CC1, NUCLEO-WL33CC2, STEVAL-PROTEUS1, STEVAL-SMARTAG2, STEVAL-STWINBX1, STM320518-EVAL, STM32C0116-DK, STM32C011D6Y3TR, STM32C011D6Y6TR, STM32C011F4P3, STM32C011F4P6, STM32C011F4U3, STM32C011F4U6TR, STM32C011F6P3, STM32C011F6P6, STM32C011F6U3, STM32C011F6U6TR, STM32C011J4M3, STM32C011J4M6, STM32C011J6M3, STM32C011J6M6, STM32C0316-DK, STM32C031C4T3, STM32C031C4T6, STM32C031C4U3, STM32C031C4U6, STM32C031C6T3, STM32C031C6T6, STM32C031C6U3, STM32C031C6U6, STM32C031F4P3, STM32C031F4P6, STM32C031F6P3, STM32C031F6P6, STM32C031G4U3, STM32C031G4U6, STM32C031G6U3, STM32C031G6U6, STM32C031K4T3, STM32C031K4T6, STM32C031K4U3, STM32C031K4U6, STM32C031K6T3, STM32C031K6T6, STM32C031K6U3, STM32C031K6U6, STM32C051C6T6, STM32C051C6U6, STM32C051C8T6, STM32C051C8U6, STM32C051D8Y6TR, STM32C051F6P6, STM32C051F8P6, STM32C051G6U6, STM32C051G8U6, STM32C051K6T6, STM32C051K6U6, STM32C051K8T6, STM32C071C8T6, STM32C071C8T6N, STM32C071C8U6, STM32C071C8U6N, STM32C071CBT6, STM32C071CBT6N, STM32C071CBU6, STM32C071CBU6N, STM32C071F8P6, STM32C071F8P6N, STM32C071FBP6, STM32C071FBP6N, STM32C071FBY6TR, STM32C071G8U6, STM32C071G8U6N, STM32C071GBU6, STM32C071GBU6N, STM32C071K8T6, STM32C071K8T6N, STM32C071K8U6, STM32C071K8U6N, STM32C071KBT6, STM32C071KBT6N, STM32C071KBU6, STM32C071KBU6N, STM32C071R8T6, STM32C071R8T6N, STM32C071RBI6N, STM32C071RBT6, STM32C071RBT6N, STM32C091CBT6, STM32C091CBU6, STM32C091CCT6, STM32C091CCU6, STM32C091ECY6TR, STM32C091FBP6, STM32C091FCP6, STM32C091GBU6, STM32C091GCU6, STM32C091KBT6, STM32C091KBU6, STM32C091KCT6, STM32C091KCU6, STM32C091RBT6, STM32C091RCI6, STM32C091RCT6, STM32C092CBT6, STM32C092CBU6, STM32C092CCT6, STM32C092CCU6, STM32C092ECY6TR, STM32C092FBP6, STM32C092FCP6, STM32C092GBU6, STM32C092GCU6, STM32C092KBT6, STM32C092KBU6, STM32C092KCT6, STM32C092KCU6, STM32C092RBT6, STM32C092RCI6, STM32C092RCT6, STM32G071K8TXN, STM32G071K8UXN, STM32G081GBU6N, STM32G081KBT6N, STM32G081KBUXN, STM32G0B1CCT6N, STM32G0B1KCT6, STM32G0B1NEY6TR, STM32G0B1RCT6N, STM32G0C1CCT6, STM32G0C1CCT6N, STM32G0C1CCU6N, STM32G0C1CET6N, STM32G0C1CEU6N, STM32G0C1KCT6, STM32G0C1NEY6TR, STM32G0C1RCI6N, STM32G0C1RCT6N, STM32G0C1REI6N, STM32G0C1RET6N, STM32G0C1VCI6, STM32G0C1VEI6, STM32G411C6T3, STM32G411C6T6, STM32G411C6U3, STM32G411C6U6, STM32G411C8T3, STM32G411C8T6, STM32G411C8U3, STM32G411C8U6, STM32G411CBT3, STM32G411CBT6, STM32G411CBU3, STM32G411CBU6, STM32G411CCT3, STM32G411CCT6, STM32G411CCU3, STM32G411CCU6, STM32G411K6T3, STM32G411K6T6, STM32G411K6U3, STM32G411K6U6, STM32G411K8T3, STM32G411K8T6, STM32G411K8U3, STM32G411K8U6, STM32G411KBT3, STM32G411KBT6, STM32G411KBU3, STM32G411KBU6, STM32G411M6T3, STM32G411M6T6, STM32G411M8T3, STM32G411M8T6, STM32G411MBT3, STM32G411MBT6, STM32G411MCT3, STM32G411MCT6, STM32G411R6T3, STM32G411R6T6, STM32G411R8T3, STM32G411R8T6, STM32G411RBT3, STM32G411RBT6, STM32G411RCT3, STM32G411RCT6, STM32G414CBT3, STM32G414CBT6, STM32G414CBU3, STM32G414CBU6, STM32G414CCT3, STM32G414CCT6, STM32G414CCU3, STM32G414CCU6, STM32G414MBT3, STM32G414MBT6, STM32G414MCT3, STM32G414MCT6, STM32G414RBT3, STM32G414RBT6, STM32G414RCT3, STM32G414RCT6, STM32G414VBT3, STM32G414VBT6, STM32G414VCT3, STM32G414VCT6, STM32G431CBT3Z, STM32G431RBT3Z, STM32G471CCT6, STM32G471CCU6, STM32G471CET3, STM32G471CET6, STM32G471CEU3, STM32G471CEU6, STM32G471MCT6, STM32G471MET3, STM32G471MET6, STM32G471MEY6TR, STM32G471QCT6, STM32G471QET3, STM32G471RCT6, STM32G471RET3, STM32G471RET6, STM32G471VCH6, STM32G471VCI6, STM32G471VCT6, STM32G471VEH3, STM32G471VEH6, STM32G471VEI3, STM32G471VEI6, STM32G471VET3, STM32G471VET6, STM32G473QET3Z, STM32G473RET3Z, STM32G474CCT6, STM32G491RET3Z, STM32H503CBT6, STM32H503CBU6, STM32H503EBY6TR, STM32H503KBU6, STM32H503RBT6, STM32H523CCT6, STM32H523CCU6, STM32H523CET6, STM32H523CEU6, STM32H523HEY6TR, STM32H523RCT6, STM32H523RET6, STM32H523VCI6, STM32H523VCT6, STM32H523VEI6, STM32H523VET6, STM32H523ZCJ6, STM32H523ZCT6, STM32H523ZEJ6, STM32H523ZET6, STM32H533CET6, STM32H533CEU6, STM32H533HEY6TR, STM32H533RET6, STM32H533VEI6, STM32H533VET6, STM32H533ZEJ6, STM32H533ZET6, STM32H562AGI6, STM32H562AII6, STM32H562IGK6, STM32H562IGT6, STM32H562IIK6, STM32H562IIT6, STM32H562RGT6, STM32H562RGV6, STM32H562RIT6, STM32H562RIV6, STM32H562VGT6, STM32H562VIT6, STM32H562ZGT6, STM32H562ZIT6, STM32H563AGI6, STM32H563AII3Q, STM32H563AII6, STM32H563IGK6, STM32H563IGT6, STM32H563IIK3Q, STM32H563IIK6, STM32H563IIT3Q, STM32H563IIT6, STM32H563MIY3QTR, STM32H563RGT6, STM32H563RGV6, STM32H563RIT6, STM32H563RIV6, STM32H563VGT6, STM32H563VIT3Q, STM32H563VIT6, STM32H563ZGT6, STM32H563ZIT3Q, STM32H563ZIT6, STM32H573AII3Q, STM32H573AII6, STM32H573I-DK, STM32H573IIK3Q, STM32H573IIK6, STM32H573IIT3Q, STM32H573IIT6, STM32H573MIY3QTR, STM32H573RIT6, STM32H573RIV6, STM32H573VIT3Q, STM32H573VIT6, STM32H573ZIT3Q, STM32H573ZIT6, STM32H7R3A8I6, STM32H7R3I8K6, STM32H7R3I8T6, STM32H7R3L8H6, STM32H7R3L8H6H, STM32H7R3R8V6, STM32H7R3V8H6, STM32H7R3V8T6, STM32H7R3V8Y6TR, STM32H7R3Z8J6, STM32H7R3Z8T6, STM32H7R7A8I6, STM32H7R7I8K6, STM32H7R7I8T6, STM32H7R7L8H6, STM32H7R7L8H6H, STM32H7R7Z8J6, STM32H7S3A8I6, STM32H7S3I8K6, STM32H7S3I8T6, STM32H7S3L8H6, STM32H7S3L8H6H, STM32H7S3R8V6, STM32H7S3V8H6, STM32H7S3V8T6, STM32H7S3V8Y6TR, STM32H7S3Z8J6, STM32H7S3Z8T6, STM32H7S78-DK, STM32H7S7A8I6, STM32H7S7I8K6, STM32H7S7I8T6, STM32H7S7L8H6, STM32H7S7L8H6H, STM32H7S7Z8J6, STM32L4R5QGI6STR, STM32MP131AAE3, STM32MP131AAF3, STM32MP131AAG3, STM32MP131CAE3, STM32MP131CAF3, STM32MP131CAG3, STM32MP131DAE7, STM32MP131DAF7, STM32MP131DAG7, STM32MP131FAE7, STM32MP131FAF7, STM32MP131FAG7, STM32MP133AAE3, STM32MP133AAF3, STM32MP133AAG3, STM32MP133CAE3, STM32MP133CAF3, STM32MP133CAG3, STM32MP133DAE7, STM32MP133DAF7, STM32MP133DAG7, STM32MP133FAE7, STM32MP133FAF7, STM32MP133FAG7, STM32MP135AAE3, STM32MP135AAF3, STM32MP135AAG3, STM32MP135CAE3, STM32MP135CAF3, STM32MP135CAG3, STM32MP135DAE7, STM32MP135DAF7, STM32MP135DAG7, STM32MP135F-DK, STM32MP135FAE7, STM32MP135FAF7, STM32MP135FAF7T, STM32MP135FAF7U, STM32MP135FAG7, STM32MP231AAJ3, STM32MP231AAK3, STM32MP231AAL3, STM32MP231CAJ3, STM32MP231CAK3, STM32MP231CAL3, STM32MP231DAJ3, STM32MP231DAK3, STM32MP231DAL3, STM32MP231FAJ3, STM32MP231FAK3, STM32MP231FAL3, STM32MP233AAJ3, STM32MP233AAK3, STM32MP233AAL3, STM32MP233CAJ3, STM32MP233CAK3, STM32MP233CAL3, STM32MP233DAJ3, STM32MP233DAK3, STM32MP233DAL3, STM32MP233FAJ3, STM32MP233FAK3, STM32MP233FAL3, STM32MP235AAJ3, STM32MP235AAK3, STM32MP235AAL3, STM32MP235CAJ3, STM32MP235CAK3, STM32MP235CAL3, STM32MP235DAJ3, STM32MP235DAK3, STM32MP235DAL3, STM32MP235FAJ3, STM32MP235FAK3, STM32MP235FAL3, STM32MP251AAI3, STM32MP251AAJ3, STM32MP251AAK3, STM32MP251AAL3, STM32MP251CAI3, STM32MP251CAJ3, STM32MP251CAK3, STM32MP251CAL3, STM32MP251DAI3, STM32MP251DAJ3, STM32MP251DAK3, STM32MP251DAL3, STM32MP251FAI3, STM32MP251FAJ3, STM32MP251FAK3, STM32MP251FAL3, STM32MP253AAI3, STM32MP253AAJ3, STM32MP253AAK3, STM32MP253AAL3, STM32MP253CAI3, STM32MP253CAJ3, STM32MP253CAK3, STM32MP253CAL3, STM32MP253DAI3, STM32MP253DAJ3, STM32MP253DAK3, STM32MP253DAL3, STM32MP253FAI3, STM32MP253FAJ3, STM32MP253FAK3, STM32MP253FAL3, STM32MP255AAI3, STM32MP255AAJ3, STM32MP255AAK3, STM32MP255AAL3, STM32MP255CAI3, STM32MP255CAJ3, STM32MP255CAK3, STM32MP255CAL3, STM32MP255DAI3, STM32MP255DAJ3, STM32MP255DAK3, STM32MP255DAL3, STM32MP255FAI3, STM32MP255FAJ3, STM32MP255FAK3, STM32MP255FAL3, STM32MP257AAI3, STM32MP257AAJ3, STM32MP257AAK3, STM32MP257AAL3, STM32MP257CAI3, STM32MP257CAJ3, STM32MP257CAK3, STM32MP257CAL3, STM32MP257DAI3, STM32MP257DAJ3, STM32MP257DAK3, STM32MP257DAL3, STM32MP257F-DK, STM32MP257F-EV1, STM32MP257FAI3, STM32MP257FAJ3, STM32MP257FAK3, STM32MP257FAL3, STM32N645A0H3Q, STM32N645B0H3Q, STM32N645I0H3Q, STM32N645L0H3Q, STM32N645X0H3Q, STM32N645Z0H3Q, STM32N647A0H3Q, STM32N647B0H3Q, STM32N647I0H3Q, STM32N647L0H3Q, STM32N647X0H3Q, STM32N647Z0H3Q, STM32N655A0H3Q, STM32N655B0H3Q, STM32N655I0H3Q, STM32N655L0H3Q, STM32N655X0H3Q, STM32N655Z0H3Q, STM32N6570-DK, STM32N657A0H3Q, STM32N657B0H3Q, STM32N657I0H3Q, STM32N657L0H3Q, STM32N657X0H3Q, STM32N657Z0H3Q, STM32U031C6T6, STM32U031C6U6, STM32U031C8T6, STM32U031C8U6, STM32U031F4P6, STM32U031F6P6, STM32U031F8P6, STM32U031G6Y6TR, STM32U031G8Y6TR, STM32U031K4U6, STM32U031K6U6, STM32U031K8U6, STM32U031R6I6, STM32U031R6T6, STM32U031R8I6, STM32U031R8T6, STM32U073C8T6, STM32U073C8U6, STM32U073CBT6, STM32U073CBU6, STM32U073CCT6, STM32U073CCU6, STM32U073H8Y6TR, STM32U073HBY6TR, STM32U073HCY6TR, STM32U073K8U6, STM32U073KBU6, STM32U073KCU6, STM32U073M8I6, STM32U073M8T6, STM32U073MBI6, STM32U073MBT6, STM32U073MCI6, STM32U073MCT6, STM32U073R8I6, STM32U073R8T6, STM32U073RBI6, STM32U073RBT6, STM32U073RCI6, STM32U073RCT6, STM32U083C-DK, STM32U083CCT6, STM32U083CCU6, STM32U083HCY6TR, STM32U083KCU6, STM32U083MCI6, STM32U083MCT6, STM32U083RCI6, STM32U083RCT6, STM32U375CET6, STM32U375CET6Q, STM32U375CEU6, STM32U375CEU6Q, STM32U375CEY6QTR, STM32U375CGT6, STM32U375CGT6Q, STM32U375CGU6, STM32U375CGU6Q, STM32U375CGY6QTR, STM32U375KEU6, STM32U375KGU6, STM32U375REI6, STM32U375REI6Q, STM32U375RET6, STM32U375RET6Q, STM32U375REY6GTR, STM32U375REY6QTR, STM32U375RGI6, STM32U375RGI6Q, STM32U375RGT6, STM32U375RGT6Q, STM32U375RGY6GTR, STM32U375RGY6QTR, STM32U375VEI6, STM32U375VEI6Q, STM32U375VET6, STM32U375VET6Q, STM32U375VGI6, STM32U375VGI6Q, STM32U375VGT6, STM32U375VGT6Q, STM32U385CGT6, STM32U385CGT6Q, STM32U385CGU6, STM32U385CGU6Q, STM32U385CGY6QTR, STM32U385KGU6, STM32U385RGI6, STM32U385RGI6Q, STM32U385RGT6, STM32U385RGT6Q, STM32U385RGY6GTR, STM32U385RGY6QTR, STM32U385VGI6, STM32U385VGI6Q, STM32U385VGT6, STM32U385VGT6Q, STM32U535CBT6, STM32U535CBT6Q, STM32U535CBU6, STM32U535CBU6Q, STM32U535CCT6, STM32U535CCT6Q, STM32U535CCU6, STM32U535CCU6Q, STM32U535CET6, STM32U535CET6Q, STM32U535CEU6, STM32U535CEU6Q, STM32U535JEY6QTR, STM32U535NCY6QTR, STM32U535NEY6QTR, STM32U535RBI6, STM32U535RBI6Q, STM32U535RBT6, STM32U535RBT6Q, STM32U535RCI6, STM32U535RCI6Q, STM32U535RCT6, STM32U535RCT6Q, STM32U535REI6, STM32U535REI6Q, STM32U535RET6, STM32U535RET6Q, STM32U535VCI6, STM32U535VCI6Q, STM32U535VCT6, STM32U535VCT6Q, STM32U535VEI6, STM32U535VEI6Q, STM32U535VET6, STM32U535VET6Q, STM32U545CET6, STM32U545CET6Q, STM32U545CEU6, STM32U545CEU6Q, STM32U545JEY6QTR, STM32U545NEY6QTR, STM32U545REI6, STM32U545REI6Q, STM32U545RET6, STM32U545RET6Q, STM32U545VEI6, STM32U545VEI6Q, STM32U545VET6, STM32U545VET6Q, STM32U595AIH6, STM32U595AIH6Q, STM32U595AJH6, STM32U595AJH6Q, STM32U595QII6, STM32U595QII6Q, STM32U595QJI6, STM32U595QJI6Q, STM32U595RIT6, STM32U595RIT6Q, STM32U595RJT6, STM32U595RJT6Q, STM32U595VIT6, STM32U595VIT6Q, STM32U595VJT6, STM32U595VJT6Q, STM32U595ZIT6, STM32U595ZIT6Q, STM32U595ZIY6QTR, STM32U595ZJT6, STM32U595ZJT6Q, STM32U595ZJY6QTR, STM32U599BJY6QTR, STM32U599NIH6Q, STM32U599NJH6Q, STM32U599VIT6Q, STM32U599VJT6, STM32U599VJT6Q, STM32U599ZIT6Q, STM32U599ZIY6QTR, STM32U599ZJT6Q, STM32U599ZJY6QTR, STM32U5A5AJH6, STM32U5A5AJH6Q, STM32U5A5QII3Q , STM32U5A5QJI6, STM32U5A5QJI6Q, STM32U5A5RJT6, STM32U5A5RJT6Q, STM32U5A5VJT6, STM32U5A5VJT6Q, STM32U5A5ZJT6, STM32U5A5ZJT6Q, STM32U5A5ZJY6QTR, STM32U5A9BJY6QTR, STM32U5A9J-DK, STM32U5A9NJH6Q, STM32U5A9VJT6Q, STM32U5A9ZJT6Q, STM32U5A9ZJY6QTR, STM32U5F7VIT6, STM32U5F7VIT6Q, STM32U5F7VJT6, STM32U5F7VJT6Q, STM32U5F9BJY6QTR, STM32U5F9NJH6Q, STM32U5F9VIT6Q, STM32U5F9VJT6Q, STM32U5F9ZIJ6QTR, STM32U5F9ZIT6Q, STM32U5F9ZJJ6QTR, STM32U5F9ZJT6Q, STM32U5G7VJT6, STM32U5G7VJT6Q, STM32U5G9BJY6QTR, STM32U5G9J-DK1, STM32U5G9J-DK2, STM32U5G9NJH6Q, STM32U5G9VJT6Q, STM32U5G9ZJJ6QTR, STM32U5G9ZJT6Q, STM32WB05KZV6TR, STM32WB05KZV7TR, STM32WB05TZF6TR, STM32WB05TZF7TR, STM32WB06CCF6TR, STM32WB06CCF7TR, STM32WB06CCV6TR, STM32WB06CCV7TR, STM32WB06KCV6TR, STM32WB06KCV7TR, STM32WB07CCF6TR, STM32WB07CCF7TR, STM32WB07CCV6TR, STM32WB07CCV7TR, STM32WB07KCV6TR, STM32WB07KCV7TR, STM32WB09KEV6TR, STM32WB09KEV7TR, STM32WB09TEF6TR, STM32WB09TEF7TR, STM32WB1MMCH6, STM32WBA50KGU6, STM32WBA50KGU6TR, STM32WBA52CEU6, STM32WBA52CEU6TR, STM32WBA52CEU7, STM32WBA52CEU7TR, STM32WBA52CGU6, STM32WBA52CGU6TR, STM32WBA52CGU6U, STM32WBA52CGU7, STM32WBA52CGU7TR, STM32WBA52KEU6, STM32WBA52KEU6TR, STM32WBA52KGU6, STM32WBA52KGU6TR, STM32WBA54CEU6, STM32WBA54CEU6TR, STM32WBA54CEU7, STM32WBA54CEU7TR, STM32WBA54CGU6, STM32WBA54CGU6TR, STM32WBA54CGU7, STM32WBA54CGU7TR, STM32WBA54KEU6, STM32WBA54KEU6TR, STM32WBA54KEU7, STM32WBA54KEU7TR, STM32WBA54KGU6, STM32WBA54KGU6TR, STM32WBA54KGU7, STM32WBA54KGU7TR, STM32WBA55CEU6, STM32WBA55CEU6TR, STM32WBA55CEU7, STM32WBA55CEU7TR, STM32WBA55CGU6, STM32WBA55CGU6TR, STM32WBA55CGU6U, STM32WBA55CGU7, STM32WBA55CGU7TR, STM32WBA55G-DK1, STM32WBA55HEF6, STM32WBA55HEF7, STM32WBA55HGF6, STM32WBA55HGF7, STM32WBA55UEI6, STM32WBA55UEI6TR, STM32WBA55UEI7, STM32WBA55UEI7TR, STM32WBA55UGI6, STM32WBA55UGI6TR, STM32WBA55UGI7, STM32WBA55UGI7TR, STM32WBA5MJGH6TR, STM32WBA62CGU6, STM32WBA62CIU6, STM32WBA62MGF6, STM32WBA62MIF6, STM32WBA62PGI6, STM32WBA62PII6, STM32WBA63CGU6, STM32WBA63CGU7, STM32WBA63CIU6, STM32WBA63CIU7, STM32WBA64CGU6, STM32WBA64CGU7, STM32WBA64CIU6, STM32WBA64CIU7, STM32WBA65CGU6, STM32WBA65CGU7, STM32WBA65CIU6, STM32WBA65CIU7, STM32WBA65I-DK1, STM32WBA65MGF6, STM32WBA65MGF7, STM32WBA65MIF6, STM32WBA65MIF7, STM32WBA65PGI6, STM32WBA65PGI7, STM32WBA65PII6, STM32WBA65PII7, STM32WBA65RGV6, STM32WBA65RGV7, STM32WBA65RIV6, STM32WBA65RIV7, STM32WL30K8V6, STM32WL30KBV6, STM32WL31C8V6, STM32WL31CBV6, STM32WL31K8V6, STM32WL31KBV6, STM32WL33C8V6, STM32WL33C8V6TR, STM32WL33C8V7, STM32WL33C8V7TR, STM32WL33CBV6, STM32WL33CBV6TR, STM32WL33CBV7, STM32WL33CBV7TR, STM32WL33CCV6, STM32WL33CCV6TR, STM32WL33CCV7, STM32WL33CCV7A, STM32WL33CCV7ATR, STM32WL33CCV7TR, STM32WL33K8V6, STM32WL33K8V6TR, STM32WL33K8V7, STM32WL33K8V7TR, STM32WL33KBV6, STM32WL33KBV6TR, STM32WL33KBV7, STM32WL33KBV7TR, STM32WL33KCV6, STM32WL33KCV6TR, STM32WL33KCV7, STM32WL33KCV7TR, STM32WL5MOCH6, STM32WL5MOCH6TR]
2026-04-01 21:24:08,322 [INFO] BoardInfo:889 - No configuration file found for board NUCLEO-H5E5ZJ
2026-04-01 21:24:08,322 [INFO] DbBoards:161 - Board is not supported: NUCLEO-H5E5ZJ
2026-04-01 21:24:08,360 [INFO] BoardInfo:889 - No configuration file found for board NUCLEO-U3C5ZI-Q
2026-04-01 21:24:08,360 [INFO] DbBoards:161 - Board is not supported: NUCLEO-U3C5ZI-Q
2026-04-01 21:24:08,369 [INFO] BoardInfo:889 - No configuration file found for board NUCLEO-WBA25CE1
2026-04-01 21:24:08,370 [INFO] DbBoards:161 - Board is not supported: NUCLEO-WBA25CE1
2026-04-01 21:24:08,376 [INFO] BoardInfo:889 - No configuration file found for board NUCLEO-WL3RKB1
2026-04-01 21:24:08,376 [INFO] DbBoards:161 - Board is not supported: NUCLEO-WL3RKB1
2026-04-01 21:24:08,377 [INFO] BoardInfo:889 - No configuration file found for board NUCLEO-WL3RKB2
2026-04-01 21:24:08,377 [INFO] DbBoards:161 - Board is not supported: NUCLEO-WL3RKB2
2026-04-01 21:24:08,383 [INFO] BoardInfo:889 - No configuration file found for board P-NUCLEO-WB55
2026-04-01 21:24:08,383 [INFO] DbBoards:161 - Kit is not supported: P-NUCLEO-WB55
2026-04-01 21:24:08,389 [INFO] BoardInfo:889 - No configuration file found for board STEVAL-BFA001V1B
2026-04-01 21:24:08,389 [INFO] DbBoards:161 - Kit is not supported: STEVAL-BFA001V1B
2026-04-01 21:24:08,390 [INFO] BoardInfo:889 - No configuration file found for board STEVAL-BFA001V2B
2026-04-01 21:24:08,390 [INFO] DbBoards:161 - Kit is not supported: STEVAL-BFA001V2B
2026-04-01 21:24:08,459 [INFO] BoardInfo:889 - No configuration file found for board STM32H5F5J-DK
2026-04-01 21:24:08,460 [INFO] DbBoards:161 - Board is not supported: STM32H5F5J-DK
2026-04-01 21:24:08,498 [INFO] BoardInfo:889 - No configuration file found for board STM32MP215F-DK
2026-04-01 21:24:08,499 [INFO] DbBoards:161 - Board is not supported: STM32MP215F-DK
2026-04-01 21:24:08,513 [INFO] DbBoards:168 - Found 218 boards, 208 are supported
2026-04-01 21:24:08,513 [INFO] DbBoards:169 - Found 218 boards, 43 of them is supported for  Bsp
2026-04-01 21:24:08,518 [INFO] ApiDb:423 - Load user favorites file /home/vatcraft/.stm32cubeide/favorites.boards.txt: 0 item(s)
2026-04-01 21:24:08,518 [INFO] ApiDb:427 - User favorites Boards=[]
2026-04-01 21:24:08,519 [INFO] DbBoards:198 - Set 0 / 0 favorites Boards
2026-04-01 21:24:08,547 [INFO] LoadUrlFilesThread:185 - End of LoadServerUrlFiles without Thread
2026-04-01 21:24:08,547 [INFO] TargetSelectorAdapter:259 - Refresh data is successful
2026-04-01 21:24:08,550 [INFO] ApiDb:668 - CubeFinder database Data Model version=2.1
2026-04-01 21:24:08,550 [INFO] ApiDb:669 - CubeFinder database Configuration version=3.0.42
2026-04-01 21:24:08,550 [INFO] ApiDb:670 - CubeFinder database generation date=2026-03-11 (1773229989)
2026-04-01 21:24:08,551 [INFO] ApiDb:671 - CubeFinder database FW Pack versions=[FP-ATR-ASTRA1_V2.0.0, FP-SNS-FLIGHT1_V5.1.0, FP-SNS-MOTENV1_V5.1.0, FP-SNS-MOTENVWB1_V1.5.0, FP-SNS-SMARTAG2_V1.2.0, FP-SNS-STBOX1_V2.1.0, STM32Cube_FW_C0_V1.4.0, STM32Cube_FW_F4_V1.28.3, STM32Cube_FW_F7_V1.17.4, STM32Cube_FW_G0_V1.6.3, STM32Cube_FW_G4_V1.6.2, STM32Cube_FW_H5_V1.6.0, STM32Cube_FW_H7RS_V1.3.0, STM32Cube_FW_H7_V1.13.0, STM32Cube_FW_L0_V1.12.2, STM32Cube_FW_L4_V1.18.2, STM32Cube_FW_L5_V1.6.0, STM32Cube_FW_N6_V1.3.0, STM32Cube_FW_U0_V1.3.0, STM32Cube_FW_U3_V1.3.0, STM32Cube_FW_U5_V1.8.0, STM32Cube_FW_WB0_V1.4.0, STM32Cube_FW_WBA_V1.9.0, STM32Cube_FW_WB_V1.24.0, STM32Cube_FW_WL3_V1.4.0, STM32Cube_FW_WL_V1.5.0, X-CUBE-ALGOBUILD_V1.4.0, X-CUBE-ALS_V1.0.2, X-CUBE-AZRTOS-F4_V1.1.0, X-CUBE-AZRTOS-F7_V1.1.0, X-CUBE-AZRTOS-G0_V1.1.0, X-CUBE-AZRTOS-G4_V2.0.0, X-CUBE-AZRTOS-H7RS_V1.1.0, X-CUBE-AZRTOS-H7_V3.4.0, X-CUBE-AZRTOS-L4_V2.0.0, X-CUBE-AZRTOS-L5_V2.0.0, X-CUBE-AZRTOS-WB_V2.0.0, X-CUBE-AZRTOS-WL_V2.0.0, X-CUBE-BLE1_V7.1.0, X-CUBE-BLE2_V3.3.0, X-CUBE-BLEMGR_V4.1.0, X-CUBE-EEPRMA1_V5.2.0, X-CUBE-FREERTOS_V1.5.0, X-CUBE-GNSS1_V6.0.0, X-CUBE-MEMS1_V12.0.0, X-CUBE-NFC4_V3.0.0, X-CUBE-NFC7_V2.0.0, X-CUBE-SFXS2LP1_V4.0.0, X-CUBE-ST67W61_V1.2.0, X-CUBE-SUBG2_V5.0.0, X-CUBE-TOF1_V3.4.3]
2026-04-01 21:24:09,464 [ERROR] DbExamplesSqlite:437 - Missing JSON key: board_cpn
2026-04-01 21:24:09,464 [ERROR] DbExamplesSqlite:437 - Missing JSON key: board_cpn
2026-04-01 21:24:09,464 [ERROR] DbExamplesSqlite:437 - Missing JSON key: board_cpn
2026-04-01 21:24:09,465 [ERROR] DbExamplesSqlite:437 - Missing JSON key: board_cpn
2026-04-01 21:24:09,864 [ERROR] DbExamplesSqlite:437 - Missing JSON key: board_cpn
2026-04-01 21:24:09,864 [ERROR] DbExamplesSqlite:437 - Missing JSON key: board_cpn
2026-04-01 21:24:09,927 [INFO] DbExamplesSqlite:395 - Ignored 39 examples not supported by CubeIDE
2026-04-01 21:24:09,927 [INFO] DbExamplesSqlite:396 - Found 11210 examples active
2026-04-01 21:24:09,927 [INFO] DbExamplesSqlite:397 - Found 0 examples obsolete
2026-04-01 21:24:09,927 [INFO] DbExamplesSqlite:398 - Found 0 examples under development
2026-04-01 21:24:09,928 [INFO] DbExamplesSqlite:399 - Found 76 examples not building
2026-04-01 21:24:09,930 [INFO] DbExamples:125 - Found 11247 examples
2026-04-01 21:24:10,198 [ERROR] DbExamples:208 - Found 377 examples with invalid data (board or MCU)
2026-04-01 21:24:10,199 [INFO] DbExamples:222 - Found 140 boards with related examples
2026-04-01 21:24:10,201 [INFO] DbExamples:235 - Found 114 MCUs with related examples
2026-04-01 21:24:10,253 [INFO] ApiDb:423 - Load user favorites file /home/vatcraft/.stm32cubeide/favorites.examples.txt: 0 item(s)
2026-04-01 21:24:10,253 [INFO] ApiDb:427 - User favorites Examples=[]
2026-04-01 21:24:10,255 [INFO] DbExamples:250 - Set 0 / 0 favorites Examples
2026-04-01 21:24:10,364 [INFO] McuFinderGlobals:76 - Set McuFinderConnectedMode to true
2026-04-01 21:24:10,366 [INFO] MultiScanPanel:200 - Auto-refresh data requested => check proxy status ongoing
2026-04-01 21:24:10,367 [INFO] FinderPluginLoader:95 - Searching for filters in installed packs
2026-04-01 21:24:12,156 [INFO] LoadUrlFilesThread:185 - End of LoadServerUrlFiles without Thread
2026-04-01 21:24:12,157 [INFO] DetailPanel:341 - Set advertising image to /home/vatcraft/STM32Cube/Repository//en.prom-stm32c5-0326.jpg
2026-04-01 21:24:15,965 [INFO] MultiScanPanel:200 - Auto-refresh data requested => check proxy status ongoing
2026-04-01 21:24:16,099 [INFO] LoadUrlFilesThread:185 - End of LoadServerUrlFiles without Thread
2026-04-01 21:24:16,099 [INFO] DetailPanel:341 - Set advertising image to /home/vatcraft/STM32Cube/Repository//en.prom-stm32c5-0326.jpg
2026-04-01 21:24:16,112 [INFO] DbBoards:642 - Loading board mini-images...
2026-04-01 21:24:19,067 [INFO] DbBoards:665 - Loaded 218 board mini-images
2026-04-01 21:24:40,394 [INFO] MainUpdater:2872 - connection check result : 10
2026-04-01 21:24:40,394 [INFO] MainUpdater:2872 - connection check result : 10
2026-04-01 21:24:40,814 [INFO] MicroXplorer:468 - Change Database Path : 
2026-04-01 21:24:40,815 [INFO] MicroXplorer:498 - Change Database Version : DB.6.0.141
2026-04-01 21:24:40,861 [ERROR] ProjectManagerView:395 - 
java.lang.NullPointerException: Cannot invoke "javax.swing.JTextField.getText()" because the return value of "java.util.List.get(int)" is null
	at com.st.microxplorer.plugins.projectmanager.gui.ProjectChoiceTab$9.caretUpdate(ProjectChoiceTab.java:2678) ~[filemanager.jar:?]
	at javax.swing.text.JTextComponent.fireCaretUpdate(JTextComponent.java:408) ~[?:?]
	at javax.swing.text.JTextComponent$MutableCaretEvent.fire(JTextComponent.java:4484) ~[?:?]
	at javax.swing.text.JTextComponent$MutableCaretEvent.stateChanged(JTextComponent.java:4506) ~[?:?]
	at javax.swing.text.DefaultCaret.fireStateChanged(DefaultCaret.java:857) ~[?:?]
	at javax.swing.text.DefaultCaret.changeCaretPosition(DefaultCaret.java:1343) ~[?:?]
	at javax.swing.text.DefaultCaret.handleSetDot(DefaultCaret.java:1242) ~[?:?]
	at javax.swing.text.DefaultCaret.setDot(DefaultCaret.java:1223) ~[?:?]
	at javax.swing.text.DefaultCaret$Handler.insertUpdate(DefaultCaret.java:1819) ~[?:?]
	at javax.swing.text.AbstractDocument.fireInsertUpdate(AbstractDocument.java:227) ~[?:?]
	at javax.swing.text.AbstractDocument.handleInsertString(AbstractDocument.java:781) ~[?:?]
	at javax.swing.text.AbstractDocument.insertString(AbstractDocument.java:740) ~[?:?]
	at javax.swing.text.PlainDocument.insertString(PlainDocument.java:131) ~[?:?]
	at javax.swing.text.AbstractDocument.replace(AbstractDocument.java:699) ~[?:?]
	at javax.swing.text.JTextComponent.setText(JTextComponent.java:1725) ~[?:?]
	at com.st.microxplorer.plugins.projectmanager.gui.ProjectChoiceTab.createHeapStackFields(ProjectChoiceTab.java:979) ~[filemanager.jar:?]
	at com.st.microxplorer.plugins.projectmanager.gui.ProjectChoiceTab.buildLinkSettingsPanel(ProjectChoiceTab.java:3766) ~[filemanager.jar:?]
	at com.st.microxplorer.plugins.projectmanager.gui.ProjectChoiceTab.defineWindowsFields(ProjectChoiceTab.java:1962) ~[filemanager.jar:?]
	at com.st.microxplorer.plugins.projectmanager.gui.ProjectChoiceTab.updateSettings(ProjectChoiceTab.java:555) ~[filemanager.jar:?]
	at com.st.microxplorer.plugins.projectmanager.gui.ProjectSettingsPanel.UpdateDialog(ProjectSettingsPanel.java:245) ~[filemanager.jar:?]
	at com.st.microxplorer.plugins.projectmanager.ProjectManagerView.propertyChange(ProjectManagerView.java:392) ~[filemanager.jar:?]
	at java.beans.PropertyChangeSupport.fire(PropertyChangeSupport.java:343) ~[?:?]
	at java.beans.PropertyChangeSupport.firePropertyChange(PropertyChangeSupport.java:335) ~[?:?]
	at java.beans.PropertyChangeSupport.firePropertyChange(PropertyChangeSupport.java:268) ~[?:?]
	at com.st.microxplorer.util.MXPropertyChangeSupport.firePropertyChange(MXPropertyChangeSupport.java:54) ~[STM32CubeMX.jar:?]
	at com.st.microxplorer.mxsystem.MxSystem.closeConfig(MxSystem.java:899) ~[STM32CubeMX.jar:?]
	at com.st.microxplorer.maingui.MainPanel.closeConfig(MainPanel.java:789) ~[STM32CubeMX.jar:?]
	at com.st.microxplorer.plugins.filemanager.engine.OpenFileManager.loadConfigurationFile(OpenFileManager.java:287) ~[filemanager.jar:?]
	at com.st.microxplorer.plugins.filemanager.engine.MainFileManager.userLoadConfig(MainFileManager.java:341) ~[filemanager.jar:?]
	at com.st.microxplorer.plugins.filemanager.FileManagerView.getSpecificTask(FileManagerView.java:250) ~[filemanager.jar:?]
	at com.st.stm32cube.common.mx.editor.CubeMxEditor.getMxTabbedPaneInstance(CubeMxEditor.java:1191) ~[com.st.stm32cube.common.mx_6.14.1.202504091515/:?]
	at com.st.stm32cube.common.mx.editor.CubeMxEditor$12$1.createSwingComponent(CubeMxEditor.java:1068) ~[com.st.stm32cube.common.mx_6.14.1.202504091515/:?]
	at com.st.stm32cube.common.mx.oss.core.awtswtbridge.EmbeddedSwingComposite.doComponentCreation(EmbeddedSwingComposite.java:492) ~[com.st.stm32cube.common.mx.oss_6.14.1.202504091515/:?]
	at com.st.stm32cube.common.mx.oss.core.awtswtbridge.EmbeddedSwingComposite$4.run(EmbeddedSwingComposite.java:291) ~[com.st.stm32cube.common.mx.oss_6.14.1.202504091515/:?]
	at com.st.stm32cube.common.mx.oss.core.awtswtbridge.AwtEnvironment$2.run(AwtEnvironment.java:166) ~[com.st.stm32cube.common.mx.oss_6.14.1.202504091515/:?]
	at java.awt.event.InvocationEvent.dispatch(InvocationEvent.java:318) ~[?:?]
	at java.awt.EventQueue.dispatchEventImpl(EventQueue.java:773) ~[?:?]
	at java.awt.EventQueue$4.run(EventQueue.java:720) ~[?:?]
	at java.awt.EventQueue$4.run(EventQueue.java:714) ~[?:?]
	at java.security.AccessController.doPrivileged(AccessController.java:400) ~[?:?]
	at java.security.ProtectionDomain$JavaSecurityAccessImpl.doIntersectionPrivilege(ProtectionDomain.java:87) ~[?:?]
	at java.awt.EventQueue.dispatchEvent(EventQueue.java:742) ~[?:?]
	at java.awt.EventDispatchThread.pumpOneEventForFilters(EventDispatchThread.java:203) ~[?:?]
	at java.awt.EventDispatchThread.pumpEventsForFilter(EventDispatchThread.java:124) ~[?:?]
	at java.awt.EventDispatchThread.pumpEventsForHierarchy(EventDispatchThread.java:113) ~[?:?]
	at java.awt.EventDispatchThread.pumpEvents(EventDispatchThread.java:109) ~[?:?]
	at java.awt.EventDispatchThread.pumpEvents(EventDispatchThread.java:101) ~[?:?]
	at java.awt.EventDispatchThread.run(EventDispatchThread.java:90) ~[?:?]
2026-04-01 21:24:40,880 [WARN] ThirdParty:871 - waiting for thirdparty lock release [close project]
2026-04-01 21:24:40,881 [INFO] ThirdParty:873 - entering critical section [close project]
2026-04-01 21:24:40,881 [INFO] ThirdParty:883 - exiting critical section [close project]
2026-04-01 21:24:40,887 [INFO] PinOutPanel:1589 - setPackage(No Configuration,No Configuration)
2026-04-01 21:24:40,913 [WARN] IpParametersView:155 - Warning: This peripheral hasn't parameters
2026-04-01 21:24:40,952 [WARN] MainPanel:289 - <html><b><center>Warning: This peripheral has no parameters to be configured<br></b></html>
2026-04-01 21:24:40,970 [INFO] UtilMem:75 - Begin LoadConfig() Used Memory: 791602160 Bytes (816840704)
2026-04-01 21:24:40,979 [INFO] MicroXplorer:468 - Change Database Path : 
2026-04-01 21:24:40,979 [INFO] MicroXplorer:498 - Change Database Version : DB.6.0.141
2026-04-01 21:24:40,979 [INFO] OpenFileManager:354 - Change cursor
2026-04-01 21:24:41,072 [INFO] RulesReader:64 - Compatibility file has been processed (302 Rules)
2026-04-01 21:24:41,098 [INFO] Mcu:2011 - Initializing MCU STM32F401R(D-E)Tx STM32F401RETx STM32F401RET6
2026-04-01 21:24:43,555 [INFO] Context:756 - Trying to add GPIOservice into a context  which must be forbidden
2026-04-01 21:24:43,971 [INFO] Rule:225 - rule Adapt Old IOC before rework replace old CORTEX_M33/CORTEX_M55 attributes by the new one. is applicable
2026-04-01 21:24:43,972 [INFO] Rule:225 - rule Rename parametre of RCC RCC_APBDBG_DIV2 to RCC_TIMPRES_DIV2 is applicable
2026-04-01 21:24:43,972 [INFO] Rule:225 - rule Rename DIE493 pin PA10 [PA12] -> PA10 is applicable
2026-04-01 21:24:43,972 [INFO] Rule:225 - rule Rename DIE493 pin PA9 [PA11] -> PA9 is applicable
2026-04-01 21:24:43,972 [INFO] Rule:225 - rule Adapt Old IOC CSI. is applicable
2026-04-01 21:24:43,972 [INFO] DbConfProperties:307 - Apply Compatibility (0/5 Rules)
2026-04-01 21:24:44,000 [INFO] ImportTextPane:218 - (OptionalMessage_ERROR) Pin12 (VP_RIF_VS_RIF1) cannot be retrieved for this MCU
2026-04-01 21:24:44,377 [INFO] RtosManager:558 - Registered RTOS mode: class=CMSIS, group=RTOS, mode=CMSIS_V1, owner=FREERTOS
2026-04-01 21:24:44,378 [INFO] RtosManager:558 - Registered RTOS mode: class=CMSIS, group=RTOS2, mode=CMSIS_V2, owner=FREERTOS
2026-04-01 21:24:44,385 [INFO] RtosManager:558 - Registered RTOS mode: class=RTOS, group=Core, mode=CMSIS_V1, owner=FREERTOS
2026-04-01 21:24:44,385 [INFO] RtosManager:558 - Registered RTOS mode: class=RTOS, group=Core, mode=CMSIS_V2, owner=FREERTOS
2026-04-01 21:24:44,385 [WARN] ModelIntegratedComponent:184 - Missing modes for component STMicroelectronics:FreeRTOS:0.0.1:STMicroelectronics:RTOS:FreeRTOS:Core:::10.2.0:
2026-04-01 21:24:44,391 [WARN] ModelIntegratedComponent:63 - No mode defined for component null
2026-04-01 21:24:44,392 [WARN] ModelIntegratedComponent:63 - No mode defined for component null
2026-04-01 21:24:44,392 [WARN] ModelIntegratedComponent:63 - No mode defined for component null
2026-04-01 21:24:44,392 [WARN] ModelIntegratedComponent:63 - No mode defined for component null
2026-04-01 21:24:44,392 [WARN] ModelIntegratedComponent:63 - No mode defined for component null
2026-04-01 21:24:44,392 [WARN] ModelIntegratedComponent:63 - No mode defined for component null
2026-04-01 21:24:44,392 [WARN] ModelIntegratedComponent:63 - No mode defined for component null
2026-04-01 21:24:44,392 [WARN] ModelIntegratedComponent:63 - No mode defined for component null
2026-04-01 21:24:44,392 [WARN] ModelIntegratedComponent:63 - No mode defined for component null
2026-04-01 21:24:44,392 [WARN] ModelIntegratedComponent:63 - No mode defined for component null
2026-04-01 21:24:44,392 [WARN] ModelIntegratedComponent:63 - No mode defined for component null
2026-04-01 21:24:44,392 [WARN] ModelIntegratedComponent:63 - No mode defined for component null
2026-04-01 21:24:44,392 [WARN] ModelIntegratedComponent:63 - No mode defined for component null
2026-04-01 21:24:44,392 [WARN] ModelIntegratedComponent:63 - No mode defined for component null
2026-04-01 21:24:44,392 [WARN] ModelIntegratedComponent:63 - No mode defined for component null
2026-04-01 21:24:44,392 [WARN] ModelIntegratedComponent:63 - No mode defined for component null
2026-04-01 21:24:44,392 [WARN] ModelIntegratedComponent:63 - No mode defined for component null
2026-04-01 21:24:44,392 [WARN] ModelIntegratedComponent:63 - No mode defined for component null
2026-04-01 21:24:44,392 [WARN] ModelIntegratedComponent:63 - No mode defined for component null
2026-04-01 21:24:44,392 [WARN] ModelIntegratedComponent:63 - No mode defined for component null
2026-04-01 21:24:44,393 [WARN] ModelIntegratedComponent:63 - No mode defined for component null
2026-04-01 21:24:44,393 [WARN] ModelIntegratedComponent:63 - No mode defined for component null
2026-04-01 21:24:44,393 [WARN] ModelIntegratedComponent:63 - No mode defined for component null
2026-04-01 21:24:44,393 [WARN] ModelIntegratedComponent:63 - No mode defined for component null
2026-04-01 21:24:44,393 [WARN] ModelIntegratedComponent:63 - No mode defined for component null
2026-04-01 21:24:44,393 [WARN] ModelIntegratedComponent:63 - No mode defined for component null
2026-04-01 21:24:44,393 [WARN] ModelIntegratedComponent:63 - No mode defined for component null
2026-04-01 21:24:44,394 [WARN] ModelIntegratedComponent:63 - No mode defined for component null
2026-04-01 21:24:44,394 [WARN] ModelIntegratedComponent:63 - No mode defined for component null
2026-04-01 21:24:44,394 [WARN] ModelIntegratedComponent:63 - No mode defined for component null
2026-04-01 21:24:44,394 [WARN] ModelIntegratedComponent:63 - No mode defined for component null
2026-04-01 21:24:44,394 [WARN] ModelIntegratedComponent:63 - No mode defined for component null
2026-04-01 21:24:44,394 [WARN] ModelIntegratedComponent:63 - No mode defined for component null
2026-04-01 21:24:44,394 [WARN] ModelIntegratedComponent:63 - No mode defined for component null
2026-04-01 21:24:44,394 [WARN] ModelIntegratedComponent:63 - No mode defined for component null
2026-04-01 21:24:44,395 [WARN] ModelPack:524 - Component already loaded: STMicroelectronics:HAL Drivers:0.0.0:STMicroelectronics:Device:STMicro_Driver:XSPI:HAL::0.0.1:HAL_XSPI
2026-04-01 21:24:44,424 [INFO] ThirdPartyModel:298 - Start build external matchings
2026-04-01 21:24:44,893 [INFO] ThirdPartyModel:316 - End build external matchings
2026-04-01 21:24:44,907 [INFO] ImportTextPane:218 - (OptionalMessage_ERROR) IP (RCC) : Parameter (RTCHSEDivFreq_Value) has invalid value (4000000)
2026-04-01 21:24:45,119 [INFO] UtilMem:75 - End LoadConfig() Used Memory: 633817952 Bytes (1026555904)
2026-04-01 21:24:45,373 [WARN] ThirdParty:833 - waiting for thirdparty lock release [change project]
2026-04-01 21:24:45,374 [INFO] ThirdParty:835 - entering critical section [change project]
2026-04-01 21:24:45,374 [INFO] ThirdParty:1030 - CMSIS Pack Vendor :STMicroelectronics X-CUBE-AZRTOS-H7 3.5.0
2026-04-01 21:24:45,374 [INFO] ThirdParty:1030 - CMSIS Pack Vendor :STMicroelectronics X-CUBE-PM33A1 1.0.0
2026-04-01 21:24:45,374 [INFO] ThirdParty:1030 - CMSIS Pack Vendor :STMicroelectronics USBPD 4.1
2026-04-01 21:24:45,374 [INFO] ThirdParty:1030 - CMSIS Pack Vendor :STMicroelectronics X-CUBE-NFC9 1.0.0
2026-04-01 21:24:45,374 [INFO] ThirdParty:1030 - CMSIS Pack Vendor :STMicroelectronics USB_HOST 2.0.0
2026-04-01 21:24:45,374 [INFO] ThirdParty:1030 - CMSIS Pack Vendor :STMicroelectronics X-CUBE-AZRTOS-F4 1.1.0
2026-04-01 21:24:45,374 [INFO] ThirdParty:1030 - CMSIS Pack Vendor :STMicroelectronics LIBJPEG 8.0.0
2026-04-01 21:24:45,374 [INFO] ThirdParty:1030 - CMSIS Pack Vendor :STMicroelectronics FP-ATR-ASTRA1 2.0.2
2026-04-01 21:24:45,374 [INFO] ThirdParty:1030 - CMSIS Pack Vendor :STMicroelectronics X-CUBE-BLE1 7.1.0
2026-04-01 21:24:45,374 [INFO] ThirdParty:1030 - CMSIS Pack Vendor :STMicroelectronics X-CUBE-SMBUS 2.1.0
2026-04-01 21:24:45,374 [INFO] ThirdParty:1030 - CMSIS Pack Vendor :wolfSSL I-CUBE-wolfMQTT 1.19.2
2026-04-01 21:24:45,374 [INFO] ThirdParty:1030 - CMSIS Pack Vendor :STMicroelectronics USB_DEVICE 3.0.0
2026-04-01 21:24:45,374 [INFO] ThirdParty:1030 - CMSIS Pack Vendor :STMicroelectronics X-CUBE-ISPU 2.1.0
2026-04-01 21:24:45,374 [INFO] ThirdParty:1030 - CMSIS Pack Vendor :STMicroelectronics X-CUBE-EEPRMA1 5.2.0
2026-04-01 21:24:45,374 [INFO] ThirdParty:1030 - CMSIS Pack Vendor :STMicroelectronics X-CUBE-BLEMGR 4.1.0
2026-04-01 21:24:45,375 [INFO] ThirdParty:1030 - CMSIS Pack Vendor :STMicroelectronics X-CUBE-AZRTOS-WB 2.0.0
2026-04-01 21:24:45,375 [INFO] ThirdParty:1030 - CMSIS Pack Vendor :wolfSSL I-CUBE-wolfSSL 5.8.4
2026-04-01 21:24:45,375 [INFO] ThirdParty:1030 - CMSIS Pack Vendor :Cesanta I-CUBE-Mongoose 7.20.0
2026-04-01 21:24:45,375 [INFO] ThirdParty:1030 - CMSIS Pack Vendor :STMicroelectronics X-CUBE-NFC12 1.0.0
2026-04-01 21:24:45,375 [INFO] ThirdParty:1030 - CMSIS Pack Vendor :STMicroelectronics X-CUBE-AZRTOS-F7 1.1.0
2026-04-01 21:24:45,375 [INFO] ThirdParty:1030 - CMSIS Pack Vendor :STMicroelectronics X-CUBE-AZRTOS-L5 2.0.0
2026-04-01 21:24:45,375 [INFO] ThirdParty:1030 - CMSIS Pack Vendor :STMicroelectronics USB_DEVICE 2.0.0
2026-04-01 21:24:45,375 [INFO] ThirdParty:1030 - CMSIS Pack Vendor :quantropi X-CUBE-qispace-sdk-base 2.1.0
2026-04-01 21:24:45,375 [INFO] ThirdParty:1030 - CMSIS Pack Vendor :STMicroelectronics X-CUBE-MEMS1 12.0.0
2026-04-01 21:24:45,375 [INFO] ThirdParty:1030 - CMSIS Pack Vendor :STMicroelectronics X-CUBE-STSE01 2.0.0
2026-04-01 21:24:45,375 [INFO] ThirdParty:1030 - CMSIS Pack Vendor :STMicroelectronics FreeRTOS 0.0.1
2026-04-01 21:24:45,375 [INFO] ThirdParty:1030 - CMSIS Pack Vendor :STMicroelectronics X-CUBE-AZRTOS-G0 1.1.0
2026-04-01 21:24:45,375 [INFO] ThirdParty:1030 - CMSIS Pack Vendor :STMicroelectronics X-CUBE-NFC4 3.0.0
2026-04-01 21:24:45,375 [INFO] ThirdParty:1030 - CMSIS Pack Vendor :STMicroelectronics X-CUBE-SUBG2 5.0.0
2026-04-01 21:24:45,375 [INFO] ThirdParty:1030 - CMSIS Pack Vendor :STMicroelectronics STM32_WPAN 1.0.0
2026-04-01 21:24:45,375 [INFO] ThirdParty:1030 - CMSIS Pack Vendor :EmbeddedOffice I-CUBE-FS-RTOS 1.0.1
2026-04-01 21:24:45,375 [INFO] ThirdParty:1030 - CMSIS Pack Vendor :STMicroelectronics lwIP 2.0.3
2026-04-01 21:24:45,375 [INFO] ThirdParty:1030 - CMSIS Pack Vendor :STMicroelectronics USB_HOST 1.0.0
2026-04-01 21:24:45,376 [INFO] ThirdParty:1030 - CMSIS Pack Vendor :STMicroelectronics X-CUBE-AZRTOS-G4 2.0.0
2026-04-01 21:24:45,376 [INFO] ThirdParty:1030 - CMSIS Pack Vendor :STMicroelectronics X-CUBE-WB05N 2.0.0
2026-04-01 21:24:45,376 [INFO] ThirdParty:1030 - CMSIS Pack Vendor :STMicroelectronics PDM2PCM 3.1.0
2026-04-01 21:24:45,376 [INFO] ThirdParty:1030 - CMSIS Pack Vendor :STMicroelectronics PDM2PCM 3.3.0
2026-04-01 21:24:45,376 [INFO] ThirdParty:1030 - CMSIS Pack Vendor :wolfSSL I-CUBE-wolfTPM 3.8.0
2026-04-01 21:24:45,376 [INFO] ThirdParty:1030 - CMSIS Pack Vendor :STMicroelectronics X-CUBE-DISPLAY 3.0.0
2026-04-01 21:24:45,376 [INFO] ThirdParty:1030 - CMSIS Pack Vendor :wolfSSL I-CUBE-wolfSSH 1.4.20
2026-04-01 21:24:45,376 [INFO] ThirdParty:1030 - CMSIS Pack Vendor :STMicroelectronics X-CUBE-NFC7 2.0.0
2026-04-01 21:24:45,376 [INFO] ThirdParty:1030 - CMSIS Pack Vendor :STMicroelectronics X-CUBE-TCPP 4.2.0
2026-04-01 21:24:45,376 [INFO] ThirdParty:1030 - CMSIS Pack Vendor :RealThread X-CUBE-RT-Thread_Nano 4.1.1
2026-04-01 21:24:45,376 [INFO] ThirdParty:1030 - CMSIS Pack Vendor :STMicroelectronics FP-ATR-SIGFOX1 3.2.0
2026-04-01 21:24:45,376 [INFO] ThirdParty:1030 - CMSIS Pack Vendor :STMicroelectronics X-CUBE-NFC10 1.0.0
2026-04-01 21:24:45,376 [INFO] ThirdParty:1030 - CMSIS Pack Vendor :STMicroelectronics HAL Drivers 0.0.0
2026-04-01 21:24:45,376 [INFO] ThirdParty:1030 - CMSIS Pack Vendor :STMicroelectronics MBEDTLS 2.16.2
2026-04-01 21:24:45,376 [INFO] ThirdParty:1030 - CMSIS Pack Vendor :STMicroelectronics X-CUBE-ST60 1.1.0
2026-04-01 21:24:45,377 [INFO] ThirdParty:1030 - CMSIS Pack Vendor :STMicroelectronics X-CUBE-ALS 1.0.2
2026-04-01 21:24:45,377 [INFO] ThirdParty:1030 - CMSIS Pack Vendor :emotas I-CUBE-CANOPEN 1.3.0
2026-04-01 21:24:45,377 [INFO] ThirdParty:1030 - CMSIS Pack Vendor :STMicroelectronics MBEDTLS 2.14.1
2026-04-01 21:24:45,377 [INFO] ThirdParty:1030 - CMSIS Pack Vendor :STMicroelectronics X-CUBE-GNSS1 7.1.0
2026-04-01 21:24:45,377 [INFO] ThirdParty:1030 - CMSIS Pack Vendor :ITTIA_DB I-CUBE-ITTIADB 8.9.0
2026-04-01 21:24:45,377 [INFO] ThirdParty:1030 - CMSIS Pack Vendor :STMicroelectronics X-CUBE-TOUCHGFX 4.26.1
2026-04-01 21:24:45,377 [INFO] ThirdParty:1030 - CMSIS Pack Vendor :STMicroelectronics X-CUBE-NFC6 3.2.0
2026-04-01 21:24:45,377 [INFO] ThirdParty:1030 - CMSIS Pack Vendor :STMicroelectronics X-CUBE-AI 10.2.0
2026-04-01 21:24:45,377 [INFO] ThirdParty:1030 - CMSIS Pack Vendor :STMicroelectronics FP-SNS-STAIOTCFT 1.0.0
2026-04-01 21:24:45,377 [INFO] ThirdParty:1030 - CMSIS Pack Vendor :STMicroelectronics ThreadX 1.0.0
2026-04-01 21:24:45,377 [INFO] ThirdParty:1030 - CMSIS Pack Vendor :STMicroelectronics FP-SNS-SMARTAG2 1.2.0
2026-04-01 21:24:45,377 [INFO] ThirdParty:1030 - CMSIS Pack Vendor :STMicroelectronics FP-SNS-FLIGHT1 5.1.0
2026-04-01 21:24:45,377 [INFO] ThirdParty:1030 - CMSIS Pack Vendor :STMicroelectronics X-CUBE-AZRTOS-WL 2.0.0
2026-04-01 21:24:45,377 [INFO] ThirdParty:1030 - CMSIS Pack Vendor :SEGGER I-CUBE-embOS 1.3.1
2026-04-01 21:24:45,377 [INFO] ThirdParty:1030 - CMSIS Pack Vendor :STMicroelectronics X-CUBE-ALGOBUILD 1.4.0
2026-04-01 21:24:45,377 [INFO] ThirdParty:1030 - CMSIS Pack Vendor :STMicroelectronics X-CUBE-DPower 1.3.0
2026-04-01 21:24:45,377 [INFO] ThirdParty:1030 - CMSIS Pack Vendor :STMicroelectronics USB_DEVICE 1.0.0
2026-04-01 21:24:45,377 [INFO] ThirdParty:1030 - CMSIS Pack Vendor :STMicroelectronics X-CUBE-AZRTOS-H7RS 1.2.0
2026-04-01 21:24:45,377 [INFO] ThirdParty:1030 - CMSIS Pack Vendor :STMicroelectronics X-CUBE-AZRTOS-L4 2.0.0
2026-04-01 21:24:45,377 [INFO] ThirdParty:1030 - CMSIS Pack Vendor :STMicroelectronics ThreadX 0.0.2
2026-04-01 21:24:45,377 [INFO] ThirdParty:1030 - CMSIS Pack Vendor :STMicroelectronics lwIP 2.1.2
2026-04-01 21:24:45,377 [INFO] ThirdParty:1030 - CMSIS Pack Vendor :STMicroelectronics X-CUBE-SFXS2LP1 4.0.0
2026-04-01 21:24:45,378 [INFO] ThirdParty:1030 - CMSIS Pack Vendor :STMicroelectronics X-CUBE-BLE2 3.3.0
2026-04-01 21:24:45,378 [INFO] ThirdParty:1030 - CMSIS Pack Vendor :Avnet-IOTCONNECT X-CUBE-iotc-st67-sdk 1.0.0
2026-04-01 21:24:45,378 [INFO] ThirdParty:1030 - CMSIS Pack Vendor :STMicroelectronics X-CUBE-TOF1 3.4.3
2026-04-01 21:24:45,378 [INFO] ThirdParty:1030 - CMSIS Pack Vendor :Infineon AIROC-Wi-Fi-Bluetooth-STM32 1.8.0
2026-04-01 21:24:45,378 [INFO] ThirdParty:1030 - CMSIS Pack Vendor :STMicroelectronics PDM2PCM 3.2.0
2026-04-01 21:24:45,378 [INFO] ThirdParty:841 - exiting critical section [change project]
2026-04-01 21:24:45,672 [INFO] PinOutPanel:1589 - setPackage(No Configuration,No Configuration)
2026-04-01 21:24:45,673 [INFO] PinOutPanel:1589 - setPackage(STM32F401RETx,LQFP64)
2026-04-01 21:24:46,139 [INFO] UtilMem:75 - Before build in PCC Used Memory: 622521976 Bytes (1026555904)
2026-04-01 21:24:46,562 [INFO] UtilMem:75 - After build in PCC Used Memory: 667610744 Bytes (1071644672)
2026-04-01 21:24:46,615 [INFO] IPUIPlugin:80 - create IPUIPlugin
2026-04-01 21:24:46,615 [INFO] IPUIPlugin:80 - create IPUIPlugin
2026-04-01 21:24:46,618 [INFO] IPUIPlugin:80 - create IPUIPlugin
2026-04-01 21:24:46,618 [INFO] IPUIPlugin:80 - create IPUIPlugin
2026-04-01 21:24:46,619 [INFO] IPUIPlugin:80 - create IPUIPlugin
2026-04-01 21:24:46,619 [INFO] IPUIPlugin:80 - create IPUIPlugin
2026-04-01 21:24:46,619 [INFO] IPUIPlugin:80 - create IPUIPlugin
2026-04-01 21:24:46,619 [INFO] IPUIPlugin:80 - create IPUIPlugin
2026-04-01 21:24:46,620 [INFO] IPUIPlugin:80 - create IPUIPlugin
2026-04-01 21:24:46,620 [INFO] IPUIPlugin:80 - create IPUIPlugin
2026-04-01 21:24:46,621 [INFO] IPUIPlugin:80 - create IPUIPlugin
2026-04-01 21:24:46,621 [INFO] IPUIPlugin:80 - create IPUIPlugin
2026-04-01 21:24:46,622 [INFO] IPUIPlugin:80 - create IPUIPlugin
2026-04-01 21:24:46,622 [INFO] IPUIPlugin:80 - create IPUIPlugin
2026-04-01 21:24:46,622 [INFO] IPUIPlugin:80 - create IPUIPlugin
2026-04-01 21:24:46,622 [INFO] IPUIPlugin:80 - create IPUIPlugin
2026-04-01 21:24:46,623 [INFO] IPUIPlugin:80 - create IPUIPlugin
2026-04-01 21:24:46,623 [INFO] IPUIPlugin:80 - create IPUIPlugin
2026-04-01 21:24:46,623 [INFO] IPUIPlugin:80 - create IPUIPlugin
2026-04-01 21:24:46,624 [INFO] IPUIPlugin:80 - create IPUIPlugin
2026-04-01 21:24:46,624 [INFO] IPUIPlugin:80 - create IPUIPlugin
2026-04-01 21:24:46,624 [INFO] IPUIPlugin:80 - create IPUIPlugin
2026-04-01 21:24:46,624 [INFO] IPUIPlugin:80 - create IPUIPlugin
2026-04-01 21:24:46,627 [INFO] IPUIPlugin:80 - create IPUIPlugin
2026-04-01 21:24:46,627 [INFO] IPUIPlugin:80 - create IPUIPlugin
2026-04-01 21:24:46,628 [INFO] IPUIPlugin:80 - create IPUIPlugin
2026-04-01 21:24:46,629 [INFO] IPUIPlugin:80 - create IPUIPlugin
2026-04-01 21:24:46,629 [INFO] IPUIPlugin:80 - create IPUIPlugin
2026-04-01 21:24:46,633 [INFO] IPUIPlugin:80 - create IPUIPlugin
2026-04-01 21:24:46,633 [INFO] IPUIPlugin:80 - create IPUIPlugin
2026-04-01 21:24:46,634 [INFO] IPUIPlugin:80 - create IPUIPlugin
2026-04-01 21:24:46,635 [INFO] IPUIPlugin:80 - create IPUIPlugin
2026-04-01 21:24:46,635 [INFO] IPUIPlugin:80 - create IPUIPlugin
2026-04-01 21:24:46,636 [INFO] IPUIPlugin:80 - create IPUIPlugin
2026-04-01 21:24:46,636 [INFO] IPUIPlugin:80 - create IPUIPlugin
2026-04-01 21:24:46,637 [INFO] IPUIPlugin:80 - create IPUIPlugin
2026-04-01 21:24:46,638 [INFO] IPUIPlugin:80 - create IPUIPlugin
2026-04-01 21:24:46,639 [INFO] IPUIPlugin:80 - create IPUIPlugin
2026-04-01 21:24:46,643 [INFO] ApiDbMcu:508 - Load IP Config File for PDM2PCM
2026-04-01 21:24:46,745 [INFO] CADModel:165 - CPN selected for project levelSTM32F401RET6
2026-04-01 21:24:46,747 [INFO] CADModel:114 - Register for checkConnection events
2026-04-01 21:24:46,807 [INFO] OpenFileManager:385 - Restore cursor
2026-04-01 21:24:47,273 [INFO] UtilMem:75 - End SaveConfig() Used Memory: 760872160 Bytes (1071644672)
2026-04-01 21:24:47,355 [INFO] UtilMem:75 - End SaveConfig() Used Memory: 776748752 Bytes (1071644672)
2026-04-01 21:24:47,710 [INFO] BlockDiagram:2775 - set Specific Code input for plugin: NVIC
2026-04-01 21:24:47,710 [INFO] BlockDiagram:2775 - set Specific Code input for plugin: USART
2026-04-01 21:24:47,710 [INFO] BlockDiagram:2775 - set Specific Code input for plugin: SYS
2026-04-01 21:24:47,710 [INFO] BlockDiagram:2775 - set Specific Code input for plugin: GPIO
2026-04-01 21:24:47,711 [INFO] BlockDiagram:2775 - set Specific Code input for plugin: RCC
2026-04-01 21:24:47,711 [INFO] CodeGenerator:882 - code generatio: config db path: /opt/st/stm32cubeide_1.18.1/plugins/com.st.stm32cube.common.mx_6.14.1.202504091515//db/
2026-04-01 21:24:47,857 [INFO] CodeEngine:263 - oldGeneratedFile, /home/vatcraft/Desktop/FET/ELT3240/Lab3/ex3/MXTmpFiles/license.tmp_save
2026-04-01 21:24:48,133 [INFO] CodeEngine:287 - Generated code: /home/vatcraft/Desktop/FET/ELT3240/Lab3/ex3/MXTmpFiles/license.tmp
2026-04-01 21:24:48,168 [INFO] CodeEngine:263 - oldGeneratedFile, /home/vatcraft/Desktop/FET/ELT3240/Lab3/ex3/MXTmpFiles/gpio.tmp_save
2026-04-01 21:24:48,366 [INFO] CodeEngine:287 - Generated code: /home/vatcraft/Desktop/FET/ELT3240/Lab3/ex3/MXTmpFiles/gpio.tmp
2026-04-01 21:24:48,460 [INFO] CodeEngine:263 - oldGeneratedFile, /home/vatcraft/Desktop/FET/ELT3240/Lab3/ex3/Core/Src/stm32f4xx_it.c_save
2026-04-01 21:24:48,861 [INFO] CodeEngine:287 - Generated code: /home/vatcraft/Desktop/FET/ELT3240/Lab3/ex3/Core/Src/stm32f4xx_it.c
2026-04-01 21:24:48,862 [INFO] CodeEngine:263 - oldGeneratedFile, /home/vatcraft/Desktop/FET/ELT3240/Lab3/ex3/Core/Inc/stm32f4xx_it.h_save
2026-04-01 21:24:48,938 [INFO] CodeEngine:287 - Generated code: /home/vatcraft/Desktop/FET/ELT3240/Lab3/ex3/Core/Inc/stm32f4xx_it.h
2026-04-01 21:24:48,941 [INFO] CodeEngine:263 - oldGeneratedFile, /home/vatcraft/Desktop/FET/ELT3240/Lab3/ex3/Core/Src/stm32f4xx_hal_msp.c_save
2026-04-01 21:24:49,087 [INFO] CodeEngine:287 - Generated code: /home/vatcraft/Desktop/FET/ELT3240/Lab3/ex3/Core/Src/stm32f4xx_hal_msp.c
2026-04-01 21:24:49,089 [INFO] CodeEngine:263 - oldGeneratedFile, /home/vatcraft/Desktop/FET/ELT3240/Lab3/ex3/MXTmpFiles/system.tmp_save
2026-04-01 21:24:49,168 [INFO] CodeEngine:287 - Generated code: /home/vatcraft/Desktop/FET/ELT3240/Lab3/ex3/MXTmpFiles/system.tmp
2026-04-01 21:24:49,171 [INFO] CodeEngine:319 - oldGeneratedFile, /home/vatcraft/Desktop/FET/ELT3240/Lab3/ex3/Core/Inc/stm32f4xx_hal_conf.h_save
2026-04-01 21:24:49,260 [INFO] CodeEngine:343 - Generated code: /home/vatcraft/Desktop/FET/ELT3240/Lab3/ex3/Core/Inc/stm32f4xx_hal_conf.h
2026-04-01 21:24:49,313 [INFO] ApiDbMcu:508 - Load IP Config File for USART2
2026-04-01 21:24:49,322 [INFO] ApiDbMcu:508 - Load IP Config File for RCC
2026-04-01 21:24:49,325 [INFO] CodeEngine:263 - oldGeneratedFile, /home/vatcraft/Desktop/FET/ELT3240/Lab3/ex3/Core/Inc/main.h_save
2026-04-01 21:24:49,444 [INFO] CodeEngine:287 - Generated code: /home/vatcraft/Desktop/FET/ELT3240/Lab3/ex3/Core/Inc/main.h
2026-04-01 21:24:49,446 [INFO] CodeEngine:263 - oldGeneratedFile, /home/vatcraft/Desktop/FET/ELT3240/Lab3/ex3/Core/Src/main.c_save
2026-04-01 21:24:49,570 [INFO] CodeEngine:287 - Generated code: /home/vatcraft/Desktop/FET/ELT3240/Lab3/ex3/Core/Src/main.c
2026-04-01 21:24:49,838 [INFO] ProjectBuilder:3324 - Time for Copy HAL[1] : 19mS.
2026-04-01 21:24:49,840 [INFO] ProjectBuilder:4912 - Project Generator version: 4.6.0.1-B1
2026-04-01 21:24:49,942 [INFO] ConfigFileManager:1590 - The Die is : DIE433
2026-04-01 21:24:49,953 [INFO] ApiDbMcu:508 - Load IP Config File for FATFS
2026-04-01 21:24:49,985 [INFO] ApiDbMcu:508 - Load IP Config File for FREERTOS
2026-04-01 21:24:49,989 [INFO] ApiDbMcu:508 - Load IP Config File for LIBJPEG
2026-04-01 21:24:50,038 [INFO] ApiDbMcu:508 - Load IP Config File for MBEDTLS
2026-04-01 21:24:50,083 [INFO] ApiDbMcu:508 - Load IP Config File for USB_DEVICE
2026-04-01 21:24:50,093 [INFO] ApiDbMcu:508 - Load IP Config File for USB_HOST
2026-04-01 21:24:52,287 [INFO] ProjectBuilder:5191 - Time for Generating toolchain IDE Files: 2447mS.
2026-04-01 21:24:52,287 [INFO] ProjectBuilder:3181 - Time for Copy CMSIS : 0mS.
2026-04-01 21:24:52,288 [INFO] ProjectBuilder:3181 - Time for Copy CMSIS : 0mS.
2026-04-01 21:24:52,592 [INFO] McuFinderGlobals:76 - Set McuFinderConnectedMode to true
2026-04-01 21:24:52,594 [INFO] ApiDb:448 - Save user favorites file /home/vatcraft/.stm32cubeide/favorites.mcus.txt: 0 item(s)
2026-04-01 21:24:52,595 [INFO] ApiDb:452 - User favorites MCUs=[]
2026-04-01 21:24:52,597 [INFO] ApiDb:448 - Save user favorites file /home/vatcraft/.stm32cubeide/favorites.boards.txt: 0 item(s)
2026-04-01 21:24:52,597 [INFO] ApiDb:452 - User favorites Boards=[]
