2026-03-11 15:25:16,193 [INFO] Activator:176 - 


2026-03-11 15:25:16,195 [INFO] Activator:177 - !SESSION log4j initialized
2026-03-11 15:25:18,367 [INFO] LogOutputStream:77 - [STDOUT_REDIRECT] 
2026-03-11 15:25:20,665 [INFO] ApplicationProperties:184 - Using Application install path: /opt/st/stm32cubeide_1.18.1/plugins/com.st.stm32cube.common.mx_6.14.1.202504091515
2026-03-11 15:25:20,684 [INFO] DbMcusXml:78 - Set database path to: /opt/st/stm32cubeide_1.18.1/plugins/com.st.stm32cube.common.mx_6.14.1.202504091515//db//mcu/
2026-03-11 15:25:20,684 [INFO] ApiDb:274 - Set plugin database path to: /opt/st/stm32cubeide_1.18.1/plugins/com.st.stm32cube.common.mx_6.14.1.202504091515//db//plugins/boardmanager/
2026-03-11 15:25:20,685 [WARN] ApiDb:259 - Overriding images path with different value:  => /opt/st/stm32cubeide_1.18.1/plugins/com.st.stm32cube.common.mx_6.14.1.202504091515//db//plugins/mcufinder/images/
2026-03-11 15:25:20,690 [INFO] ApiDb:250 - Set database path to: /home/vatcraft/.stmcufinder/plugins/mcufinder//mcu/
2026-03-11 15:25:20,691 [INFO] DbMcusAds:125 - Set database path to: /home/vatcraft/.stmcufinder/plugins/mcufinder//mcu/
2026-03-11 15:25:20,694 [INFO] CrossReferenceDbSqlite:203 - Set database path to: /home/vatcraft/.stmcufinder/plugins/mcufinder//mcu/cs/
2026-03-11 15:25:20,854 [INFO] RulesReader:64 - Compatibility file has been processed (302 Rules)
2026-03-11 15:25:20,917 [INFO] DbMcusXml:78 - Set database path to: /opt/st/stm32cubeide_1.18.1/plugins/com.st.stm32cube.common.mx_6.14.1.202504091515//db//mcu/
2026-03-11 15:25:20,917 [INFO] ApiDb:274 - Set plugin database path to: /opt/st/stm32cubeide_1.18.1/plugins/com.st.stm32cube.common.mx_6.14.1.202504091515//db//plugins/boardmanager/
2026-03-11 15:25:20,918 [INFO] ApiDb:261 - Set plugin images path to: /opt/st/stm32cubeide_1.18.1/plugins/com.st.stm32cube.common.mx_6.14.1.202504091515//db//plugins/mcufinder/images/
2026-03-11 15:25:20,918 [WARN] DbFile:41 - Overriding database path with different value: /home/vatcraft/.stmcufinder/plugins/mcufinder/ => /home/vatcraft/.stmcufinder/plugins/mcufinder
2026-03-11 15:25:20,918 [INFO] ApiDb:250 - Set database path to: /home/vatcraft/.stmcufinder/plugins/mcufinder//mcu/
2026-03-11 15:25:20,918 [WARN] DbFile:41 - Overriding database path with different value: /home/vatcraft/.stmcufinder/plugins/mcufinder/ => /home/vatcraft/.stmcufinder/plugins/mcufinder
2026-03-11 15:25:20,918 [INFO] DbMcusAds:125 - Set database path to: /home/vatcraft/.stmcufinder/plugins/mcufinder//mcu/
2026-03-11 15:25:20,918 [WARN] DbFile:41 - Overriding database path with different value: /home/vatcraft/.stmcufinder/plugins/mcufinder/ => /home/vatcraft/.stmcufinder/plugins/mcufinder
2026-03-11 15:25:20,919 [WARN] DbFile:41 - Overriding database path with different value: /home/vatcraft/.stmcufinder/plugins/mcufinder/ => /home/vatcraft/.stmcufinder/plugins/mcufinder
2026-03-11 15:25:20,919 [INFO] CrossReferenceDbSqlite:203 - Set database path to: /home/vatcraft/.stmcufinder/plugins/mcufinder//mcu/cs/
2026-03-11 15:25:20,982 [INFO] MainPanel:272 - HeapMemory: 268435456
2026-03-11 15:25:21,122 [INFO] DbMcusXml:78 - Set database path to: /opt/st/stm32cubeide_1.18.1/plugins/com.st.stm32cube.common.mx_6.14.1.202504091515//db//mcu/
2026-03-11 15:25:21,122 [INFO] ApiDb:274 - Set plugin database path to: /opt/st/stm32cubeide_1.18.1/plugins/com.st.stm32cube.common.mx_6.14.1.202504091515//db//plugins/boardmanager/
2026-03-11 15:25:21,123 [INFO] ApiDb:261 - Set plugin images path to: /opt/st/stm32cubeide_1.18.1/plugins/com.st.stm32cube.common.mx_6.14.1.202504091515//db//plugins/mcufinder/images/
2026-03-11 15:25:21,123 [WARN] DbFile:41 - Overriding database path with different value: /home/vatcraft/.stmcufinder/plugins/mcufinder/ => /home/vatcraft/.stmcufinder/plugins/mcufinder
2026-03-11 15:25:21,123 [INFO] ApiDb:250 - Set database path to: /home/vatcraft/.stmcufinder/plugins/mcufinder//mcu/
2026-03-11 15:25:21,123 [WARN] DbFile:41 - Overriding database path with different value: /home/vatcraft/.stmcufinder/plugins/mcufinder/ => /home/vatcraft/.stmcufinder/plugins/mcufinder
2026-03-11 15:25:21,123 [INFO] DbMcusAds:125 - Set database path to: /home/vatcraft/.stmcufinder/plugins/mcufinder//mcu/
2026-03-11 15:25:21,123 [WARN] DbFile:41 - Overriding database path with different value: /home/vatcraft/.stmcufinder/plugins/mcufinder/ => /home/vatcraft/.stmcufinder/plugins/mcufinder
2026-03-11 15:25:21,124 [WARN] DbFile:41 - Overriding database path with different value: /home/vatcraft/.stmcufinder/plugins/mcufinder/ => /home/vatcraft/.stmcufinder/plugins/mcufinder
2026-03-11 15:25:21,124 [INFO] CrossReferenceDbSqlite:203 - Set database path to: /home/vatcraft/.stmcufinder/plugins/mcufinder//mcu/cs/
2026-03-11 15:25:21,143 [INFO] ApplicationProperties:184 - Using Application install path: /opt/st/stm32cubeide_1.18.1/plugins/com.st.stm32cube.common.mx_6.14.1.202504091515
2026-03-11 15:25:21,145 [INFO] PluginManage:196 - Search for loadable plugins [exclusion list=, ]
2026-03-11 15:25:21,146 [INFO] PluginManage:310 - Check plugin analytics
2026-03-11 15:25:21,331 [INFO] AnalyticsPlugin:253 - Accepted Software Licenses: 
2026-03-11 15:25:21,332 [INFO] AnalyticsPlugin:255 - Accepted CMSIS Pack Licenses: 
2026-03-11 15:25:21,332 [INFO] AnalyticsPlugin:257 - Accepted Firmware Licenses: FW.F4.1.28.0
2026-03-11 15:25:21,335 [INFO] PluginManage:359 - Loaded plugin analytics (category:tool,tabindex:-1)
2026-03-11 15:25:21,336 [INFO] PluginManage:310 - Check plugin cadmodel
2026-03-11 15:25:21,343 [INFO] CADModel:105 - Init CAD model plugin
2026-03-11 15:25:21,343 [INFO] PluginManage:359 - Loaded plugin cadmodel (category:power,tabindex:5)
2026-03-11 15:25:21,344 [INFO] PluginManage:310 - Check plugin clock
2026-03-11 15:25:21,353 [INFO] PluginManage:359 - Loaded plugin clock (category:base,tabindex:2)
2026-03-11 15:25:21,353 [INFO] PluginManage:310 - Check plugin ddr
2026-03-11 15:25:21,356 [INFO] PluginManage:359 - Loaded plugin ddr (category:tool,tabindex:6)
2026-03-11 15:25:21,357 [INFO] PluginManage:310 - Check plugin filemanager
2026-03-11 15:25:21,511 [INFO] PluginManage:359 - Loaded plugin filemanager (category:base,tabindex:10)
2026-03-11 15:25:21,512 [INFO] PluginManage:310 - Check plugin ipmanager
2026-03-11 15:25:21,517 [INFO] PluginManage:359 - Loaded plugin ipmanager (category:base,tabindex:5)
2026-03-11 15:25:21,518 [INFO] PluginManage:310 - Check plugin lpbam
2026-03-11 15:25:21,528 [INFO] PluginManage:359 - Loaded plugin lpbam (category:base,tabindex:0)
2026-03-11 15:25:21,528 [INFO] PluginManage:310 - Check plugin memorymap
2026-03-11 15:25:21,541 [INFO] PluginManage:359 - Loaded plugin memorymap (category:base,tabindex:4)
2026-03-11 15:25:21,541 [INFO] PluginManage:310 - Check plugin pinoutandconfiguration
2026-03-11 15:25:21,550 [INFO] PluginManage:359 - Loaded plugin pinoutandconfiguration (category:base,tabindex:1)
2026-03-11 15:25:21,551 [INFO] PluginManage:310 - Check plugin pinoutconfig
2026-03-11 15:25:21,711 [WARN] SupportedApi:132 - Cannot load RTOS API schema: s4s-elt-must-match.1: The content of 'definitions' must match (annotation?, (simpleType | complexType)?, (unique | key | keyref)*)). A problem was found starting at: attribute.
2026-03-11 15:25:21,981 [INFO] PluginManage:359 - Loaded plugin pinoutconfig (category:base,tabindex:0)
2026-03-11 15:25:21,981 [INFO] PluginManage:310 - Check plugin power
2026-03-11 15:25:22,002 [INFO] PluginManage:359 - Loaded plugin power (category:power,tabindex:4)
2026-03-11 15:25:22,002 [INFO] PluginManage:310 - Check plugin projectmanager
2026-03-11 15:25:22,053 [INFO] PluginManage:359 - Loaded plugin projectmanager (category:projectmanager,tabindex:4)
2026-03-11 15:25:22,056 [INFO] PluginManage:310 - Check plugin rif
2026-03-11 15:25:22,070 [INFO] PluginManage:359 - Loaded plugin rif (category:base,tabindex:3)
2026-03-11 15:25:22,071 [INFO] PluginManage:310 - Check plugin thirdparty
2026-03-11 15:25:22,228 [INFO] PluginManage:359 - Loaded plugin thirdparty (category:base,tabindex:-1)
2026-03-11 15:25:22,228 [INFO] PluginManage:310 - Check plugin tools
2026-03-11 15:25:22,227 [WARN] IntegrityCheckThread:84 - waiting for thirdparty lock release [integrity check]
2026-03-11 15:25:22,228 [INFO] IntegrityCheckThread:86 - entering critical section [integrity check]
2026-03-11 15:25:22,229 [INFO] ThirdPartyUpdaterWithRetryManager:70 - Updater plugin not ready yet. [1/15]
2026-03-11 15:25:22,230 [INFO] PluginManage:359 - Loaded plugin tools (category:base,tabindex:7)
2026-03-11 15:25:22,231 [INFO] PluginManage:310 - Check plugin tutovideos
2026-03-11 15:25:22,375 [INFO] PluginManage:359 - Loaded plugin tutovideos (category:base,tabindex:-1)
2026-03-11 15:25:22,376 [INFO] PluginManage:310 - Check plugin updater
2026-03-11 15:25:22,402 [INFO] PluginManage:359 - Loaded plugin updater (category:base,tabindex:12)
2026-03-11 15:25:22,403 [INFO] PluginManage:310 - Check plugin userauth
2026-03-11 15:25:22,407 [INFO] UserAuth:118 - Init User Auth plugin
2026-03-11 15:25:22,408 [INFO] PluginManage:359 - Loaded plugin userauth (category:base,tabindex:14)
2026-03-11 15:25:22,409 [INFO] PluginManage:283 - PluginManage : Loaded plugins [18]
2026-03-11 15:25:22,722 [INFO] PinOutPanel:1589 - setPackage(No Configuration,No Configuration)
2026-03-11 15:25:22,821 [INFO] CADModel:165 - CPN selected for project level
2026-03-11 15:25:22,821 [INFO] CADModel:114 - Register for checkConnection events
2026-03-11 15:25:22,836 [INFO] IPUIPlugin:80 - create IPUIPlugin
2026-03-11 15:25:22,836 [INFO] PluginManager:220 - loadIPPluginJar : add openamp
2026-03-11 15:25:22,844 [INFO] IPUIPlugin:80 - create IPUIPlugin
2026-03-11 15:25:22,846 [INFO] PluginManager:220 - loadIPPluginJar : add pdm2pcm
2026-03-11 15:25:22,851 [INFO] IPUIPlugin:80 - create IPUIPlugin
2026-03-11 15:25:22,853 [INFO] PluginManager:220 - loadIPPluginJar : add touchsensing
2026-03-11 15:25:22,864 [INFO] IPUIPlugin:80 - create IPUIPlugin
2026-03-11 15:25:22,868 [INFO] PluginManager:220 - loadIPPluginJar : add plateformsettings
2026-03-11 15:25:22,876 [INFO] IPUIPlugin:80 - create IPUIPlugin
2026-03-11 15:25:22,877 [INFO] PluginManager:220 - loadIPPluginJar : add resmgrutility
2026-03-11 15:25:22,887 [INFO] IPUIPlugin:80 - create IPUIPlugin
2026-03-11 15:25:22,887 [INFO] PluginManager:220 - loadIPPluginJar : add gic
2026-03-11 15:25:22,889 [INFO] IPUIPlugin:80 - create IPUIPlugin
2026-03-11 15:25:22,890 [INFO] PluginManager:220 - loadIPPluginJar : add genericplugin
2026-03-11 15:25:22,893 [INFO] IPUIPlugin:80 - create IPUIPlugin
2026-03-11 15:25:22,897 [INFO] PluginManager:220 - loadIPPluginJar : add tracer_emb
2026-03-11 15:25:22,901 [INFO] IPUIPlugin:80 - create IPUIPlugin
2026-03-11 15:25:22,901 [INFO] PluginManager:220 - loadIPPluginJar : add extmemmanager
2026-03-11 15:25:22,905 [INFO] IPUIPlugin:80 - create IPUIPlugin
2026-03-11 15:25:22,905 [INFO] PluginManager:220 - loadIPPluginJar : add spi
2026-03-11 15:25:22,916 [INFO] IPUIPlugin:80 - create IPUIPlugin
2026-03-11 15:25:22,916 [INFO] PluginManager:220 - loadIPPluginJar : add linkedlist
2026-03-11 15:25:22,919 [INFO] IPUIPlugin:80 - create IPUIPlugin
2026-03-11 15:25:22,919 [INFO] PluginManager:220 - loadIPPluginJar : add ucpd
2026-03-11 15:25:22,923 [INFO] IPUIPlugin:80 - create IPUIPlugin
2026-03-11 15:25:22,923 [INFO] PluginManager:220 - loadIPPluginJar : add i3c
2026-03-11 15:25:22,927 [INFO] IPUIPlugin:80 - create IPUIPlugin
2026-03-11 15:25:22,927 [INFO] PluginManager:220 - loadIPPluginJar : add hash
2026-03-11 15:25:22,935 [INFO] IPUIPlugin:80 - create IPUIPlugin
2026-03-11 15:25:22,935 [INFO] PluginManager:220 - loadIPPluginJar : add nvic
2026-03-11 15:25:22,939 [INFO] IPUIPlugin:80 - create IPUIPlugin
2026-03-11 15:25:22,939 [INFO] PluginManager:220 - loadIPPluginJar : add usbx
2026-03-11 15:25:22,942 [INFO] IPUIPlugin:80 - create IPUIPlugin
2026-03-11 15:25:22,943 [INFO] PluginManager:220 - loadIPPluginJar : add cryp
2026-03-11 15:25:22,945 [INFO] IPUIPlugin:80 - create IPUIPlugin
2026-03-11 15:25:22,945 [INFO] PluginManager:220 - loadIPPluginJar : add quadspi
2026-03-11 15:25:22,948 [INFO] IPUIPlugin:80 - create IPUIPlugin
2026-03-11 15:25:22,949 [INFO] PluginManager:220 - loadIPPluginJar : add ts
2026-03-11 15:25:22,953 [INFO] IPUIPlugin:80 - create IPUIPlugin
2026-03-11 15:25:22,953 [INFO] PluginManager:220 - loadIPPluginJar : add i2c
2026-03-11 15:25:22,957 [INFO] IPUIPlugin:80 - create IPUIPlugin
2026-03-11 15:25:22,957 [INFO] PluginManager:220 - loadIPPluginJar : add ipddr
2026-03-11 15:25:22,960 [INFO] IPUIPlugin:80 - create IPUIPlugin
2026-03-11 15:25:22,961 [INFO] PluginManager:220 - loadIPPluginJar : add aes
2026-03-11 15:25:22,965 [INFO] IPUIPlugin:80 - create IPUIPlugin
2026-03-11 15:25:22,966 [INFO] PluginManager:220 - loadIPPluginJar : add sai
2026-03-11 15:25:22,970 [INFO] IPUIPlugin:80 - create IPUIPlugin
2026-03-11 15:25:22,970 [INFO] PluginManager:220 - loadIPPluginJar : add dma3
2026-03-11 15:25:22,974 [INFO] IPUIPlugin:80 - create IPUIPlugin
2026-03-11 15:25:22,977 [INFO] PluginManager:220 - loadIPPluginJar : add lorawan
2026-03-11 15:25:22,982 [INFO] IPUIPlugin:80 - create IPUIPlugin
2026-03-11 15:25:22,983 [INFO] PluginManager:220 - loadIPPluginJar : add dfsdm
2026-03-11 15:25:22,987 [INFO] IPUIPlugin:80 - create IPUIPlugin
2026-03-11 15:25:22,988 [INFO] PluginManager:220 - loadIPPluginJar : add gtzc
2026-03-11 15:25:22,994 [INFO] IPUIPlugin:80 - create IPUIPlugin
2026-03-11 15:25:22,995 [INFO] PluginManager:220 - loadIPPluginJar : add can
2026-03-11 15:25:23,004 [INFO] IPUIPlugin:80 - create IPUIPlugin
2026-03-11 15:25:23,004 [INFO] PluginManager:220 - loadIPPluginJar : add freertos
2026-03-11 15:25:23,011 [INFO] IPUIPlugin:80 - create IPUIPlugin
2026-03-11 15:25:23,011 [INFO] PluginManager:220 - loadIPPluginJar : add usart
2026-03-11 15:25:23,019 [INFO] IPUIPlugin:80 - create IPUIPlugin
2026-03-11 15:25:23,019 [INFO] PluginManager:220 - loadIPPluginJar : add fmc
2026-03-11 15:25:23,025 [INFO] IPUIPlugin:80 - create IPUIPlugin
2026-03-11 15:25:23,025 [INFO] PluginManager:220 - loadIPPluginJar : add gpio
2026-03-11 15:25:23,029 [INFO] IPUIPlugin:80 - create IPUIPlugin
2026-03-11 15:25:23,029 [INFO] PluginManager:220 - loadIPPluginJar : add i2s
2026-03-11 15:25:23,039 [INFO] IPUIPlugin:80 - create IPUIPlugin
2026-03-11 15:25:23,039 [INFO] PluginManager:220 - loadIPPluginJar : add mdma
2026-03-11 15:25:23,044 [INFO] IPUIPlugin:80 - create IPUIPlugin
2026-03-11 15:25:23,045 [INFO] PluginManager:220 - loadIPPluginJar : add ltdc
2026-03-11 15:25:23,049 [INFO] IPUIPlugin:80 - create IPUIPlugin
2026-03-11 15:25:23,049 [INFO] PluginManager:220 - loadIPPluginJar : add opamp
2026-03-11 15:25:23,056 [INFO] IPUIPlugin:80 - create IPUIPlugin
2026-03-11 15:25:23,057 [INFO] PluginManager:220 - loadIPPluginJar : add adc
2026-03-11 15:25:23,062 [INFO] IPUIPlugin:80 - create IPUIPlugin
2026-03-11 15:25:23,063 [INFO] PluginManager:220 - loadIPPluginJar : add ddr_ctrl_phy
2026-03-11 15:25:23,072 [INFO] IPUIPlugin:80 - create IPUIPlugin
2026-03-11 15:25:23,072 [INFO] PluginManager:220 - loadIPPluginJar : add stm32_wpan
2026-03-11 15:25:23,084 [INFO] IPUIPlugin:80 - create IPUIPlugin
2026-03-11 15:25:23,085 [INFO] PluginManager:220 - loadIPPluginJar : add dma
2026-03-11 15:25:23,087 [INFO] IPUIPlugin:80 - create IPUIPlugin
2026-03-11 15:25:23,087 [INFO] PluginManager:220 - loadIPPluginJar : add tsc
2026-03-11 15:25:23,089 [INFO] IPUIPlugin:80 - create IPUIPlugin
2026-03-11 15:25:23,090 [INFO] PluginManager:220 - loadIPPluginJar : add comp
2026-03-11 15:25:23,092 [INFO] IPUIPlugin:80 - create IPUIPlugin
2026-03-11 15:25:23,092 [INFO] PluginManager:220 - loadIPPluginJar : add fatfs
2026-03-11 15:25:23,095 [INFO] IPUIPlugin:80 - create IPUIPlugin
2026-03-11 15:25:23,095 [INFO] PluginManager:220 - loadIPPluginJar : add tim
2026-03-11 15:25:23,102 [INFO] IPUIPlugin:80 - create IPUIPlugin
2026-03-11 15:25:23,102 [INFO] PluginManager:220 - loadIPPluginJar : add gfxmmu
2026-03-11 15:25:23,104 [INFO] IPUIPlugin:80 - create IPUIPlugin
2026-03-11 15:25:23,105 [INFO] PluginManager:220 - loadIPPluginJar : add radio
2026-03-11 15:25:23,249 [FATAL] Updater:351 - Updater called before beeing initialized
2026-03-11 15:25:23,290 [INFO] RulesReader:64 - Compatibility file has been processed (302 Rules)
2026-03-11 15:25:23,318 [INFO] RulesReader:64 - Compatibility file has been processed (302 Rules)
2026-03-11 15:25:23,330 [INFO] CADModel:165 - CPN selected for project level
2026-03-11 15:25:23,331 [INFO] CADModel:114 - Register for checkConnection events
2026-03-11 15:25:23,331 [FATAL] Updater:351 - Updater called before beeing initialized
2026-03-11 15:25:23,331 [ERROR] CADModel:125 - Updater not yet initialized, retry later 
2026-03-11 15:25:23,519 [FATAL] Updater:351 - Updater called before beeing initialized
2026-03-11 15:25:23,521 [INFO] CADModel:165 - CPN selected for project level
2026-03-11 15:25:23,521 [INFO] CADModel:114 - Register for checkConnection events
2026-03-11 15:25:23,522 [FATAL] Updater:351 - Updater called before beeing initialized
2026-03-11 15:25:23,522 [ERROR] CADModel:125 - Updater not yet initialized, retry later 
2026-03-11 15:25:23,529 [FATAL] Updater:351 - Updater called before beeing initialized
2026-03-11 15:25:23,666 [FATAL] Updater:351 - Updater called before beeing initialized
2026-03-11 15:25:23,671 [INFO] DbMcusAds:53 - JSON generation date=Thu Mar 05 21:32:53 ICT 2026 (1772721173054)
2026-03-11 15:25:23,672 [FATAL] Updater:351 - Updater called before beeing initialized
2026-03-11 15:25:23,712 [WARN] DetailPanel:346 - Failed to get advertising image, set to default
2026-03-11 15:25:23,999 [FATAL] Updater:351 - Updater called before beeing initialized
2026-03-11 15:25:24,001 [FATAL] Updater:351 - Updater called before beeing initialized
2026-03-11 15:25:24,001 [FATAL] Updater:351 - Updater called before beeing initialized
2026-03-11 15:25:24,001 [WARN] DetailPanel:346 - Failed to get advertising image, set to default
2026-03-11 15:25:24,002 [FATAL] Updater:351 - Updater called before beeing initialized
2026-03-11 15:25:24,059 [ERROR] Updater:1198 - MainUpdater not yet initialized. External WinMGr cannot be set.
2026-03-11 15:25:24,062 [INFO] Updater:1134 - Updater Version found : 6.14.1
2026-03-11 15:25:24,084 [INFO] ApplicationProperties:184 - Using Application install path: /opt/st/stm32cubeide_1.18.1/plugins/com.st.stm32cube.common.mx_6.14.1.202504091515
2026-03-11 15:25:24,501 [INFO] MainUpdater:2872 - connection check result : 10
2026-03-11 15:25:24,503 [INFO] MainUpdater:289 - Updater Check For Update Now.
2026-03-11 15:25:24,504 [INFO] MicroXplorer:498 - Change Database Version : DB.6.0.141
2026-03-11 15:25:24,519 [INFO] McuFinderGlobals:63 - Set McuFinder mode to 2 (CubeIDE integrated)
2026-03-11 15:25:24,521 [INFO] UserAuth:484 - Internet connection configuration mode: 1
2026-03-11 15:25:24,583 [INFO] JxBrowserEngine:152 - Initiate JxBrowser Engine with user profile folder
2026-03-11 15:25:24,825 [INFO] CheckServerUpdateThread:120 - End of CheckServer Thread
2026-03-11 15:25:25,635 [WARN] PackLoader:240 - Cannot read IP mode file for STMicroelectronics.X-CUBE-AZRTOS-H7.3.5.0
2026-03-11 15:25:25,683 [WARN] PackLoader:240 - Cannot read IP mode file for STMicroelectronics.FP-ATR-ASTRA1.2.0.2
2026-03-11 15:25:25,699 [WARN] PackLoader:240 - Cannot read IP mode file for STMicroelectronics.X-CUBE-SMBUS.2.1.0
2026-03-11 15:25:25,788 [WARN] PackLoader:240 - Cannot read IP mode file for STMicroelectronics.X-CUBE-AZRTOS-F7.1.1.0
2026-03-11 15:25:25,834 [ERROR] Engine:466 - /home/vatcraft/.stm32cubemx/thirdparties/pdsc/STMicroelectronics.FP-SNS-MOTENV1.5.1.0.pdsc: PDSC version is not supported
2026-03-11 15:25:25,851 [ERROR] Engine:466 - /home/vatcraft/.stm32cubemx/thirdparties/pdsc/WES.I-CUBE-Cesium.1.4.0.pdsc: PDSC version is not supported
2026-03-11 15:25:25,865 [WARN] PackLoader:240 - Cannot read IP mode file for STMicroelectronics.X-CUBE-DISPLAY.3.0.0
2026-03-11 15:25:25,887 [ERROR] Engine:466 - /home/vatcraft/.stm32cubemx/thirdparties/pdsc/STMicroelectronics.FP-SNS-MOTENVWB1.1.5.0.pdsc: PDSC version is not supported
2026-03-11 15:25:25,903 [WARN] PackLoader:240 - Cannot read IP mode file for STMicroelectronics.X-CUBE-NFC10.1.0.0
2026-03-11 15:25:25,923 [WARN] PackLoader:240 - Cannot read IP mode file for STMicroelectronics.X-CUBE-ST60.1.1.0
2026-03-11 15:25:25,946 [WARN] PackLoader:240 - Cannot read IP mode file for emotas.I-CUBE-CANOPEN.1.3.0
2026-03-11 15:25:25,972 [WARN] PackLoader:240 - Cannot read IP mode file for STMicroelectronics.X-CUBE-GNSS1.7.1.0
2026-03-11 15:25:25,997 [ERROR] Engine:466 - /home/vatcraft/.stm32cubemx/thirdparties/pdsc/STMicroelectronics.FP-SNS-STBOX1.2.1.0.pdsc: PDSC version is not supported
2026-03-11 15:25:26,005 [WARN] PackLoader:240 - Cannot read IP mode file for STMicroelectronics.FP-SNS-SMARTAG2.1.2.0
2026-03-11 15:25:26,012 [WARN] PackLoader:240 - Cannot read IP mode file for STMicroelectronics.FP-SNS-FLIGHT1.5.1.0
2026-03-11 15:25:26,034 [INFO] LogOutputStream:77 - [STDOUT_REDIRECT] 1 : Invalid condition id : UX_CORESTACK_Condition cause : null
2026-03-11 15:25:26,035 [INFO] LogOutputStream:77 - [STDOUT_REDIRECT] 1 : Invalid condition id : UX_CORESTACK_Condition cause : null
2026-03-11 15:25:26,035 [INFO] LogOutputStream:77 - [STDOUT_REDIRECT] 1 : Invalid condition id : UX_CORESTACK_Condition cause : null
2026-03-11 15:25:26,036 [INFO] LogOutputStream:77 - [STDOUT_REDIRECT] 1 : Invalid condition id : UX_CORESTACK_Condition cause : null
2026-03-11 15:25:26,036 [INFO] LogOutputStream:77 - [STDOUT_REDIRECT] 1 : Invalid condition id : UX_CORESTACK_Condition cause : null
2026-03-11 15:25:26,045 [WARN] PackLoader:240 - Cannot read IP mode file for STMicroelectronics.X-CUBE-AZRTOS-WL.2.0.0
2026-03-11 15:25:26,104 [WARN] PackLoader:240 - Cannot read IP mode file for STMicroelectronics.X-CUBE-AZRTOS-H7RS.1.2.0
2026-03-11 15:25:26,122 [WARN] PackLoader:240 - Cannot read IP mode file for STMicroelectronics.X-CUBE-BLE2.3.3.0
2026-03-11 15:25:26,243 [WARN] PackLoader:240 - Cannot read IP mode file for Infineon.AIROC-Wi-Fi-Bluetooth-STM32.1.8.0
2026-03-11 15:25:26,265 [WARN] PackLoader:240 - Cannot read IP mode file for STMicroelectronics.X-CUBE-NFC9.1.0.0
2026-03-11 15:25:26,276 [INFO] WebApp:169 - Instantiating new browser for Auth
2026-03-11 15:25:26,280 [WARN] PackLoader:240 - Cannot read IP mode file for STMicroelectronics.X-CUBE-BLE1.7.1.0
2026-03-11 15:25:26,286 [WARN] PackLoader:240 - Cannot read IP mode file for wolfSSL.I-CUBE-wolfMQTT.1.19.2
2026-03-11 15:25:26,295 [WARN] PackLoader:240 - Cannot read IP mode file for STMicroelectronics.X-CUBE-EEPRMA1.5.2.0
2026-03-11 15:25:26,306 [WARN] PackLoader:240 - Cannot read IP mode file for wolfSSL.I-CUBE-wolfSSL.5.8.4
2026-03-11 15:25:26,310 [WARN] PackLoader:240 - Cannot read IP mode file for Cesanta.I-CUBE-Mongoose.7.20.0
2026-03-11 15:25:26,384 [WARN] PackLoader:240 - Cannot read IP mode file for STMicroelectronics.X-CUBE-MEMS1.12.0.0
2026-03-11 15:25:26,734 [WARN] PackLoader:240 - Cannot read IP mode file for STMicroelectronics.X-CUBE-AZRTOS-G0.1.1.0
2026-03-11 15:25:26,754 [WARN] PackLoader:240 - Cannot read IP mode file for STMicroelectronics.X-CUBE-NFC4.3.0.0
2026-03-11 15:25:26,783 [WARN] PackLoader:240 - Cannot read IP mode file for EmbeddedOffice.I-CUBE-FS-RTOS.1.0.1
2026-03-11 15:25:26,797 [WARN] PackLoader:240 - Cannot read IP mode file for STMicroelectronics.X-CUBE-WB05N.2.0.0
2026-03-11 15:25:26,808 [WARN] PackLoader:240 - Cannot read IP mode file for wolfSSL.I-CUBE-wolfTPM.3.8.0
2026-03-11 15:25:26,825 [WARN] PackLoader:240 - Cannot read IP mode file for STMicroelectronics.X-CUBE-TCPP.4.2.0
2026-03-11 15:25:26,841 [WARN] PackLoader:240 - Cannot read IP mode file for RealThread.X-CUBE-RT-Thread_Nano.4.1.1
2026-03-11 15:25:26,852 [WARN] PackLoader:240 - Cannot read IP mode file for STMicroelectronics.FP-ATR-SIGFOX1.3.2.0
2026-03-11 15:25:26,864 [ERROR] Engine:466 - /home/vatcraft/.stm32cubemx/thirdparties/pdsc/STMicroelectronics.X-CUBE-FREERTOS.1.5.0.pdsc: PDSC version is not supported
2026-03-11 15:25:26,876 [WARN] PackLoader:240 - Cannot read IP mode file for ITTIA_DB.I-CUBE-ITTIADB.8.9.0
2026-03-11 15:25:26,893 [WARN] PackLoader:240 - Cannot read IP mode file for STMicroelectronics.X-CUBE-NFC6.3.2.0
2026-03-11 15:25:26,904 [WARN] PackLoader:240 - Cannot read IP mode file for STMicroelectronics.X-CUBE-AI.10.2.0
2026-03-11 15:25:26,992 [WARN] PackLoader:240 - Cannot read IP mode file for SEGGER.I-CUBE-embOS.1.3.1
2026-03-11 15:25:27,189 [WARN] PackLoader:240 - Cannot read IP mode file for STMicroelectronics.X-CUBE-ALGOBUILD.1.4.0
2026-03-11 15:25:27,199 [WARN] PackLoader:240 - Cannot read IP mode file for STMicroelectronics.X-CUBE-PM33A1.1.0.0
2026-03-11 15:25:27,219 [WARN] PackLoader:240 - Cannot read IP mode file for STMicroelectronics.X-CUBE-AZRTOS-F4.1.1.0
2026-03-11 15:25:27,229 [WARN] PackLoader:240 - Cannot read IP mode file for STMicroelectronics.X-CUBE-ISPU.2.1.0
2026-03-11 15:25:27,235 [ERROR] Engine:466 - /home/vatcraft/.stm32cubemx/thirdparties/pdsc/STMicroelectronics.X-CUBE-IPS.3.2.0.pdsc: PDSC version is not supported
2026-03-11 15:25:27,247 [WARN] PackLoader:240 - Cannot read IP mode file for STMicroelectronics.X-CUBE-NFC12.1.0.0
2026-03-11 15:25:27,272 [WARN] PackLoader:240 - Cannot read IP mode file for STMicroelectronics.X-CUBE-AZRTOS-L5.2.0.0
2026-03-11 15:25:27,282 [WARN] PackLoader:240 - Cannot read IP mode file for STMicroelectronics.X-CUBE-TOUCHGFX.4.26.1
2026-03-11 15:25:27,320 [WARN] PackLoader:240 - Cannot read IP mode file for STMicroelectronics.FP-SNS-STAIOTCFT.1.0.0
2026-03-11 15:25:27,339 [WARN] PackLoader:240 - Cannot read IP mode file for STMicroelectronics.X-CUBE-DPower.1.3.0
2026-03-11 15:25:27,391 [WARN] ConditionMgr:438 - getConditionDescription Invalid condition id : LAN8742 Phy interface Condition cause : null
2026-03-11 15:25:27,396 [WARN] PackLoader:240 - Cannot read IP mode file for STMicroelectronics.X-CUBE-AZRTOS-L4.2.0.0
2026-03-11 15:25:27,398 [WARN] ConditionMgr:1044 - genDependencies : Invalid condition id : LAN8742 Phy interface Condition cause : null
2026-03-11 15:25:27,401 [WARN] ConditionMgr:1044 - genDependencies : Invalid condition id : LAN8742 Phy interface Condition cause : null
2026-03-11 15:25:27,403 [WARN] ConditionMgr:1044 - genDependencies : Invalid condition id : LAN8742 Phy interface Condition cause : null
2026-03-11 15:25:27,417 [WARN] PackLoader:240 - Cannot read IP mode file for STMicroelectronics.X-CUBE-SFXS2LP1.4.0.0
2026-03-11 15:25:27,423 [ERROR] Engine:466 - /home/vatcraft/.stm32cubemx/thirdparties/pdsc/STMicroelectronics.X-CUBE-ST67W61.1.2.0.pdsc: PDSC version is not supported
2026-03-11 15:25:27,435 [WARN] PackLoader:240 - Cannot read IP mode file for STMicroelectronics.X-CUBE-BLEMGR.4.1.0
2026-03-11 15:25:27,454 [WARN] ConditionMgr:438 - getConditionDescription Invalid condition id : UX DEVICE CLASS RTOS Condition cause : null
2026-03-11 15:25:27,454 [WARN] ConditionMgr:438 - getConditionDescription Invalid condition id : UX DEVICE CLASS RTOS Condition cause : null
2026-03-11 15:25:27,457 [WARN] PackLoader:240 - Cannot read IP mode file for STMicroelectronics.X-CUBE-AZRTOS-WB.2.0.0
2026-03-11 15:25:27,458 [WARN] ConditionMgr:1044 - genDependencies : Invalid condition id : UX DEVICE CLASS RTOS Condition cause : null
2026-03-11 15:25:27,458 [WARN] ConditionMgr:1044 - genDependencies : Invalid condition id : UX DEVICE CLASS RTOS Condition cause : null
2026-03-11 15:25:27,458 [WARN] ConditionMgr:1044 - genDependencies : Invalid condition id : UX DEVICE CLASS RTOS Condition cause : null
2026-03-11 15:25:27,459 [WARN] ConditionMgr:1044 - genDependencies : Invalid condition id : UX DEVICE CLASS RTOS Condition cause : null
2026-03-11 15:25:27,459 [WARN] ConditionMgr:1044 - genDependencies : Invalid condition id : UX DEVICE CLASS RTOS Condition cause : null
2026-03-11 15:25:27,463 [WARN] ConditionMgr:438 - getConditionDescription Invalid condition id : Cortex-A Device cause : null
2026-03-11 15:25:27,481 [WARN] ConditionMgr:1044 - genDependencies : Invalid condition id : Cortex-A Device cause : null
2026-03-11 15:25:27,481 [WARN] ConditionMgr:1044 - genDependencies : Invalid condition id : Cortex-A Device cause : null
2026-03-11 15:25:27,481 [WARN] ConditionMgr:1044 - genDependencies : Invalid condition id : Cortex-A Device cause : null
2026-03-11 15:25:27,497 [WARN] PackLoader:240 - Cannot read IP mode file for STMicroelectronics.X-CUBE-STSE01.2.0.0
2026-03-11 15:25:27,522 [WARN] PackLoader:240 - Cannot read IP mode file for STMicroelectronics.X-CUBE-SUBG2.5.0.0
2026-03-11 15:25:27,561 [WARN] PackLoader:240 - Cannot read IP mode file for STMicroelectronics.X-CUBE-AZRTOS-G4.2.0.0
2026-03-11 15:25:27,569 [WARN] PackLoader:240 - Cannot read IP mode file for wolfSSL.I-CUBE-wolfSSH.1.4.20
2026-03-11 15:25:27,575 [WARN] PackLoader:240 - Cannot read IP mode file for STMicroelectronics.X-CUBE-NFC7.2.0.0
2026-03-11 15:25:27,585 [WARN] PackLoader:240 - Cannot read IP mode file for STMicroelectronics.X-CUBE-ALS.1.0.2
2026-03-11 15:25:27,612 [WARN] PackLoader:240 - Cannot read IP mode file for STMicroelectronics.X-CUBE-TOF1.3.4.3
2026-03-11 15:25:27,640 [INFO] ThirdParty:978 - Integrity check success = true
2026-03-11 15:25:27,640 [INFO] IntegrityCheckThread:100 - exiting critical section [integrity check]
2026-03-11 15:25:27,640 [INFO] IntegrityCheckThread:103 - End integrity checks thread
2026-03-11 15:25:28,059 [INFO] WebApp:463 - Apply proxy settings
2026-03-11 15:25:28,060 [INFO] WebApp:548 - Chromium requires no authentication
2026-03-11 15:25:28,080 [INFO] WebApp:491 - Direct internet connection detected
2026-03-11 15:25:28,116 [INFO] WebApp:894 - Register for checkConnection events
2026-03-11 15:25:28,117 [INFO] WebApp:463 - Apply proxy settings
2026-03-11 15:25:28,117 [INFO] WebApp:548 - Chromium requires no authentication
2026-03-11 15:25:28,120 [INFO] WebApp:491 - Direct internet connection detected
2026-03-11 15:25:28,379 [INFO] WebApp:225 - Starting web application
2026-03-11 15:25:28,379 [INFO] WebApp:593 - Web application path used /opt/st/stm32cubeide_1.18.1/plugins/com.st.stm32cube.common.mx_6.14.1.202504091515/db/plugins/mcufinder/reactClient1/index.html
2026-03-11 15:25:28,426 [INFO] WebApp:191 - Connection restablished
2026-03-11 15:25:28,679 [INFO] UserAuth:484 - Internet connection configuration mode: 1
2026-03-11 15:25:30,999 [INFO] McuFinderGlobals:63 - Set McuFinder mode to 2 (CubeIDE integrated)
2026-03-11 15:25:31,001 [INFO] MainUpdater:2872 - connection check result : 10
2026-03-11 15:25:31,600 [INFO] ApiDb:581 - Connected to CubeFinder SQLite database (/home/vatcraft/.stmcufinder/plugins/mcufinder/mcu/cube-finder-db.db)
2026-03-11 15:25:31,694 [INFO] ApiDb:668 - CubeFinder database Data Model version=2.1
2026-03-11 15:25:31,695 [INFO] ApiDb:669 - CubeFinder database Configuration version=3.0.42
2026-03-11 15:25:31,695 [INFO] ApiDb:670 - CubeFinder database generation date=2026-02-13 (1770995876)
2026-03-11 15:25:31,695 [INFO] ApiDb:671 - CubeFinder database FW Pack versions=[FP-ATR-ASTRA1_V2.0.0, FP-SNS-FLIGHT1_V5.1.0, FP-SNS-MOTENV1_V5.1.0, FP-SNS-MOTENVWB1_V1.4.0, FP-SNS-SMARTAG2_V1.2.0, FP-SNS-STBOX1_V2.1.0, STM32Cube_FW_C0_V1.4.0, STM32Cube_FW_F4_V1.28.3, STM32Cube_FW_F7_V1.17.4, STM32Cube_FW_G0_V1.6.2, STM32Cube_FW_G4_V1.6.1, STM32Cube_FW_H5_V1.6.0, STM32Cube_FW_H7RS_V1.3.0, STM32Cube_FW_H7_V1.13.0, STM32Cube_FW_L0_V1.12.2, STM32Cube_FW_L4_V1.18.2, STM32Cube_FW_L5_V1.6.0, STM32Cube_FW_N6_V1.3.0, STM32Cube_FW_U0_V1.3.0, STM32Cube_FW_U3_V1.3.0, STM32Cube_FW_U5_V1.8.0, STM32Cube_FW_WB0_V1.4.0, STM32Cube_FW_WBA_V1.9.0, STM32Cube_FW_WB_V1.24.0, STM32Cube_FW_WL3_V1.4.0, STM32Cube_FW_WL_V1.5.0, X-CUBE-ALGOBUILD_V1.4.0, X-CUBE-ALS_V1.0.2, X-CUBE-AZRTOS-F4_V1.1.0, X-CUBE-AZRTOS-F7_V1.1.0, X-CUBE-AZRTOS-G0_V1.1.0, X-CUBE-AZRTOS-G4_V2.0.0, X-CUBE-AZRTOS-H7RS_V1.1.0, X-CUBE-AZRTOS-H7_V3.4.0, X-CUBE-AZRTOS-L4_V2.0.0, X-CUBE-AZRTOS-L5_V2.0.0, X-CUBE-AZRTOS-WB_V2.0.0, X-CUBE-AZRTOS-WL_V2.0.0, X-CUBE-BLE1_V7.1.0, X-CUBE-BLE2_V3.3.0, X-CUBE-BLEMGR_V4.1.0, X-CUBE-EEPRMA1_V5.2.0, X-CUBE-FREERTOS_V1.3.1, X-CUBE-GNSS1_V6.0.0, X-CUBE-MEMS1_V12.0.0, X-CUBE-NFC4_V3.0.0, X-CUBE-NFC7_V2.0.0, X-CUBE-SFXS2LP1_V4.0.0, X-CUBE-ST67W61_V1.1.0, X-CUBE-SUBG2_V5.0.0, X-CUBE-TOF1_V3.4.3]
2026-03-11 15:25:31,811 [INFO] DbBoardsSqlite:226 - include board P-NUCLEO-WB55-NUCLEO as a kit item of type 'Nucleo-64'
2026-03-11 15:25:31,812 [INFO] DbBoardsSqlite:226 - include board P-NUCLEO-WB55-USBDONGLE as a kit item of type 'Nucleo USB Dongle'
2026-03-11 15:25:31,812 [INFO] DbBoardsSqlite:226 - include board STEVAL-IDP005V1 as a kit item of type 'Evaluation Board'
2026-03-11 15:25:31,813 [INFO] DbBoardsSqlite:226 - include board STEVAL-IDP005V2 as a kit item of type 'Evaluation Board'
2026-03-11 15:25:31,943 [INFO] ApiDb:240 - Found 895 in-development CPN: [B-G473E-ZEST1S, B-WB1M-WPAN1, B-WBA5M-WPAN, B-WL5M-SUBG1, NUCLEO-C031C6, NUCLEO-C051C8, NUCLEO-C071RB, NUCLEO-C092RC, NUCLEO-H503RB, NUCLEO-H533RE, NUCLEO-H563ZI, NUCLEO-H7S3L8, NUCLEO-N657X0-Q, NUCLEO-U031R8, NUCLEO-U083RC, NUCLEO-U385RG-Q, NUCLEO-U545RE-Q, NUCLEO-U5A5ZJ-Q, NUCLEO-WB05KZ, NUCLEO-WB07CC, NUCLEO-WB09KE, NUCLEO-WBA52CG, NUCLEO-WBA55CG, NUCLEO-WBA65RI, NUCLEO-WL33CC1, NUCLEO-WL33CC2, STEVAL-PROTEUS1, STEVAL-SMARTAG2, STEVAL-STWINBX1, STM320518-EVAL, STM32C0116-DK, STM32C011D6Y3TR, STM32C011D6Y6TR, STM32C011F4P3, STM32C011F4P6, STM32C011F4U3, STM32C011F4U6TR, STM32C011F6P3, STM32C011F6P6, STM32C011F6U3, STM32C011F6U6TR, STM32C011J4M3, STM32C011J4M6, STM32C011J6M3, STM32C011J6M6, STM32C0316-DK, STM32C031C4T3, STM32C031C4T6, STM32C031C4U3, STM32C031C4U6, STM32C031C6T3, STM32C031C6T6, STM32C031C6U3, STM32C031C6U6, STM32C031F4P3, STM32C031F4P6, STM32C031F6P3, STM32C031F6P6, STM32C031G4U3, STM32C031G4U6, STM32C031G6U3, STM32C031G6U6, STM32C031K4T3, STM32C031K4T6, STM32C031K4U3, STM32C031K4U6, STM32C031K6T3, STM32C031K6T6, STM32C031K6U3, STM32C031K6U6, STM32C051C6T6, STM32C051C6U6, STM32C051C8T6, STM32C051C8U6, STM32C051D8Y6TR, STM32C051F6P6, STM32C051F8P6, STM32C051G6U6, STM32C051G8U6, STM32C051K6T6, STM32C051K6U6, STM32C051K8T6, STM32C071C8T6, STM32C071C8T6N, STM32C071C8U6, STM32C071C8U6N, STM32C071CBT6, STM32C071CBT6N, STM32C071CBU6, STM32C071CBU6N, STM32C071F8P6, STM32C071F8P6N, STM32C071FBP6, STM32C071FBP6N, STM32C071FBY6TR, STM32C071G8U6, STM32C071G8U6N, STM32C071GBU6, STM32C071GBU6N, STM32C071K8T6, STM32C071K8T6N, STM32C071K8U6, STM32C071K8U6N, STM32C071KBT6, STM32C071KBT6N, STM32C071KBU6, STM32C071KBU6N, STM32C071R8T6, STM32C071R8T6N, STM32C071RBI6N, STM32C071RBT6, STM32C071RBT6N, STM32C091CBT6, STM32C091CBU6, STM32C091CCT6, STM32C091CCU6, STM32C091ECY6TR, STM32C091FBP6, STM32C091FCP6, STM32C091GBU6, STM32C091GCU6, STM32C091KBT6, STM32C091KBU6, STM32C091KCT6, STM32C091KCU6, STM32C091RBT6, STM32C091RCI6, STM32C091RCT6, STM32C092CBT6, STM32C092CBU6, STM32C092CCT6, STM32C092CCU6, STM32C092ECY6TR, STM32C092FBP6, STM32C092FCP6, STM32C092GBU6, STM32C092GCU6, STM32C092KBT6, STM32C092KBU6, STM32C092KCT6, STM32C092KCU6, STM32C092RBT6, STM32C092RCI6, STM32C092RCT6, STM32G071K8TXN, STM32G071K8UXN, STM32G081GBU6N, STM32G081KBT6N, STM32G081KBUXN, STM32G0B1CCT6N, STM32G0B1KCT6, STM32G0B1NEY6TR, STM32G0B1RCT6N, STM32G0C1CCT6, STM32G0C1CCT6N, STM32G0C1CCU6N, STM32G0C1CET6N, STM32G0C1CEU6N, STM32G0C1KCT6, STM32G0C1NEY6TR, STM32G0C1RCI6N, STM32G0C1RCT6N, STM32G0C1REI6N, STM32G0C1RET6N, STM32G0C1VCI6, STM32G0C1VEI6, STM32G411C6T3, STM32G411C6T6, STM32G411C6U3, STM32G411C6U6, STM32G411C8T3, STM32G411C8T6, STM32G411C8U3, STM32G411C8U6, STM32G411CBT3, STM32G411CBT6, STM32G411CBU3, STM32G411CBU6, STM32G411CCT3, STM32G411CCT6, STM32G411CCU3, STM32G411CCU6, STM32G411K6T3, STM32G411K6T6, STM32G411K6U3, STM32G411K6U6, STM32G411K8T3, STM32G411K8T6, STM32G411K8U3, STM32G411K8U6, STM32G411KBT3, STM32G411KBT6, STM32G411KBU3, STM32G411KBU6, STM32G411M6T3, STM32G411M6T6, STM32G411M8T3, STM32G411M8T6, STM32G411MBT3, STM32G411MBT6, STM32G411MCT3, STM32G411MCT6, STM32G411R6T3, STM32G411R6T6, STM32G411R8T3, STM32G411R8T6, STM32G411RBT3, STM32G411RBT6, STM32G411RCT3, STM32G411RCT6, STM32G414CBT3, STM32G414CBT6, STM32G414CBU3, STM32G414CBU6, STM32G414CCT3, STM32G414CCT6, STM32G414CCU3, STM32G414CCU6, STM32G414MBT3, STM32G414MBT6, STM32G414MCT3, STM32G414MCT6, STM32G414RBT3, STM32G414RBT6, STM32G414RCT3, STM32G414RCT6, STM32G414VBT3, STM32G414VBT6, STM32G414VCT3, STM32G414VCT6, STM32G431CBT3Z, STM32G431RBT3Z, STM32G471CCT6, STM32G471CCU6, STM32G471CET3, STM32G471CET6, STM32G471CEU3, STM32G471CEU6, STM32G471MCT6, STM32G471MET3, STM32G471MET6, STM32G471MEY6TR, STM32G471QCT6, STM32G471QET3, STM32G471RCT6, STM32G471RET3, STM32G471RET6, STM32G471VCH6, STM32G471VCI6, STM32G471VCT6, STM32G471VEH3, STM32G471VEH6, STM32G471VEI3, STM32G471VEI6, STM32G471VET3, STM32G471VET6, STM32G473QET3Z, STM32G473RET3Z, STM32G474CCT6, STM32G491RET3Z, STM32H503CBT6, STM32H503CBU6, STM32H503EBY6TR, STM32H503KBU6, STM32H503RBT6, STM32H523CCT6, STM32H523CCU6, STM32H523CET6, STM32H523CEU6, STM32H523HEY6TR, STM32H523RCT6, STM32H523RET6, STM32H523VCI6, STM32H523VCT6, STM32H523VEI6, STM32H523VET6, STM32H523ZCJ6, STM32H523ZCT6, STM32H523ZEJ6, STM32H523ZET6, STM32H533CET6, STM32H533CEU6, STM32H533HEY6TR, STM32H533RET6, STM32H533VEI6, STM32H533VET6, STM32H533ZEJ6, STM32H533ZET6, STM32H562AGI6, STM32H562AII6, STM32H562IGK6, STM32H562IGT6, STM32H562IIK6, STM32H562IIT6, STM32H562RGT6, STM32H562RGV6, STM32H562RIT6, STM32H562RIV6, STM32H562VGT6, STM32H562VIT6, STM32H562ZGT6, STM32H562ZIT6, STM32H563AGI6, STM32H563AII3Q, STM32H563AII6, STM32H563IGK6, STM32H563IGT6, STM32H563IIK3Q, STM32H563IIK6, STM32H563IIT3Q, STM32H563IIT6, STM32H563MIY3QTR, STM32H563RGT6, STM32H563RGV6, STM32H563RIT6, STM32H563RIV6, STM32H563VGT6, STM32H563VIT3Q, STM32H563VIT6, STM32H563ZGT6, STM32H563ZIT3Q, STM32H563ZIT6, STM32H573AII3Q, STM32H573AII6, STM32H573I-DK, STM32H573IIK3Q, STM32H573IIK6, STM32H573IIT3Q, STM32H573IIT6, STM32H573MIY3QTR, STM32H573RIT6, STM32H573RIV6, STM32H573VIT3Q, STM32H573VIT6, STM32H573ZIT3Q, STM32H573ZIT6, STM32H7R3A8I6, STM32H7R3I8K6, STM32H7R3I8T6, STM32H7R3L8H6, STM32H7R3L8H6H, STM32H7R3R8V6, STM32H7R3V8H6, STM32H7R3V8T6, STM32H7R3V8Y6TR, STM32H7R3Z8J6, STM32H7R3Z8T6, STM32H7R7A8I6, STM32H7R7I8K6, STM32H7R7I8T6, STM32H7R7L8H6, STM32H7R7L8H6H, STM32H7R7Z8J6, STM32H7S3A8I6, STM32H7S3I8K6, STM32H7S3I8T6, STM32H7S3L8H6, STM32H7S3L8H6H, STM32H7S3R8V6, STM32H7S3V8H6, STM32H7S3V8T6, STM32H7S3V8Y6TR, STM32H7S3Z8J6, STM32H7S3Z8T6, STM32H7S78-DK, STM32H7S7A8I6, STM32H7S7I8K6, STM32H7S7I8T6, STM32H7S7L8H6, STM32H7S7L8H6H, STM32H7S7Z8J6, STM32L4R5QGI6STR, STM32MP131AAE3, STM32MP131AAF3, STM32MP131AAG3, STM32MP131CAE3, STM32MP131CAF3, STM32MP131CAG3, STM32MP131DAE7, STM32MP131DAF7, STM32MP131DAG7, STM32MP131FAE7, STM32MP131FAF7, STM32MP131FAG7, STM32MP133AAE3, STM32MP133AAF3, STM32MP133AAG3, STM32MP133CAE3, STM32MP133CAF3, STM32MP133CAG3, STM32MP133DAE7, STM32MP133DAF7, STM32MP133DAG7, STM32MP133FAE7, STM32MP133FAF7, STM32MP133FAG7, STM32MP135AAE3, STM32MP135AAF3, STM32MP135AAG3, STM32MP135CAE3, STM32MP135CAF3, STM32MP135CAG3, STM32MP135DAE7, STM32MP135DAF7, STM32MP135DAG7, STM32MP135F-DK, STM32MP135FAE7, STM32MP135FAF7, STM32MP135FAF7T, STM32MP135FAF7U, STM32MP135FAG7, STM32MP231AAJ3, STM32MP231AAK3, STM32MP231AAL3, STM32MP231CAJ3, STM32MP231CAK3, STM32MP231CAL3, STM32MP231DAJ3, STM32MP231DAK3, STM32MP231DAL3, STM32MP231FAJ3, STM32MP231FAK3, STM32MP231FAL3, STM32MP233AAJ3, STM32MP233AAK3, STM32MP233AAL3, STM32MP233CAJ3, STM32MP233CAK3, STM32MP233CAL3, STM32MP233DAJ3, STM32MP233DAK3, STM32MP233DAL3, STM32MP233FAJ3, STM32MP233FAK3, STM32MP233FAL3, STM32MP235AAJ3, STM32MP235AAK3, STM32MP235AAL3, STM32MP235CAJ3, STM32MP235CAK3, STM32MP235CAL3, STM32MP235DAJ3, STM32MP235DAK3, STM32MP235DAL3, STM32MP235FAJ3, STM32MP235FAK3, STM32MP235FAL3, STM32MP251AAI3, STM32MP251AAJ3, STM32MP251AAK3, STM32MP251AAL3, STM32MP251CAI3, STM32MP251CAJ3, STM32MP251CAK3, STM32MP251CAL3, STM32MP251DAI3, STM32MP251DAJ3, STM32MP251DAK3, STM32MP251DAL3, STM32MP251FAI3, STM32MP251FAJ3, STM32MP251FAK3, STM32MP251FAL3, STM32MP253AAI3, STM32MP253AAJ3, STM32MP253AAK3, STM32MP253AAL3, STM32MP253CAI3, STM32MP253CAJ3, STM32MP253CAK3, STM32MP253CAL3, STM32MP253DAI3, STM32MP253DAJ3, STM32MP253DAK3, STM32MP253DAL3, STM32MP253FAI3, STM32MP253FAJ3, STM32MP253FAK3, STM32MP253FAL3, STM32MP255AAI3, STM32MP255AAJ3, STM32MP255AAK3, STM32MP255AAL3, STM32MP255CAI3, STM32MP255CAJ3, STM32MP255CAK3, STM32MP255CAL3, STM32MP255DAI3, STM32MP255DAJ3, STM32MP255DAK3, STM32MP255DAL3, STM32MP255FAI3, STM32MP255FAJ3, STM32MP255FAK3, STM32MP255FAL3, STM32MP257AAI3, STM32MP257AAJ3, STM32MP257AAK3, STM32MP257AAL3, STM32MP257CAI3, STM32MP257CAJ3, STM32MP257CAK3, STM32MP257CAL3, STM32MP257DAI3, STM32MP257DAJ3, STM32MP257DAK3, STM32MP257DAL3, STM32MP257F-DK, STM32MP257F-EV1, STM32MP257FAI3, STM32MP257FAJ3, STM32MP257FAK3, STM32MP257FAL3, STM32N645A0H3Q, STM32N645B0H3Q, STM32N645I0H3Q, STM32N645L0H3Q, STM32N645X0H3Q, STM32N645Z0H3Q, STM32N647A0H3Q, STM32N647B0H3Q, STM32N647I0H3Q, STM32N647L0H3Q, STM32N647X0H3Q, STM32N647Z0H3Q, STM32N655A0H3Q, STM32N655B0H3Q, STM32N655I0H3Q, STM32N655L0H3Q, STM32N655X0H3Q, STM32N655Z0H3Q, STM32N6570-DK, STM32N657A0H3Q, STM32N657B0H3Q, STM32N657I0H3Q, STM32N657L0H3Q, STM32N657X0H3Q, STM32N657Z0H3Q, STM32U031C6T6, STM32U031C6U6, STM32U031C8T6, STM32U031C8U6, STM32U031F4P6, STM32U031F6P6, STM32U031F8P6, STM32U031G6Y6TR, STM32U031G8Y6TR, STM32U031K4U6, STM32U031K6U6, STM32U031K8U6, STM32U031R6I6, STM32U031R6T6, STM32U031R8I6, STM32U031R8T6, STM32U073C8T6, STM32U073C8U6, STM32U073CBT6, STM32U073CBU6, STM32U073CCT6, STM32U073CCU6, STM32U073H8Y6TR, STM32U073HBY6TR, STM32U073HCY6TR, STM32U073K8U6, STM32U073KBU6, STM32U073KCU6, STM32U073M8I6, STM32U073M8T6, STM32U073MBI6, STM32U073MBT6, STM32U073MCI6, STM32U073MCT6, STM32U073R8I6, STM32U073R8T6, STM32U073RBI6, STM32U073RBT6, STM32U073RCI6, STM32U073RCT6, STM32U083C-DK, STM32U083CCT6, STM32U083CCU6, STM32U083HCY6TR, STM32U083KCU6, STM32U083MCI6, STM32U083MCT6, STM32U083RCI6, STM32U083RCT6, STM32U375CET6, STM32U375CET6Q, STM32U375CEU6, STM32U375CEU6Q, STM32U375CEY6QTR, STM32U375CGT6, STM32U375CGT6Q, STM32U375CGU6, STM32U375CGU6Q, STM32U375CGY6QTR, STM32U375KEU6, STM32U375KGU6, STM32U375REI6, STM32U375REI6Q, STM32U375RET6, STM32U375RET6Q, STM32U375REY6GTR, STM32U375REY6QTR, STM32U375RGI6, STM32U375RGI6Q, STM32U375RGT6, STM32U375RGT6Q, STM32U375RGY6GTR, STM32U375RGY6QTR, STM32U375VEI6, STM32U375VEI6Q, STM32U375VET6, STM32U375VET6Q, STM32U375VGI6, STM32U375VGI6Q, STM32U375VGT6, STM32U375VGT6Q, STM32U385CGT6, STM32U385CGT6Q, STM32U385CGU6, STM32U385CGU6Q, STM32U385CGY6QTR, STM32U385KGU6, STM32U385RGI6, STM32U385RGI6Q, STM32U385RGT6, STM32U385RGT6Q, STM32U385RGY6GTR, STM32U385RGY6QTR, STM32U385VGI6, STM32U385VGI6Q, STM32U385VGT6, STM32U385VGT6Q, STM32U535CBT6, STM32U535CBT6Q, STM32U535CBU6, STM32U535CBU6Q, STM32U535CCT6, STM32U535CCT6Q, STM32U535CCU6, STM32U535CCU6Q, STM32U535CET6, STM32U535CET6Q, STM32U535CEU6, STM32U535CEU6Q, STM32U535JEY6QTR, STM32U535NCY6QTR, STM32U535NEY6QTR, STM32U535RBI6, STM32U535RBI6Q, STM32U535RBT6, STM32U535RBT6Q, STM32U535RCI6, STM32U535RCI6Q, STM32U535RCT6, STM32U535RCT6Q, STM32U535REI6, STM32U535REI6Q, STM32U535RET6, STM32U535RET6Q, STM32U535VCI6, STM32U535VCI6Q, STM32U535VCT6, STM32U535VCT6Q, STM32U535VEI6, STM32U535VEI6Q, STM32U535VET6, STM32U535VET6Q, STM32U545CET6, STM32U545CET6Q, STM32U545CEU6, STM32U545CEU6Q, STM32U545JEY6QTR, STM32U545NEY6QTR, STM32U545REI6, STM32U545REI6Q, STM32U545RET6, STM32U545RET6Q, STM32U545VEI6, STM32U545VEI6Q, STM32U545VET6, STM32U545VET6Q, STM32U595AIH6, STM32U595AIH6Q, STM32U595AJH6, STM32U595AJH6Q, STM32U595QII6, STM32U595QII6Q, STM32U595QJI6, STM32U595QJI6Q, STM32U595RIT6, STM32U595RIT6Q, STM32U595RJT6, STM32U595RJT6Q, STM32U595VIT6, STM32U595VIT6Q, STM32U595VJT6, STM32U595VJT6Q, STM32U595ZIT6, STM32U595ZIT6Q, STM32U595ZIY6QTR, STM32U595ZJT6, STM32U595ZJT6Q, STM32U595ZJY6QTR, STM32U599BJY6QTR, STM32U599NIH6Q, STM32U599NJH6Q, STM32U599VIT6Q, STM32U599VJT6, STM32U599VJT6Q, STM32U599ZIT6Q, STM32U599ZIY6QTR, STM32U599ZJT6Q, STM32U599ZJY6QTR, STM32U5A5AJH6, STM32U5A5AJH6Q, STM32U5A5QII3Q , STM32U5A5QJI6, STM32U5A5QJI6Q, STM32U5A5RJT6, STM32U5A5RJT6Q, STM32U5A5VJT6, STM32U5A5VJT6Q, STM32U5A5ZJT6, STM32U5A5ZJT6Q, STM32U5A5ZJY6QTR, STM32U5A9BJY6QTR, STM32U5A9J-DK, STM32U5A9NJH6Q, STM32U5A9VJT6Q, STM32U5A9ZJT6Q, STM32U5A9ZJY6QTR, STM32U5F7VIT6, STM32U5F7VIT6Q, STM32U5F7VJT6, STM32U5F7VJT6Q, STM32U5F9BJY6QTR, STM32U5F9NJH6Q, STM32U5F9VIT6Q, STM32U5F9VJT6Q, STM32U5F9ZIJ6QTR, STM32U5F9ZIT6Q, STM32U5F9ZJJ6QTR, STM32U5F9ZJT6Q, STM32U5G7VJT6, STM32U5G7VJT6Q, STM32U5G9BJY6QTR, STM32U5G9J-DK1, STM32U5G9J-DK2, STM32U5G9NJH6Q, STM32U5G9VJT6Q, STM32U5G9ZJJ6QTR, STM32U5G9ZJT6Q, STM32WB05KZV6TR, STM32WB05KZV7TR, STM32WB05TZF6TR, STM32WB05TZF7TR, STM32WB06CCF6TR, STM32WB06CCF7TR, STM32WB06CCV6TR, STM32WB06CCV7TR, STM32WB06KCV6TR, STM32WB06KCV7TR, STM32WB07CCF6TR, STM32WB07CCF7TR, STM32WB07CCV6TR, STM32WB07CCV7TR, STM32WB07KCV6TR, STM32WB07KCV7TR, STM32WB09KEV6TR, STM32WB09KEV7TR, STM32WB09TEF6TR, STM32WB09TEF7TR, STM32WB1MMCH6, STM32WBA50KGU6, STM32WBA50KGU6TR, STM32WBA52CEU6, STM32WBA52CEU6TR, STM32WBA52CEU7, STM32WBA52CEU7TR, STM32WBA52CGU6, STM32WBA52CGU6TR, STM32WBA52CGU6U, STM32WBA52CGU7, STM32WBA52CGU7TR, STM32WBA52KEU6, STM32WBA52KEU6TR, STM32WBA52KGU6, STM32WBA52KGU6TR, STM32WBA54CEU6, STM32WBA54CEU6TR, STM32WBA54CEU7, STM32WBA54CEU7TR, STM32WBA54CGU6, STM32WBA54CGU6TR, STM32WBA54CGU7, STM32WBA54CGU7TR, STM32WBA54KEU6, STM32WBA54KEU6TR, STM32WBA54KEU7, STM32WBA54KEU7TR, STM32WBA54KGU6, STM32WBA54KGU6TR, STM32WBA54KGU7, STM32WBA54KGU7TR, STM32WBA55CEU6, STM32WBA55CEU6TR, STM32WBA55CEU7, STM32WBA55CEU7TR, STM32WBA55CGU6, STM32WBA55CGU6TR, STM32WBA55CGU6U, STM32WBA55CGU7, STM32WBA55CGU7TR, STM32WBA55G-DK1, STM32WBA55HEF6, STM32WBA55HEF7, STM32WBA55HGF6, STM32WBA55HGF7, STM32WBA55UEI6, STM32WBA55UEI6TR, STM32WBA55UEI7, STM32WBA55UEI7TR, STM32WBA55UGI6, STM32WBA55UGI6TR, STM32WBA55UGI7, STM32WBA55UGI7TR, STM32WBA5MJGH6TR, STM32WBA62CGU6, STM32WBA62CIU6, STM32WBA62MGF6, STM32WBA62MIF6, STM32WBA62PGI6, STM32WBA62PII6, STM32WBA63CGU6, STM32WBA63CGU7, STM32WBA63CIU6, STM32WBA63CIU7, STM32WBA64CGU6, STM32WBA64CGU7, STM32WBA64CIU6, STM32WBA64CIU7, STM32WBA65CGU6, STM32WBA65CGU7, STM32WBA65CIU6, STM32WBA65CIU7, STM32WBA65I-DK1, STM32WBA65MGF6, STM32WBA65MGF7, STM32WBA65MIF6, STM32WBA65MIF7, STM32WBA65PGI6, STM32WBA65PGI7, STM32WBA65PII6, STM32WBA65PII7, STM32WBA65RGV6, STM32WBA65RGV7, STM32WBA65RIV6, STM32WBA65RIV7, STM32WL30K8V6, STM32WL30KBV6, STM32WL31C8V6, STM32WL31CBV6, STM32WL31K8V6, STM32WL31KBV6, STM32WL33C8V6, STM32WL33C8V6TR, STM32WL33C8V7, STM32WL33C8V7TR, STM32WL33CBV6, STM32WL33CBV6TR, STM32WL33CBV7, STM32WL33CBV7TR, STM32WL33CCV6, STM32WL33CCV6TR, STM32WL33CCV7, STM32WL33CCV7A, STM32WL33CCV7ATR, STM32WL33CCV7TR, STM32WL33K8V6, STM32WL33K8V6TR, STM32WL33K8V7, STM32WL33K8V7TR, STM32WL33KBV6, STM32WL33KBV6TR, STM32WL33KBV7, STM32WL33KBV7TR, STM32WL33KCV6, STM32WL33KCV6TR, STM32WL33KCV7, STM32WL33KCV7TR, STM32WL5MOCH6, STM32WL5MOCH6TR]
2026-03-11 15:25:31,958 [INFO] ApiDb:668 - CubeFinder database Data Model version=2.1
2026-03-11 15:25:31,958 [INFO] ApiDb:669 - CubeFinder database Configuration version=3.0.42
2026-03-11 15:25:31,958 [INFO] ApiDb:670 - CubeFinder database generation date=2026-02-13 (1770995876)
2026-03-11 15:25:31,958 [INFO] ApiDb:671 - CubeFinder database FW Pack versions=[FP-ATR-ASTRA1_V2.0.0, FP-SNS-FLIGHT1_V5.1.0, FP-SNS-MOTENV1_V5.1.0, FP-SNS-MOTENVWB1_V1.4.0, FP-SNS-SMARTAG2_V1.2.0, FP-SNS-STBOX1_V2.1.0, STM32Cube_FW_C0_V1.4.0, STM32Cube_FW_F4_V1.28.3, STM32Cube_FW_F7_V1.17.4, STM32Cube_FW_G0_V1.6.2, STM32Cube_FW_G4_V1.6.1, STM32Cube_FW_H5_V1.6.0, STM32Cube_FW_H7RS_V1.3.0, STM32Cube_FW_H7_V1.13.0, STM32Cube_FW_L0_V1.12.2, STM32Cube_FW_L4_V1.18.2, STM32Cube_FW_L5_V1.6.0, STM32Cube_FW_N6_V1.3.0, STM32Cube_FW_U0_V1.3.0, STM32Cube_FW_U3_V1.3.0, STM32Cube_FW_U5_V1.8.0, STM32Cube_FW_WB0_V1.4.0, STM32Cube_FW_WBA_V1.9.0, STM32Cube_FW_WB_V1.24.0, STM32Cube_FW_WL3_V1.4.0, STM32Cube_FW_WL_V1.5.0, X-CUBE-ALGOBUILD_V1.4.0, X-CUBE-ALS_V1.0.2, X-CUBE-AZRTOS-F4_V1.1.0, X-CUBE-AZRTOS-F7_V1.1.0, X-CUBE-AZRTOS-G0_V1.1.0, X-CUBE-AZRTOS-G4_V2.0.0, X-CUBE-AZRTOS-H7RS_V1.1.0, X-CUBE-AZRTOS-H7_V3.4.0, X-CUBE-AZRTOS-L4_V2.0.0, X-CUBE-AZRTOS-L5_V2.0.0, X-CUBE-AZRTOS-WB_V2.0.0, X-CUBE-AZRTOS-WL_V2.0.0, X-CUBE-BLE1_V7.1.0, X-CUBE-BLE2_V3.3.0, X-CUBE-BLEMGR_V4.1.0, X-CUBE-EEPRMA1_V5.2.0, X-CUBE-FREERTOS_V1.3.1, X-CUBE-GNSS1_V6.0.0, X-CUBE-MEMS1_V12.0.0, X-CUBE-NFC4_V3.0.0, X-CUBE-NFC7_V2.0.0, X-CUBE-SFXS2LP1_V4.0.0, X-CUBE-ST67W61_V1.1.0, X-CUBE-SUBG2_V5.0.0, X-CUBE-TOF1_V3.4.3]
2026-03-11 15:25:35,661 [INFO] ApiDb:240 - Found 895 in-development CPN: [B-G473E-ZEST1S, B-WB1M-WPAN1, B-WBA5M-WPAN, B-WL5M-SUBG1, NUCLEO-C031C6, NUCLEO-C051C8, NUCLEO-C071RB, NUCLEO-C092RC, NUCLEO-H503RB, NUCLEO-H533RE, NUCLEO-H563ZI, NUCLEO-H7S3L8, NUCLEO-N657X0-Q, NUCLEO-U031R8, NUCLEO-U083RC, NUCLEO-U385RG-Q, NUCLEO-U545RE-Q, NUCLEO-U5A5ZJ-Q, NUCLEO-WB05KZ, NUCLEO-WB07CC, NUCLEO-WB09KE, NUCLEO-WBA52CG, NUCLEO-WBA55CG, NUCLEO-WBA65RI, NUCLEO-WL33CC1, NUCLEO-WL33CC2, STEVAL-PROTEUS1, STEVAL-SMARTAG2, STEVAL-STWINBX1, STM320518-EVAL, STM32C0116-DK, STM32C011D6Y3TR, STM32C011D6Y6TR, STM32C011F4P3, STM32C011F4P6, STM32C011F4U3, STM32C011F4U6TR, STM32C011F6P3, STM32C011F6P6, STM32C011F6U3, STM32C011F6U6TR, STM32C011J4M3, STM32C011J4M6, STM32C011J6M3, STM32C011J6M6, STM32C0316-DK, STM32C031C4T3, STM32C031C4T6, STM32C031C4U3, STM32C031C4U6, STM32C031C6T3, STM32C031C6T6, STM32C031C6U3, STM32C031C6U6, STM32C031F4P3, STM32C031F4P6, STM32C031F6P3, STM32C031F6P6, STM32C031G4U3, STM32C031G4U6, STM32C031G6U3, STM32C031G6U6, STM32C031K4T3, STM32C031K4T6, STM32C031K4U3, STM32C031K4U6, STM32C031K6T3, STM32C031K6T6, STM32C031K6U3, STM32C031K6U6, STM32C051C6T6, STM32C051C6U6, STM32C051C8T6, STM32C051C8U6, STM32C051D8Y6TR, STM32C051F6P6, STM32C051F8P6, STM32C051G6U6, STM32C051G8U6, STM32C051K6T6, STM32C051K6U6, STM32C051K8T6, STM32C071C8T6, STM32C071C8T6N, STM32C071C8U6, STM32C071C8U6N, STM32C071CBT6, STM32C071CBT6N, STM32C071CBU6, STM32C071CBU6N, STM32C071F8P6, STM32C071F8P6N, STM32C071FBP6, STM32C071FBP6N, STM32C071FBY6TR, STM32C071G8U6, STM32C071G8U6N, STM32C071GBU6, STM32C071GBU6N, STM32C071K8T6, STM32C071K8T6N, STM32C071K8U6, STM32C071K8U6N, STM32C071KBT6, STM32C071KBT6N, STM32C071KBU6, STM32C071KBU6N, STM32C071R8T6, STM32C071R8T6N, STM32C071RBI6N, STM32C071RBT6, STM32C071RBT6N, STM32C091CBT6, STM32C091CBU6, STM32C091CCT6, STM32C091CCU6, STM32C091ECY6TR, STM32C091FBP6, STM32C091FCP6, STM32C091GBU6, STM32C091GCU6, STM32C091KBT6, STM32C091KBU6, STM32C091KCT6, STM32C091KCU6, STM32C091RBT6, STM32C091RCI6, STM32C091RCT6, STM32C092CBT6, STM32C092CBU6, STM32C092CCT6, STM32C092CCU6, STM32C092ECY6TR, STM32C092FBP6, STM32C092FCP6, STM32C092GBU6, STM32C092GCU6, STM32C092KBT6, STM32C092KBU6, STM32C092KCT6, STM32C092KCU6, STM32C092RBT6, STM32C092RCI6, STM32C092RCT6, STM32G071K8TXN, STM32G071K8UXN, STM32G081GBU6N, STM32G081KBT6N, STM32G081KBUXN, STM32G0B1CCT6N, STM32G0B1KCT6, STM32G0B1NEY6TR, STM32G0B1RCT6N, STM32G0C1CCT6, STM32G0C1CCT6N, STM32G0C1CCU6N, STM32G0C1CET6N, STM32G0C1CEU6N, STM32G0C1KCT6, STM32G0C1NEY6TR, STM32G0C1RCI6N, STM32G0C1RCT6N, STM32G0C1REI6N, STM32G0C1RET6N, STM32G0C1VCI6, STM32G0C1VEI6, STM32G411C6T3, STM32G411C6T6, STM32G411C6U3, STM32G411C6U6, STM32G411C8T3, STM32G411C8T6, STM32G411C8U3, STM32G411C8U6, STM32G411CBT3, STM32G411CBT6, STM32G411CBU3, STM32G411CBU6, STM32G411CCT3, STM32G411CCT6, STM32G411CCU3, STM32G411CCU6, STM32G411K6T3, STM32G411K6T6, STM32G411K6U3, STM32G411K6U6, STM32G411K8T3, STM32G411K8T6, STM32G411K8U3, STM32G411K8U6, STM32G411KBT3, STM32G411KBT6, STM32G411KBU3, STM32G411KBU6, STM32G411M6T3, STM32G411M6T6, STM32G411M8T3, STM32G411M8T6, STM32G411MBT3, STM32G411MBT6, STM32G411MCT3, STM32G411MCT6, STM32G411R6T3, STM32G411R6T6, STM32G411R8T3, STM32G411R8T6, STM32G411RBT3, STM32G411RBT6, STM32G411RCT3, STM32G411RCT6, STM32G414CBT3, STM32G414CBT6, STM32G414CBU3, STM32G414CBU6, STM32G414CCT3, STM32G414CCT6, STM32G414CCU3, STM32G414CCU6, STM32G414MBT3, STM32G414MBT6, STM32G414MCT3, STM32G414MCT6, STM32G414RBT3, STM32G414RBT6, STM32G414RCT3, STM32G414RCT6, STM32G414VBT3, STM32G414VBT6, STM32G414VCT3, STM32G414VCT6, STM32G431CBT3Z, STM32G431RBT3Z, STM32G471CCT6, STM32G471CCU6, STM32G471CET3, STM32G471CET6, STM32G471CEU3, STM32G471CEU6, STM32G471MCT6, STM32G471MET3, STM32G471MET6, STM32G471MEY6TR, STM32G471QCT6, STM32G471QET3, STM32G471RCT6, STM32G471RET3, STM32G471RET6, STM32G471VCH6, STM32G471VCI6, STM32G471VCT6, STM32G471VEH3, STM32G471VEH6, STM32G471VEI3, STM32G471VEI6, STM32G471VET3, STM32G471VET6, STM32G473QET3Z, STM32G473RET3Z, STM32G474CCT6, STM32G491RET3Z, STM32H503CBT6, STM32H503CBU6, STM32H503EBY6TR, STM32H503KBU6, STM32H503RBT6, STM32H523CCT6, STM32H523CCU6, STM32H523CET6, STM32H523CEU6, STM32H523HEY6TR, STM32H523RCT6, STM32H523RET6, STM32H523VCI6, STM32H523VCT6, STM32H523VEI6, STM32H523VET6, STM32H523ZCJ6, STM32H523ZCT6, STM32H523ZEJ6, STM32H523ZET6, STM32H533CET6, STM32H533CEU6, STM32H533HEY6TR, STM32H533RET6, STM32H533VEI6, STM32H533VET6, STM32H533ZEJ6, STM32H533ZET6, STM32H562AGI6, STM32H562AII6, STM32H562IGK6, STM32H562IGT6, STM32H562IIK6, STM32H562IIT6, STM32H562RGT6, STM32H562RGV6, STM32H562RIT6, STM32H562RIV6, STM32H562VGT6, STM32H562VIT6, STM32H562ZGT6, STM32H562ZIT6, STM32H563AGI6, STM32H563AII3Q, STM32H563AII6, STM32H563IGK6, STM32H563IGT6, STM32H563IIK3Q, STM32H563IIK6, STM32H563IIT3Q, STM32H563IIT6, STM32H563MIY3QTR, STM32H563RGT6, STM32H563RGV6, STM32H563RIT6, STM32H563RIV6, STM32H563VGT6, STM32H563VIT3Q, STM32H563VIT6, STM32H563ZGT6, STM32H563ZIT3Q, STM32H563ZIT6, STM32H573AII3Q, STM32H573AII6, STM32H573I-DK, STM32H573IIK3Q, STM32H573IIK6, STM32H573IIT3Q, STM32H573IIT6, STM32H573MIY3QTR, STM32H573RIT6, STM32H573RIV6, STM32H573VIT3Q, STM32H573VIT6, STM32H573ZIT3Q, STM32H573ZIT6, STM32H7R3A8I6, STM32H7R3I8K6, STM32H7R3I8T6, STM32H7R3L8H6, STM32H7R3L8H6H, STM32H7R3R8V6, STM32H7R3V8H6, STM32H7R3V8T6, STM32H7R3V8Y6TR, STM32H7R3Z8J6, STM32H7R3Z8T6, STM32H7R7A8I6, STM32H7R7I8K6, STM32H7R7I8T6, STM32H7R7L8H6, STM32H7R7L8H6H, STM32H7R7Z8J6, STM32H7S3A8I6, STM32H7S3I8K6, STM32H7S3I8T6, STM32H7S3L8H6, STM32H7S3L8H6H, STM32H7S3R8V6, STM32H7S3V8H6, STM32H7S3V8T6, STM32H7S3V8Y6TR, STM32H7S3Z8J6, STM32H7S3Z8T6, STM32H7S78-DK, STM32H7S7A8I6, STM32H7S7I8K6, STM32H7S7I8T6, STM32H7S7L8H6, STM32H7S7L8H6H, STM32H7S7Z8J6, STM32L4R5QGI6STR, STM32MP131AAE3, STM32MP131AAF3, STM32MP131AAG3, STM32MP131CAE3, STM32MP131CAF3, STM32MP131CAG3, STM32MP131DAE7, STM32MP131DAF7, STM32MP131DAG7, STM32MP131FAE7, STM32MP131FAF7, STM32MP131FAG7, STM32MP133AAE3, STM32MP133AAF3, STM32MP133AAG3, STM32MP133CAE3, STM32MP133CAF3, STM32MP133CAG3, STM32MP133DAE7, STM32MP133DAF7, STM32MP133DAG7, STM32MP133FAE7, STM32MP133FAF7, STM32MP133FAG7, STM32MP135AAE3, STM32MP135AAF3, STM32MP135AAG3, STM32MP135CAE3, STM32MP135CAF3, STM32MP135CAG3, STM32MP135DAE7, STM32MP135DAF7, STM32MP135DAG7, STM32MP135F-DK, STM32MP135FAE7, STM32MP135FAF7, STM32MP135FAF7T, STM32MP135FAF7U, STM32MP135FAG7, STM32MP231AAJ3, STM32MP231AAK3, STM32MP231AAL3, STM32MP231CAJ3, STM32MP231CAK3, STM32MP231CAL3, STM32MP231DAJ3, STM32MP231DAK3, STM32MP231DAL3, STM32MP231FAJ3, STM32MP231FAK3, STM32MP231FAL3, STM32MP233AAJ3, STM32MP233AAK3, STM32MP233AAL3, STM32MP233CAJ3, STM32MP233CAK3, STM32MP233CAL3, STM32MP233DAJ3, STM32MP233DAK3, STM32MP233DAL3, STM32MP233FAJ3, STM32MP233FAK3, STM32MP233FAL3, STM32MP235AAJ3, STM32MP235AAK3, STM32MP235AAL3, STM32MP235CAJ3, STM32MP235CAK3, STM32MP235CAL3, STM32MP235DAJ3, STM32MP235DAK3, STM32MP235DAL3, STM32MP235FAJ3, STM32MP235FAK3, STM32MP235FAL3, STM32MP251AAI3, STM32MP251AAJ3, STM32MP251AAK3, STM32MP251AAL3, STM32MP251CAI3, STM32MP251CAJ3, STM32MP251CAK3, STM32MP251CAL3, STM32MP251DAI3, STM32MP251DAJ3, STM32MP251DAK3, STM32MP251DAL3, STM32MP251FAI3, STM32MP251FAJ3, STM32MP251FAK3, STM32MP251FAL3, STM32MP253AAI3, STM32MP253AAJ3, STM32MP253AAK3, STM32MP253AAL3, STM32MP253CAI3, STM32MP253CAJ3, STM32MP253CAK3, STM32MP253CAL3, STM32MP253DAI3, STM32MP253DAJ3, STM32MP253DAK3, STM32MP253DAL3, STM32MP253FAI3, STM32MP253FAJ3, STM32MP253FAK3, STM32MP253FAL3, STM32MP255AAI3, STM32MP255AAJ3, STM32MP255AAK3, STM32MP255AAL3, STM32MP255CAI3, STM32MP255CAJ3, STM32MP255CAK3, STM32MP255CAL3, STM32MP255DAI3, STM32MP255DAJ3, STM32MP255DAK3, STM32MP255DAL3, STM32MP255FAI3, STM32MP255FAJ3, STM32MP255FAK3, STM32MP255FAL3, STM32MP257AAI3, STM32MP257AAJ3, STM32MP257AAK3, STM32MP257AAL3, STM32MP257CAI3, STM32MP257CAJ3, STM32MP257CAK3, STM32MP257CAL3, STM32MP257DAI3, STM32MP257DAJ3, STM32MP257DAK3, STM32MP257DAL3, STM32MP257F-DK, STM32MP257F-EV1, STM32MP257FAI3, STM32MP257FAJ3, STM32MP257FAK3, STM32MP257FAL3, STM32N645A0H3Q, STM32N645B0H3Q, STM32N645I0H3Q, STM32N645L0H3Q, STM32N645X0H3Q, STM32N645Z0H3Q, STM32N647A0H3Q, STM32N647B0H3Q, STM32N647I0H3Q, STM32N647L0H3Q, STM32N647X0H3Q, STM32N647Z0H3Q, STM32N655A0H3Q, STM32N655B0H3Q, STM32N655I0H3Q, STM32N655L0H3Q, STM32N655X0H3Q, STM32N655Z0H3Q, STM32N6570-DK, STM32N657A0H3Q, STM32N657B0H3Q, STM32N657I0H3Q, STM32N657L0H3Q, STM32N657X0H3Q, STM32N657Z0H3Q, STM32U031C6T6, STM32U031C6U6, STM32U031C8T6, STM32U031C8U6, STM32U031F4P6, STM32U031F6P6, STM32U031F8P6, STM32U031G6Y6TR, STM32U031G8Y6TR, STM32U031K4U6, STM32U031K6U6, STM32U031K8U6, STM32U031R6I6, STM32U031R6T6, STM32U031R8I6, STM32U031R8T6, STM32U073C8T6, STM32U073C8U6, STM32U073CBT6, STM32U073CBU6, STM32U073CCT6, STM32U073CCU6, STM32U073H8Y6TR, STM32U073HBY6TR, STM32U073HCY6TR, STM32U073K8U6, STM32U073KBU6, STM32U073KCU6, STM32U073M8I6, STM32U073M8T6, STM32U073MBI6, STM32U073MBT6, STM32U073MCI6, STM32U073MCT6, STM32U073R8I6, STM32U073R8T6, STM32U073RBI6, STM32U073RBT6, STM32U073RCI6, STM32U073RCT6, STM32U083C-DK, STM32U083CCT6, STM32U083CCU6, STM32U083HCY6TR, STM32U083KCU6, STM32U083MCI6, STM32U083MCT6, STM32U083RCI6, STM32U083RCT6, STM32U375CET6, STM32U375CET6Q, STM32U375CEU6, STM32U375CEU6Q, STM32U375CEY6QTR, STM32U375CGT6, STM32U375CGT6Q, STM32U375CGU6, STM32U375CGU6Q, STM32U375CGY6QTR, STM32U375KEU6, STM32U375KGU6, STM32U375REI6, STM32U375REI6Q, STM32U375RET6, STM32U375RET6Q, STM32U375REY6GTR, STM32U375REY6QTR, STM32U375RGI6, STM32U375RGI6Q, STM32U375RGT6, STM32U375RGT6Q, STM32U375RGY6GTR, STM32U375RGY6QTR, STM32U375VEI6, STM32U375VEI6Q, STM32U375VET6, STM32U375VET6Q, STM32U375VGI6, STM32U375VGI6Q, STM32U375VGT6, STM32U375VGT6Q, STM32U385CGT6, STM32U385CGT6Q, STM32U385CGU6, STM32U385CGU6Q, STM32U385CGY6QTR, STM32U385KGU6, STM32U385RGI6, STM32U385RGI6Q, STM32U385RGT6, STM32U385RGT6Q, STM32U385RGY6GTR, STM32U385RGY6QTR, STM32U385VGI6, STM32U385VGI6Q, STM32U385VGT6, STM32U385VGT6Q, STM32U535CBT6, STM32U535CBT6Q, STM32U535CBU6, STM32U535CBU6Q, STM32U535CCT6, STM32U535CCT6Q, STM32U535CCU6, STM32U535CCU6Q, STM32U535CET6, STM32U535CET6Q, STM32U535CEU6, STM32U535CEU6Q, STM32U535JEY6QTR, STM32U535NCY6QTR, STM32U535NEY6QTR, STM32U535RBI6, STM32U535RBI6Q, STM32U535RBT6, STM32U535RBT6Q, STM32U535RCI6, STM32U535RCI6Q, STM32U535RCT6, STM32U535RCT6Q, STM32U535REI6, STM32U535REI6Q, STM32U535RET6, STM32U535RET6Q, STM32U535VCI6, STM32U535VCI6Q, STM32U535VCT6, STM32U535VCT6Q, STM32U535VEI6, STM32U535VEI6Q, STM32U535VET6, STM32U535VET6Q, STM32U545CET6, STM32U545CET6Q, STM32U545CEU6, STM32U545CEU6Q, STM32U545JEY6QTR, STM32U545NEY6QTR, STM32U545REI6, STM32U545REI6Q, STM32U545RET6, STM32U545RET6Q, STM32U545VEI6, STM32U545VEI6Q, STM32U545VET6, STM32U545VET6Q, STM32U595AIH6, STM32U595AIH6Q, STM32U595AJH6, STM32U595AJH6Q, STM32U595QII6, STM32U595QII6Q, STM32U595QJI6, STM32U595QJI6Q, STM32U595RIT6, STM32U595RIT6Q, STM32U595RJT6, STM32U595RJT6Q, STM32U595VIT6, STM32U595VIT6Q, STM32U595VJT6, STM32U595VJT6Q, STM32U595ZIT6, STM32U595ZIT6Q, STM32U595ZIY6QTR, STM32U595ZJT6, STM32U595ZJT6Q, STM32U595ZJY6QTR, STM32U599BJY6QTR, STM32U599NIH6Q, STM32U599NJH6Q, STM32U599VIT6Q, STM32U599VJT6, STM32U599VJT6Q, STM32U599ZIT6Q, STM32U599ZIY6QTR, STM32U599ZJT6Q, STM32U599ZJY6QTR, STM32U5A5AJH6, STM32U5A5AJH6Q, STM32U5A5QII3Q , STM32U5A5QJI6, STM32U5A5QJI6Q, STM32U5A5RJT6, STM32U5A5RJT6Q, STM32U5A5VJT6, STM32U5A5VJT6Q, STM32U5A5ZJT6, STM32U5A5ZJT6Q, STM32U5A5ZJY6QTR, STM32U5A9BJY6QTR, STM32U5A9J-DK, STM32U5A9NJH6Q, STM32U5A9VJT6Q, STM32U5A9ZJT6Q, STM32U5A9ZJY6QTR, STM32U5F7VIT6, STM32U5F7VIT6Q, STM32U5F7VJT6, STM32U5F7VJT6Q, STM32U5F9BJY6QTR, STM32U5F9NJH6Q, STM32U5F9VIT6Q, STM32U5F9VJT6Q, STM32U5F9ZIJ6QTR, STM32U5F9ZIT6Q, STM32U5F9ZJJ6QTR, STM32U5F9ZJT6Q, STM32U5G7VJT6, STM32U5G7VJT6Q, STM32U5G9BJY6QTR, STM32U5G9J-DK1, STM32U5G9J-DK2, STM32U5G9NJH6Q, STM32U5G9VJT6Q, STM32U5G9ZJJ6QTR, STM32U5G9ZJT6Q, STM32WB05KZV6TR, STM32WB05KZV7TR, STM32WB05TZF6TR, STM32WB05TZF7TR, STM32WB06CCF6TR, STM32WB06CCF7TR, STM32WB06CCV6TR, STM32WB06CCV7TR, STM32WB06KCV6TR, STM32WB06KCV7TR, STM32WB07CCF6TR, STM32WB07CCF7TR, STM32WB07CCV6TR, STM32WB07CCV7TR, STM32WB07KCV6TR, STM32WB07KCV7TR, STM32WB09KEV6TR, STM32WB09KEV7TR, STM32WB09TEF6TR, STM32WB09TEF7TR, STM32WB1MMCH6, STM32WBA50KGU6, STM32WBA50KGU6TR, STM32WBA52CEU6, STM32WBA52CEU6TR, STM32WBA52CEU7, STM32WBA52CEU7TR, STM32WBA52CGU6, STM32WBA52CGU6TR, STM32WBA52CGU6U, STM32WBA52CGU7, STM32WBA52CGU7TR, STM32WBA52KEU6, STM32WBA52KEU6TR, STM32WBA52KGU6, STM32WBA52KGU6TR, STM32WBA54CEU6, STM32WBA54CEU6TR, STM32WBA54CEU7, STM32WBA54CEU7TR, STM32WBA54CGU6, STM32WBA54CGU6TR, STM32WBA54CGU7, STM32WBA54CGU7TR, STM32WBA54KEU6, STM32WBA54KEU6TR, STM32WBA54KEU7, STM32WBA54KEU7TR, STM32WBA54KGU6, STM32WBA54KGU6TR, STM32WBA54KGU7, STM32WBA54KGU7TR, STM32WBA55CEU6, STM32WBA55CEU6TR, STM32WBA55CEU7, STM32WBA55CEU7TR, STM32WBA55CGU6, STM32WBA55CGU6TR, STM32WBA55CGU6U, STM32WBA55CGU7, STM32WBA55CGU7TR, STM32WBA55G-DK1, STM32WBA55HEF6, STM32WBA55HEF7, STM32WBA55HGF6, STM32WBA55HGF7, STM32WBA55UEI6, STM32WBA55UEI6TR, STM32WBA55UEI7, STM32WBA55UEI7TR, STM32WBA55UGI6, STM32WBA55UGI6TR, STM32WBA55UGI7, STM32WBA55UGI7TR, STM32WBA5MJGH6TR, STM32WBA62CGU6, STM32WBA62CIU6, STM32WBA62MGF6, STM32WBA62MIF6, STM32WBA62PGI6, STM32WBA62PII6, STM32WBA63CGU6, STM32WBA63CGU7, STM32WBA63CIU6, STM32WBA63CIU7, STM32WBA64CGU6, STM32WBA64CGU7, STM32WBA64CIU6, STM32WBA64CIU7, STM32WBA65CGU6, STM32WBA65CGU7, STM32WBA65CIU6, STM32WBA65CIU7, STM32WBA65I-DK1, STM32WBA65MGF6, STM32WBA65MGF7, STM32WBA65MIF6, STM32WBA65MIF7, STM32WBA65PGI6, STM32WBA65PGI7, STM32WBA65PII6, STM32WBA65PII7, STM32WBA65RGV6, STM32WBA65RGV7, STM32WBA65RIV6, STM32WBA65RIV7, STM32WL30K8V6, STM32WL30KBV6, STM32WL31C8V6, STM32WL31CBV6, STM32WL31K8V6, STM32WL31KBV6, STM32WL33C8V6, STM32WL33C8V6TR, STM32WL33C8V7, STM32WL33C8V7TR, STM32WL33CBV6, STM32WL33CBV6TR, STM32WL33CBV7, STM32WL33CBV7TR, STM32WL33CCV6, STM32WL33CCV6TR, STM32WL33CCV7, STM32WL33CCV7A, STM32WL33CCV7ATR, STM32WL33CCV7TR, STM32WL33K8V6, STM32WL33K8V6TR, STM32WL33K8V7, STM32WL33K8V7TR, STM32WL33KBV6, STM32WL33KBV6TR, STM32WL33KBV7, STM32WL33KBV7TR, STM32WL33KCV6, STM32WL33KCV6TR, STM32WL33KCV7, STM32WL33KCV7TR, STM32WL5MOCH6, STM32WL5MOCH6TR]
2026-03-11 15:25:35,671 [INFO] DbMcus:218 - Found 4918 MCUs, 4918 are supported
2026-03-11 15:25:35,672 [INFO] ApiDb:423 - Load user favorites file /home/vatcraft/.stm32cubeide/favorites.mcus.txt: 0 item(s)
2026-03-11 15:25:35,672 [INFO] ApiDb:427 - User favorites MCUs=[]
2026-03-11 15:25:35,672 [INFO] DbMcus:224 - Set 0 / 0 favorites MCUs
2026-03-11 15:25:36,851 [INFO] BoardInfo:889 - No configuration file found for board P-NUCLEO-WB55
2026-03-11 15:25:36,852 [INFO] DbBoards:161 - Kit is not supported: P-NUCLEO-WB55
2026-03-11 15:25:36,857 [INFO] BoardInfo:889 - No configuration file found for board STEVAL-BFA001V1B
2026-03-11 15:25:36,857 [INFO] DbBoards:161 - Kit is not supported: STEVAL-BFA001V1B
2026-03-11 15:25:36,858 [INFO] BoardInfo:889 - No configuration file found for board STEVAL-BFA001V2B
2026-03-11 15:25:36,859 [INFO] DbBoards:161 - Kit is not supported: STEVAL-BFA001V2B
2026-03-11 15:25:37,072 [INFO] BoardInfo:889 - No configuration file found for board STM32MP215F-DK
2026-03-11 15:25:37,073 [INFO] DbBoards:161 - Board is not supported: STM32MP215F-DK
2026-03-11 15:25:37,092 [INFO] DbBoards:168 - Found 212 boards, 208 are supported
2026-03-11 15:25:37,093 [INFO] DbBoards:169 - Found 212 boards, 43 of them is supported for  Bsp
2026-03-11 15:25:37,097 [INFO] ApiDb:423 - Load user favorites file /home/vatcraft/.stm32cubeide/favorites.boards.txt: 0 item(s)
2026-03-11 15:25:37,098 [INFO] ApiDb:427 - User favorites Boards=[]
2026-03-11 15:25:37,098 [INFO] DbBoards:198 - Set 0 / 0 favorites Boards
2026-03-11 15:25:37,098 [INFO] McuFinderGlobals:76 - Set McuFinderConnectedMode to true
2026-03-11 15:25:37,114 [INFO] MultiScanPanel:200 - Auto-refresh data requested => check proxy status ongoing
2026-03-11 15:25:37,117 [INFO] FinderPluginLoader:95 - Searching for filters in installed packs
2026-03-11 15:25:39,558 [INFO] LoadUrlFilesThread:185 - End of LoadServerUrlFiles without Thread
2026-03-11 15:25:39,572 [INFO] DetailPanel:341 - Set advertising image to /home/vatcraft/STM32Cube/Repository//en.prom-stm32c5-0326.jpg
2026-03-11 15:25:44,655 [INFO] MultiScanPanel:200 - Auto-refresh data requested => check proxy status ongoing
2026-03-11 15:25:44,894 [INFO] LoadUrlFilesThread:185 - End of LoadServerUrlFiles without Thread
2026-03-11 15:25:44,894 [INFO] DetailPanel:341 - Set advertising image to /home/vatcraft/STM32Cube/Repository//en.prom-stm32c5-0326.jpg
2026-03-11 15:25:44,908 [INFO] DbBoards:642 - Loading board mini-images...
2026-03-11 15:25:47,243 [INFO] DbBoards:665 - Loaded 212 board mini-images
2026-03-11 15:26:17,774 [INFO] MainUpdater:2872 - connection check result : 10
2026-03-11 15:26:17,775 [INFO] MainUpdater:2872 - connection check result : 10
2026-03-11 15:26:17,808 [INFO] MicroXplorer:468 - Change Database Path : 
2026-03-11 15:26:17,808 [INFO] MicroXplorer:498 - Change Database Version : DB.6.0.141
2026-03-11 15:26:17,823 [WARN] ThirdParty:871 - waiting for thirdparty lock release [close project]
2026-03-11 15:26:17,823 [INFO] ThirdParty:873 - entering critical section [close project]
2026-03-11 15:26:17,828 [INFO] ThirdParty:883 - exiting critical section [close project]
2026-03-11 15:26:17,831 [INFO] PinOutPanel:1589 - setPackage(No Configuration,No Configuration)
2026-03-11 15:26:17,837 [INFO] UtilMem:75 - Begin LoadConfig() Used Memory: 571146360 Bytes (936378368)
2026-03-11 15:26:17,849 [INFO] MicroXplorer:468 - Change Database Path : 
2026-03-11 15:26:17,849 [INFO] MicroXplorer:498 - Change Database Version : DB.6.0.141
2026-03-11 15:26:17,850 [INFO] OpenFileManager:354 - Change cursor
2026-03-11 15:26:17,888 [INFO] Mcu:2011 - Initializing MCU STM32F401R(D-E)Tx STM32F401RETx STM32F401RET6
2026-03-11 15:26:20,911 [INFO] Context:756 - Trying to add GPIOservice into a context  which must be forbidden
2026-03-11 15:26:21,574 [INFO] Rule:225 - rule Adapt Old IOC before rework replace old CORTEX_M33/CORTEX_M55 attributes by the new one. is applicable
2026-03-11 15:26:21,575 [INFO] Rule:225 - rule Rename parametre of RCC RCC_APBDBG_DIV2 to RCC_TIMPRES_DIV2 is applicable
2026-03-11 15:26:21,575 [INFO] Rule:225 - rule Rename DIE493 pin PA10 [PA12] -> PA10 is applicable
2026-03-11 15:26:21,575 [INFO] Rule:225 - rule Rename DIE493 pin PA9 [PA11] -> PA9 is applicable
2026-03-11 15:26:21,575 [INFO] Rule:225 - rule Adapt Old IOC CSI. is applicable
2026-03-11 15:26:21,575 [INFO] DbConfProperties:307 - Apply Compatibility (0/5 Rules)
2026-03-11 15:26:21,615 [INFO] ImportTextPane:218 - (OptionalMessage_ERROR) Pin12 (VP_RIF_VS_RIF1) cannot be retrieved for this MCU
2026-03-11 15:26:22,058 [INFO] RtosManager:558 - Registered RTOS mode: class=CMSIS, group=RTOS, mode=CMSIS_V1, owner=FREERTOS
2026-03-11 15:26:22,059 [INFO] RtosManager:558 - Registered RTOS mode: class=CMSIS, group=RTOS2, mode=CMSIS_V2, owner=FREERTOS
2026-03-11 15:26:22,059 [INFO] RtosManager:558 - Registered RTOS mode: class=RTOS, group=Core, mode=CMSIS_V1, owner=FREERTOS
2026-03-11 15:26:22,059 [INFO] RtosManager:558 - Registered RTOS mode: class=RTOS, group=Core, mode=CMSIS_V2, owner=FREERTOS
2026-03-11 15:26:22,063 [WARN] ModelIntegratedComponent:184 - Missing modes for component STMicroelectronics:FreeRTOS:0.0.1:STMicroelectronics:RTOS:FreeRTOS:Core:::10.2.0:
2026-03-11 15:26:22,095 [WARN] ModelIntegratedComponent:63 - No mode defined for component null
2026-03-11 15:26:22,096 [WARN] ModelIntegratedComponent:63 - No mode defined for component null
2026-03-11 15:26:22,096 [WARN] ModelIntegratedComponent:63 - No mode defined for component null
2026-03-11 15:26:22,096 [WARN] ModelIntegratedComponent:63 - No mode defined for component null
2026-03-11 15:26:22,096 [WARN] ModelIntegratedComponent:63 - No mode defined for component null
2026-03-11 15:26:22,096 [WARN] ModelIntegratedComponent:63 - No mode defined for component null
2026-03-11 15:26:22,097 [WARN] ModelIntegratedComponent:63 - No mode defined for component null
2026-03-11 15:26:22,097 [WARN] ModelIntegratedComponent:63 - No mode defined for component null
2026-03-11 15:26:22,097 [WARN] ModelIntegratedComponent:63 - No mode defined for component null
2026-03-11 15:26:22,097 [WARN] ModelIntegratedComponent:63 - No mode defined for component null
2026-03-11 15:26:22,097 [WARN] ModelIntegratedComponent:63 - No mode defined for component null
2026-03-11 15:26:22,097 [WARN] ModelIntegratedComponent:63 - No mode defined for component null
2026-03-11 15:26:22,097 [WARN] ModelIntegratedComponent:63 - No mode defined for component null
2026-03-11 15:26:22,097 [WARN] ModelIntegratedComponent:63 - No mode defined for component null
2026-03-11 15:26:22,097 [WARN] ModelIntegratedComponent:63 - No mode defined for component null
2026-03-11 15:26:22,097 [WARN] ModelIntegratedComponent:63 - No mode defined for component null
2026-03-11 15:26:22,097 [WARN] ModelIntegratedComponent:63 - No mode defined for component null
2026-03-11 15:26:22,098 [WARN] ModelIntegratedComponent:63 - No mode defined for component null
2026-03-11 15:26:22,098 [WARN] ModelIntegratedComponent:63 - No mode defined for component null
2026-03-11 15:26:22,098 [WARN] ModelIntegratedComponent:63 - No mode defined for component null
2026-03-11 15:26:22,098 [WARN] ModelIntegratedComponent:63 - No mode defined for component null
2026-03-11 15:26:22,098 [WARN] ModelIntegratedComponent:63 - No mode defined for component null
2026-03-11 15:26:22,098 [WARN] ModelIntegratedComponent:63 - No mode defined for component null
2026-03-11 15:26:22,098 [WARN] ModelIntegratedComponent:63 - No mode defined for component null
2026-03-11 15:26:22,098 [WARN] ModelIntegratedComponent:63 - No mode defined for component null
2026-03-11 15:26:22,098 [WARN] ModelIntegratedComponent:63 - No mode defined for component null
2026-03-11 15:26:22,098 [WARN] ModelIntegratedComponent:63 - No mode defined for component null
2026-03-11 15:26:22,098 [WARN] ModelIntegratedComponent:63 - No mode defined for component null
2026-03-11 15:26:22,098 [WARN] ModelIntegratedComponent:63 - No mode defined for component null
2026-03-11 15:26:22,098 [WARN] ModelIntegratedComponent:63 - No mode defined for component null
2026-03-11 15:26:22,098 [WARN] ModelIntegratedComponent:63 - No mode defined for component null
2026-03-11 15:26:22,099 [WARN] ModelIntegratedComponent:63 - No mode defined for component null
2026-03-11 15:26:22,099 [WARN] ModelIntegratedComponent:63 - No mode defined for component null
2026-03-11 15:26:22,099 [WARN] ModelIntegratedComponent:63 - No mode defined for component null
2026-03-11 15:26:22,099 [WARN] ModelIntegratedComponent:63 - No mode defined for component null
2026-03-11 15:26:22,099 [WARN] ModelPack:524 - Component already loaded: STMicroelectronics:HAL Drivers:0.0.0:STMicroelectronics:Device:STMicro_Driver:XSPI:HAL::0.0.1:HAL_XSPI
2026-03-11 15:26:22,187 [INFO] ThirdPartyModel:298 - Start build external matchings
2026-03-11 15:26:22,813 [INFO] ThirdPartyModel:316 - End build external matchings
2026-03-11 15:26:22,831 [INFO] ImportTextPane:218 - (OptionalMessage_ERROR) IP (RCC) : Parameter (RTCHSEDivFreq_Value) has invalid value (4000000)
2026-03-11 15:26:23,141 [INFO] UtilMem:75 - End LoadConfig() Used Memory: 977048264 Bytes (1073741824)
2026-03-11 15:26:23,380 [WARN] ThirdParty:833 - waiting for thirdparty lock release [change project]
2026-03-11 15:26:23,380 [INFO] ThirdParty:835 - entering critical section [change project]
2026-03-11 15:26:23,380 [INFO] ThirdParty:1030 - CMSIS Pack Vendor :STMicroelectronics X-CUBE-AZRTOS-H7 3.5.0
2026-03-11 15:26:23,380 [INFO] ThirdParty:1030 - CMSIS Pack Vendor :STMicroelectronics X-CUBE-PM33A1 1.0.0
2026-03-11 15:26:23,380 [INFO] ThirdParty:1030 - CMSIS Pack Vendor :STMicroelectronics USBPD 4.1
2026-03-11 15:26:23,381 [INFO] ThirdParty:1030 - CMSIS Pack Vendor :STMicroelectronics X-CUBE-NFC9 1.0.0
2026-03-11 15:26:23,381 [INFO] ThirdParty:1030 - CMSIS Pack Vendor :STMicroelectronics USB_HOST 2.0.0
2026-03-11 15:26:23,381 [INFO] ThirdParty:1030 - CMSIS Pack Vendor :STMicroelectronics X-CUBE-AZRTOS-F4 1.1.0
2026-03-11 15:26:23,381 [INFO] ThirdParty:1030 - CMSIS Pack Vendor :STMicroelectronics LIBJPEG 8.0.0
2026-03-11 15:26:23,381 [INFO] ThirdParty:1030 - CMSIS Pack Vendor :STMicroelectronics FP-ATR-ASTRA1 2.0.2
2026-03-11 15:26:23,381 [INFO] ThirdParty:1030 - CMSIS Pack Vendor :STMicroelectronics X-CUBE-BLE1 7.1.0
2026-03-11 15:26:23,381 [INFO] ThirdParty:1030 - CMSIS Pack Vendor :STMicroelectronics X-CUBE-SMBUS 2.1.0
2026-03-11 15:26:23,381 [INFO] ThirdParty:1030 - CMSIS Pack Vendor :wolfSSL I-CUBE-wolfMQTT 1.19.2
2026-03-11 15:26:23,381 [INFO] ThirdParty:1030 - CMSIS Pack Vendor :STMicroelectronics USB_DEVICE 3.0.0
2026-03-11 15:26:23,381 [INFO] ThirdParty:1030 - CMSIS Pack Vendor :STMicroelectronics X-CUBE-ISPU 2.1.0
2026-03-11 15:26:23,381 [INFO] ThirdParty:1030 - CMSIS Pack Vendor :STMicroelectronics X-CUBE-EEPRMA1 5.2.0
2026-03-11 15:26:23,381 [INFO] ThirdParty:1030 - CMSIS Pack Vendor :STMicroelectronics X-CUBE-BLEMGR 4.1.0
2026-03-11 15:26:23,381 [INFO] ThirdParty:1030 - CMSIS Pack Vendor :STMicroelectronics X-CUBE-AZRTOS-WB 2.0.0
2026-03-11 15:26:23,381 [INFO] ThirdParty:1030 - CMSIS Pack Vendor :wolfSSL I-CUBE-wolfSSL 5.8.4
2026-03-11 15:26:23,381 [INFO] ThirdParty:1030 - CMSIS Pack Vendor :Cesanta I-CUBE-Mongoose 7.20.0
2026-03-11 15:26:23,381 [INFO] ThirdParty:1030 - CMSIS Pack Vendor :STMicroelectronics X-CUBE-NFC12 1.0.0
2026-03-11 15:26:23,381 [INFO] ThirdParty:1030 - CMSIS Pack Vendor :STMicroelectronics X-CUBE-AZRTOS-F7 1.1.0
2026-03-11 15:26:23,382 [INFO] ThirdParty:1030 - CMSIS Pack Vendor :STMicroelectronics X-CUBE-AZRTOS-L5 2.0.0
2026-03-11 15:26:23,382 [INFO] ThirdParty:1030 - CMSIS Pack Vendor :STMicroelectronics USB_DEVICE 2.0.0
2026-03-11 15:26:23,382 [INFO] ThirdParty:1030 - CMSIS Pack Vendor :quantropi X-CUBE-qispace-sdk-base 2.1.0
2026-03-11 15:26:23,382 [INFO] ThirdParty:1030 - CMSIS Pack Vendor :STMicroelectronics X-CUBE-MEMS1 12.0.0
2026-03-11 15:26:23,382 [INFO] ThirdParty:1030 - CMSIS Pack Vendor :STMicroelectronics X-CUBE-STSE01 2.0.0
2026-03-11 15:26:23,382 [INFO] ThirdParty:1030 - CMSIS Pack Vendor :STMicroelectronics FreeRTOS 0.0.1
2026-03-11 15:26:23,382 [INFO] ThirdParty:1030 - CMSIS Pack Vendor :STMicroelectronics X-CUBE-AZRTOS-G0 1.1.0
2026-03-11 15:26:23,382 [INFO] ThirdParty:1030 - CMSIS Pack Vendor :STMicroelectronics X-CUBE-NFC4 3.0.0
2026-03-11 15:26:23,382 [INFO] ThirdParty:1030 - CMSIS Pack Vendor :STMicroelectronics X-CUBE-SUBG2 5.0.0
2026-03-11 15:26:23,382 [INFO] ThirdParty:1030 - CMSIS Pack Vendor :STMicroelectronics STM32_WPAN 1.0.0
2026-03-11 15:26:23,382 [INFO] ThirdParty:1030 - CMSIS Pack Vendor :EmbeddedOffice I-CUBE-FS-RTOS 1.0.1
2026-03-11 15:26:23,382 [INFO] ThirdParty:1030 - CMSIS Pack Vendor :STMicroelectronics lwIP 2.0.3
2026-03-11 15:26:23,382 [INFO] ThirdParty:1030 - CMSIS Pack Vendor :STMicroelectronics USB_HOST 1.0.0
2026-03-11 15:26:23,382 [INFO] ThirdParty:1030 - CMSIS Pack Vendor :STMicroelectronics X-CUBE-AZRTOS-G4 2.0.0
2026-03-11 15:26:23,382 [INFO] ThirdParty:1030 - CMSIS Pack Vendor :STMicroelectronics X-CUBE-WB05N 2.0.0
2026-03-11 15:26:23,382 [INFO] ThirdParty:1030 - CMSIS Pack Vendor :STMicroelectronics PDM2PCM 3.1.0
2026-03-11 15:26:23,383 [INFO] ThirdParty:1030 - CMSIS Pack Vendor :STMicroelectronics PDM2PCM 3.3.0
2026-03-11 15:26:23,383 [INFO] ThirdParty:1030 - CMSIS Pack Vendor :wolfSSL I-CUBE-wolfTPM 3.8.0
2026-03-11 15:26:23,383 [INFO] ThirdParty:1030 - CMSIS Pack Vendor :STMicroelectronics X-CUBE-DISPLAY 3.0.0
2026-03-11 15:26:23,383 [INFO] ThirdParty:1030 - CMSIS Pack Vendor :wolfSSL I-CUBE-wolfSSH 1.4.20
2026-03-11 15:26:23,383 [INFO] ThirdParty:1030 - CMSIS Pack Vendor :STMicroelectronics X-CUBE-NFC7 2.0.0
2026-03-11 15:26:23,383 [INFO] ThirdParty:1030 - CMSIS Pack Vendor :STMicroelectronics X-CUBE-TCPP 4.2.0
2026-03-11 15:26:23,383 [INFO] ThirdParty:1030 - CMSIS Pack Vendor :RealThread X-CUBE-RT-Thread_Nano 4.1.1
2026-03-11 15:26:23,383 [INFO] ThirdParty:1030 - CMSIS Pack Vendor :STMicroelectronics FP-ATR-SIGFOX1 3.2.0
2026-03-11 15:26:23,383 [INFO] ThirdParty:1030 - CMSIS Pack Vendor :STMicroelectronics X-CUBE-NFC10 1.0.0
2026-03-11 15:26:23,383 [INFO] ThirdParty:1030 - CMSIS Pack Vendor :STMicroelectronics HAL Drivers 0.0.0
2026-03-11 15:26:23,383 [INFO] ThirdParty:1030 - CMSIS Pack Vendor :STMicroelectronics MBEDTLS 2.16.2
2026-03-11 15:26:23,383 [INFO] ThirdParty:1030 - CMSIS Pack Vendor :STMicroelectronics X-CUBE-ST60 1.1.0
2026-03-11 15:26:23,383 [INFO] ThirdParty:1030 - CMSIS Pack Vendor :STMicroelectronics X-CUBE-ALS 1.0.2
2026-03-11 15:26:23,383 [INFO] ThirdParty:1030 - CMSIS Pack Vendor :emotas I-CUBE-CANOPEN 1.3.0
2026-03-11 15:26:23,383 [INFO] ThirdParty:1030 - CMSIS Pack Vendor :STMicroelectronics MBEDTLS 2.14.1
2026-03-11 15:26:23,383 [INFO] ThirdParty:1030 - CMSIS Pack Vendor :STMicroelectronics X-CUBE-GNSS1 7.1.0
2026-03-11 15:26:23,384 [INFO] ThirdParty:1030 - CMSIS Pack Vendor :ITTIA_DB I-CUBE-ITTIADB 8.9.0
2026-03-11 15:26:23,384 [INFO] ThirdParty:1030 - CMSIS Pack Vendor :STMicroelectronics X-CUBE-TOUCHGFX 4.26.1
2026-03-11 15:26:23,384 [INFO] ThirdParty:1030 - CMSIS Pack Vendor :STMicroelectronics X-CUBE-NFC6 3.2.0
2026-03-11 15:26:23,384 [INFO] ThirdParty:1030 - CMSIS Pack Vendor :STMicroelectronics X-CUBE-AI 10.2.0
2026-03-11 15:26:23,384 [INFO] ThirdParty:1030 - CMSIS Pack Vendor :STMicroelectronics FP-SNS-STAIOTCFT 1.0.0
2026-03-11 15:26:23,384 [INFO] ThirdParty:1030 - CMSIS Pack Vendor :STMicroelectronics ThreadX 1.0.0
2026-03-11 15:26:23,384 [INFO] ThirdParty:1030 - CMSIS Pack Vendor :STMicroelectronics FP-SNS-SMARTAG2 1.2.0
2026-03-11 15:26:23,384 [INFO] ThirdParty:1030 - CMSIS Pack Vendor :STMicroelectronics FP-SNS-FLIGHT1 5.1.0
2026-03-11 15:26:23,384 [INFO] ThirdParty:1030 - CMSIS Pack Vendor :STMicroelectronics X-CUBE-AZRTOS-WL 2.0.0
2026-03-11 15:26:23,384 [INFO] ThirdParty:1030 - CMSIS Pack Vendor :SEGGER I-CUBE-embOS 1.3.1
2026-03-11 15:26:23,384 [INFO] ThirdParty:1030 - CMSIS Pack Vendor :STMicroelectronics X-CUBE-ALGOBUILD 1.4.0
2026-03-11 15:26:23,384 [INFO] ThirdParty:1030 - CMSIS Pack Vendor :STMicroelectronics X-CUBE-DPower 1.3.0
2026-03-11 15:26:23,384 [INFO] ThirdParty:1030 - CMSIS Pack Vendor :STMicroelectronics USB_DEVICE 1.0.0
2026-03-11 15:26:23,384 [INFO] ThirdParty:1030 - CMSIS Pack Vendor :STMicroelectronics X-CUBE-AZRTOS-H7RS 1.2.0
2026-03-11 15:26:23,384 [INFO] ThirdParty:1030 - CMSIS Pack Vendor :STMicroelectronics X-CUBE-AZRTOS-L4 2.0.0
2026-03-11 15:26:23,384 [INFO] ThirdParty:1030 - CMSIS Pack Vendor :STMicroelectronics ThreadX 0.0.2
2026-03-11 15:26:23,385 [INFO] ThirdParty:1030 - CMSIS Pack Vendor :STMicroelectronics lwIP 2.1.2
2026-03-11 15:26:23,385 [INFO] ThirdParty:1030 - CMSIS Pack Vendor :STMicroelectronics X-CUBE-SFXS2LP1 4.0.0
2026-03-11 15:26:23,385 [INFO] ThirdParty:1030 - CMSIS Pack Vendor :STMicroelectronics X-CUBE-BLE2 3.3.0
2026-03-11 15:26:23,385 [INFO] ThirdParty:1030 - CMSIS Pack Vendor :Avnet-IOTCONNECT X-CUBE-iotc-st67-sdk 1.0.0
2026-03-11 15:26:23,385 [INFO] ThirdParty:1030 - CMSIS Pack Vendor :STMicroelectronics X-CUBE-TOF1 3.4.3
2026-03-11 15:26:23,385 [INFO] ThirdParty:1030 - CMSIS Pack Vendor :Infineon AIROC-Wi-Fi-Bluetooth-STM32 1.8.0
2026-03-11 15:26:23,385 [INFO] ThirdParty:1030 - CMSIS Pack Vendor :STMicroelectronics PDM2PCM 3.2.0
2026-03-11 15:26:23,385 [INFO] ThirdParty:841 - exiting critical section [change project]
2026-03-11 15:26:24,229 [INFO] PinOutPanel:1589 - setPackage(No Configuration,No Configuration)
2026-03-11 15:26:24,231 [INFO] PinOutPanel:1589 - setPackage(STM32F401RETx,LQFP64)
2026-03-11 15:26:25,889 [INFO] UtilMem:75 - Before build in PCC Used Memory: 946709696 Bytes (1073741824)
2026-03-11 15:26:27,689 [INFO] UtilMem:75 - After build in PCC Used Memory: 765848048 Bytes (1073741824)
2026-03-11 15:26:27,782 [INFO] IPUIPlugin:80 - create IPUIPlugin
2026-03-11 15:26:27,782 [INFO] IPUIPlugin:80 - create IPUIPlugin
2026-03-11 15:26:27,784 [INFO] IPUIPlugin:80 - create IPUIPlugin
2026-03-11 15:26:27,784 [INFO] IPUIPlugin:80 - create IPUIPlugin
2026-03-11 15:26:27,784 [INFO] IPUIPlugin:80 - create IPUIPlugin
2026-03-11 15:26:27,785 [INFO] IPUIPlugin:80 - create IPUIPlugin
2026-03-11 15:26:27,785 [INFO] IPUIPlugin:80 - create IPUIPlugin
2026-03-11 15:26:27,785 [INFO] IPUIPlugin:80 - create IPUIPlugin
2026-03-11 15:26:27,786 [INFO] IPUIPlugin:80 - create IPUIPlugin
2026-03-11 15:26:27,786 [INFO] IPUIPlugin:80 - create IPUIPlugin
2026-03-11 15:26:27,786 [INFO] IPUIPlugin:80 - create IPUIPlugin
2026-03-11 15:26:27,787 [INFO] IPUIPlugin:80 - create IPUIPlugin
2026-03-11 15:26:27,787 [INFO] IPUIPlugin:80 - create IPUIPlugin
2026-03-11 15:26:27,788 [INFO] IPUIPlugin:80 - create IPUIPlugin
2026-03-11 15:26:27,788 [INFO] IPUIPlugin:80 - create IPUIPlugin
2026-03-11 15:26:27,788 [INFO] IPUIPlugin:80 - create IPUIPlugin
2026-03-11 15:26:27,788 [INFO] IPUIPlugin:80 - create IPUIPlugin
2026-03-11 15:26:27,789 [INFO] IPUIPlugin:80 - create IPUIPlugin
2026-03-11 15:26:27,789 [INFO] IPUIPlugin:80 - create IPUIPlugin
2026-03-11 15:26:27,789 [INFO] IPUIPlugin:80 - create IPUIPlugin
2026-03-11 15:26:27,789 [INFO] IPUIPlugin:80 - create IPUIPlugin
2026-03-11 15:26:27,790 [INFO] IPUIPlugin:80 - create IPUIPlugin
2026-03-11 15:26:27,790 [INFO] IPUIPlugin:80 - create IPUIPlugin
2026-03-11 15:26:27,791 [INFO] IPUIPlugin:80 - create IPUIPlugin
2026-03-11 15:26:27,791 [INFO] IPUIPlugin:80 - create IPUIPlugin
2026-03-11 15:26:27,792 [INFO] IPUIPlugin:80 - create IPUIPlugin
2026-03-11 15:26:27,793 [INFO] IPUIPlugin:80 - create IPUIPlugin
2026-03-11 15:26:27,795 [INFO] IPUIPlugin:80 - create IPUIPlugin
2026-03-11 15:26:27,796 [INFO] IPUIPlugin:80 - create IPUIPlugin
2026-03-11 15:26:27,797 [INFO] IPUIPlugin:80 - create IPUIPlugin
2026-03-11 15:26:27,797 [INFO] IPUIPlugin:80 - create IPUIPlugin
2026-03-11 15:26:27,798 [INFO] IPUIPlugin:80 - create IPUIPlugin
2026-03-11 15:26:27,798 [INFO] IPUIPlugin:80 - create IPUIPlugin
2026-03-11 15:26:27,799 [INFO] IPUIPlugin:80 - create IPUIPlugin
2026-03-11 15:26:27,800 [INFO] IPUIPlugin:80 - create IPUIPlugin
2026-03-11 15:26:27,802 [INFO] IPUIPlugin:80 - create IPUIPlugin
2026-03-11 15:26:27,803 [INFO] IPUIPlugin:80 - create IPUIPlugin
2026-03-11 15:26:27,804 [INFO] IPUIPlugin:80 - create IPUIPlugin
2026-03-11 15:26:27,860 [INFO] ApiDbMcu:508 - Load IP Config File for PDM2PCM
2026-03-11 15:26:28,338 [INFO] CADModel:165 - CPN selected for project levelSTM32F401RET6
2026-03-11 15:26:28,340 [INFO] CADModel:114 - Register for checkConnection events
2026-03-11 15:26:28,426 [INFO] OpenFileManager:385 - Restore cursor
2026-03-11 15:26:28,964 [INFO] UtilMem:75 - End SaveConfig() Used Memory: 930474480 Bytes (1073741824)
2026-03-11 15:26:29,023 [INFO] UtilMem:75 - End SaveConfig() Used Memory: 944628208 Bytes (1073741824)
2026-03-11 15:26:29,904 [INFO] BlockDiagram:2775 - set Specific Code input for plugin: NVIC
2026-03-11 15:26:29,904 [INFO] BlockDiagram:2775 - set Specific Code input for plugin: USART
2026-03-11 15:26:29,904 [INFO] BlockDiagram:2775 - set Specific Code input for plugin: SYS
2026-03-11 15:26:29,904 [INFO] BlockDiagram:2775 - set Specific Code input for plugin: GPIO
2026-03-11 15:26:29,904 [INFO] BlockDiagram:2775 - set Specific Code input for plugin: RCC
2026-03-11 15:26:29,905 [INFO] CodeGenerator:882 - code generatio: config db path: /opt/st/stm32cubeide_1.18.1/plugins/com.st.stm32cube.common.mx_6.14.1.202504091515//db/
2026-03-11 15:26:30,292 [INFO] CodeEngine:263 - oldGeneratedFile, /home/vatcraft/Desktop/FET/ELT3240/Lab2/exercise1/exercise1/MXTmpFiles/license.tmp_save
2026-03-11 15:26:30,933 [INFO] CodeEngine:287 - Generated code: /home/vatcraft/Desktop/FET/ELT3240/Lab2/exercise1/exercise1/MXTmpFiles/license.tmp
2026-03-11 15:26:31,031 [INFO] CodeEngine:263 - oldGeneratedFile, /home/vatcraft/Desktop/FET/ELT3240/Lab2/exercise1/exercise1/MXTmpFiles/gpio.tmp_save
2026-03-11 15:26:31,342 [INFO] CodeEngine:287 - Generated code: /home/vatcraft/Desktop/FET/ELT3240/Lab2/exercise1/exercise1/MXTmpFiles/gpio.tmp
2026-03-11 15:26:31,475 [INFO] CodeEngine:263 - oldGeneratedFile, /home/vatcraft/Desktop/FET/ELT3240/Lab2/exercise1/exercise1/Core/Src/stm32f4xx_it.c_save
2026-03-11 15:26:31,666 [INFO] CodeEngine:287 - Generated code: /home/vatcraft/Desktop/FET/ELT3240/Lab2/exercise1/exercise1/Core/Src/stm32f4xx_it.c
2026-03-11 15:26:31,676 [INFO] CodeEngine:263 - oldGeneratedFile, /home/vatcraft/Desktop/FET/ELT3240/Lab2/exercise1/exercise1/Core/Inc/stm32f4xx_it.h_save
2026-03-11 15:26:31,804 [INFO] CodeEngine:287 - Generated code: /home/vatcraft/Desktop/FET/ELT3240/Lab2/exercise1/exercise1/Core/Inc/stm32f4xx_it.h
2026-03-11 15:26:31,821 [INFO] CodeEngine:263 - oldGeneratedFile, /home/vatcraft/Desktop/FET/ELT3240/Lab2/exercise1/exercise1/Core/Src/stm32f4xx_hal_msp.c_save
2026-03-11 15:26:32,045 [INFO] CodeEngine:287 - Generated code: /home/vatcraft/Desktop/FET/ELT3240/Lab2/exercise1/exercise1/Core/Src/stm32f4xx_hal_msp.c
2026-03-11 15:26:32,055 [INFO] CodeEngine:263 - oldGeneratedFile, /home/vatcraft/Desktop/FET/ELT3240/Lab2/exercise1/exercise1/MXTmpFiles/system.tmp_save
2026-03-11 15:26:32,167 [INFO] CodeEngine:287 - Generated code: /home/vatcraft/Desktop/FET/ELT3240/Lab2/exercise1/exercise1/MXTmpFiles/system.tmp
2026-03-11 15:26:32,175 [INFO] CodeEngine:319 - oldGeneratedFile, /home/vatcraft/Desktop/FET/ELT3240/Lab2/exercise1/exercise1/Core/Inc/stm32f4xx_hal_conf.h_save
2026-03-11 15:26:32,318 [INFO] CodeEngine:343 - Generated code: /home/vatcraft/Desktop/FET/ELT3240/Lab2/exercise1/exercise1/Core/Inc/stm32f4xx_hal_conf.h
2026-03-11 15:26:32,446 [INFO] ApiDbMcu:508 - Load IP Config File for USART2
2026-03-11 15:26:32,468 [INFO] ApiDbMcu:508 - Load IP Config File for RCC
2026-03-11 15:26:32,483 [INFO] CodeEngine:263 - oldGeneratedFile, /home/vatcraft/Desktop/FET/ELT3240/Lab2/exercise1/exercise1/Core/Inc/main.h_save
2026-03-11 15:26:32,653 [INFO] CodeEngine:287 - Generated code: /home/vatcraft/Desktop/FET/ELT3240/Lab2/exercise1/exercise1/Core/Inc/main.h
2026-03-11 15:26:32,655 [INFO] CodeEngine:263 - oldGeneratedFile, /home/vatcraft/Desktop/FET/ELT3240/Lab2/exercise1/exercise1/Core/Src/main.c_save
2026-03-11 15:26:33,015 [INFO] CodeEngine:287 - Generated code: /home/vatcraft/Desktop/FET/ELT3240/Lab2/exercise1/exercise1/Core/Src/main.c
2026-03-11 15:26:33,493 [INFO] ProjectBuilder:3324 - Time for Copy HAL[1] : 60mS.
2026-03-11 15:26:33,498 [INFO] ProjectBuilder:4912 - Project Generator version: 4.6.0.1-B1
2026-03-11 15:26:33,681 [INFO] ConfigFileManager:1590 - The Die is : DIE433
2026-03-11 15:26:33,720 [INFO] ApiDbMcu:508 - Load IP Config File for FATFS
2026-03-11 15:26:33,774 [INFO] ApiDbMcu:508 - Load IP Config File for FREERTOS
2026-03-11 15:26:33,783 [INFO] ApiDbMcu:508 - Load IP Config File for LIBJPEG
2026-03-11 15:26:33,861 [INFO] ApiDbMcu:508 - Load IP Config File for MBEDTLS
2026-03-11 15:26:33,956 [INFO] ApiDbMcu:508 - Load IP Config File for USB_DEVICE
2026-03-11 15:26:33,978 [INFO] ApiDbMcu:508 - Load IP Config File for USB_HOST
2026-03-11 15:26:35,040 [INFO] LogOutputStream:77 - [STDOUT_REDIRECT] 
2026-03-11 15:26:38,878 [INFO] ProjectBuilder:5191 - Time for Generating toolchain IDE Files: 5380mS.
2026-03-11 15:26:38,879 [INFO] ProjectBuilder:3181 - Time for Copy CMSIS : 0mS.
2026-03-11 15:26:38,880 [INFO] ProjectBuilder:3181 - Time for Copy CMSIS : 0mS.
2026-03-11 15:26:39,920 [INFO] McuFinderGlobals:76 - Set McuFinderConnectedMode to true
2026-03-11 15:26:39,925 [INFO] ApiDb:448 - Save user favorites file /home/vatcraft/.stm32cubeide/favorites.mcus.txt: 0 item(s)
2026-03-11 15:26:39,926 [INFO] ApiDb:452 - User favorites MCUs=[]
2026-03-11 15:26:39,927 [INFO] ApiDb:448 - Save user favorites file /home/vatcraft/.stm32cubeide/favorites.boards.txt: 0 item(s)
2026-03-11 15:26:39,927 [INFO] ApiDb:452 - User favorites Boards=[]
2026-03-11 15:29:38,328 [INFO] MainUpdater:2872 - connection check result : 10
2026-03-11 15:29:38,543 [INFO] McuFinderGlobals:76 - Set McuFinderConnectedMode to true
2026-03-11 15:29:38,545 [INFO] MultiScanPanel:200 - Auto-refresh data requested => check proxy status ongoing
2026-03-11 15:29:38,546 [INFO] FinderPluginLoader:95 - Searching for filters in installed packs
2026-03-11 15:29:41,689 [INFO] LoadUrlFilesThread:185 - End of LoadServerUrlFiles without Thread
2026-03-11 15:29:41,693 [INFO] DetailPanel:341 - Set advertising image to /home/vatcraft/STM32Cube/Repository//en.prom-stm32c5-0326.jpg
2026-03-11 15:29:46,616 [INFO] MultiScanPanel:200 - Auto-refresh data requested => check proxy status ongoing
2026-03-11 15:29:46,706 [INFO] LoadUrlFilesThread:185 - End of LoadServerUrlFiles without Thread
2026-03-11 15:29:46,706 [INFO] DetailPanel:341 - Set advertising image to /home/vatcraft/STM32Cube/Repository//en.prom-stm32c5-0326.jpg
2026-03-11 15:30:14,223 [INFO] MainUpdater:2872 - connection check result : 10
2026-03-11 15:30:14,224 [INFO] MainUpdater:2872 - connection check result : 10
2026-03-11 15:30:14,799 [INFO] MicroXplorer:468 - Change Database Path : 
2026-03-11 15:30:14,800 [INFO] MicroXplorer:498 - Change Database Version : DB.6.0.141
2026-03-11 15:30:14,859 [ERROR] ProjectManagerView:395 - 
java.lang.NullPointerException: Cannot invoke "javax.swing.JTextField.getText()" because the return value of "java.util.List.get(int)" is null
	at com.st.microxplorer.plugins.projectmanager.gui.ProjectChoiceTab$9.caretUpdate(ProjectChoiceTab.java:2678) ~[filemanager.jar:?]
	at javax.swing.text.JTextComponent.fireCaretUpdate(JTextComponent.java:408) ~[?:?]
	at javax.swing.text.JTextComponent$MutableCaretEvent.fire(JTextComponent.java:4484) ~[?:?]
	at javax.swing.text.JTextComponent$MutableCaretEvent.stateChanged(JTextComponent.java:4506) ~[?:?]
	at javax.swing.text.DefaultCaret.fireStateChanged(DefaultCaret.java:857) ~[?:?]
	at javax.swing.text.DefaultCaret.changeCaretPosition(DefaultCaret.java:1343) ~[?:?]
	at javax.swing.text.DefaultCaret.handleSetDot(DefaultCaret.java:1242) ~[?:?]
	at javax.swing.text.DefaultCaret.setDot(DefaultCaret.java:1223) ~[?:?]
	at javax.swing.text.DefaultCaret$Handler.insertUpdate(DefaultCaret.java:1819) ~[?:?]
	at javax.swing.text.AbstractDocument.fireInsertUpdate(AbstractDocument.java:227) ~[?:?]
	at javax.swing.text.AbstractDocument.handleInsertString(AbstractDocument.java:781) ~[?:?]
	at javax.swing.text.AbstractDocument.insertString(AbstractDocument.java:740) ~[?:?]
	at javax.swing.text.PlainDocument.insertString(PlainDocument.java:131) ~[?:?]
	at javax.swing.text.AbstractDocument.replace(AbstractDocument.java:699) ~[?:?]
	at javax.swing.text.JTextComponent.setText(JTextComponent.java:1725) ~[?:?]
	at com.st.microxplorer.plugins.projectmanager.gui.ProjectChoiceTab.createHeapStackFields(ProjectChoiceTab.java:979) ~[filemanager.jar:?]
	at com.st.microxplorer.plugins.projectmanager.gui.ProjectChoiceTab.buildLinkSettingsPanel(ProjectChoiceTab.java:3766) ~[filemanager.jar:?]
	at com.st.microxplorer.plugins.projectmanager.gui.ProjectChoiceTab.defineWindowsFields(ProjectChoiceTab.java:1962) ~[filemanager.jar:?]
	at com.st.microxplorer.plugins.projectmanager.gui.ProjectChoiceTab.updateSettings(ProjectChoiceTab.java:555) ~[filemanager.jar:?]
	at com.st.microxplorer.plugins.projectmanager.gui.ProjectSettingsPanel.UpdateDialog(ProjectSettingsPanel.java:245) ~[filemanager.jar:?]
	at com.st.microxplorer.plugins.projectmanager.ProjectManagerView.propertyChange(ProjectManagerView.java:392) ~[filemanager.jar:?]
	at java.beans.PropertyChangeSupport.fire(PropertyChangeSupport.java:343) ~[?:?]
	at java.beans.PropertyChangeSupport.firePropertyChange(PropertyChangeSupport.java:335) ~[?:?]
	at java.beans.PropertyChangeSupport.firePropertyChange(PropertyChangeSupport.java:268) ~[?:?]
	at com.st.microxplorer.util.MXPropertyChangeSupport.firePropertyChange(MXPropertyChangeSupport.java:54) ~[STM32CubeMX.jar:?]
	at com.st.microxplorer.mxsystem.MxSystem.closeConfig(MxSystem.java:899) ~[STM32CubeMX.jar:?]
	at com.st.microxplorer.maingui.MainPanel.closeConfig(MainPanel.java:789) ~[STM32CubeMX.jar:?]
	at com.st.microxplorer.plugins.filemanager.engine.OpenFileManager.loadConfigurationFile(OpenFileManager.java:287) ~[filemanager.jar:?]
	at com.st.microxplorer.plugins.filemanager.engine.MainFileManager.userLoadConfig(MainFileManager.java:341) ~[filemanager.jar:?]
	at com.st.microxplorer.plugins.filemanager.FileManagerView.getSpecificTask(FileManagerView.java:250) ~[filemanager.jar:?]
	at com.st.stm32cube.common.mx.editor.CubeMxEditor.getMxTabbedPaneInstance(CubeMxEditor.java:1191) ~[com.st.stm32cube.common.mx_6.14.1.202504091515/:?]
	at com.st.stm32cube.common.mx.editor.CubeMxEditor$12$1.createSwingComponent(CubeMxEditor.java:1068) ~[com.st.stm32cube.common.mx_6.14.1.202504091515/:?]
	at com.st.stm32cube.common.mx.oss.core.awtswtbridge.EmbeddedSwingComposite.doComponentCreation(EmbeddedSwingComposite.java:492) ~[com.st.stm32cube.common.mx.oss_6.14.1.202504091515/:?]
	at com.st.stm32cube.common.mx.oss.core.awtswtbridge.EmbeddedSwingComposite$4.run(EmbeddedSwingComposite.java:291) ~[com.st.stm32cube.common.mx.oss_6.14.1.202504091515/:?]
	at com.st.stm32cube.common.mx.oss.core.awtswtbridge.AwtEnvironment$2.run(AwtEnvironment.java:166) ~[com.st.stm32cube.common.mx.oss_6.14.1.202504091515/:?]
	at java.awt.event.InvocationEvent.dispatch(InvocationEvent.java:318) ~[?:?]
	at java.awt.EventQueue.dispatchEventImpl(EventQueue.java:773) ~[?:?]
	at java.awt.EventQueue$4.run(EventQueue.java:720) ~[?:?]
	at java.awt.EventQueue$4.run(EventQueue.java:714) ~[?:?]
	at java.security.AccessController.doPrivileged(AccessController.java:400) ~[?:?]
	at java.security.ProtectionDomain$JavaSecurityAccessImpl.doIntersectionPrivilege(ProtectionDomain.java:87) ~[?:?]
	at java.awt.EventQueue.dispatchEvent(EventQueue.java:742) ~[?:?]
	at java.awt.EventDispatchThread.pumpOneEventForFilters(EventDispatchThread.java:203) ~[?:?]
	at java.awt.EventDispatchThread.pumpEventsForFilter(EventDispatchThread.java:124) ~[?:?]
	at java.awt.EventDispatchThread.pumpEventsForHierarchy(EventDispatchThread.java:113) ~[?:?]
	at java.awt.EventDispatchThread.pumpEvents(EventDispatchThread.java:109) ~[?:?]
	at java.awt.EventDispatchThread.pumpEvents(EventDispatchThread.java:101) ~[?:?]
	at java.awt.EventDispatchThread.run(EventDispatchThread.java:90) ~[?:?]
2026-03-11 15:30:14,871 [WARN] ThirdParty:871 - waiting for thirdparty lock release [close project]
2026-03-11 15:30:14,872 [INFO] ThirdParty:873 - entering critical section [close project]
2026-03-11 15:30:14,872 [INFO] ThirdParty:883 - exiting critical section [close project]
2026-03-11 15:30:14,873 [INFO] PinOutPanel:1589 - setPackage(No Configuration,No Configuration)
2026-03-11 15:30:14,895 [WARN] IpParametersView:155 - Warning: This peripheral hasn't parameters
2026-03-11 15:30:14,918 [WARN] MainPanel:289 - <html><b><center>Warning: This peripheral has no parameters to be configured<br></b></html>
2026-03-11 15:30:14,929 [INFO] UtilMem:75 - Begin LoadConfig() Used Memory: 757031488 Bytes (1073741824)
2026-03-11 15:30:14,936 [INFO] MicroXplorer:468 - Change Database Path : 
2026-03-11 15:30:14,937 [INFO] MicroXplorer:498 - Change Database Version : DB.6.0.141
2026-03-11 15:30:14,937 [INFO] OpenFileManager:354 - Change cursor
2026-03-11 15:30:15,022 [INFO] RulesReader:64 - Compatibility file has been processed (302 Rules)
2026-03-11 15:30:15,033 [INFO] Mcu:2011 - Initializing MCU STM32F401R(D-E)Tx STM32F401RETx STM32F401RET6
2026-03-11 15:30:16,904 [INFO] Context:756 - Trying to add GPIOservice into a context  which must be forbidden
2026-03-11 15:30:17,561 [INFO] Rule:225 - rule Adapt Old IOC before rework replace old CORTEX_M33/CORTEX_M55 attributes by the new one. is applicable
2026-03-11 15:30:17,561 [INFO] Rule:225 - rule Rename parametre of RCC RCC_APBDBG_DIV2 to RCC_TIMPRES_DIV2 is applicable
2026-03-11 15:30:17,562 [INFO] Rule:225 - rule Rename DIE493 pin PA10 [PA12] -> PA10 is applicable
2026-03-11 15:30:17,562 [INFO] Rule:225 - rule Rename DIE493 pin PA9 [PA11] -> PA9 is applicable
2026-03-11 15:30:17,562 [INFO] Rule:225 - rule Adapt Old IOC CSI. is applicable
2026-03-11 15:30:17,562 [INFO] DbConfProperties:307 - Apply Compatibility (0/5 Rules)
2026-03-11 15:30:17,607 [INFO] ImportTextPane:218 - (OptionalMessage_ERROR) Pin12 (VP_RIF_VS_RIF1) cannot be retrieved for this MCU
2026-03-11 15:30:18,175 [INFO] RtosManager:558 - Registered RTOS mode: class=CMSIS, group=RTOS, mode=CMSIS_V1, owner=FREERTOS
2026-03-11 15:30:18,175 [INFO] RtosManager:558 - Registered RTOS mode: class=CMSIS, group=RTOS2, mode=CMSIS_V2, owner=FREERTOS
2026-03-11 15:30:18,175 [INFO] RtosManager:558 - Registered RTOS mode: class=RTOS, group=Core, mode=CMSIS_V1, owner=FREERTOS
2026-03-11 15:30:18,175 [INFO] RtosManager:558 - Registered RTOS mode: class=RTOS, group=Core, mode=CMSIS_V2, owner=FREERTOS
2026-03-11 15:30:18,175 [WARN] ModelIntegratedComponent:184 - Missing modes for component STMicroelectronics:FreeRTOS:0.0.1:STMicroelectronics:RTOS:FreeRTOS:Core:::10.2.0:
2026-03-11 15:30:18,189 [WARN] ModelIntegratedComponent:63 - No mode defined for component null
2026-03-11 15:30:18,189 [WARN] ModelIntegratedComponent:63 - No mode defined for component null
2026-03-11 15:30:18,189 [WARN] ModelIntegratedComponent:63 - No mode defined for component null
2026-03-11 15:30:18,189 [WARN] ModelIntegratedComponent:63 - No mode defined for component null
2026-03-11 15:30:18,189 [WARN] ModelIntegratedComponent:63 - No mode defined for component null
2026-03-11 15:30:18,189 [WARN] ModelIntegratedComponent:63 - No mode defined for component null
2026-03-11 15:30:18,189 [WARN] ModelIntegratedComponent:63 - No mode defined for component null
2026-03-11 15:30:18,189 [WARN] ModelIntegratedComponent:63 - No mode defined for component null
2026-03-11 15:30:18,190 [WARN] ModelIntegratedComponent:63 - No mode defined for component null
2026-03-11 15:30:18,190 [WARN] ModelIntegratedComponent:63 - No mode defined for component null
2026-03-11 15:30:18,190 [WARN] ModelIntegratedComponent:63 - No mode defined for component null
2026-03-11 15:30:18,190 [WARN] ModelIntegratedComponent:63 - No mode defined for component null
2026-03-11 15:30:18,190 [WARN] ModelIntegratedComponent:63 - No mode defined for component null
2026-03-11 15:30:18,190 [WARN] ModelIntegratedComponent:63 - No mode defined for component null
2026-03-11 15:30:18,190 [WARN] ModelIntegratedComponent:63 - No mode defined for component null
2026-03-11 15:30:18,190 [WARN] ModelIntegratedComponent:63 - No mode defined for component null
2026-03-11 15:30:18,190 [WARN] ModelIntegratedComponent:63 - No mode defined for component null
2026-03-11 15:30:18,190 [WARN] ModelIntegratedComponent:63 - No mode defined for component null
2026-03-11 15:30:18,190 [WARN] ModelIntegratedComponent:63 - No mode defined for component null
2026-03-11 15:30:18,190 [WARN] ModelIntegratedComponent:63 - No mode defined for component null
2026-03-11 15:30:18,190 [WARN] ModelIntegratedComponent:63 - No mode defined for component null
2026-03-11 15:30:18,191 [WARN] ModelIntegratedComponent:63 - No mode defined for component null
2026-03-11 15:30:18,191 [WARN] ModelIntegratedComponent:63 - No mode defined for component null
2026-03-11 15:30:18,191 [WARN] ModelIntegratedComponent:63 - No mode defined for component null
2026-03-11 15:30:18,191 [WARN] ModelIntegratedComponent:63 - No mode defined for component null
2026-03-11 15:30:18,191 [WARN] ModelIntegratedComponent:63 - No mode defined for component null
2026-03-11 15:30:18,191 [WARN] ModelIntegratedComponent:63 - No mode defined for component null
2026-03-11 15:30:18,191 [WARN] ModelIntegratedComponent:63 - No mode defined for component null
2026-03-11 15:30:18,191 [WARN] ModelIntegratedComponent:63 - No mode defined for component null
2026-03-11 15:30:18,191 [WARN] ModelIntegratedComponent:63 - No mode defined for component null
2026-03-11 15:30:18,191 [WARN] ModelIntegratedComponent:63 - No mode defined for component null
2026-03-11 15:30:18,191 [WARN] ModelIntegratedComponent:63 - No mode defined for component null
2026-03-11 15:30:18,191 [WARN] ModelIntegratedComponent:63 - No mode defined for component null
2026-03-11 15:30:18,191 [WARN] ModelIntegratedComponent:63 - No mode defined for component null
2026-03-11 15:30:18,191 [WARN] ModelIntegratedComponent:63 - No mode defined for component null
2026-03-11 15:30:18,192 [WARN] ModelPack:524 - Component already loaded: STMicroelectronics:HAL Drivers:0.0.0:STMicroelectronics:Device:STMicro_Driver:XSPI:HAL::0.0.1:HAL_XSPI
2026-03-11 15:30:18,230 [INFO] ThirdPartyModel:298 - Start build external matchings
2026-03-11 15:30:19,206 [INFO] ThirdPartyModel:316 - End build external matchings
2026-03-11 15:30:19,222 [INFO] ImportTextPane:218 - (OptionalMessage_ERROR) IP (RCC) : Parameter (RTCHSEDivFreq_Value) has invalid value (4000000)
2026-03-11 15:30:19,452 [INFO] UtilMem:75 - End LoadConfig() Used Memory: 686411432 Bytes (1073741824)
2026-03-11 15:30:19,493 [WARN] ThirdParty:833 - waiting for thirdparty lock release [change project]
2026-03-11 15:30:19,495 [INFO] ThirdParty:835 - entering critical section [change project]
2026-03-11 15:30:19,495 [INFO] ThirdParty:1030 - CMSIS Pack Vendor :STMicroelectronics X-CUBE-AZRTOS-H7 3.5.0
2026-03-11 15:30:19,495 [INFO] ThirdParty:1030 - CMSIS Pack Vendor :STMicroelectronics X-CUBE-PM33A1 1.0.0
2026-03-11 15:30:19,496 [INFO] ThirdParty:1030 - CMSIS Pack Vendor :STMicroelectronics USBPD 4.1
2026-03-11 15:30:19,496 [INFO] ThirdParty:1030 - CMSIS Pack Vendor :STMicroelectronics X-CUBE-NFC9 1.0.0
2026-03-11 15:30:19,496 [INFO] ThirdParty:1030 - CMSIS Pack Vendor :STMicroelectronics USB_HOST 2.0.0
2026-03-11 15:30:19,496 [INFO] ThirdParty:1030 - CMSIS Pack Vendor :STMicroelectronics X-CUBE-AZRTOS-F4 1.1.0
2026-03-11 15:30:19,496 [INFO] ThirdParty:1030 - CMSIS Pack Vendor :STMicroelectronics LIBJPEG 8.0.0
2026-03-11 15:30:19,496 [INFO] ThirdParty:1030 - CMSIS Pack Vendor :STMicroelectronics FP-ATR-ASTRA1 2.0.2
2026-03-11 15:30:19,496 [INFO] ThirdParty:1030 - CMSIS Pack Vendor :STMicroelectronics X-CUBE-BLE1 7.1.0
2026-03-11 15:30:19,496 [INFO] ThirdParty:1030 - CMSIS Pack Vendor :STMicroelectronics X-CUBE-SMBUS 2.1.0
2026-03-11 15:30:19,496 [INFO] ThirdParty:1030 - CMSIS Pack Vendor :wolfSSL I-CUBE-wolfMQTT 1.19.2
2026-03-11 15:30:19,496 [INFO] ThirdParty:1030 - CMSIS Pack Vendor :STMicroelectronics USB_DEVICE 3.0.0
2026-03-11 15:30:19,496 [INFO] ThirdParty:1030 - CMSIS Pack Vendor :STMicroelectronics X-CUBE-ISPU 2.1.0
2026-03-11 15:30:19,496 [INFO] ThirdParty:1030 - CMSIS Pack Vendor :STMicroelectronics X-CUBE-EEPRMA1 5.2.0
2026-03-11 15:30:19,496 [INFO] ThirdParty:1030 - CMSIS Pack Vendor :STMicroelectronics X-CUBE-BLEMGR 4.1.0
2026-03-11 15:30:19,498 [INFO] ThirdParty:1030 - CMSIS Pack Vendor :STMicroelectronics X-CUBE-AZRTOS-WB 2.0.0
2026-03-11 15:30:19,498 [INFO] ThirdParty:1030 - CMSIS Pack Vendor :wolfSSL I-CUBE-wolfSSL 5.8.4
2026-03-11 15:30:19,498 [INFO] ThirdParty:1030 - CMSIS Pack Vendor :Cesanta I-CUBE-Mongoose 7.20.0
2026-03-11 15:30:19,499 [INFO] ThirdParty:1030 - CMSIS Pack Vendor :STMicroelectronics X-CUBE-NFC12 1.0.0
2026-03-11 15:30:19,499 [INFO] ThirdParty:1030 - CMSIS Pack Vendor :STMicroelectronics X-CUBE-AZRTOS-F7 1.1.0
2026-03-11 15:30:19,499 [INFO] ThirdParty:1030 - CMSIS Pack Vendor :STMicroelectronics X-CUBE-AZRTOS-L5 2.0.0
2026-03-11 15:30:19,499 [INFO] ThirdParty:1030 - CMSIS Pack Vendor :STMicroelectronics USB_DEVICE 2.0.0
2026-03-11 15:30:19,499 [INFO] ThirdParty:1030 - CMSIS Pack Vendor :quantropi X-CUBE-qispace-sdk-base 2.1.0
2026-03-11 15:30:19,499 [INFO] ThirdParty:1030 - CMSIS Pack Vendor :STMicroelectronics X-CUBE-MEMS1 12.0.0
2026-03-11 15:30:19,499 [INFO] ThirdParty:1030 - CMSIS Pack Vendor :STMicroelectronics X-CUBE-STSE01 2.0.0
2026-03-11 15:30:19,499 [INFO] ThirdParty:1030 - CMSIS Pack Vendor :STMicroelectronics FreeRTOS 0.0.1
2026-03-11 15:30:19,500 [INFO] ThirdParty:1030 - CMSIS Pack Vendor :STMicroelectronics X-CUBE-AZRTOS-G0 1.1.0
2026-03-11 15:30:19,500 [INFO] ThirdParty:1030 - CMSIS Pack Vendor :STMicroelectronics X-CUBE-NFC4 3.0.0
2026-03-11 15:30:19,500 [INFO] ThirdParty:1030 - CMSIS Pack Vendor :STMicroelectronics X-CUBE-SUBG2 5.0.0
2026-03-11 15:30:19,500 [INFO] ThirdParty:1030 - CMSIS Pack Vendor :STMicroelectronics STM32_WPAN 1.0.0
2026-03-11 15:30:19,500 [INFO] ThirdParty:1030 - CMSIS Pack Vendor :EmbeddedOffice I-CUBE-FS-RTOS 1.0.1
2026-03-11 15:30:19,500 [INFO] ThirdParty:1030 - CMSIS Pack Vendor :STMicroelectronics lwIP 2.0.3
2026-03-11 15:30:19,500 [INFO] ThirdParty:1030 - CMSIS Pack Vendor :STMicroelectronics USB_HOST 1.0.0
2026-03-11 15:30:19,500 [INFO] ThirdParty:1030 - CMSIS Pack Vendor :STMicroelectronics X-CUBE-AZRTOS-G4 2.0.0
2026-03-11 15:30:19,500 [INFO] ThirdParty:1030 - CMSIS Pack Vendor :STMicroelectronics X-CUBE-WB05N 2.0.0
2026-03-11 15:30:19,500 [INFO] ThirdParty:1030 - CMSIS Pack Vendor :STMicroelectronics PDM2PCM 3.1.0
2026-03-11 15:30:19,500 [INFO] ThirdParty:1030 - CMSIS Pack Vendor :STMicroelectronics PDM2PCM 3.3.0
2026-03-11 15:30:19,500 [INFO] ThirdParty:1030 - CMSIS Pack Vendor :wolfSSL I-CUBE-wolfTPM 3.8.0
2026-03-11 15:30:19,501 [INFO] ThirdParty:1030 - CMSIS Pack Vendor :STMicroelectronics X-CUBE-DISPLAY 3.0.0
2026-03-11 15:30:19,501 [INFO] ThirdParty:1030 - CMSIS Pack Vendor :wolfSSL I-CUBE-wolfSSH 1.4.20
2026-03-11 15:30:19,501 [INFO] ThirdParty:1030 - CMSIS Pack Vendor :STMicroelectronics X-CUBE-NFC7 2.0.0
2026-03-11 15:30:19,501 [INFO] ThirdParty:1030 - CMSIS Pack Vendor :STMicroelectronics X-CUBE-TCPP 4.2.0
2026-03-11 15:30:19,501 [INFO] ThirdParty:1030 - CMSIS Pack Vendor :RealThread X-CUBE-RT-Thread_Nano 4.1.1
2026-03-11 15:30:19,501 [INFO] ThirdParty:1030 - CMSIS Pack Vendor :STMicroelectronics FP-ATR-SIGFOX1 3.2.0
2026-03-11 15:30:19,501 [INFO] ThirdParty:1030 - CMSIS Pack Vendor :STMicroelectronics X-CUBE-NFC10 1.0.0
2026-03-11 15:30:19,501 [INFO] ThirdParty:1030 - CMSIS Pack Vendor :STMicroelectronics HAL Drivers 0.0.0
2026-03-11 15:30:19,501 [INFO] ThirdParty:1030 - CMSIS Pack Vendor :STMicroelectronics MBEDTLS 2.16.2
2026-03-11 15:30:19,501 [INFO] ThirdParty:1030 - CMSIS Pack Vendor :STMicroelectronics X-CUBE-ST60 1.1.0
2026-03-11 15:30:19,501 [INFO] ThirdParty:1030 - CMSIS Pack Vendor :STMicroelectronics X-CUBE-ALS 1.0.2
2026-03-11 15:30:19,501 [INFO] ThirdParty:1030 - CMSIS Pack Vendor :emotas I-CUBE-CANOPEN 1.3.0
2026-03-11 15:30:19,501 [INFO] ThirdParty:1030 - CMSIS Pack Vendor :STMicroelectronics MBEDTLS 2.14.1
2026-03-11 15:30:19,501 [INFO] ThirdParty:1030 - CMSIS Pack Vendor :STMicroelectronics X-CUBE-GNSS1 7.1.0
2026-03-11 15:30:19,501 [INFO] ThirdParty:1030 - CMSIS Pack Vendor :ITTIA_DB I-CUBE-ITTIADB 8.9.0
2026-03-11 15:30:19,502 [INFO] ThirdParty:1030 - CMSIS Pack Vendor :STMicroelectronics X-CUBE-TOUCHGFX 4.26.1
2026-03-11 15:30:19,502 [INFO] ThirdParty:1030 - CMSIS Pack Vendor :STMicroelectronics X-CUBE-NFC6 3.2.0
2026-03-11 15:30:19,502 [INFO] ThirdParty:1030 - CMSIS Pack Vendor :STMicroelectronics X-CUBE-AI 10.2.0
2026-03-11 15:30:19,502 [INFO] ThirdParty:1030 - CMSIS Pack Vendor :STMicroelectronics FP-SNS-STAIOTCFT 1.0.0
2026-03-11 15:30:19,502 [INFO] ThirdParty:1030 - CMSIS Pack Vendor :STMicroelectronics ThreadX 1.0.0
2026-03-11 15:30:19,502 [INFO] ThirdParty:1030 - CMSIS Pack Vendor :STMicroelectronics FP-SNS-SMARTAG2 1.2.0
2026-03-11 15:30:19,502 [INFO] ThirdParty:1030 - CMSIS Pack Vendor :STMicroelectronics FP-SNS-FLIGHT1 5.1.0
2026-03-11 15:30:19,502 [INFO] ThirdParty:1030 - CMSIS Pack Vendor :STMicroelectronics X-CUBE-AZRTOS-WL 2.0.0
2026-03-11 15:30:19,502 [INFO] ThirdParty:1030 - CMSIS Pack Vendor :SEGGER I-CUBE-embOS 1.3.1
2026-03-11 15:30:19,502 [INFO] ThirdParty:1030 - CMSIS Pack Vendor :STMicroelectronics X-CUBE-ALGOBUILD 1.4.0
2026-03-11 15:30:19,502 [INFO] ThirdParty:1030 - CMSIS Pack Vendor :STMicroelectronics X-CUBE-DPower 1.3.0
2026-03-11 15:30:19,502 [INFO] ThirdParty:1030 - CMSIS Pack Vendor :STMicroelectronics USB_DEVICE 1.0.0
2026-03-11 15:30:19,502 [INFO] ThirdParty:1030 - CMSIS Pack Vendor :STMicroelectronics X-CUBE-AZRTOS-H7RS 1.2.0
2026-03-11 15:30:19,502 [INFO] ThirdParty:1030 - CMSIS Pack Vendor :STMicroelectronics X-CUBE-AZRTOS-L4 2.0.0
2026-03-11 15:30:19,502 [INFO] ThirdParty:1030 - CMSIS Pack Vendor :STMicroelectronics ThreadX 0.0.2
2026-03-11 15:30:19,503 [INFO] ThirdParty:1030 - CMSIS Pack Vendor :STMicroelectronics lwIP 2.1.2
2026-03-11 15:30:19,503 [INFO] ThirdParty:1030 - CMSIS Pack Vendor :STMicroelectronics X-CUBE-SFXS2LP1 4.0.0
2026-03-11 15:30:19,503 [INFO] ThirdParty:1030 - CMSIS Pack Vendor :STMicroelectronics X-CUBE-BLE2 3.3.0
2026-03-11 15:30:19,503 [INFO] ThirdParty:1030 - CMSIS Pack Vendor :Avnet-IOTCONNECT X-CUBE-iotc-st67-sdk 1.0.0
2026-03-11 15:30:19,503 [INFO] ThirdParty:1030 - CMSIS Pack Vendor :STMicroelectronics X-CUBE-TOF1 3.4.3
2026-03-11 15:30:19,503 [INFO] ThirdParty:1030 - CMSIS Pack Vendor :Infineon AIROC-Wi-Fi-Bluetooth-STM32 1.8.0
2026-03-11 15:30:19,503 [INFO] ThirdParty:1030 - CMSIS Pack Vendor :STMicroelectronics PDM2PCM 3.2.0
2026-03-11 15:30:19,503 [INFO] ThirdParty:841 - exiting critical section [change project]
2026-03-11 15:30:19,809 [INFO] PinOutPanel:1589 - setPackage(No Configuration,No Configuration)
2026-03-11 15:30:19,809 [INFO] PinOutPanel:1589 - setPackage(STM32F401RETx,LQFP64)
2026-03-11 15:30:20,259 [INFO] UtilMem:75 - Before build in PCC Used Memory: 668379088 Bytes (1073741824)
2026-03-11 15:30:20,608 [INFO] UtilMem:75 - After build in PCC Used Memory: 715565024 Bytes (1073741824)
2026-03-11 15:30:20,648 [INFO] IPUIPlugin:80 - create IPUIPlugin
2026-03-11 15:30:20,648 [INFO] IPUIPlugin:80 - create IPUIPlugin
2026-03-11 15:30:20,649 [INFO] IPUIPlugin:80 - create IPUIPlugin
2026-03-11 15:30:20,649 [INFO] IPUIPlugin:80 - create IPUIPlugin
2026-03-11 15:30:20,652 [INFO] IPUIPlugin:80 - create IPUIPlugin
2026-03-11 15:30:20,652 [INFO] IPUIPlugin:80 - create IPUIPlugin
2026-03-11 15:30:20,652 [INFO] IPUIPlugin:80 - create IPUIPlugin
2026-03-11 15:30:20,653 [INFO] IPUIPlugin:80 - create IPUIPlugin
2026-03-11 15:30:20,653 [INFO] IPUIPlugin:80 - create IPUIPlugin
2026-03-11 15:30:20,653 [INFO] IPUIPlugin:80 - create IPUIPlugin
2026-03-11 15:30:20,653 [INFO] IPUIPlugin:80 - create IPUIPlugin
2026-03-11 15:30:20,653 [INFO] IPUIPlugin:80 - create IPUIPlugin
2026-03-11 15:30:20,654 [INFO] IPUIPlugin:80 - create IPUIPlugin
2026-03-11 15:30:20,654 [INFO] IPUIPlugin:80 - create IPUIPlugin
2026-03-11 15:30:20,654 [INFO] IPUIPlugin:80 - create IPUIPlugin
2026-03-11 15:30:20,654 [INFO] IPUIPlugin:80 - create IPUIPlugin
2026-03-11 15:30:20,655 [INFO] IPUIPlugin:80 - create IPUIPlugin
2026-03-11 15:30:20,655 [INFO] IPUIPlugin:80 - create IPUIPlugin
2026-03-11 15:30:20,655 [INFO] IPUIPlugin:80 - create IPUIPlugin
2026-03-11 15:30:20,655 [INFO] IPUIPlugin:80 - create IPUIPlugin
2026-03-11 15:30:20,656 [INFO] IPUIPlugin:80 - create IPUIPlugin
2026-03-11 15:30:20,656 [INFO] IPUIPlugin:80 - create IPUIPlugin
2026-03-11 15:30:20,656 [INFO] IPUIPlugin:80 - create IPUIPlugin
2026-03-11 15:30:20,656 [INFO] IPUIPlugin:80 - create IPUIPlugin
2026-03-11 15:30:20,657 [INFO] IPUIPlugin:80 - create IPUIPlugin
2026-03-11 15:30:20,657 [INFO] IPUIPlugin:80 - create IPUIPlugin
2026-03-11 15:30:20,657 [INFO] IPUIPlugin:80 - create IPUIPlugin
2026-03-11 15:30:20,658 [INFO] IPUIPlugin:80 - create IPUIPlugin
2026-03-11 15:30:20,658 [INFO] IPUIPlugin:80 - create IPUIPlugin
2026-03-11 15:30:20,659 [INFO] IPUIPlugin:80 - create IPUIPlugin
2026-03-11 15:30:20,660 [INFO] IPUIPlugin:80 - create IPUIPlugin
2026-03-11 15:30:20,661 [INFO] IPUIPlugin:80 - create IPUIPlugin
2026-03-11 15:30:20,662 [INFO] IPUIPlugin:80 - create IPUIPlugin
2026-03-11 15:30:20,662 [INFO] IPUIPlugin:80 - create IPUIPlugin
2026-03-11 15:30:20,662 [INFO] IPUIPlugin:80 - create IPUIPlugin
2026-03-11 15:30:20,663 [INFO] IPUIPlugin:80 - create IPUIPlugin
2026-03-11 15:30:20,667 [INFO] IPUIPlugin:80 - create IPUIPlugin
2026-03-11 15:30:20,667 [INFO] IPUIPlugin:80 - create IPUIPlugin
2026-03-11 15:30:20,672 [INFO] ApiDbMcu:508 - Load IP Config File for PDM2PCM
2026-03-11 15:30:20,759 [INFO] CADModel:165 - CPN selected for project levelSTM32F401RET6
2026-03-11 15:30:20,759 [INFO] CADModel:114 - Register for checkConnection events
2026-03-11 15:30:20,801 [INFO] OpenFileManager:385 - Restore cursor
2026-03-11 15:30:21,146 [INFO] UtilMem:75 - End SaveConfig() Used Memory: 805224320 Bytes (1073741824)
2026-03-11 15:30:21,254 [INFO] UtilMem:75 - End SaveConfig() Used Memory: 819910792 Bytes (1073741824)
2026-03-11 15:30:21,893 [INFO] BlockDiagram:2775 - set Specific Code input for plugin: NVIC
2026-03-11 15:30:21,893 [INFO] BlockDiagram:2775 - set Specific Code input for plugin: USART
2026-03-11 15:30:21,893 [INFO] BlockDiagram:2775 - set Specific Code input for plugin: SYS
2026-03-11 15:30:21,894 [INFO] BlockDiagram:2775 - set Specific Code input for plugin: GPIO
2026-03-11 15:30:21,894 [INFO] BlockDiagram:2775 - set Specific Code input for plugin: RCC
2026-03-11 15:30:21,894 [INFO] CodeGenerator:882 - code generatio: config db path: /opt/st/stm32cubeide_1.18.1/plugins/com.st.stm32cube.common.mx_6.14.1.202504091515//db/
2026-03-11 15:30:22,079 [INFO] CodeEngine:263 - oldGeneratedFile, /home/vatcraft/Desktop/FET/ELT3240/Lab2/exercise2/MXTmpFiles/license.tmp_save
2026-03-11 15:30:22,357 [INFO] CodeEngine:287 - Generated code: /home/vatcraft/Desktop/FET/ELT3240/Lab2/exercise2/MXTmpFiles/license.tmp
2026-03-11 15:30:22,399 [INFO] CodeEngine:263 - oldGeneratedFile, /home/vatcraft/Desktop/FET/ELT3240/Lab2/exercise2/MXTmpFiles/gpio.tmp_save
2026-03-11 15:30:22,604 [INFO] CodeEngine:287 - Generated code: /home/vatcraft/Desktop/FET/ELT3240/Lab2/exercise2/MXTmpFiles/gpio.tmp
2026-03-11 15:30:22,706 [INFO] CodeEngine:263 - oldGeneratedFile, /home/vatcraft/Desktop/FET/ELT3240/Lab2/exercise2/Core/Src/stm32f4xx_it.c_save
2026-03-11 15:30:23,093 [INFO] CodeEngine:287 - Generated code: /home/vatcraft/Desktop/FET/ELT3240/Lab2/exercise2/Core/Src/stm32f4xx_it.c
2026-03-11 15:30:23,094 [INFO] CodeEngine:263 - oldGeneratedFile, /home/vatcraft/Desktop/FET/ELT3240/Lab2/exercise2/Core/Inc/stm32f4xx_it.h_save
2026-03-11 15:30:23,177 [INFO] CodeEngine:287 - Generated code: /home/vatcraft/Desktop/FET/ELT3240/Lab2/exercise2/Core/Inc/stm32f4xx_it.h
2026-03-11 15:30:23,183 [INFO] CodeEngine:263 - oldGeneratedFile, /home/vatcraft/Desktop/FET/ELT3240/Lab2/exercise2/Core/Src/stm32f4xx_hal_msp.c_save
2026-03-11 15:30:23,357 [INFO] CodeEngine:287 - Generated code: /home/vatcraft/Desktop/FET/ELT3240/Lab2/exercise2/Core/Src/stm32f4xx_hal_msp.c
2026-03-11 15:30:23,359 [INFO] CodeEngine:263 - oldGeneratedFile, /home/vatcraft/Desktop/FET/ELT3240/Lab2/exercise2/MXTmpFiles/system.tmp_save
2026-03-11 15:30:23,466 [INFO] CodeEngine:287 - Generated code: /home/vatcraft/Desktop/FET/ELT3240/Lab2/exercise2/MXTmpFiles/system.tmp
2026-03-11 15:30:23,470 [INFO] CodeEngine:319 - oldGeneratedFile, /home/vatcraft/Desktop/FET/ELT3240/Lab2/exercise2/Core/Inc/stm32f4xx_hal_conf.h_save
2026-03-11 15:30:23,589 [INFO] CodeEngine:343 - Generated code: /home/vatcraft/Desktop/FET/ELT3240/Lab2/exercise2/Core/Inc/stm32f4xx_hal_conf.h
2026-03-11 15:30:23,645 [INFO] ApiDbMcu:508 - Load IP Config File for USART2
2026-03-11 15:30:23,658 [INFO] ApiDbMcu:508 - Load IP Config File for RCC
2026-03-11 15:30:23,663 [INFO] CodeEngine:263 - oldGeneratedFile, /home/vatcraft/Desktop/FET/ELT3240/Lab2/exercise2/Core/Inc/main.h_save
2026-03-11 15:30:23,821 [INFO] CodeEngine:287 - Generated code: /home/vatcraft/Desktop/FET/ELT3240/Lab2/exercise2/Core/Inc/main.h
2026-03-11 15:30:23,822 [INFO] CodeEngine:263 - oldGeneratedFile, /home/vatcraft/Desktop/FET/ELT3240/Lab2/exercise2/Core/Src/main.c_save
2026-03-11 15:30:23,978 [INFO] CodeEngine:287 - Generated code: /home/vatcraft/Desktop/FET/ELT3240/Lab2/exercise2/Core/Src/main.c
2026-03-11 15:30:24,326 [INFO] ProjectBuilder:3324 - Time for Copy HAL[1] : 21mS.
2026-03-11 15:30:24,328 [INFO] ProjectBuilder:4912 - Project Generator version: 4.6.0.1-B1
2026-03-11 15:30:24,451 [INFO] ConfigFileManager:1590 - The Die is : DIE433
2026-03-11 15:30:24,461 [INFO] ApiDbMcu:508 - Load IP Config File for FATFS
2026-03-11 15:30:24,500 [INFO] ApiDbMcu:508 - Load IP Config File for FREERTOS
2026-03-11 15:30:24,505 [INFO] ApiDbMcu:508 - Load IP Config File for LIBJPEG
2026-03-11 15:30:24,557 [INFO] ApiDbMcu:508 - Load IP Config File for MBEDTLS
2026-03-11 15:30:24,608 [INFO] ApiDbMcu:508 - Load IP Config File for USB_DEVICE
2026-03-11 15:30:24,626 [INFO] ApiDbMcu:508 - Load IP Config File for USB_HOST
2026-03-11 15:30:27,386 [INFO] ProjectBuilder:5191 - Time for Generating toolchain IDE Files: 3058mS.
2026-03-11 15:30:27,387 [INFO] ProjectBuilder:3181 - Time for Copy CMSIS : 0mS.
2026-03-11 15:30:27,389 [INFO] ProjectBuilder:3181 - Time for Copy CMSIS : 0mS.
2026-03-11 15:30:28,158 [INFO] McuFinderGlobals:76 - Set McuFinderConnectedMode to true
2026-03-11 15:30:28,165 [INFO] ApiDb:448 - Save user favorites file /home/vatcraft/.stm32cubeide/favorites.mcus.txt: 0 item(s)
2026-03-11 15:30:28,166 [INFO] ApiDb:452 - User favorites MCUs=[]
2026-03-11 15:30:28,173 [INFO] ApiDb:448 - Save user favorites file /home/vatcraft/.stm32cubeide/favorites.boards.txt: 0 item(s)
2026-03-11 15:30:28,173 [INFO] ApiDb:452 - User favorites Boards=[]
