2026-04-04 09:13:45,103 [INFO] Activator:176 - 


2026-04-04 09:13:45,108 [INFO] Activator:177 - !SESSION log4j initialized
2026-04-04 09:13:50,626 [INFO] LogOutputStream:77 - [STDOUT_REDIRECT] 
2026-04-04 09:13:52,561 [INFO] ApplicationProperties:184 - Using Application install path: /opt/st/stm32cubeide_1.18.1/plugins/com.st.stm32cube.common.mx_6.14.1.202504091515
2026-04-04 09:13:52,579 [INFO] DbMcusXml:78 - Set database path to: /opt/st/stm32cubeide_1.18.1/plugins/com.st.stm32cube.common.mx_6.14.1.202504091515//db//mcu/
2026-04-04 09:13:52,579 [INFO] ApiDb:274 - Set plugin database path to: /opt/st/stm32cubeide_1.18.1/plugins/com.st.stm32cube.common.mx_6.14.1.202504091515//db//plugins/boardmanager/
2026-04-04 09:13:52,580 [WARN] ApiDb:259 - Overriding images path with different value:  => /opt/st/stm32cubeide_1.18.1/plugins/com.st.stm32cube.common.mx_6.14.1.202504091515//db//plugins/mcufinder/images/
2026-04-04 09:13:52,588 [INFO] ApiDb:250 - Set database path to: /home/vatcraft/.stmcufinder/plugins/mcufinder//mcu/
2026-04-04 09:13:52,589 [INFO] DbMcusAds:125 - Set database path to: /home/vatcraft/.stmcufinder/plugins/mcufinder//mcu/
2026-04-04 09:13:53,593 [INFO] CrossReferenceDbSqlite:203 - Set database path to: /home/vatcraft/.stmcufinder/plugins/mcufinder//mcu/cs/
2026-04-04 09:13:53,745 [INFO] RulesReader:64 - Compatibility file has been processed (302 Rules)
2026-04-04 09:13:53,808 [INFO] DbMcusXml:78 - Set database path to: /opt/st/stm32cubeide_1.18.1/plugins/com.st.stm32cube.common.mx_6.14.1.202504091515//db//mcu/
2026-04-04 09:13:53,809 [INFO] ApiDb:274 - Set plugin database path to: /opt/st/stm32cubeide_1.18.1/plugins/com.st.stm32cube.common.mx_6.14.1.202504091515//db//plugins/boardmanager/
2026-04-04 09:13:53,809 [INFO] ApiDb:261 - Set plugin images path to: /opt/st/stm32cubeide_1.18.1/plugins/com.st.stm32cube.common.mx_6.14.1.202504091515//db//plugins/mcufinder/images/
2026-04-04 09:13:53,809 [WARN] DbFile:41 - Overriding database path with different value: /home/vatcraft/.stmcufinder/plugins/mcufinder/ => /home/vatcraft/.stmcufinder/plugins/mcufinder
2026-04-04 09:13:53,809 [INFO] ApiDb:250 - Set database path to: /home/vatcraft/.stmcufinder/plugins/mcufinder//mcu/
2026-04-04 09:13:53,809 [WARN] DbFile:41 - Overriding database path with different value: /home/vatcraft/.stmcufinder/plugins/mcufinder/ => /home/vatcraft/.stmcufinder/plugins/mcufinder
2026-04-04 09:13:53,809 [INFO] DbMcusAds:125 - Set database path to: /home/vatcraft/.stmcufinder/plugins/mcufinder//mcu/
2026-04-04 09:13:53,809 [WARN] DbFile:41 - Overriding database path with different value: /home/vatcraft/.stmcufinder/plugins/mcufinder/ => /home/vatcraft/.stmcufinder/plugins/mcufinder
2026-04-04 09:13:53,809 [WARN] DbFile:41 - Overriding database path with different value: /home/vatcraft/.stmcufinder/plugins/mcufinder/ => /home/vatcraft/.stmcufinder/plugins/mcufinder
2026-04-04 09:13:54,811 [INFO] CrossReferenceDbSqlite:203 - Set database path to: /home/vatcraft/.stmcufinder/plugins/mcufinder//mcu/cs/
2026-04-04 09:13:54,898 [INFO] MainPanel:272 - HeapMemory: 268435456
2026-04-04 09:13:55,037 [INFO] DbMcusXml:78 - Set database path to: /opt/st/stm32cubeide_1.18.1/plugins/com.st.stm32cube.common.mx_6.14.1.202504091515//db//mcu/
2026-04-04 09:13:55,037 [INFO] ApiDb:274 - Set plugin database path to: /opt/st/stm32cubeide_1.18.1/plugins/com.st.stm32cube.common.mx_6.14.1.202504091515//db//plugins/boardmanager/
2026-04-04 09:13:55,037 [INFO] ApiDb:261 - Set plugin images path to: /opt/st/stm32cubeide_1.18.1/plugins/com.st.stm32cube.common.mx_6.14.1.202504091515//db//plugins/mcufinder/images/
2026-04-04 09:13:55,037 [WARN] DbFile:41 - Overriding database path with different value: /home/vatcraft/.stmcufinder/plugins/mcufinder/ => /home/vatcraft/.stmcufinder/plugins/mcufinder
2026-04-04 09:13:55,038 [INFO] ApiDb:250 - Set database path to: /home/vatcraft/.stmcufinder/plugins/mcufinder//mcu/
2026-04-04 09:13:55,038 [WARN] DbFile:41 - Overriding database path with different value: /home/vatcraft/.stmcufinder/plugins/mcufinder/ => /home/vatcraft/.stmcufinder/plugins/mcufinder
2026-04-04 09:13:55,038 [INFO] DbMcusAds:125 - Set database path to: /home/vatcraft/.stmcufinder/plugins/mcufinder//mcu/
2026-04-04 09:13:55,038 [WARN] DbFile:41 - Overriding database path with different value: /home/vatcraft/.stmcufinder/plugins/mcufinder/ => /home/vatcraft/.stmcufinder/plugins/mcufinder
2026-04-04 09:13:55,038 [WARN] DbFile:41 - Overriding database path with different value: /home/vatcraft/.stmcufinder/plugins/mcufinder/ => /home/vatcraft/.stmcufinder/plugins/mcufinder
2026-04-04 09:13:56,039 [INFO] CrossReferenceDbSqlite:203 - Set database path to: /home/vatcraft/.stmcufinder/plugins/mcufinder//mcu/cs/
2026-04-04 09:13:56,072 [INFO] ApplicationProperties:184 - Using Application install path: /opt/st/stm32cubeide_1.18.1/plugins/com.st.stm32cube.common.mx_6.14.1.202504091515
2026-04-04 09:13:56,074 [INFO] PluginManage:196 - Search for loadable plugins [exclusion list=, ]
2026-04-04 09:13:56,076 [INFO] PluginManage:310 - Check plugin analytics
2026-04-04 09:13:57,274 [INFO] AnalyticsPlugin:253 - Accepted Software Licenses: 
2026-04-04 09:13:57,274 [INFO] AnalyticsPlugin:255 - Accepted CMSIS Pack Licenses: 
2026-04-04 09:13:57,274 [INFO] AnalyticsPlugin:257 - Accepted Firmware Licenses: FW.F4.1.28.0,FW.L4.1.18.0
2026-04-04 09:13:57,277 [INFO] PluginManage:359 - Loaded plugin analytics (category:tool,tabindex:-1)
2026-04-04 09:13:57,278 [INFO] PluginManage:310 - Check plugin cadmodel
2026-04-04 09:13:57,283 [INFO] CADModel:105 - Init CAD model plugin
2026-04-04 09:13:57,284 [INFO] PluginManage:359 - Loaded plugin cadmodel (category:power,tabindex:5)
2026-04-04 09:13:57,284 [INFO] PluginManage:310 - Check plugin clock
2026-04-04 09:13:57,296 [INFO] PluginManage:359 - Loaded plugin clock (category:base,tabindex:2)
2026-04-04 09:13:57,296 [INFO] PluginManage:310 - Check plugin ddr
2026-04-04 09:13:57,299 [INFO] PluginManage:359 - Loaded plugin ddr (category:tool,tabindex:6)
2026-04-04 09:13:57,300 [INFO] PluginManage:310 - Check plugin filemanager
2026-04-04 09:13:57,447 [INFO] PluginManage:359 - Loaded plugin filemanager (category:base,tabindex:10)
2026-04-04 09:13:57,447 [INFO] PluginManage:310 - Check plugin ipmanager
2026-04-04 09:13:57,453 [INFO] PluginManage:359 - Loaded plugin ipmanager (category:base,tabindex:5)
2026-04-04 09:13:57,453 [INFO] PluginManage:310 - Check plugin lpbam
2026-04-04 09:13:57,462 [INFO] PluginManage:359 - Loaded plugin lpbam (category:base,tabindex:0)
2026-04-04 09:13:57,462 [INFO] PluginManage:310 - Check plugin memorymap
2026-04-04 09:13:57,476 [INFO] PluginManage:359 - Loaded plugin memorymap (category:base,tabindex:4)
2026-04-04 09:13:57,476 [INFO] PluginManage:310 - Check plugin pinoutandconfiguration
2026-04-04 09:13:57,487 [INFO] PluginManage:359 - Loaded plugin pinoutandconfiguration (category:base,tabindex:1)
2026-04-04 09:13:57,488 [INFO] PluginManage:310 - Check plugin pinoutconfig
2026-04-04 09:13:57,598 [WARN] SupportedApi:132 - Cannot load RTOS API schema: s4s-elt-must-match.1: The content of 'definitions' must match (annotation?, (simpleType | complexType)?, (unique | key | keyref)*)). A problem was found starting at: attribute.
2026-04-04 09:13:57,737 [INFO] PluginManage:359 - Loaded plugin pinoutconfig (category:base,tabindex:0)
2026-04-04 09:13:57,737 [INFO] PluginManage:310 - Check plugin power
2026-04-04 09:13:57,748 [INFO] PluginManage:359 - Loaded plugin power (category:power,tabindex:4)
2026-04-04 09:13:57,749 [INFO] PluginManage:310 - Check plugin projectmanager
2026-04-04 09:13:57,768 [INFO] PluginManage:359 - Loaded plugin projectmanager (category:projectmanager,tabindex:4)
2026-04-04 09:13:57,769 [INFO] PluginManage:310 - Check plugin rif
2026-04-04 09:13:57,778 [INFO] PluginManage:359 - Loaded plugin rif (category:base,tabindex:3)
2026-04-04 09:13:57,778 [INFO] PluginManage:310 - Check plugin thirdparty
2026-04-04 09:13:57,942 [WARN] IntegrityCheckThread:84 - waiting for thirdparty lock release [integrity check]
2026-04-04 09:13:57,942 [INFO] PluginManage:359 - Loaded plugin thirdparty (category:base,tabindex:-1)
2026-04-04 09:13:57,942 [INFO] IntegrityCheckThread:86 - entering critical section [integrity check]
2026-04-04 09:13:57,942 [INFO] PluginManage:310 - Check plugin tools
2026-04-04 09:13:57,943 [INFO] ThirdPartyUpdaterWithRetryManager:70 - Updater plugin not ready yet. [1/15]
2026-04-04 09:13:57,945 [INFO] PluginManage:359 - Loaded plugin tools (category:base,tabindex:7)
2026-04-04 09:13:57,945 [INFO] PluginManage:310 - Check plugin tutovideos
2026-04-04 09:13:58,115 [INFO] PluginManage:359 - Loaded plugin tutovideos (category:base,tabindex:-1)
2026-04-04 09:13:58,115 [INFO] PluginManage:310 - Check plugin updater
2026-04-04 09:13:58,142 [INFO] PluginManage:359 - Loaded plugin updater (category:base,tabindex:12)
2026-04-04 09:13:58,142 [INFO] PluginManage:310 - Check plugin userauth
2026-04-04 09:13:58,147 [INFO] UserAuth:118 - Init User Auth plugin
2026-04-04 09:13:58,148 [INFO] PluginManage:359 - Loaded plugin userauth (category:base,tabindex:14)
2026-04-04 09:13:58,149 [INFO] PluginManage:283 - PluginManage : Loaded plugins [18]
2026-04-04 09:13:58,344 [INFO] PinOutPanel:1589 - setPackage(No Configuration,No Configuration)
2026-04-04 09:13:58,421 [INFO] CADModel:165 - CPN selected for project level
2026-04-04 09:13:58,421 [INFO] CADModel:114 - Register for checkConnection events
2026-04-04 09:13:58,434 [INFO] IPUIPlugin:80 - create IPUIPlugin
2026-04-04 09:13:58,434 [INFO] PluginManager:220 - loadIPPluginJar : add openamp
2026-04-04 09:13:58,440 [INFO] IPUIPlugin:80 - create IPUIPlugin
2026-04-04 09:13:58,440 [INFO] PluginManager:220 - loadIPPluginJar : add pdm2pcm
2026-04-04 09:13:58,443 [INFO] IPUIPlugin:80 - create IPUIPlugin
2026-04-04 09:13:58,444 [INFO] PluginManager:220 - loadIPPluginJar : add touchsensing
2026-04-04 09:13:58,451 [INFO] IPUIPlugin:80 - create IPUIPlugin
2026-04-04 09:13:58,454 [INFO] PluginManager:220 - loadIPPluginJar : add plateformsettings
2026-04-04 09:13:58,460 [INFO] IPUIPlugin:80 - create IPUIPlugin
2026-04-04 09:13:58,460 [INFO] PluginManager:220 - loadIPPluginJar : add resmgrutility
2026-04-04 09:13:58,465 [INFO] IPUIPlugin:80 - create IPUIPlugin
2026-04-04 09:13:58,465 [INFO] PluginManager:220 - loadIPPluginJar : add gic
2026-04-04 09:13:58,467 [INFO] IPUIPlugin:80 - create IPUIPlugin
2026-04-04 09:13:58,467 [INFO] PluginManager:220 - loadIPPluginJar : add genericplugin
2026-04-04 09:13:58,469 [INFO] IPUIPlugin:80 - create IPUIPlugin
2026-04-04 09:13:58,469 [INFO] PluginManager:220 - loadIPPluginJar : add tracer_emb
2026-04-04 09:13:58,472 [INFO] IPUIPlugin:80 - create IPUIPlugin
2026-04-04 09:13:58,472 [INFO] PluginManager:220 - loadIPPluginJar : add extmemmanager
2026-04-04 09:13:58,475 [INFO] IPUIPlugin:80 - create IPUIPlugin
2026-04-04 09:13:58,475 [INFO] PluginManager:220 - loadIPPluginJar : add spi
2026-04-04 09:13:58,482 [INFO] IPUIPlugin:80 - create IPUIPlugin
2026-04-04 09:13:58,482 [INFO] PluginManager:220 - loadIPPluginJar : add linkedlist
2026-04-04 09:13:58,484 [INFO] IPUIPlugin:80 - create IPUIPlugin
2026-04-04 09:13:58,484 [INFO] PluginManager:220 - loadIPPluginJar : add ucpd
2026-04-04 09:13:58,487 [INFO] IPUIPlugin:80 - create IPUIPlugin
2026-04-04 09:13:58,487 [INFO] PluginManager:220 - loadIPPluginJar : add i3c
2026-04-04 09:13:58,490 [INFO] IPUIPlugin:80 - create IPUIPlugin
2026-04-04 09:13:58,490 [INFO] PluginManager:220 - loadIPPluginJar : add hash
2026-04-04 09:13:58,494 [INFO] IPUIPlugin:80 - create IPUIPlugin
2026-04-04 09:13:58,494 [INFO] PluginManager:220 - loadIPPluginJar : add nvic
2026-04-04 09:13:58,497 [INFO] IPUIPlugin:80 - create IPUIPlugin
2026-04-04 09:13:58,497 [INFO] PluginManager:220 - loadIPPluginJar : add usbx
2026-04-04 09:13:58,500 [INFO] IPUIPlugin:80 - create IPUIPlugin
2026-04-04 09:13:58,500 [INFO] PluginManager:220 - loadIPPluginJar : add cryp
2026-04-04 09:13:58,502 [INFO] IPUIPlugin:80 - create IPUIPlugin
2026-04-04 09:13:58,502 [INFO] PluginManager:220 - loadIPPluginJar : add quadspi
2026-04-04 09:13:58,504 [INFO] IPUIPlugin:80 - create IPUIPlugin
2026-04-04 09:13:58,504 [INFO] PluginManager:220 - loadIPPluginJar : add ts
2026-04-04 09:13:58,507 [INFO] IPUIPlugin:80 - create IPUIPlugin
2026-04-04 09:13:58,507 [INFO] PluginManager:220 - loadIPPluginJar : add i2c
2026-04-04 09:13:58,512 [INFO] IPUIPlugin:80 - create IPUIPlugin
2026-04-04 09:13:58,512 [INFO] PluginManager:220 - loadIPPluginJar : add ipddr
2026-04-04 09:13:58,515 [INFO] IPUIPlugin:80 - create IPUIPlugin
2026-04-04 09:13:58,515 [INFO] PluginManager:220 - loadIPPluginJar : add aes
2026-04-04 09:13:58,519 [INFO] IPUIPlugin:80 - create IPUIPlugin
2026-04-04 09:13:58,519 [INFO] PluginManager:220 - loadIPPluginJar : add sai
2026-04-04 09:13:58,522 [INFO] IPUIPlugin:80 - create IPUIPlugin
2026-04-04 09:13:58,522 [INFO] PluginManager:220 - loadIPPluginJar : add dma3
2026-04-04 09:13:58,525 [INFO] IPUIPlugin:80 - create IPUIPlugin
2026-04-04 09:13:58,525 [INFO] PluginManager:220 - loadIPPluginJar : add lorawan
2026-04-04 09:13:58,528 [INFO] IPUIPlugin:80 - create IPUIPlugin
2026-04-04 09:13:58,529 [INFO] PluginManager:220 - loadIPPluginJar : add dfsdm
2026-04-04 09:13:58,532 [INFO] IPUIPlugin:80 - create IPUIPlugin
2026-04-04 09:13:58,533 [INFO] PluginManager:220 - loadIPPluginJar : add gtzc
2026-04-04 09:13:58,536 [INFO] IPUIPlugin:80 - create IPUIPlugin
2026-04-04 09:13:58,537 [INFO] PluginManager:220 - loadIPPluginJar : add can
2026-04-04 09:13:58,544 [INFO] IPUIPlugin:80 - create IPUIPlugin
2026-04-04 09:13:58,544 [INFO] PluginManager:220 - loadIPPluginJar : add freertos
2026-04-04 09:13:58,548 [INFO] IPUIPlugin:80 - create IPUIPlugin
2026-04-04 09:13:58,548 [INFO] PluginManager:220 - loadIPPluginJar : add usart
2026-04-04 09:13:58,554 [INFO] IPUIPlugin:80 - create IPUIPlugin
2026-04-04 09:13:58,554 [INFO] PluginManager:220 - loadIPPluginJar : add fmc
2026-04-04 09:13:58,560 [INFO] IPUIPlugin:80 - create IPUIPlugin
2026-04-04 09:13:58,560 [INFO] PluginManager:220 - loadIPPluginJar : add gpio
2026-04-04 09:13:58,563 [INFO] IPUIPlugin:80 - create IPUIPlugin
2026-04-04 09:13:58,563 [INFO] PluginManager:220 - loadIPPluginJar : add i2s
2026-04-04 09:13:58,572 [INFO] IPUIPlugin:80 - create IPUIPlugin
2026-04-04 09:13:58,572 [INFO] PluginManager:220 - loadIPPluginJar : add mdma
2026-04-04 09:13:58,574 [INFO] IPUIPlugin:80 - create IPUIPlugin
2026-04-04 09:13:58,574 [INFO] PluginManager:220 - loadIPPluginJar : add ltdc
2026-04-04 09:13:58,577 [INFO] IPUIPlugin:80 - create IPUIPlugin
2026-04-04 09:13:58,578 [INFO] PluginManager:220 - loadIPPluginJar : add opamp
2026-04-04 09:13:58,585 [INFO] IPUIPlugin:80 - create IPUIPlugin
2026-04-04 09:13:58,586 [INFO] PluginManager:220 - loadIPPluginJar : add adc
2026-04-04 09:13:58,589 [INFO] IPUIPlugin:80 - create IPUIPlugin
2026-04-04 09:13:58,589 [INFO] PluginManager:220 - loadIPPluginJar : add ddr_ctrl_phy
2026-04-04 09:13:58,597 [INFO] IPUIPlugin:80 - create IPUIPlugin
2026-04-04 09:13:58,597 [INFO] PluginManager:220 - loadIPPluginJar : add stm32_wpan
2026-04-04 09:13:58,604 [INFO] IPUIPlugin:80 - create IPUIPlugin
2026-04-04 09:13:58,604 [INFO] PluginManager:220 - loadIPPluginJar : add dma
2026-04-04 09:13:58,606 [INFO] IPUIPlugin:80 - create IPUIPlugin
2026-04-04 09:13:58,606 [INFO] PluginManager:220 - loadIPPluginJar : add tsc
2026-04-04 09:13:58,607 [INFO] IPUIPlugin:80 - create IPUIPlugin
2026-04-04 09:13:58,607 [INFO] PluginManager:220 - loadIPPluginJar : add comp
2026-04-04 09:13:58,609 [INFO] IPUIPlugin:80 - create IPUIPlugin
2026-04-04 09:13:58,609 [INFO] PluginManager:220 - loadIPPluginJar : add fatfs
2026-04-04 09:13:58,611 [INFO] IPUIPlugin:80 - create IPUIPlugin
2026-04-04 09:13:58,611 [INFO] PluginManager:220 - loadIPPluginJar : add tim
2026-04-04 09:13:58,613 [INFO] IPUIPlugin:80 - create IPUIPlugin
2026-04-04 09:13:58,613 [INFO] PluginManager:220 - loadIPPluginJar : add gfxmmu
2026-04-04 09:13:58,615 [INFO] IPUIPlugin:80 - create IPUIPlugin
2026-04-04 09:13:58,616 [INFO] PluginManager:220 - loadIPPluginJar : add radio
2026-04-04 09:13:58,723 [FATAL] Updater:351 - Updater called before beeing initialized
2026-04-04 09:13:58,754 [INFO] RulesReader:64 - Compatibility file has been processed (302 Rules)
2026-04-04 09:13:58,769 [INFO] RulesReader:64 - Compatibility file has been processed (302 Rules)
2026-04-04 09:13:58,778 [INFO] CADModel:165 - CPN selected for project level
2026-04-04 09:13:58,778 [INFO] CADModel:114 - Register for checkConnection events
2026-04-04 09:13:58,778 [FATAL] Updater:351 - Updater called before beeing initialized
2026-04-04 09:13:58,778 [ERROR] CADModel:125 - Updater not yet initialized, retry later 
2026-04-04 09:13:58,921 [FATAL] Updater:351 - Updater called before beeing initialized
2026-04-04 09:13:58,923 [INFO] CADModel:165 - CPN selected for project level
2026-04-04 09:13:58,923 [INFO] CADModel:114 - Register for checkConnection events
2026-04-04 09:13:58,923 [FATAL] Updater:351 - Updater called before beeing initialized
2026-04-04 09:13:58,923 [ERROR] CADModel:125 - Updater not yet initialized, retry later 
2026-04-04 09:13:58,927 [FATAL] Updater:351 - Updater called before beeing initialized
2026-04-04 09:13:59,030 [FATAL] Updater:351 - Updater called before beeing initialized
2026-04-04 09:13:59,035 [INFO] DbMcusAds:53 - JSON generation date=Thu Mar 05 21:32:52 ICT 2026 (1772721172890)
2026-04-04 09:13:59,035 [FATAL] Updater:351 - Updater called before beeing initialized
2026-04-04 09:13:59,069 [WARN] DetailPanel:346 - Failed to get advertising image, set to default
2026-04-04 09:13:59,350 [FATAL] Updater:351 - Updater called before beeing initialized
2026-04-04 09:13:59,352 [FATAL] Updater:351 - Updater called before beeing initialized
2026-04-04 09:13:59,352 [FATAL] Updater:351 - Updater called before beeing initialized
2026-04-04 09:13:59,352 [WARN] DetailPanel:346 - Failed to get advertising image, set to default
2026-04-04 09:13:59,353 [FATAL] Updater:351 - Updater called before beeing initialized
2026-04-04 09:13:59,393 [ERROR] Updater:1198 - MainUpdater not yet initialized. External WinMGr cannot be set.
2026-04-04 09:13:59,395 [INFO] Updater:1134 - Updater Version found : 6.14.1
2026-04-04 09:13:59,415 [INFO] ApplicationProperties:184 - Using Application install path: /opt/st/stm32cubeide_1.18.1/plugins/com.st.stm32cube.common.mx_6.14.1.202504091515
2026-04-04 09:13:59,700 [INFO] MainUpdater:2872 - connection check result : 10
2026-04-04 09:13:59,701 [INFO] MainUpdater:289 - Updater Check For Update Now.
2026-04-04 09:13:59,701 [INFO] MicroXplorer:498 - Change Database Version : DB.6.0.141
2026-04-04 09:13:59,710 [INFO] McuFinderGlobals:63 - Set McuFinder mode to 2 (CubeIDE integrated)
2026-04-04 09:13:59,711 [INFO] UserAuth:484 - Internet connection configuration mode: 1
2026-04-04 09:13:59,750 [INFO] JxBrowserEngine:152 - Initiate JxBrowser Engine with user profile folder
2026-04-04 09:13:59,920 [INFO] CheckServerUpdateThread:120 - End of CheckServer Thread
2026-04-04 09:14:00,967 [INFO] WebApp:169 - Instantiating new browser for Auth
2026-04-04 09:14:01,286 [WARN] PackLoader:240 - Cannot read IP mode file for STMicroelectronics.X-CUBE-AZRTOS-H7.3.5.0
2026-04-04 09:14:01,320 [WARN] PackLoader:240 - Cannot read IP mode file for STMicroelectronics.FP-ATR-ASTRA1.2.0.2
2026-04-04 09:14:01,333 [WARN] PackLoader:240 - Cannot read IP mode file for STMicroelectronics.X-CUBE-SMBUS.2.1.0
2026-04-04 09:14:01,398 [WARN] PackLoader:240 - Cannot read IP mode file for STMicroelectronics.X-CUBE-AZRTOS-F7.1.1.0
2026-04-04 09:14:01,422 [ERROR] Engine:466 - /home/vatcraft/.stm32cubemx/thirdparties/pdsc/STMicroelectronics.FP-SNS-MOTENV1.5.1.0.pdsc: PDSC version is not supported
2026-04-04 09:14:01,429 [ERROR] Engine:466 - /home/vatcraft/.stm32cubemx/thirdparties/pdsc/WES.I-CUBE-Cesium.1.4.0.pdsc: PDSC version is not supported
2026-04-04 09:14:01,448 [WARN] PackLoader:240 - Cannot read IP mode file for STMicroelectronics.X-CUBE-DISPLAY.3.0.0
2026-04-04 09:14:01,470 [ERROR] Engine:466 - /home/vatcraft/.stm32cubemx/thirdparties/pdsc/STMicroelectronics.FP-SNS-MOTENVWB1.1.5.0.pdsc: PDSC version is not supported
2026-04-04 09:14:01,486 [WARN] PackLoader:240 - Cannot read IP mode file for STMicroelectronics.X-CUBE-NFC10.1.0.0
2026-04-04 09:14:01,504 [WARN] PackLoader:240 - Cannot read IP mode file for STMicroelectronics.X-CUBE-ST60.1.1.0
2026-04-04 09:14:01,519 [WARN] PackLoader:240 - Cannot read IP mode file for emotas.I-CUBE-CANOPEN.1.3.0
2026-04-04 09:14:01,531 [WARN] PackLoader:240 - Cannot read IP mode file for STMicroelectronics.X-CUBE-GNSS1.7.1.0
2026-04-04 09:14:01,540 [ERROR] Engine:466 - /home/vatcraft/.stm32cubemx/thirdparties/pdsc/STMicroelectronics.FP-SNS-STBOX1.2.1.0.pdsc: PDSC version is not supported
2026-04-04 09:14:01,545 [WARN] PackLoader:240 - Cannot read IP mode file for STMicroelectronics.FP-SNS-SMARTAG2.1.2.0
2026-04-04 09:14:01,550 [WARN] PackLoader:240 - Cannot read IP mode file for STMicroelectronics.FP-SNS-FLIGHT1.5.1.0
2026-04-04 09:14:01,564 [INFO] LogOutputStream:77 - [STDOUT_REDIRECT] 1 : Invalid condition id : UX_CORESTACK_Condition cause : null
2026-04-04 09:14:01,565 [INFO] LogOutputStream:77 - [STDOUT_REDIRECT] 1 : Invalid condition id : UX_CORESTACK_Condition cause : null
2026-04-04 09:14:01,565 [INFO] LogOutputStream:77 - [STDOUT_REDIRECT] 1 : Invalid condition id : UX_CORESTACK_Condition cause : null
2026-04-04 09:14:01,565 [INFO] LogOutputStream:77 - [STDOUT_REDIRECT] 1 : Invalid condition id : UX_CORESTACK_Condition cause : null
2026-04-04 09:14:01,566 [INFO] LogOutputStream:77 - [STDOUT_REDIRECT] 1 : Invalid condition id : UX_CORESTACK_Condition cause : null
2026-04-04 09:14:01,572 [WARN] PackLoader:240 - Cannot read IP mode file for STMicroelectronics.X-CUBE-AZRTOS-WL.2.0.0
2026-04-04 09:14:01,606 [WARN] PackLoader:240 - Cannot read IP mode file for STMicroelectronics.X-CUBE-AZRTOS-H7RS.1.2.0
2026-04-04 09:14:01,618 [WARN] PackLoader:240 - Cannot read IP mode file for STMicroelectronics.X-CUBE-BLE2.3.3.0
2026-04-04 09:14:01,682 [WARN] PackLoader:240 - Cannot read IP mode file for Infineon.AIROC-Wi-Fi-Bluetooth-STM32.1.8.0
2026-04-04 09:14:01,706 [WARN] PackLoader:240 - Cannot read IP mode file for STMicroelectronics.X-CUBE-NFC9.1.0.0
2026-04-04 09:14:01,716 [WARN] PackLoader:240 - Cannot read IP mode file for STMicroelectronics.X-CUBE-BLE1.7.1.0
2026-04-04 09:14:01,721 [WARN] PackLoader:240 - Cannot read IP mode file for wolfSSL.I-CUBE-wolfMQTT.1.19.2
2026-04-04 09:14:01,734 [WARN] PackLoader:240 - Cannot read IP mode file for STMicroelectronics.X-CUBE-EEPRMA1.5.2.0
2026-04-04 09:14:01,751 [WARN] PackLoader:240 - Cannot read IP mode file for wolfSSL.I-CUBE-wolfSSL.5.8.4
2026-04-04 09:14:01,761 [WARN] PackLoader:240 - Cannot read IP mode file for Cesanta.I-CUBE-Mongoose.7.20.0
2026-04-04 09:14:01,837 [WARN] PackLoader:240 - Cannot read IP mode file for STMicroelectronics.X-CUBE-MEMS1.12.0.0
2026-04-04 09:14:02,033 [WARN] PackLoader:240 - Cannot read IP mode file for STMicroelectronics.X-CUBE-AZRTOS-G0.1.1.0
2026-04-04 09:14:02,042 [WARN] PackLoader:240 - Cannot read IP mode file for STMicroelectronics.X-CUBE-NFC4.3.0.0
2026-04-04 09:14:02,059 [WARN] PackLoader:240 - Cannot read IP mode file for EmbeddedOffice.I-CUBE-FS-RTOS.1.0.1
2026-04-04 09:14:02,067 [WARN] PackLoader:240 - Cannot read IP mode file for STMicroelectronics.X-CUBE-WB05N.2.0.0
2026-04-04 09:14:02,071 [WARN] PackLoader:240 - Cannot read IP mode file for wolfSSL.I-CUBE-wolfTPM.3.8.0
2026-04-04 09:14:02,079 [WARN] PackLoader:240 - Cannot read IP mode file for STMicroelectronics.X-CUBE-TCPP.4.2.0
2026-04-04 09:14:02,085 [WARN] PackLoader:240 - Cannot read IP mode file for RealThread.X-CUBE-RT-Thread_Nano.4.1.1
2026-04-04 09:14:02,094 [WARN] PackLoader:240 - Cannot read IP mode file for STMicroelectronics.FP-ATR-SIGFOX1.3.2.0
2026-04-04 09:14:02,097 [ERROR] Engine:466 - /home/vatcraft/.stm32cubemx/thirdparties/pdsc/STMicroelectronics.X-CUBE-FREERTOS.1.5.0.pdsc: PDSC version is not supported
2026-04-04 09:14:02,141 [WARN] PackLoader:240 - Cannot read IP mode file for ITTIA_DB.I-CUBE-ITTIADB.8.9.0
2026-04-04 09:14:02,166 [WARN] PackLoader:240 - Cannot read IP mode file for STMicroelectronics.X-CUBE-NFC6.3.2.0
2026-04-04 09:14:02,185 [WARN] PackLoader:240 - Cannot read IP mode file for STMicroelectronics.X-CUBE-AI.10.2.0
2026-04-04 09:14:02,278 [WARN] PackLoader:240 - Cannot read IP mode file for SEGGER.I-CUBE-embOS.1.3.1
2026-04-04 09:14:02,436 [WARN] PackLoader:240 - Cannot read IP mode file for STMicroelectronics.X-CUBE-ALGOBUILD.1.4.0
2026-04-04 09:14:02,444 [INFO] WebApp:463 - Apply proxy settings
2026-04-04 09:14:02,444 [INFO] WebApp:548 - Chromium requires no authentication
2026-04-04 09:14:02,445 [WARN] PackLoader:240 - Cannot read IP mode file for STMicroelectronics.X-CUBE-PM33A1.1.0.0
2026-04-04 09:14:02,472 [INFO] WebApp:491 - Direct internet connection detected
2026-04-04 09:14:02,499 [WARN] PackLoader:240 - Cannot read IP mode file for STMicroelectronics.X-CUBE-AZRTOS-F4.1.1.0
2026-04-04 09:14:02,525 [WARN] PackLoader:240 - Cannot read IP mode file for STMicroelectronics.X-CUBE-ISPU.2.1.0
2026-04-04 09:14:02,543 [ERROR] Engine:466 - /home/vatcraft/.stm32cubemx/thirdparties/pdsc/STMicroelectronics.X-CUBE-IPS.3.2.0.pdsc: PDSC version is not supported
2026-04-04 09:14:02,549 [INFO] WebApp:894 - Register for checkConnection events
2026-04-04 09:14:02,549 [INFO] WebApp:463 - Apply proxy settings
2026-04-04 09:14:02,549 [INFO] WebApp:548 - Chromium requires no authentication
2026-04-04 09:14:02,551 [INFO] WebApp:491 - Direct internet connection detected
2026-04-04 09:14:02,553 [WARN] PackLoader:240 - Cannot read IP mode file for STMicroelectronics.X-CUBE-NFC12.1.0.0
2026-04-04 09:14:02,586 [WARN] PackLoader:240 - Cannot read IP mode file for STMicroelectronics.X-CUBE-AZRTOS-L5.2.0.0
2026-04-04 09:14:02,601 [WARN] PackLoader:240 - Cannot read IP mode file for STMicroelectronics.X-CUBE-TOUCHGFX.4.26.1
2026-04-04 09:14:02,608 [WARN] PackLoader:240 - Cannot read IP mode file for STMicroelectronics.FP-SNS-STAIOTCFT.1.0.0
2026-04-04 09:14:02,617 [WARN] PackLoader:240 - Cannot read IP mode file for STMicroelectronics.X-CUBE-DPower.1.3.0
2026-04-04 09:14:02,647 [WARN] ConditionMgr:438 - getConditionDescription Invalid condition id : LAN8742 Phy interface Condition cause : null
2026-04-04 09:14:02,648 [WARN] PackLoader:240 - Cannot read IP mode file for STMicroelectronics.X-CUBE-AZRTOS-L4.2.0.0
2026-04-04 09:14:02,650 [WARN] ConditionMgr:1044 - genDependencies : Invalid condition id : LAN8742 Phy interface Condition cause : null
2026-04-04 09:14:02,650 [WARN] ConditionMgr:1044 - genDependencies : Invalid condition id : LAN8742 Phy interface Condition cause : null
2026-04-04 09:14:02,651 [WARN] ConditionMgr:1044 - genDependencies : Invalid condition id : LAN8742 Phy interface Condition cause : null
2026-04-04 09:14:02,658 [WARN] PackLoader:240 - Cannot read IP mode file for STMicroelectronics.X-CUBE-SFXS2LP1.4.0.0
2026-04-04 09:14:02,663 [ERROR] Engine:466 - /home/vatcraft/.stm32cubemx/thirdparties/pdsc/STMicroelectronics.X-CUBE-ST67W61.1.2.0.pdsc: PDSC version is not supported
2026-04-04 09:14:02,674 [WARN] PackLoader:240 - Cannot read IP mode file for STMicroelectronics.X-CUBE-BLEMGR.4.1.0
2026-04-04 09:14:02,692 [WARN] ConditionMgr:438 - getConditionDescription Invalid condition id : UX DEVICE CLASS RTOS Condition cause : null
2026-04-04 09:14:02,693 [WARN] ConditionMgr:438 - getConditionDescription Invalid condition id : UX DEVICE CLASS RTOS Condition cause : null
2026-04-04 09:14:02,696 [WARN] PackLoader:240 - Cannot read IP mode file for STMicroelectronics.X-CUBE-AZRTOS-WB.2.0.0
2026-04-04 09:14:02,696 [WARN] ConditionMgr:1044 - genDependencies : Invalid condition id : UX DEVICE CLASS RTOS Condition cause : null
2026-04-04 09:14:02,697 [WARN] ConditionMgr:1044 - genDependencies : Invalid condition id : UX DEVICE CLASS RTOS Condition cause : null
2026-04-04 09:14:02,698 [WARN] ConditionMgr:1044 - genDependencies : Invalid condition id : UX DEVICE CLASS RTOS Condition cause : null
2026-04-04 09:14:02,698 [WARN] ConditionMgr:1044 - genDependencies : Invalid condition id : UX DEVICE CLASS RTOS Condition cause : null
2026-04-04 09:14:02,698 [WARN] ConditionMgr:1044 - genDependencies : Invalid condition id : UX DEVICE CLASS RTOS Condition cause : null
2026-04-04 09:14:02,703 [WARN] ConditionMgr:438 - getConditionDescription Invalid condition id : Cortex-A Device cause : null
2026-04-04 09:14:02,726 [WARN] ConditionMgr:1044 - genDependencies : Invalid condition id : Cortex-A Device cause : null
2026-04-04 09:14:02,726 [WARN] ConditionMgr:1044 - genDependencies : Invalid condition id : Cortex-A Device cause : null
2026-04-04 09:14:02,727 [WARN] ConditionMgr:1044 - genDependencies : Invalid condition id : Cortex-A Device cause : null
2026-04-04 09:14:02,747 [WARN] PackLoader:240 - Cannot read IP mode file for STMicroelectronics.X-CUBE-STSE01.2.0.0
2026-04-04 09:14:02,765 [WARN] PackLoader:240 - Cannot read IP mode file for STMicroelectronics.X-CUBE-SUBG2.5.0.0
2026-04-04 09:14:02,804 [WARN] PackLoader:240 - Cannot read IP mode file for STMicroelectronics.X-CUBE-AZRTOS-G4.2.0.0
2026-04-04 09:14:02,810 [WARN] PackLoader:240 - Cannot read IP mode file for wolfSSL.I-CUBE-wolfSSH.1.4.20
2026-04-04 09:14:02,815 [WARN] PackLoader:240 - Cannot read IP mode file for STMicroelectronics.X-CUBE-NFC7.2.0.0
2026-04-04 09:14:02,821 [WARN] PackLoader:240 - Cannot read IP mode file for STMicroelectronics.X-CUBE-ALS.1.0.2
2026-04-04 09:14:02,835 [WARN] PackLoader:240 - Cannot read IP mode file for STMicroelectronics.X-CUBE-TOF1.3.4.3
2026-04-04 09:14:02,834 [INFO] WebApp:191 - Connection restablished
2026-04-04 09:14:02,850 [INFO] ThirdParty:978 - Integrity check success = true
2026-04-04 09:14:02,850 [INFO] IntegrityCheckThread:100 - exiting critical section [integrity check]
2026-04-04 09:14:02,850 [INFO] IntegrityCheckThread:103 - End integrity checks thread
2026-04-04 09:14:02,929 [INFO] WebApp:225 - Starting web application
2026-04-04 09:14:02,929 [INFO] WebApp:593 - Web application path used /opt/st/stm32cubeide_1.18.1/plugins/com.st.stm32cube.common.mx_6.14.1.202504091515/db/plugins/mcufinder/reactClient1/index.html
2026-04-04 09:14:03,137 [INFO] UserAuth:484 - Internet connection configuration mode: 1
2026-04-04 14:42:55,767 [INFO] Activator:176 - 


2026-04-04 14:42:55,769 [INFO] Activator:177 - !SESSION log4j initialized
2026-04-04 14:43:01,101 [INFO] LogOutputStream:77 - [STDOUT_REDIRECT] 
2026-04-04 14:43:03,145 [INFO] ApplicationProperties:184 - Using Application install path: /opt/st/stm32cubeide_1.18.1/plugins/com.st.stm32cube.common.mx_6.14.1.202504091515
2026-04-04 14:43:03,163 [INFO] DbMcusXml:78 - Set database path to: /opt/st/stm32cubeide_1.18.1/plugins/com.st.stm32cube.common.mx_6.14.1.202504091515//db//mcu/
2026-04-04 14:43:03,164 [INFO] ApiDb:274 - Set plugin database path to: /opt/st/stm32cubeide_1.18.1/plugins/com.st.stm32cube.common.mx_6.14.1.202504091515//db//plugins/boardmanager/
2026-04-04 14:43:03,164 [WARN] ApiDb:259 - Overriding images path with different value:  => /opt/st/stm32cubeide_1.18.1/plugins/com.st.stm32cube.common.mx_6.14.1.202504091515//db//plugins/mcufinder/images/
2026-04-04 14:43:03,172 [INFO] ApiDb:250 - Set database path to: /home/vatcraft/.stmcufinder/plugins/mcufinder//mcu/
2026-04-04 14:43:03,173 [INFO] DbMcusAds:125 - Set database path to: /home/vatcraft/.stmcufinder/plugins/mcufinder//mcu/
2026-04-04 14:43:04,177 [INFO] CrossReferenceDbSqlite:203 - Set database path to: /home/vatcraft/.stmcufinder/plugins/mcufinder//mcu/cs/
2026-04-04 14:43:04,304 [INFO] RulesReader:64 - Compatibility file has been processed (302 Rules)
2026-04-04 14:43:04,395 [INFO] DbMcusXml:78 - Set database path to: /opt/st/stm32cubeide_1.18.1/plugins/com.st.stm32cube.common.mx_6.14.1.202504091515//db//mcu/
2026-04-04 14:43:04,395 [INFO] ApiDb:274 - Set plugin database path to: /opt/st/stm32cubeide_1.18.1/plugins/com.st.stm32cube.common.mx_6.14.1.202504091515//db//plugins/boardmanager/
2026-04-04 14:43:04,395 [INFO] ApiDb:261 - Set plugin images path to: /opt/st/stm32cubeide_1.18.1/plugins/com.st.stm32cube.common.mx_6.14.1.202504091515//db//plugins/mcufinder/images/
2026-04-04 14:43:04,395 [WARN] DbFile:41 - Overriding database path with different value: /home/vatcraft/.stmcufinder/plugins/mcufinder/ => /home/vatcraft/.stmcufinder/plugins/mcufinder
2026-04-04 14:43:04,396 [INFO] ApiDb:250 - Set database path to: /home/vatcraft/.stmcufinder/plugins/mcufinder//mcu/
2026-04-04 14:43:04,396 [WARN] DbFile:41 - Overriding database path with different value: /home/vatcraft/.stmcufinder/plugins/mcufinder/ => /home/vatcraft/.stmcufinder/plugins/mcufinder
2026-04-04 14:43:04,396 [INFO] DbMcusAds:125 - Set database path to: /home/vatcraft/.stmcufinder/plugins/mcufinder//mcu/
2026-04-04 14:43:04,396 [WARN] DbFile:41 - Overriding database path with different value: /home/vatcraft/.stmcufinder/plugins/mcufinder/ => /home/vatcraft/.stmcufinder/plugins/mcufinder
2026-04-04 14:43:04,396 [WARN] DbFile:41 - Overriding database path with different value: /home/vatcraft/.stmcufinder/plugins/mcufinder/ => /home/vatcraft/.stmcufinder/plugins/mcufinder
2026-04-04 14:43:05,397 [INFO] CrossReferenceDbSqlite:203 - Set database path to: /home/vatcraft/.stmcufinder/plugins/mcufinder//mcu/cs/
2026-04-04 14:43:05,486 [INFO] MainPanel:272 - HeapMemory: 268435456
2026-04-04 14:43:05,638 [INFO] DbMcusXml:78 - Set database path to: /opt/st/stm32cubeide_1.18.1/plugins/com.st.stm32cube.common.mx_6.14.1.202504091515//db//mcu/
2026-04-04 14:43:05,638 [INFO] ApiDb:274 - Set plugin database path to: /opt/st/stm32cubeide_1.18.1/plugins/com.st.stm32cube.common.mx_6.14.1.202504091515//db//plugins/boardmanager/
2026-04-04 14:43:05,638 [INFO] ApiDb:261 - Set plugin images path to: /opt/st/stm32cubeide_1.18.1/plugins/com.st.stm32cube.common.mx_6.14.1.202504091515//db//plugins/mcufinder/images/
2026-04-04 14:43:05,639 [WARN] DbFile:41 - Overriding database path with different value: /home/vatcraft/.stmcufinder/plugins/mcufinder/ => /home/vatcraft/.stmcufinder/plugins/mcufinder
2026-04-04 14:43:05,639 [INFO] ApiDb:250 - Set database path to: /home/vatcraft/.stmcufinder/plugins/mcufinder//mcu/
2026-04-04 14:43:05,639 [WARN] DbFile:41 - Overriding database path with different value: /home/vatcraft/.stmcufinder/plugins/mcufinder/ => /home/vatcraft/.stmcufinder/plugins/mcufinder
2026-04-04 14:43:05,639 [INFO] DbMcusAds:125 - Set database path to: /home/vatcraft/.stmcufinder/plugins/mcufinder//mcu/
2026-04-04 14:43:05,639 [WARN] DbFile:41 - Overriding database path with different value: /home/vatcraft/.stmcufinder/plugins/mcufinder/ => /home/vatcraft/.stmcufinder/plugins/mcufinder
2026-04-04 14:43:05,639 [WARN] DbFile:41 - Overriding database path with different value: /home/vatcraft/.stmcufinder/plugins/mcufinder/ => /home/vatcraft/.stmcufinder/plugins/mcufinder
2026-04-04 14:43:06,640 [INFO] CrossReferenceDbSqlite:203 - Set database path to: /home/vatcraft/.stmcufinder/plugins/mcufinder//mcu/cs/
2026-04-04 14:43:06,671 [INFO] ApplicationProperties:184 - Using Application install path: /opt/st/stm32cubeide_1.18.1/plugins/com.st.stm32cube.common.mx_6.14.1.202504091515
2026-04-04 14:43:06,674 [INFO] PluginManage:196 - Search for loadable plugins [exclusion list=, ]
2026-04-04 14:43:06,676 [INFO] PluginManage:310 - Check plugin analytics
2026-04-04 14:43:07,968 [INFO] AnalyticsPlugin:253 - Accepted Software Licenses: 
2026-04-04 14:43:07,968 [INFO] AnalyticsPlugin:255 - Accepted CMSIS Pack Licenses: 
2026-04-04 14:43:07,968 [INFO] AnalyticsPlugin:257 - Accepted Firmware Licenses: FW.F4.1.28.0,FW.L4.1.18.0
2026-04-04 14:43:07,973 [INFO] PluginManage:359 - Loaded plugin analytics (category:tool,tabindex:-1)
2026-04-04 14:43:07,975 [INFO] PluginManage:310 - Check plugin cadmodel
2026-04-04 14:43:07,979 [INFO] CADModel:105 - Init CAD model plugin
2026-04-04 14:43:07,980 [INFO] PluginManage:359 - Loaded plugin cadmodel (category:power,tabindex:5)
2026-04-04 14:43:07,980 [INFO] PluginManage:310 - Check plugin clock
2026-04-04 14:43:07,990 [INFO] PluginManage:359 - Loaded plugin clock (category:base,tabindex:2)
2026-04-04 14:43:07,990 [INFO] PluginManage:310 - Check plugin ddr
2026-04-04 14:43:07,993 [INFO] PluginManage:359 - Loaded plugin ddr (category:tool,tabindex:6)
2026-04-04 14:43:07,993 [INFO] PluginManage:310 - Check plugin filemanager
2026-04-04 14:43:08,135 [INFO] PluginManage:359 - Loaded plugin filemanager (category:base,tabindex:10)
2026-04-04 14:43:08,135 [INFO] PluginManage:310 - Check plugin ipmanager
2026-04-04 14:43:08,141 [INFO] PluginManage:359 - Loaded plugin ipmanager (category:base,tabindex:5)
2026-04-04 14:43:08,142 [INFO] PluginManage:310 - Check plugin lpbam
2026-04-04 14:43:08,153 [INFO] PluginManage:359 - Loaded plugin lpbam (category:base,tabindex:0)
2026-04-04 14:43:08,153 [INFO] PluginManage:310 - Check plugin memorymap
2026-04-04 14:43:08,168 [INFO] PluginManage:359 - Loaded plugin memorymap (category:base,tabindex:4)
2026-04-04 14:43:08,168 [INFO] PluginManage:310 - Check plugin pinoutandconfiguration
2026-04-04 14:43:08,179 [INFO] PluginManage:359 - Loaded plugin pinoutandconfiguration (category:base,tabindex:1)
2026-04-04 14:43:08,179 [INFO] PluginManage:310 - Check plugin pinoutconfig
2026-04-04 14:43:08,299 [WARN] SupportedApi:132 - Cannot load RTOS API schema: s4s-elt-must-match.1: The content of 'definitions' must match (annotation?, (simpleType | complexType)?, (unique | key | keyref)*)). A problem was found starting at: attribute.
2026-04-04 14:43:08,479 [INFO] PluginManage:359 - Loaded plugin pinoutconfig (category:base,tabindex:0)
2026-04-04 14:43:08,479 [INFO] PluginManage:310 - Check plugin power
2026-04-04 14:43:08,491 [INFO] PluginManage:359 - Loaded plugin power (category:power,tabindex:4)
2026-04-04 14:43:08,491 [INFO] PluginManage:310 - Check plugin projectmanager
2026-04-04 14:43:08,513 [INFO] PluginManage:359 - Loaded plugin projectmanager (category:projectmanager,tabindex:4)
2026-04-04 14:43:08,514 [INFO] PluginManage:310 - Check plugin rif
2026-04-04 14:43:08,523 [INFO] PluginManage:359 - Loaded plugin rif (category:base,tabindex:3)
2026-04-04 14:43:08,523 [INFO] PluginManage:310 - Check plugin thirdparty
2026-04-04 14:43:08,685 [WARN] IntegrityCheckThread:84 - waiting for thirdparty lock release [integrity check]
2026-04-04 14:43:08,686 [INFO] IntegrityCheckThread:86 - entering critical section [integrity check]
2026-04-04 14:43:08,686 [INFO] PluginManage:359 - Loaded plugin thirdparty (category:base,tabindex:-1)
2026-04-04 14:43:08,686 [INFO] PluginManage:310 - Check plugin tools
2026-04-04 14:43:08,686 [INFO] ThirdPartyUpdaterWithRetryManager:70 - Updater plugin not ready yet. [1/15]
2026-04-04 14:43:08,689 [INFO] PluginManage:359 - Loaded plugin tools (category:base,tabindex:7)
2026-04-04 14:43:08,689 [INFO] PluginManage:310 - Check plugin tutovideos
2026-04-04 14:43:08,860 [INFO] PluginManage:359 - Loaded plugin tutovideos (category:base,tabindex:-1)
2026-04-04 14:43:08,860 [INFO] PluginManage:310 - Check plugin updater
2026-04-04 14:43:08,906 [INFO] PluginManage:359 - Loaded plugin updater (category:base,tabindex:12)
2026-04-04 14:43:08,906 [INFO] PluginManage:310 - Check plugin userauth
2026-04-04 14:43:08,918 [INFO] UserAuth:118 - Init User Auth plugin
2026-04-04 14:43:08,919 [INFO] PluginManage:359 - Loaded plugin userauth (category:base,tabindex:14)
2026-04-04 14:43:08,920 [INFO] PluginManage:283 - PluginManage : Loaded plugins [18]
2026-04-04 14:43:09,148 [INFO] PinOutPanel:1589 - setPackage(No Configuration,No Configuration)
2026-04-04 14:43:09,235 [INFO] CADModel:165 - CPN selected for project level
2026-04-04 14:43:09,235 [INFO] CADModel:114 - Register for checkConnection events
2026-04-04 14:43:09,249 [INFO] IPUIPlugin:80 - create IPUIPlugin
2026-04-04 14:43:09,249 [INFO] PluginManager:220 - loadIPPluginJar : add openamp
2026-04-04 14:43:09,256 [INFO] IPUIPlugin:80 - create IPUIPlugin
2026-04-04 14:43:09,257 [INFO] PluginManager:220 - loadIPPluginJar : add pdm2pcm
2026-04-04 14:43:09,260 [INFO] IPUIPlugin:80 - create IPUIPlugin
2026-04-04 14:43:09,261 [INFO] PluginManager:220 - loadIPPluginJar : add touchsensing
2026-04-04 14:43:09,269 [INFO] IPUIPlugin:80 - create IPUIPlugin
2026-04-04 14:43:09,272 [INFO] PluginManager:220 - loadIPPluginJar : add plateformsettings
2026-04-04 14:43:09,279 [INFO] IPUIPlugin:80 - create IPUIPlugin
2026-04-04 14:43:09,279 [INFO] PluginManager:220 - loadIPPluginJar : add resmgrutility
2026-04-04 14:43:09,286 [INFO] IPUIPlugin:80 - create IPUIPlugin
2026-04-04 14:43:09,287 [INFO] PluginManager:220 - loadIPPluginJar : add gic
2026-04-04 14:43:09,288 [INFO] IPUIPlugin:80 - create IPUIPlugin
2026-04-04 14:43:09,289 [INFO] PluginManager:220 - loadIPPluginJar : add genericplugin
2026-04-04 14:43:09,291 [INFO] IPUIPlugin:80 - create IPUIPlugin
2026-04-04 14:43:09,291 [INFO] PluginManager:220 - loadIPPluginJar : add tracer_emb
2026-04-04 14:43:09,294 [INFO] IPUIPlugin:80 - create IPUIPlugin
2026-04-04 14:43:09,294 [INFO] PluginManager:220 - loadIPPluginJar : add extmemmanager
2026-04-04 14:43:09,297 [INFO] IPUIPlugin:80 - create IPUIPlugin
2026-04-04 14:43:09,298 [INFO] PluginManager:220 - loadIPPluginJar : add spi
2026-04-04 14:43:09,307 [INFO] IPUIPlugin:80 - create IPUIPlugin
2026-04-04 14:43:09,307 [INFO] PluginManager:220 - loadIPPluginJar : add linkedlist
2026-04-04 14:43:09,309 [INFO] IPUIPlugin:80 - create IPUIPlugin
2026-04-04 14:43:09,309 [INFO] PluginManager:220 - loadIPPluginJar : add ucpd
2026-04-04 14:43:09,313 [INFO] IPUIPlugin:80 - create IPUIPlugin
2026-04-04 14:43:09,313 [INFO] PluginManager:220 - loadIPPluginJar : add i3c
2026-04-04 14:43:09,315 [INFO] IPUIPlugin:80 - create IPUIPlugin
2026-04-04 14:43:09,316 [INFO] PluginManager:220 - loadIPPluginJar : add hash
2026-04-04 14:43:09,321 [INFO] IPUIPlugin:80 - create IPUIPlugin
2026-04-04 14:43:09,321 [INFO] PluginManager:220 - loadIPPluginJar : add nvic
2026-04-04 14:43:09,325 [INFO] IPUIPlugin:80 - create IPUIPlugin
2026-04-04 14:43:09,325 [INFO] PluginManager:220 - loadIPPluginJar : add usbx
2026-04-04 14:43:09,328 [INFO] IPUIPlugin:80 - create IPUIPlugin
2026-04-04 14:43:09,329 [INFO] PluginManager:220 - loadIPPluginJar : add cryp
2026-04-04 14:43:09,330 [INFO] IPUIPlugin:80 - create IPUIPlugin
2026-04-04 14:43:09,331 [INFO] PluginManager:220 - loadIPPluginJar : add quadspi
2026-04-04 14:43:09,333 [INFO] IPUIPlugin:80 - create IPUIPlugin
2026-04-04 14:43:09,333 [INFO] PluginManager:220 - loadIPPluginJar : add ts
2026-04-04 14:43:09,337 [INFO] IPUIPlugin:80 - create IPUIPlugin
2026-04-04 14:43:09,337 [INFO] PluginManager:220 - loadIPPluginJar : add i2c
2026-04-04 14:43:09,341 [INFO] IPUIPlugin:80 - create IPUIPlugin
2026-04-04 14:43:09,341 [INFO] PluginManager:220 - loadIPPluginJar : add ipddr
2026-04-04 14:43:09,344 [INFO] IPUIPlugin:80 - create IPUIPlugin
2026-04-04 14:43:09,344 [INFO] PluginManager:220 - loadIPPluginJar : add aes
2026-04-04 14:43:09,348 [INFO] IPUIPlugin:80 - create IPUIPlugin
2026-04-04 14:43:09,348 [INFO] PluginManager:220 - loadIPPluginJar : add sai
2026-04-04 14:43:09,351 [INFO] IPUIPlugin:80 - create IPUIPlugin
2026-04-04 14:43:09,351 [INFO] PluginManager:220 - loadIPPluginJar : add dma3
2026-04-04 14:43:09,356 [INFO] IPUIPlugin:80 - create IPUIPlugin
2026-04-04 14:43:09,356 [INFO] PluginManager:220 - loadIPPluginJar : add lorawan
2026-04-04 14:43:09,359 [INFO] IPUIPlugin:80 - create IPUIPlugin
2026-04-04 14:43:09,359 [INFO] PluginManager:220 - loadIPPluginJar : add dfsdm
2026-04-04 14:43:09,362 [INFO] IPUIPlugin:80 - create IPUIPlugin
2026-04-04 14:43:09,363 [INFO] PluginManager:220 - loadIPPluginJar : add gtzc
2026-04-04 14:43:09,366 [INFO] IPUIPlugin:80 - create IPUIPlugin
2026-04-04 14:43:09,366 [INFO] PluginManager:220 - loadIPPluginJar : add can
2026-04-04 14:43:09,374 [INFO] IPUIPlugin:80 - create IPUIPlugin
2026-04-04 14:43:09,374 [INFO] PluginManager:220 - loadIPPluginJar : add freertos
2026-04-04 14:43:09,377 [INFO] IPUIPlugin:80 - create IPUIPlugin
2026-04-04 14:43:09,377 [INFO] PluginManager:220 - loadIPPluginJar : add usart
2026-04-04 14:43:09,382 [INFO] IPUIPlugin:80 - create IPUIPlugin
2026-04-04 14:43:09,382 [INFO] PluginManager:220 - loadIPPluginJar : add fmc
2026-04-04 14:43:09,390 [INFO] IPUIPlugin:80 - create IPUIPlugin
2026-04-04 14:43:09,390 [INFO] PluginManager:220 - loadIPPluginJar : add gpio
2026-04-04 14:43:09,394 [INFO] IPUIPlugin:80 - create IPUIPlugin
2026-04-04 14:43:09,395 [INFO] PluginManager:220 - loadIPPluginJar : add i2s
2026-04-04 14:43:09,420 [INFO] IPUIPlugin:80 - create IPUIPlugin
2026-04-04 14:43:09,420 [INFO] PluginManager:220 - loadIPPluginJar : add mdma
2026-04-04 14:43:09,423 [INFO] IPUIPlugin:80 - create IPUIPlugin
2026-04-04 14:43:09,423 [INFO] PluginManager:220 - loadIPPluginJar : add ltdc
2026-04-04 14:43:09,430 [INFO] IPUIPlugin:80 - create IPUIPlugin
2026-04-04 14:43:09,430 [INFO] PluginManager:220 - loadIPPluginJar : add opamp
2026-04-04 14:43:09,440 [INFO] IPUIPlugin:80 - create IPUIPlugin
2026-04-04 14:43:09,441 [INFO] PluginManager:220 - loadIPPluginJar : add adc
2026-04-04 14:43:09,445 [INFO] IPUIPlugin:80 - create IPUIPlugin
2026-04-04 14:43:09,445 [INFO] PluginManager:220 - loadIPPluginJar : add ddr_ctrl_phy
2026-04-04 14:43:09,454 [INFO] IPUIPlugin:80 - create IPUIPlugin
2026-04-04 14:43:09,455 [INFO] PluginManager:220 - loadIPPluginJar : add stm32_wpan
2026-04-04 14:43:09,461 [INFO] IPUIPlugin:80 - create IPUIPlugin
2026-04-04 14:43:09,461 [INFO] PluginManager:220 - loadIPPluginJar : add dma
2026-04-04 14:43:09,463 [INFO] IPUIPlugin:80 - create IPUIPlugin
2026-04-04 14:43:09,463 [INFO] PluginManager:220 - loadIPPluginJar : add tsc
2026-04-04 14:43:09,466 [INFO] IPUIPlugin:80 - create IPUIPlugin
2026-04-04 14:43:09,466 [INFO] PluginManager:220 - loadIPPluginJar : add comp
2026-04-04 14:43:09,468 [INFO] IPUIPlugin:80 - create IPUIPlugin
2026-04-04 14:43:09,468 [INFO] PluginManager:220 - loadIPPluginJar : add fatfs
2026-04-04 14:43:09,470 [INFO] IPUIPlugin:80 - create IPUIPlugin
2026-04-04 14:43:09,470 [INFO] PluginManager:220 - loadIPPluginJar : add tim
2026-04-04 14:43:09,473 [INFO] IPUIPlugin:80 - create IPUIPlugin
2026-04-04 14:43:09,473 [INFO] PluginManager:220 - loadIPPluginJar : add gfxmmu
2026-04-04 14:43:09,475 [INFO] IPUIPlugin:80 - create IPUIPlugin
2026-04-04 14:43:09,476 [INFO] PluginManager:220 - loadIPPluginJar : add radio
2026-04-04 14:43:09,593 [FATAL] Updater:351 - Updater called before beeing initialized
2026-04-04 14:43:09,630 [INFO] RulesReader:64 - Compatibility file has been processed (302 Rules)
2026-04-04 14:43:09,639 [INFO] RulesReader:64 - Compatibility file has been processed (302 Rules)
2026-04-04 14:43:09,652 [INFO] CADModel:165 - CPN selected for project level
2026-04-04 14:43:09,652 [INFO] CADModel:114 - Register for checkConnection events
2026-04-04 14:43:09,652 [FATAL] Updater:351 - Updater called before beeing initialized
2026-04-04 14:43:09,652 [ERROR] CADModel:125 - Updater not yet initialized, retry later 
2026-04-04 14:43:10,012 [FATAL] Updater:351 - Updater called before beeing initialized
2026-04-04 14:43:10,014 [INFO] CADModel:165 - CPN selected for project level
2026-04-04 14:43:10,015 [INFO] CADModel:114 - Register for checkConnection events
2026-04-04 14:43:10,015 [FATAL] Updater:351 - Updater called before beeing initialized
2026-04-04 14:43:10,015 [ERROR] CADModel:125 - Updater not yet initialized, retry later 
2026-04-04 14:43:10,022 [FATAL] Updater:351 - Updater called before beeing initialized
2026-04-04 14:43:10,470 [FATAL] Updater:351 - Updater called before beeing initialized
2026-04-04 14:43:10,478 [INFO] DbMcusAds:53 - JSON generation date=Thu Mar 05 21:32:52 ICT 2026 (1772721172890)
2026-04-04 14:43:10,478 [FATAL] Updater:351 - Updater called before beeing initialized
2026-04-04 14:43:10,650 [WARN] DetailPanel:346 - Failed to get advertising image, set to default
2026-04-04 14:43:11,296 [FATAL] Updater:351 - Updater called before beeing initialized
2026-04-04 14:43:11,298 [FATAL] Updater:351 - Updater called before beeing initialized
2026-04-04 14:43:11,298 [FATAL] Updater:351 - Updater called before beeing initialized
2026-04-04 14:43:11,299 [WARN] DetailPanel:346 - Failed to get advertising image, set to default
2026-04-04 14:43:11,299 [FATAL] Updater:351 - Updater called before beeing initialized
2026-04-04 14:43:11,349 [ERROR] Updater:1198 - MainUpdater not yet initialized. External WinMGr cannot be set.
2026-04-04 14:43:11,352 [INFO] Updater:1134 - Updater Version found : 6.14.1
2026-04-04 14:43:11,380 [INFO] ApplicationProperties:184 - Using Application install path: /opt/st/stm32cubeide_1.18.1/plugins/com.st.stm32cube.common.mx_6.14.1.202504091515
2026-04-04 14:43:11,687 [INFO] ThirdPartyUpdaterWithRetryManager:70 - Updater plugin not ready yet. [2/15]
2026-04-04 14:43:12,075 [INFO] MainUpdater:2872 - connection check result : 10
2026-04-04 14:43:12,076 [INFO] MainUpdater:289 - Updater Check For Update Now.
2026-04-04 14:43:12,076 [INFO] MicroXplorer:498 - Change Database Version : DB.6.0.141
2026-04-04 14:43:12,091 [INFO] McuFinderGlobals:63 - Set McuFinder mode to 2 (CubeIDE integrated)
2026-04-04 14:43:12,093 [INFO] UserAuth:484 - Internet connection configuration mode: 1
2026-04-04 14:43:12,133 [INFO] JxBrowserEngine:152 - Initiate JxBrowser Engine with user profile folder
2026-04-04 14:43:12,321 [INFO] CheckServerUpdateThread:120 - End of CheckServer Thread
2026-04-04 14:43:15,517 [WARN] PackLoader:240 - Cannot read IP mode file for STMicroelectronics.X-CUBE-AZRTOS-H7.3.5.0
2026-04-04 14:43:15,538 [WARN] PackLoader:240 - Cannot read IP mode file for STMicroelectronics.FP-ATR-ASTRA1.2.0.2
2026-04-04 14:43:15,561 [WARN] PackLoader:240 - Cannot read IP mode file for STMicroelectronics.X-CUBE-SMBUS.2.1.0
2026-04-04 14:43:15,656 [WARN] PackLoader:240 - Cannot read IP mode file for STMicroelectronics.X-CUBE-AZRTOS-F7.1.1.0
2026-04-04 14:43:15,675 [INFO] WebApp:169 - Instantiating new browser for Auth
2026-04-04 14:43:15,678 [ERROR] Engine:466 - /home/vatcraft/.stm32cubemx/thirdparties/pdsc/STMicroelectronics.FP-SNS-MOTENV1.5.1.0.pdsc: PDSC version is not supported
2026-04-04 14:43:15,696 [ERROR] Engine:466 - /home/vatcraft/.stm32cubemx/thirdparties/pdsc/WES.I-CUBE-Cesium.1.4.0.pdsc: PDSC version is not supported
2026-04-04 14:43:15,750 [WARN] PackLoader:240 - Cannot read IP mode file for STMicroelectronics.X-CUBE-DISPLAY.3.0.0
2026-04-04 14:43:15,796 [ERROR] Engine:466 - /home/vatcraft/.stm32cubemx/thirdparties/pdsc/STMicroelectronics.FP-SNS-MOTENVWB1.1.5.0.pdsc: PDSC version is not supported
2026-04-04 14:43:15,836 [WARN] PackLoader:240 - Cannot read IP mode file for STMicroelectronics.X-CUBE-NFC10.1.0.0
2026-04-04 14:43:15,905 [WARN] PackLoader:240 - Cannot read IP mode file for STMicroelectronics.X-CUBE-ST60.1.1.0
2026-04-04 14:43:15,937 [WARN] PackLoader:240 - Cannot read IP mode file for emotas.I-CUBE-CANOPEN.1.3.0
2026-04-04 14:43:15,967 [WARN] PackLoader:240 - Cannot read IP mode file for STMicroelectronics.X-CUBE-GNSS1.7.1.0
2026-04-04 14:43:15,980 [ERROR] Engine:466 - /home/vatcraft/.stm32cubemx/thirdparties/pdsc/STMicroelectronics.FP-SNS-STBOX1.2.1.0.pdsc: PDSC version is not supported
2026-04-04 14:43:15,997 [WARN] PackLoader:240 - Cannot read IP mode file for STMicroelectronics.FP-SNS-SMARTAG2.1.2.0
2026-04-04 14:43:16,004 [WARN] PackLoader:240 - Cannot read IP mode file for STMicroelectronics.FP-SNS-FLIGHT1.5.1.0
2026-04-04 14:43:16,034 [INFO] LogOutputStream:77 - [STDOUT_REDIRECT] 1 : Invalid condition id : UX_CORESTACK_Condition cause : null
2026-04-04 14:43:16,035 [INFO] LogOutputStream:77 - [STDOUT_REDIRECT] 1 : Invalid condition id : UX_CORESTACK_Condition cause : null
2026-04-04 14:43:16,036 [INFO] LogOutputStream:77 - [STDOUT_REDIRECT] 1 : Invalid condition id : UX_CORESTACK_Condition cause : null
2026-04-04 14:43:16,036 [INFO] LogOutputStream:77 - [STDOUT_REDIRECT] 1 : Invalid condition id : UX_CORESTACK_Condition cause : null
2026-04-04 14:43:16,036 [INFO] LogOutputStream:77 - [STDOUT_REDIRECT] 1 : Invalid condition id : UX_CORESTACK_Condition cause : null
2026-04-04 14:43:16,041 [WARN] PackLoader:240 - Cannot read IP mode file for STMicroelectronics.X-CUBE-AZRTOS-WL.2.0.0
2026-04-04 14:43:16,092 [WARN] PackLoader:240 - Cannot read IP mode file for STMicroelectronics.X-CUBE-AZRTOS-H7RS.1.2.0
2026-04-04 14:43:16,114 [WARN] PackLoader:240 - Cannot read IP mode file for STMicroelectronics.X-CUBE-BLE2.3.3.0
2026-04-04 14:43:16,183 [WARN] PackLoader:240 - Cannot read IP mode file for Infineon.AIROC-Wi-Fi-Bluetooth-STM32.1.8.0
2026-04-04 14:43:16,221 [WARN] PackLoader:240 - Cannot read IP mode file for STMicroelectronics.X-CUBE-NFC9.1.0.0
2026-04-04 14:43:16,248 [WARN] PackLoader:240 - Cannot read IP mode file for STMicroelectronics.X-CUBE-BLE1.7.1.0
2026-04-04 14:43:16,257 [WARN] PackLoader:240 - Cannot read IP mode file for wolfSSL.I-CUBE-wolfMQTT.1.19.2
2026-04-04 14:43:16,273 [WARN] PackLoader:240 - Cannot read IP mode file for STMicroelectronics.X-CUBE-EEPRMA1.5.2.0
2026-04-04 14:43:16,300 [WARN] PackLoader:240 - Cannot read IP mode file for wolfSSL.I-CUBE-wolfSSL.5.8.4
2026-04-04 14:43:16,320 [WARN] PackLoader:240 - Cannot read IP mode file for Cesanta.I-CUBE-Mongoose.7.20.0
2026-04-04 14:43:16,554 [WARN] PackLoader:240 - Cannot read IP mode file for STMicroelectronics.X-CUBE-MEMS1.12.0.0
2026-04-04 14:43:17,164 [WARN] PackLoader:240 - Cannot read IP mode file for STMicroelectronics.X-CUBE-AZRTOS-G0.1.1.0
2026-04-04 14:43:17,196 [WARN] PackLoader:240 - Cannot read IP mode file for STMicroelectronics.X-CUBE-NFC4.3.0.0
2026-04-04 14:43:17,238 [WARN] PackLoader:240 - Cannot read IP mode file for EmbeddedOffice.I-CUBE-FS-RTOS.1.0.1
2026-04-04 14:43:17,256 [WARN] PackLoader:240 - Cannot read IP mode file for STMicroelectronics.X-CUBE-WB05N.2.0.0
2026-04-04 14:43:17,267 [WARN] PackLoader:240 - Cannot read IP mode file for wolfSSL.I-CUBE-wolfTPM.3.8.0
2026-04-04 14:43:17,286 [WARN] PackLoader:240 - Cannot read IP mode file for STMicroelectronics.X-CUBE-TCPP.4.2.0
2026-04-04 14:43:17,304 [WARN] PackLoader:240 - Cannot read IP mode file for RealThread.X-CUBE-RT-Thread_Nano.4.1.1
2026-04-04 14:43:17,312 [WARN] PackLoader:240 - Cannot read IP mode file for STMicroelectronics.FP-ATR-SIGFOX1.3.2.0
2026-04-04 14:43:17,317 [ERROR] Engine:466 - /home/vatcraft/.stm32cubemx/thirdparties/pdsc/STMicroelectronics.X-CUBE-FREERTOS.1.5.0.pdsc: PDSC version is not supported
2026-04-04 14:43:17,344 [WARN] PackLoader:240 - Cannot read IP mode file for ITTIA_DB.I-CUBE-ITTIADB.8.9.0
2026-04-04 14:43:17,369 [WARN] PackLoader:240 - Cannot read IP mode file for STMicroelectronics.X-CUBE-NFC6.3.2.0
2026-04-04 14:43:17,391 [WARN] PackLoader:240 - Cannot read IP mode file for STMicroelectronics.X-CUBE-AI.10.2.0
2026-04-04 14:43:17,531 [WARN] PackLoader:240 - Cannot read IP mode file for SEGGER.I-CUBE-embOS.1.3.1
2026-04-04 14:43:17,606 [WARN] PackLoader:240 - Cannot read IP mode file for STMicroelectronics.X-CUBE-ALGOBUILD.1.4.0
2026-04-04 14:43:17,613 [WARN] PackLoader:240 - Cannot read IP mode file for STMicroelectronics.X-CUBE-PM33A1.1.0.0
2026-04-04 14:43:17,664 [WARN] PackLoader:240 - Cannot read IP mode file for STMicroelectronics.X-CUBE-AZRTOS-F4.1.1.0
2026-04-04 14:43:17,680 [WARN] PackLoader:240 - Cannot read IP mode file for STMicroelectronics.X-CUBE-ISPU.2.1.0
2026-04-04 14:43:17,693 [ERROR] Engine:466 - /home/vatcraft/.stm32cubemx/thirdparties/pdsc/STMicroelectronics.X-CUBE-IPS.3.2.0.pdsc: PDSC version is not supported
2026-04-04 14:43:17,707 [WARN] PackLoader:240 - Cannot read IP mode file for STMicroelectronics.X-CUBE-NFC12.1.0.0
2026-04-04 14:43:17,751 [WARN] PackLoader:240 - Cannot read IP mode file for STMicroelectronics.X-CUBE-AZRTOS-L5.2.0.0
2026-04-04 14:43:17,770 [WARN] PackLoader:240 - Cannot read IP mode file for STMicroelectronics.X-CUBE-TOUCHGFX.4.26.1
2026-04-04 14:43:17,787 [WARN] PackLoader:240 - Cannot read IP mode file for STMicroelectronics.FP-SNS-STAIOTCFT.1.0.0
2026-04-04 14:43:17,806 [WARN] PackLoader:240 - Cannot read IP mode file for STMicroelectronics.X-CUBE-DPower.1.3.0
2026-04-04 14:43:17,882 [WARN] ConditionMgr:438 - getConditionDescription Invalid condition id : LAN8742 Phy interface Condition cause : null
2026-04-04 14:43:17,887 [WARN] PackLoader:240 - Cannot read IP mode file for STMicroelectronics.X-CUBE-AZRTOS-L4.2.0.0
2026-04-04 14:43:17,894 [WARN] ConditionMgr:1044 - genDependencies : Invalid condition id : LAN8742 Phy interface Condition cause : null
2026-04-04 14:43:17,896 [WARN] ConditionMgr:1044 - genDependencies : Invalid condition id : LAN8742 Phy interface Condition cause : null
2026-04-04 14:43:17,898 [WARN] ConditionMgr:1044 - genDependencies : Invalid condition id : LAN8742 Phy interface Condition cause : null
2026-04-04 14:43:17,918 [WARN] PackLoader:240 - Cannot read IP mode file for STMicroelectronics.X-CUBE-SFXS2LP1.4.0.0
2026-04-04 14:43:17,932 [ERROR] Engine:466 - /home/vatcraft/.stm32cubemx/thirdparties/pdsc/STMicroelectronics.X-CUBE-ST67W61.1.2.0.pdsc: PDSC version is not supported
2026-04-04 14:43:17,948 [WARN] PackLoader:240 - Cannot read IP mode file for STMicroelectronics.X-CUBE-BLEMGR.4.1.0
2026-04-04 14:43:17,992 [WARN] ConditionMgr:438 - getConditionDescription Invalid condition id : UX DEVICE CLASS RTOS Condition cause : null
2026-04-04 14:43:17,993 [WARN] ConditionMgr:438 - getConditionDescription Invalid condition id : UX DEVICE CLASS RTOS Condition cause : null
2026-04-04 14:43:17,996 [WARN] PackLoader:240 - Cannot read IP mode file for STMicroelectronics.X-CUBE-AZRTOS-WB.2.0.0
2026-04-04 14:43:17,996 [WARN] ConditionMgr:1044 - genDependencies : Invalid condition id : UX DEVICE CLASS RTOS Condition cause : null
2026-04-04 14:43:17,996 [WARN] ConditionMgr:1044 - genDependencies : Invalid condition id : UX DEVICE CLASS RTOS Condition cause : null
2026-04-04 14:43:17,997 [WARN] ConditionMgr:1044 - genDependencies : Invalid condition id : UX DEVICE CLASS RTOS Condition cause : null
2026-04-04 14:43:17,998 [WARN] ConditionMgr:1044 - genDependencies : Invalid condition id : UX DEVICE CLASS RTOS Condition cause : null
2026-04-04 14:43:17,998 [WARN] ConditionMgr:1044 - genDependencies : Invalid condition id : UX DEVICE CLASS RTOS Condition cause : null
2026-04-04 14:43:18,002 [WARN] ConditionMgr:438 - getConditionDescription Invalid condition id : Cortex-A Device cause : null
2026-04-04 14:43:18,016 [WARN] ConditionMgr:1044 - genDependencies : Invalid condition id : Cortex-A Device cause : null
2026-04-04 14:43:18,016 [WARN] ConditionMgr:1044 - genDependencies : Invalid condition id : Cortex-A Device cause : null
2026-04-04 14:43:18,016 [WARN] ConditionMgr:1044 - genDependencies : Invalid condition id : Cortex-A Device cause : null
2026-04-04 14:43:18,035 [WARN] PackLoader:240 - Cannot read IP mode file for STMicroelectronics.X-CUBE-STSE01.2.0.0
2026-04-04 14:43:18,077 [WARN] PackLoader:240 - Cannot read IP mode file for STMicroelectronics.X-CUBE-SUBG2.5.0.0
2026-04-04 14:43:18,171 [WARN] PackLoader:240 - Cannot read IP mode file for STMicroelectronics.X-CUBE-AZRTOS-G4.2.0.0
2026-04-04 14:43:18,187 [WARN] PackLoader:240 - Cannot read IP mode file for wolfSSL.I-CUBE-wolfSSH.1.4.20
2026-04-04 14:43:18,202 [WARN] PackLoader:240 - Cannot read IP mode file for STMicroelectronics.X-CUBE-NFC7.2.0.0
2026-04-04 14:43:18,215 [WARN] PackLoader:240 - Cannot read IP mode file for STMicroelectronics.X-CUBE-ALS.1.0.2
2026-04-04 14:43:18,264 [WARN] PackLoader:240 - Cannot read IP mode file for STMicroelectronics.X-CUBE-TOF1.3.4.3
2026-04-04 14:43:18,338 [INFO] ThirdParty:978 - Integrity check success = true
2026-04-04 14:43:18,338 [INFO] IntegrityCheckThread:100 - exiting critical section [integrity check]
2026-04-04 14:43:18,338 [INFO] IntegrityCheckThread:103 - End integrity checks thread
2026-04-04 14:43:18,781 [INFO] WebApp:463 - Apply proxy settings
2026-04-04 14:43:18,783 [INFO] WebApp:548 - Chromium requires no authentication
2026-04-04 14:43:18,826 [INFO] WebApp:491 - Direct internet connection detected
2026-04-04 14:43:18,897 [INFO] WebApp:894 - Register for checkConnection events
2026-04-04 14:43:18,897 [INFO] WebApp:463 - Apply proxy settings
2026-04-04 14:43:18,898 [INFO] WebApp:548 - Chromium requires no authentication
2026-04-04 14:43:18,898 [INFO] WebApp:491 - Direct internet connection detected
2026-04-04 14:43:19,416 [INFO] WebApp:191 - Connection restablished
2026-04-04 14:43:19,715 [INFO] WebApp:225 - Starting web application
2026-04-04 14:43:19,715 [INFO] WebApp:593 - Web application path used /opt/st/stm32cubeide_1.18.1/plugins/com.st.stm32cube.common.mx_6.14.1.202504091515/db/plugins/mcufinder/reactClient1/index.html
2026-04-04 14:43:20,123 [INFO] UserAuth:484 - Internet connection configuration mode: 1
2026-04-04 15:00:36,140 [INFO] McuFinderGlobals:63 - Set McuFinder mode to 2 (CubeIDE integrated)
2026-04-04 15:00:36,144 [INFO] MainUpdater:2872 - connection check result : 10
2026-04-04 15:00:36,145 [INFO] MainUpdater:2872 - connection check result : 10
2026-04-04 15:00:36,189 [INFO] MicroXplorer:468 - Change Database Path : 
2026-04-04 15:00:36,190 [INFO] MicroXplorer:498 - Change Database Version : DB.6.0.141
2026-04-04 15:00:36,204 [WARN] ThirdParty:871 - waiting for thirdparty lock release [close project]
2026-04-04 15:00:36,204 [INFO] ThirdParty:873 - entering critical section [close project]
2026-04-04 15:00:36,205 [INFO] ThirdParty:883 - exiting critical section [close project]
2026-04-04 15:00:36,208 [INFO] PinOutPanel:1589 - setPackage(No Configuration,No Configuration)
2026-04-04 15:00:36,217 [INFO] UtilMem:75 - Begin LoadConfig() Used Memory: 958236408 Bytes (1073741824)
2026-04-04 15:00:36,218 [INFO] MicroXplorer:468 - Change Database Path : 
2026-04-04 15:00:36,219 [INFO] MicroXplorer:498 - Change Database Version : DB.6.0.141
2026-04-04 15:00:36,219 [INFO] OpenFileManager:354 - Change cursor
2026-04-04 15:00:36,243 [INFO] Mcu:2011 - Initializing MCU STM32F401R(D-E)Tx STM32F401RETx STM32F401RET6
2026-04-04 15:00:39,013 [INFO] Context:756 - Trying to add GPIOservice into a context  which must be forbidden
2026-04-04 15:00:39,582 [INFO] ImportTextPane:218 - (OptionalMessage_ERROR) Pin12 (VP_RIF_VS_RIF1) cannot be retrieved for this MCU
2026-04-04 15:00:39,867 [INFO] RtosManager:558 - Registered RTOS mode: class=CMSIS, group=RTOS, mode=CMSIS_V1, owner=FREERTOS
2026-04-04 15:00:39,867 [INFO] RtosManager:558 - Registered RTOS mode: class=CMSIS, group=RTOS2, mode=CMSIS_V2, owner=FREERTOS
2026-04-04 15:00:39,867 [INFO] RtosManager:558 - Registered RTOS mode: class=RTOS, group=Core, mode=CMSIS_V1, owner=FREERTOS
2026-04-04 15:00:39,867 [INFO] RtosManager:558 - Registered RTOS mode: class=RTOS, group=Core, mode=CMSIS_V2, owner=FREERTOS
2026-04-04 15:00:39,868 [WARN] ModelIntegratedComponent:184 - Missing modes for component STMicroelectronics:FreeRTOS:0.0.1:STMicroelectronics:RTOS:FreeRTOS:Core:::10.2.0:
2026-04-04 15:00:39,901 [WARN] ModelIntegratedComponent:63 - No mode defined for component null
2026-04-04 15:00:39,901 [WARN] ModelIntegratedComponent:63 - No mode defined for component null
2026-04-04 15:00:39,901 [WARN] ModelIntegratedComponent:63 - No mode defined for component null
2026-04-04 15:00:39,901 [WARN] ModelIntegratedComponent:63 - No mode defined for component null
2026-04-04 15:00:39,902 [WARN] ModelIntegratedComponent:63 - No mode defined for component null
2026-04-04 15:00:39,902 [WARN] ModelIntegratedComponent:63 - No mode defined for component null
2026-04-04 15:00:39,902 [WARN] ModelIntegratedComponent:63 - No mode defined for component null
2026-04-04 15:00:39,902 [WARN] ModelIntegratedComponent:63 - No mode defined for component null
2026-04-04 15:00:39,902 [WARN] ModelIntegratedComponent:63 - No mode defined for component null
2026-04-04 15:00:39,902 [WARN] ModelIntegratedComponent:63 - No mode defined for component null
2026-04-04 15:00:39,902 [WARN] ModelIntegratedComponent:63 - No mode defined for component null
2026-04-04 15:00:39,902 [WARN] ModelIntegratedComponent:63 - No mode defined for component null
2026-04-04 15:00:39,902 [WARN] ModelIntegratedComponent:63 - No mode defined for component null
2026-04-04 15:00:39,902 [WARN] ModelIntegratedComponent:63 - No mode defined for component null
2026-04-04 15:00:39,902 [WARN] ModelIntegratedComponent:63 - No mode defined for component null
2026-04-04 15:00:39,902 [WARN] ModelIntegratedComponent:63 - No mode defined for component null
2026-04-04 15:00:39,902 [WARN] ModelIntegratedComponent:63 - No mode defined for component null
2026-04-04 15:00:39,903 [WARN] ModelIntegratedComponent:63 - No mode defined for component null
2026-04-04 15:00:39,903 [WARN] ModelIntegratedComponent:63 - No mode defined for component null
2026-04-04 15:00:39,903 [WARN] ModelIntegratedComponent:63 - No mode defined for component null
2026-04-04 15:00:39,903 [WARN] ModelIntegratedComponent:63 - No mode defined for component null
2026-04-04 15:00:39,903 [WARN] ModelIntegratedComponent:63 - No mode defined for component null
2026-04-04 15:00:39,903 [WARN] ModelIntegratedComponent:63 - No mode defined for component null
2026-04-04 15:00:39,903 [WARN] ModelIntegratedComponent:63 - No mode defined for component null
2026-04-04 15:00:39,903 [WARN] ModelIntegratedComponent:63 - No mode defined for component null
2026-04-04 15:00:39,903 [WARN] ModelIntegratedComponent:63 - No mode defined for component null
2026-04-04 15:00:39,904 [WARN] ModelIntegratedComponent:63 - No mode defined for component null
2026-04-04 15:00:39,904 [WARN] ModelIntegratedComponent:63 - No mode defined for component null
2026-04-04 15:00:39,904 [WARN] ModelIntegratedComponent:63 - No mode defined for component null
2026-04-04 15:00:39,904 [WARN] ModelIntegratedComponent:63 - No mode defined for component null
2026-04-04 15:00:39,904 [WARN] ModelIntegratedComponent:63 - No mode defined for component null
2026-04-04 15:00:39,904 [WARN] ModelIntegratedComponent:63 - No mode defined for component null
2026-04-04 15:00:39,904 [WARN] ModelIntegratedComponent:63 - No mode defined for component null
2026-04-04 15:00:39,904 [WARN] ModelIntegratedComponent:63 - No mode defined for component null
2026-04-04 15:00:39,904 [WARN] ModelIntegratedComponent:63 - No mode defined for component null
2026-04-04 15:00:39,905 [WARN] ModelPack:524 - Component already loaded: STMicroelectronics:HAL Drivers:0.0.0:STMicroelectronics:Device:STMicro_Driver:XSPI:HAL::0.0.1:HAL_XSPI
2026-04-04 15:00:39,973 [INFO] ThirdPartyModel:298 - Start build external matchings
2026-04-04 15:00:40,327 [INFO] ThirdPartyModel:316 - End build external matchings
2026-04-04 15:00:40,368 [INFO] ImportTextPane:218 - (OptionalMessage_ERROR) IP (RCC) : Parameter (RTCHSEDivFreq_Value) has invalid value (4000000)
2026-04-04 15:00:40,670 [INFO] ApiDb:581 - Connected to CubeFinder SQLite database (/home/vatcraft/.stmcufinder/plugins/mcufinder/mcu/cube-finder-db.db)
2026-04-04 15:00:40,750 [INFO] ApiDb:668 - CubeFinder database Data Model version=2.1
2026-04-04 15:00:40,750 [INFO] ApiDb:669 - CubeFinder database Configuration version=3.0.42
2026-04-04 15:00:40,751 [INFO] ApiDb:670 - CubeFinder database generation date=2026-03-11 (1773229989)
2026-04-04 15:00:40,751 [INFO] ApiDb:671 - CubeFinder database FW Pack versions=[FP-ATR-ASTRA1_V2.0.0, FP-SNS-FLIGHT1_V5.1.0, FP-SNS-MOTENV1_V5.1.0, FP-SNS-MOTENVWB1_V1.5.0, FP-SNS-SMARTAG2_V1.2.0, FP-SNS-STBOX1_V2.1.0, STM32Cube_FW_C0_V1.4.0, STM32Cube_FW_F4_V1.28.3, STM32Cube_FW_F7_V1.17.4, STM32Cube_FW_G0_V1.6.3, STM32Cube_FW_G4_V1.6.2, STM32Cube_FW_H5_V1.6.0, STM32Cube_FW_H7RS_V1.3.0, STM32Cube_FW_H7_V1.13.0, STM32Cube_FW_L0_V1.12.2, STM32Cube_FW_L4_V1.18.2, STM32Cube_FW_L5_V1.6.0, STM32Cube_FW_N6_V1.3.0, STM32Cube_FW_U0_V1.3.0, STM32Cube_FW_U3_V1.3.0, STM32Cube_FW_U5_V1.8.0, STM32Cube_FW_WB0_V1.4.0, STM32Cube_FW_WBA_V1.9.0, STM32Cube_FW_WB_V1.24.0, STM32Cube_FW_WL3_V1.4.0, STM32Cube_FW_WL_V1.5.0, X-CUBE-ALGOBUILD_V1.4.0, X-CUBE-ALS_V1.0.2, X-CUBE-AZRTOS-F4_V1.1.0, X-CUBE-AZRTOS-F7_V1.1.0, X-CUBE-AZRTOS-G0_V1.1.0, X-CUBE-AZRTOS-G4_V2.0.0, X-CUBE-AZRTOS-H7RS_V1.1.0, X-CUBE-AZRTOS-H7_V3.4.0, X-CUBE-AZRTOS-L4_V2.0.0, X-CUBE-AZRTOS-L5_V2.0.0, X-CUBE-AZRTOS-WB_V2.0.0, X-CUBE-AZRTOS-WL_V2.0.0, X-CUBE-BLE1_V7.1.0, X-CUBE-BLE2_V3.3.0, X-CUBE-BLEMGR_V4.1.0, X-CUBE-EEPRMA1_V5.2.0, X-CUBE-FREERTOS_V1.5.0, X-CUBE-GNSS1_V6.0.0, X-CUBE-MEMS1_V12.0.0, X-CUBE-NFC4_V3.0.0, X-CUBE-NFC7_V2.0.0, X-CUBE-SFXS2LP1_V4.0.0, X-CUBE-ST67W61_V1.2.0, X-CUBE-SUBG2_V5.0.0, X-CUBE-TOF1_V3.4.3]
2026-04-04 15:00:40,885 [INFO] DbBoardsSqlite:226 - include board P-NUCLEO-WB55-NUCLEO as a kit item of type 'Nucleo-64'
2026-04-04 15:00:40,885 [INFO] DbBoardsSqlite:226 - include board P-NUCLEO-WB55-USBDONGLE as a kit item of type 'Nucleo USB Dongle'
2026-04-04 15:00:40,887 [INFO] DbBoardsSqlite:226 - include board STEVAL-IDP005V1 as a kit item of type 'Evaluation Board'
2026-04-04 15:00:40,888 [INFO] DbBoardsSqlite:226 - include board STEVAL-IDP005V2 as a kit item of type 'Evaluation Board'
2026-04-04 15:00:41,053 [INFO] ApiDb:240 - Found 895 in-development CPN: [B-G473E-ZEST1S, B-WB1M-WPAN1, B-WBA5M-WPAN, B-WL5M-SUBG1, NUCLEO-C031C6, NUCLEO-C051C8, NUCLEO-C071RB, NUCLEO-C092RC, NUCLEO-H503RB, NUCLEO-H533RE, NUCLEO-H563ZI, NUCLEO-H7S3L8, NUCLEO-N657X0-Q, NUCLEO-U031R8, NUCLEO-U083RC, NUCLEO-U385RG-Q, NUCLEO-U545RE-Q, NUCLEO-U5A5ZJ-Q, NUCLEO-WB05KZ, NUCLEO-WB07CC, NUCLEO-WB09KE, NUCLEO-WBA52CG, NUCLEO-WBA55CG, NUCLEO-WBA65RI, NUCLEO-WL33CC1, NUCLEO-WL33CC2, STEVAL-PROTEUS1, STEVAL-SMARTAG2, STEVAL-STWINBX1, STM320518-EVAL, STM32C0116-DK, STM32C011D6Y3TR, STM32C011D6Y6TR, STM32C011F4P3, STM32C011F4P6, STM32C011F4U3, STM32C011F4U6TR, STM32C011F6P3, STM32C011F6P6, STM32C011F6U3, STM32C011F6U6TR, STM32C011J4M3, STM32C011J4M6, STM32C011J6M3, STM32C011J6M6, STM32C0316-DK, STM32C031C4T3, STM32C031C4T6, STM32C031C4U3, STM32C031C4U6, STM32C031C6T3, STM32C031C6T6, STM32C031C6U3, STM32C031C6U6, STM32C031F4P3, STM32C031F4P6, STM32C031F6P3, STM32C031F6P6, STM32C031G4U3, STM32C031G4U6, STM32C031G6U3, STM32C031G6U6, STM32C031K4T3, STM32C031K4T6, STM32C031K4U3, STM32C031K4U6, STM32C031K6T3, STM32C031K6T6, STM32C031K6U3, STM32C031K6U6, STM32C051C6T6, STM32C051C6U6, STM32C051C8T6, STM32C051C8U6, STM32C051D8Y6TR, STM32C051F6P6, STM32C051F8P6, STM32C051G6U6, STM32C051G8U6, STM32C051K6T6, STM32C051K6U6, STM32C051K8T6, STM32C071C8T6, STM32C071C8T6N, STM32C071C8U6, STM32C071C8U6N, STM32C071CBT6, STM32C071CBT6N, STM32C071CBU6, STM32C071CBU6N, STM32C071F8P6, STM32C071F8P6N, STM32C071FBP6, STM32C071FBP6N, STM32C071FBY6TR, STM32C071G8U6, STM32C071G8U6N, STM32C071GBU6, STM32C071GBU6N, STM32C071K8T6, STM32C071K8T6N, STM32C071K8U6, STM32C071K8U6N, STM32C071KBT6, STM32C071KBT6N, STM32C071KBU6, STM32C071KBU6N, STM32C071R8T6, STM32C071R8T6N, STM32C071RBI6N, STM32C071RBT6, STM32C071RBT6N, STM32C091CBT6, STM32C091CBU6, STM32C091CCT6, STM32C091CCU6, STM32C091ECY6TR, STM32C091FBP6, STM32C091FCP6, STM32C091GBU6, STM32C091GCU6, STM32C091KBT6, STM32C091KBU6, STM32C091KCT6, STM32C091KCU6, STM32C091RBT6, STM32C091RCI6, STM32C091RCT6, STM32C092CBT6, STM32C092CBU6, STM32C092CCT6, STM32C092CCU6, STM32C092ECY6TR, STM32C092FBP6, STM32C092FCP6, STM32C092GBU6, STM32C092GCU6, STM32C092KBT6, STM32C092KBU6, STM32C092KCT6, STM32C092KCU6, STM32C092RBT6, STM32C092RCI6, STM32C092RCT6, STM32G071K8TXN, STM32G071K8UXN, STM32G081GBU6N, STM32G081KBT6N, STM32G081KBUXN, STM32G0B1CCT6N, STM32G0B1KCT6, STM32G0B1NEY6TR, STM32G0B1RCT6N, STM32G0C1CCT6, STM32G0C1CCT6N, STM32G0C1CCU6N, STM32G0C1CET6N, STM32G0C1CEU6N, STM32G0C1KCT6, STM32G0C1NEY6TR, STM32G0C1RCI6N, STM32G0C1RCT6N, STM32G0C1REI6N, STM32G0C1RET6N, STM32G0C1VCI6, STM32G0C1VEI6, STM32G411C6T3, STM32G411C6T6, STM32G411C6U3, STM32G411C6U6, STM32G411C8T3, STM32G411C8T6, STM32G411C8U3, STM32G411C8U6, STM32G411CBT3, STM32G411CBT6, STM32G411CBU3, STM32G411CBU6, STM32G411CCT3, STM32G411CCT6, STM32G411CCU3, STM32G411CCU6, STM32G411K6T3, STM32G411K6T6, STM32G411K6U3, STM32G411K6U6, STM32G411K8T3, STM32G411K8T6, STM32G411K8U3, STM32G411K8U6, STM32G411KBT3, STM32G411KBT6, STM32G411KBU3, STM32G411KBU6, STM32G411M6T3, STM32G411M6T6, STM32G411M8T3, STM32G411M8T6, STM32G411MBT3, STM32G411MBT6, STM32G411MCT3, STM32G411MCT6, STM32G411R6T3, STM32G411R6T6, STM32G411R8T3, STM32G411R8T6, STM32G411RBT3, STM32G411RBT6, STM32G411RCT3, STM32G411RCT6, STM32G414CBT3, STM32G414CBT6, STM32G414CBU3, STM32G414CBU6, STM32G414CCT3, STM32G414CCT6, STM32G414CCU3, STM32G414CCU6, STM32G414MBT3, STM32G414MBT6, STM32G414MCT3, STM32G414MCT6, STM32G414RBT3, STM32G414RBT6, STM32G414RCT3, STM32G414RCT6, STM32G414VBT3, STM32G414VBT6, STM32G414VCT3, STM32G414VCT6, STM32G431CBT3Z, STM32G431RBT3Z, STM32G471CCT6, STM32G471CCU6, STM32G471CET3, STM32G471CET6, STM32G471CEU3, STM32G471CEU6, STM32G471MCT6, STM32G471MET3, STM32G471MET6, STM32G471MEY6TR, STM32G471QCT6, STM32G471QET3, STM32G471RCT6, STM32G471RET3, STM32G471RET6, STM32G471VCH6, STM32G471VCI6, STM32G471VCT6, STM32G471VEH3, STM32G471VEH6, STM32G471VEI3, STM32G471VEI6, STM32G471VET3, STM32G471VET6, STM32G473QET3Z, STM32G473RET3Z, STM32G474CCT6, STM32G491RET3Z, STM32H503CBT6, STM32H503CBU6, STM32H503EBY6TR, STM32H503KBU6, STM32H503RBT6, STM32H523CCT6, STM32H523CCU6, STM32H523CET6, STM32H523CEU6, STM32H523HEY6TR, STM32H523RCT6, STM32H523RET6, STM32H523VCI6, STM32H523VCT6, STM32H523VEI6, STM32H523VET6, STM32H523ZCJ6, STM32H523ZCT6, STM32H523ZEJ6, STM32H523ZET6, STM32H533CET6, STM32H533CEU6, STM32H533HEY6TR, STM32H533RET6, STM32H533VEI6, STM32H533VET6, STM32H533ZEJ6, STM32H533ZET6, STM32H562AGI6, STM32H562AII6, STM32H562IGK6, STM32H562IGT6, STM32H562IIK6, STM32H562IIT6, STM32H562RGT6, STM32H562RGV6, STM32H562RIT6, STM32H562RIV6, STM32H562VGT6, STM32H562VIT6, STM32H562ZGT6, STM32H562ZIT6, STM32H563AGI6, STM32H563AII3Q, STM32H563AII6, STM32H563IGK6, STM32H563IGT6, STM32H563IIK3Q, STM32H563IIK6, STM32H563IIT3Q, STM32H563IIT6, STM32H563MIY3QTR, STM32H563RGT6, STM32H563RGV6, STM32H563RIT6, STM32H563RIV6, STM32H563VGT6, STM32H563VIT3Q, STM32H563VIT6, STM32H563ZGT6, STM32H563ZIT3Q, STM32H563ZIT6, STM32H573AII3Q, STM32H573AII6, STM32H573I-DK, STM32H573IIK3Q, STM32H573IIK6, STM32H573IIT3Q, STM32H573IIT6, STM32H573MIY3QTR, STM32H573RIT6, STM32H573RIV6, STM32H573VIT3Q, STM32H573VIT6, STM32H573ZIT3Q, STM32H573ZIT6, STM32H7R3A8I6, STM32H7R3I8K6, STM32H7R3I8T6, STM32H7R3L8H6, STM32H7R3L8H6H, STM32H7R3R8V6, STM32H7R3V8H6, STM32H7R3V8T6, STM32H7R3V8Y6TR, STM32H7R3Z8J6, STM32H7R3Z8T6, STM32H7R7A8I6, STM32H7R7I8K6, STM32H7R7I8T6, STM32H7R7L8H6, STM32H7R7L8H6H, STM32H7R7Z8J6, STM32H7S3A8I6, STM32H7S3I8K6, STM32H7S3I8T6, STM32H7S3L8H6, STM32H7S3L8H6H, STM32H7S3R8V6, STM32H7S3V8H6, STM32H7S3V8T6, STM32H7S3V8Y6TR, STM32H7S3Z8J6, STM32H7S3Z8T6, STM32H7S78-DK, STM32H7S7A8I6, STM32H7S7I8K6, STM32H7S7I8T6, STM32H7S7L8H6, STM32H7S7L8H6H, STM32H7S7Z8J6, STM32L4R5QGI6STR, STM32MP131AAE3, STM32MP131AAF3, STM32MP131AAG3, STM32MP131CAE3, STM32MP131CAF3, STM32MP131CAG3, STM32MP131DAE7, STM32MP131DAF7, STM32MP131DAG7, STM32MP131FAE7, STM32MP131FAF7, STM32MP131FAG7, STM32MP133AAE3, STM32MP133AAF3, STM32MP133AAG3, STM32MP133CAE3, STM32MP133CAF3, STM32MP133CAG3, STM32MP133DAE7, STM32MP133DAF7, STM32MP133DAG7, STM32MP133FAE7, STM32MP133FAF7, STM32MP133FAG7, STM32MP135AAE3, STM32MP135AAF3, STM32MP135AAG3, STM32MP135CAE3, STM32MP135CAF3, STM32MP135CAG3, STM32MP135DAE7, STM32MP135DAF7, STM32MP135DAG7, STM32MP135F-DK, STM32MP135FAE7, STM32MP135FAF7, STM32MP135FAF7T, STM32MP135FAF7U, STM32MP135FAG7, STM32MP231AAJ3, STM32MP231AAK3, STM32MP231AAL3, STM32MP231CAJ3, STM32MP231CAK3, STM32MP231CAL3, STM32MP231DAJ3, STM32MP231DAK3, STM32MP231DAL3, STM32MP231FAJ3, STM32MP231FAK3, STM32MP231FAL3, STM32MP233AAJ3, STM32MP233AAK3, STM32MP233AAL3, STM32MP233CAJ3, STM32MP233CAK3, STM32MP233CAL3, STM32MP233DAJ3, STM32MP233DAK3, STM32MP233DAL3, STM32MP233FAJ3, STM32MP233FAK3, STM32MP233FAL3, STM32MP235AAJ3, STM32MP235AAK3, STM32MP235AAL3, STM32MP235CAJ3, STM32MP235CAK3, STM32MP235CAL3, STM32MP235DAJ3, STM32MP235DAK3, STM32MP235DAL3, STM32MP235FAJ3, STM32MP235FAK3, STM32MP235FAL3, STM32MP251AAI3, STM32MP251AAJ3, STM32MP251AAK3, STM32MP251AAL3, STM32MP251CAI3, STM32MP251CAJ3, STM32MP251CAK3, STM32MP251CAL3, STM32MP251DAI3, STM32MP251DAJ3, STM32MP251DAK3, STM32MP251DAL3, STM32MP251FAI3, STM32MP251FAJ3, STM32MP251FAK3, STM32MP251FAL3, STM32MP253AAI3, STM32MP253AAJ3, STM32MP253AAK3, STM32MP253AAL3, STM32MP253CAI3, STM32MP253CAJ3, STM32MP253CAK3, STM32MP253CAL3, STM32MP253DAI3, STM32MP253DAJ3, STM32MP253DAK3, STM32MP253DAL3, STM32MP253FAI3, STM32MP253FAJ3, STM32MP253FAK3, STM32MP253FAL3, STM32MP255AAI3, STM32MP255AAJ3, STM32MP255AAK3, STM32MP255AAL3, STM32MP255CAI3, STM32MP255CAJ3, STM32MP255CAK3, STM32MP255CAL3, STM32MP255DAI3, STM32MP255DAJ3, STM32MP255DAK3, STM32MP255DAL3, STM32MP255FAI3, STM32MP255FAJ3, STM32MP255FAK3, STM32MP255FAL3, STM32MP257AAI3, STM32MP257AAJ3, STM32MP257AAK3, STM32MP257AAL3, STM32MP257CAI3, STM32MP257CAJ3, STM32MP257CAK3, STM32MP257CAL3, STM32MP257DAI3, STM32MP257DAJ3, STM32MP257DAK3, STM32MP257DAL3, STM32MP257F-DK, STM32MP257F-EV1, STM32MP257FAI3, STM32MP257FAJ3, STM32MP257FAK3, STM32MP257FAL3, STM32N645A0H3Q, STM32N645B0H3Q, STM32N645I0H3Q, STM32N645L0H3Q, STM32N645X0H3Q, STM32N645Z0H3Q, STM32N647A0H3Q, STM32N647B0H3Q, STM32N647I0H3Q, STM32N647L0H3Q, STM32N647X0H3Q, STM32N647Z0H3Q, STM32N655A0H3Q, STM32N655B0H3Q, STM32N655I0H3Q, STM32N655L0H3Q, STM32N655X0H3Q, STM32N655Z0H3Q, STM32N6570-DK, STM32N657A0H3Q, STM32N657B0H3Q, STM32N657I0H3Q, STM32N657L0H3Q, STM32N657X0H3Q, STM32N657Z0H3Q, STM32U031C6T6, STM32U031C6U6, STM32U031C8T6, STM32U031C8U6, STM32U031F4P6, STM32U031F6P6, STM32U031F8P6, STM32U031G6Y6TR, STM32U031G8Y6TR, STM32U031K4U6, STM32U031K6U6, STM32U031K8U6, STM32U031R6I6, STM32U031R6T6, STM32U031R8I6, STM32U031R8T6, STM32U073C8T6, STM32U073C8U6, STM32U073CBT6, STM32U073CBU6, STM32U073CCT6, STM32U073CCU6, STM32U073H8Y6TR, STM32U073HBY6TR, STM32U073HCY6TR, STM32U073K8U6, STM32U073KBU6, STM32U073KCU6, STM32U073M8I6, STM32U073M8T6, STM32U073MBI6, STM32U073MBT6, STM32U073MCI6, STM32U073MCT6, STM32U073R8I6, STM32U073R8T6, STM32U073RBI6, STM32U073RBT6, STM32U073RCI6, STM32U073RCT6, STM32U083C-DK, STM32U083CCT6, STM32U083CCU6, STM32U083HCY6TR, STM32U083KCU6, STM32U083MCI6, STM32U083MCT6, STM32U083RCI6, STM32U083RCT6, STM32U375CET6, STM32U375CET6Q, STM32U375CEU6, STM32U375CEU6Q, STM32U375CEY6QTR, STM32U375CGT6, STM32U375CGT6Q, STM32U375CGU6, STM32U375CGU6Q, STM32U375CGY6QTR, STM32U375KEU6, STM32U375KGU6, STM32U375REI6, STM32U375REI6Q, STM32U375RET6, STM32U375RET6Q, STM32U375REY6GTR, STM32U375REY6QTR, STM32U375RGI6, STM32U375RGI6Q, STM32U375RGT6, STM32U375RGT6Q, STM32U375RGY6GTR, STM32U375RGY6QTR, STM32U375VEI6, STM32U375VEI6Q, STM32U375VET6, STM32U375VET6Q, STM32U375VGI6, STM32U375VGI6Q, STM32U375VGT6, STM32U375VGT6Q, STM32U385CGT6, STM32U385CGT6Q, STM32U385CGU6, STM32U385CGU6Q, STM32U385CGY6QTR, STM32U385KGU6, STM32U385RGI6, STM32U385RGI6Q, STM32U385RGT6, STM32U385RGT6Q, STM32U385RGY6GTR, STM32U385RGY6QTR, STM32U385VGI6, STM32U385VGI6Q, STM32U385VGT6, STM32U385VGT6Q, STM32U535CBT6, STM32U535CBT6Q, STM32U535CBU6, STM32U535CBU6Q, STM32U535CCT6, STM32U535CCT6Q, STM32U535CCU6, STM32U535CCU6Q, STM32U535CET6, STM32U535CET6Q, STM32U535CEU6, STM32U535CEU6Q, STM32U535JEY6QTR, STM32U535NCY6QTR, STM32U535NEY6QTR, STM32U535RBI6, STM32U535RBI6Q, STM32U535RBT6, STM32U535RBT6Q, STM32U535RCI6, STM32U535RCI6Q, STM32U535RCT6, STM32U535RCT6Q, STM32U535REI6, STM32U535REI6Q, STM32U535RET6, STM32U535RET6Q, STM32U535VCI6, STM32U535VCI6Q, STM32U535VCT6, STM32U535VCT6Q, STM32U535VEI6, STM32U535VEI6Q, STM32U535VET6, STM32U535VET6Q, STM32U545CET6, STM32U545CET6Q, STM32U545CEU6, STM32U545CEU6Q, STM32U545JEY6QTR, STM32U545NEY6QTR, STM32U545REI6, STM32U545REI6Q, STM32U545RET6, STM32U545RET6Q, STM32U545VEI6, STM32U545VEI6Q, STM32U545VET6, STM32U545VET6Q, STM32U595AIH6, STM32U595AIH6Q, STM32U595AJH6, STM32U595AJH6Q, STM32U595QII6, STM32U595QII6Q, STM32U595QJI6, STM32U595QJI6Q, STM32U595RIT6, STM32U595RIT6Q, STM32U595RJT6, STM32U595RJT6Q, STM32U595VIT6, STM32U595VIT6Q, STM32U595VJT6, STM32U595VJT6Q, STM32U595ZIT6, STM32U595ZIT6Q, STM32U595ZIY6QTR, STM32U595ZJT6, STM32U595ZJT6Q, STM32U595ZJY6QTR, STM32U599BJY6QTR, STM32U599NIH6Q, STM32U599NJH6Q, STM32U599VIT6Q, STM32U599VJT6, STM32U599VJT6Q, STM32U599ZIT6Q, STM32U599ZIY6QTR, STM32U599ZJT6Q, STM32U599ZJY6QTR, STM32U5A5AJH6, STM32U5A5AJH6Q, STM32U5A5QII3Q , STM32U5A5QJI6, STM32U5A5QJI6Q, STM32U5A5RJT6, STM32U5A5RJT6Q, STM32U5A5VJT6, STM32U5A5VJT6Q, STM32U5A5ZJT6, STM32U5A5ZJT6Q, STM32U5A5ZJY6QTR, STM32U5A9BJY6QTR, STM32U5A9J-DK, STM32U5A9NJH6Q, STM32U5A9VJT6Q, STM32U5A9ZJT6Q, STM32U5A9ZJY6QTR, STM32U5F7VIT6, STM32U5F7VIT6Q, STM32U5F7VJT6, STM32U5F7VJT6Q, STM32U5F9BJY6QTR, STM32U5F9NJH6Q, STM32U5F9VIT6Q, STM32U5F9VJT6Q, STM32U5F9ZIJ6QTR, STM32U5F9ZIT6Q, STM32U5F9ZJJ6QTR, STM32U5F9ZJT6Q, STM32U5G7VJT6, STM32U5G7VJT6Q, STM32U5G9BJY6QTR, STM32U5G9J-DK1, STM32U5G9J-DK2, STM32U5G9NJH6Q, STM32U5G9VJT6Q, STM32U5G9ZJJ6QTR, STM32U5G9ZJT6Q, STM32WB05KZV6TR, STM32WB05KZV7TR, STM32WB05TZF6TR, STM32WB05TZF7TR, STM32WB06CCF6TR, STM32WB06CCF7TR, STM32WB06CCV6TR, STM32WB06CCV7TR, STM32WB06KCV6TR, STM32WB06KCV7TR, STM32WB07CCF6TR, STM32WB07CCF7TR, STM32WB07CCV6TR, STM32WB07CCV7TR, STM32WB07KCV6TR, STM32WB07KCV7TR, STM32WB09KEV6TR, STM32WB09KEV7TR, STM32WB09TEF6TR, STM32WB09TEF7TR, STM32WB1MMCH6, STM32WBA50KGU6, STM32WBA50KGU6TR, STM32WBA52CEU6, STM32WBA52CEU6TR, STM32WBA52CEU7, STM32WBA52CEU7TR, STM32WBA52CGU6, STM32WBA52CGU6TR, STM32WBA52CGU6U, STM32WBA52CGU7, STM32WBA52CGU7TR, STM32WBA52KEU6, STM32WBA52KEU6TR, STM32WBA52KGU6, STM32WBA52KGU6TR, STM32WBA54CEU6, STM32WBA54CEU6TR, STM32WBA54CEU7, STM32WBA54CEU7TR, STM32WBA54CGU6, STM32WBA54CGU6TR, STM32WBA54CGU7, STM32WBA54CGU7TR, STM32WBA54KEU6, STM32WBA54KEU6TR, STM32WBA54KEU7, STM32WBA54KEU7TR, STM32WBA54KGU6, STM32WBA54KGU6TR, STM32WBA54KGU7, STM32WBA54KGU7TR, STM32WBA55CEU6, STM32WBA55CEU6TR, STM32WBA55CEU7, STM32WBA55CEU7TR, STM32WBA55CGU6, STM32WBA55CGU6TR, STM32WBA55CGU6U, STM32WBA55CGU7, STM32WBA55CGU7TR, STM32WBA55G-DK1, STM32WBA55HEF6, STM32WBA55HEF7, STM32WBA55HGF6, STM32WBA55HGF7, STM32WBA55UEI6, STM32WBA55UEI6TR, STM32WBA55UEI7, STM32WBA55UEI7TR, STM32WBA55UGI6, STM32WBA55UGI6TR, STM32WBA55UGI7, STM32WBA55UGI7TR, STM32WBA5MJGH6TR, STM32WBA62CGU6, STM32WBA62CIU6, STM32WBA62MGF6, STM32WBA62MIF6, STM32WBA62PGI6, STM32WBA62PII6, STM32WBA63CGU6, STM32WBA63CGU7, STM32WBA63CIU6, STM32WBA63CIU7, STM32WBA64CGU6, STM32WBA64CGU7, STM32WBA64CIU6, STM32WBA64CIU7, STM32WBA65CGU6, STM32WBA65CGU7, STM32WBA65CIU6, STM32WBA65CIU7, STM32WBA65I-DK1, STM32WBA65MGF6, STM32WBA65MGF7, STM32WBA65MIF6, STM32WBA65MIF7, STM32WBA65PGI6, STM32WBA65PGI7, STM32WBA65PII6, STM32WBA65PII7, STM32WBA65RGV6, STM32WBA65RGV7, STM32WBA65RIV6, STM32WBA65RIV7, STM32WL30K8V6, STM32WL30KBV6, STM32WL31C8V6, STM32WL31CBV6, STM32WL31K8V6, STM32WL31KBV6, STM32WL33C8V6, STM32WL33C8V6TR, STM32WL33C8V7, STM32WL33C8V7TR, STM32WL33CBV6, STM32WL33CBV6TR, STM32WL33CBV7, STM32WL33CBV7TR, STM32WL33CCV6, STM32WL33CCV6TR, STM32WL33CCV7, STM32WL33CCV7A, STM32WL33CCV7ATR, STM32WL33CCV7TR, STM32WL33K8V6, STM32WL33K8V6TR, STM32WL33K8V7, STM32WL33K8V7TR, STM32WL33KBV6, STM32WL33KBV6TR, STM32WL33KBV7, STM32WL33KBV7TR, STM32WL33KCV6, STM32WL33KCV6TR, STM32WL33KCV7, STM32WL33KCV7TR, STM32WL5MOCH6, STM32WL5MOCH6TR]
2026-04-04 15:00:41,057 [INFO] ApiDb:668 - CubeFinder database Data Model version=2.1
2026-04-04 15:00:41,057 [INFO] ApiDb:669 - CubeFinder database Configuration version=3.0.42
2026-04-04 15:00:41,057 [INFO] ApiDb:670 - CubeFinder database generation date=2026-03-11 (1773229989)
2026-04-04 15:00:41,057 [INFO] ApiDb:671 - CubeFinder database FW Pack versions=[FP-ATR-ASTRA1_V2.0.0, FP-SNS-FLIGHT1_V5.1.0, FP-SNS-MOTENV1_V5.1.0, FP-SNS-MOTENVWB1_V1.5.0, FP-SNS-SMARTAG2_V1.2.0, FP-SNS-STBOX1_V2.1.0, STM32Cube_FW_C0_V1.4.0, STM32Cube_FW_F4_V1.28.3, STM32Cube_FW_F7_V1.17.4, STM32Cube_FW_G0_V1.6.3, STM32Cube_FW_G4_V1.6.2, STM32Cube_FW_H5_V1.6.0, STM32Cube_FW_H7RS_V1.3.0, STM32Cube_FW_H7_V1.13.0, STM32Cube_FW_L0_V1.12.2, STM32Cube_FW_L4_V1.18.2, STM32Cube_FW_L5_V1.6.0, STM32Cube_FW_N6_V1.3.0, STM32Cube_FW_U0_V1.3.0, STM32Cube_FW_U3_V1.3.0, STM32Cube_FW_U5_V1.8.0, STM32Cube_FW_WB0_V1.4.0, STM32Cube_FW_WBA_V1.9.0, STM32Cube_FW_WB_V1.24.0, STM32Cube_FW_WL3_V1.4.0, STM32Cube_FW_WL_V1.5.0, X-CUBE-ALGOBUILD_V1.4.0, X-CUBE-ALS_V1.0.2, X-CUBE-AZRTOS-F4_V1.1.0, X-CUBE-AZRTOS-F7_V1.1.0, X-CUBE-AZRTOS-G0_V1.1.0, X-CUBE-AZRTOS-G4_V2.0.0, X-CUBE-AZRTOS-H7RS_V1.1.0, X-CUBE-AZRTOS-H7_V3.4.0, X-CUBE-AZRTOS-L4_V2.0.0, X-CUBE-AZRTOS-L5_V2.0.0, X-CUBE-AZRTOS-WB_V2.0.0, X-CUBE-AZRTOS-WL_V2.0.0, X-CUBE-BLE1_V7.1.0, X-CUBE-BLE2_V3.3.0, X-CUBE-BLEMGR_V4.1.0, X-CUBE-EEPRMA1_V5.2.0, X-CUBE-FREERTOS_V1.5.0, X-CUBE-GNSS1_V6.0.0, X-CUBE-MEMS1_V12.0.0, X-CUBE-NFC4_V3.0.0, X-CUBE-NFC7_V2.0.0, X-CUBE-SFXS2LP1_V4.0.0, X-CUBE-ST67W61_V1.2.0, X-CUBE-SUBG2_V5.0.0, X-CUBE-TOF1_V3.4.3]
2026-04-04 15:00:44,004 [INFO] ApiDb:240 - Found 895 in-development CPN: [B-G473E-ZEST1S, B-WB1M-WPAN1, B-WBA5M-WPAN, B-WL5M-SUBG1, NUCLEO-C031C6, NUCLEO-C051C8, NUCLEO-C071RB, NUCLEO-C092RC, NUCLEO-H503RB, NUCLEO-H533RE, NUCLEO-H563ZI, NUCLEO-H7S3L8, NUCLEO-N657X0-Q, NUCLEO-U031R8, NUCLEO-U083RC, NUCLEO-U385RG-Q, NUCLEO-U545RE-Q, NUCLEO-U5A5ZJ-Q, NUCLEO-WB05KZ, NUCLEO-WB07CC, NUCLEO-WB09KE, NUCLEO-WBA52CG, NUCLEO-WBA55CG, NUCLEO-WBA65RI, NUCLEO-WL33CC1, NUCLEO-WL33CC2, STEVAL-PROTEUS1, STEVAL-SMARTAG2, STEVAL-STWINBX1, STM320518-EVAL, STM32C0116-DK, STM32C011D6Y3TR, STM32C011D6Y6TR, STM32C011F4P3, STM32C011F4P6, STM32C011F4U3, STM32C011F4U6TR, STM32C011F6P3, STM32C011F6P6, STM32C011F6U3, STM32C011F6U6TR, STM32C011J4M3, STM32C011J4M6, STM32C011J6M3, STM32C011J6M6, STM32C0316-DK, STM32C031C4T3, STM32C031C4T6, STM32C031C4U3, STM32C031C4U6, STM32C031C6T3, STM32C031C6T6, STM32C031C6U3, STM32C031C6U6, STM32C031F4P3, STM32C031F4P6, STM32C031F6P3, STM32C031F6P6, STM32C031G4U3, STM32C031G4U6, STM32C031G6U3, STM32C031G6U6, STM32C031K4T3, STM32C031K4T6, STM32C031K4U3, STM32C031K4U6, STM32C031K6T3, STM32C031K6T6, STM32C031K6U3, STM32C031K6U6, STM32C051C6T6, STM32C051C6U6, STM32C051C8T6, STM32C051C8U6, STM32C051D8Y6TR, STM32C051F6P6, STM32C051F8P6, STM32C051G6U6, STM32C051G8U6, STM32C051K6T6, STM32C051K6U6, STM32C051K8T6, STM32C071C8T6, STM32C071C8T6N, STM32C071C8U6, STM32C071C8U6N, STM32C071CBT6, STM32C071CBT6N, STM32C071CBU6, STM32C071CBU6N, STM32C071F8P6, STM32C071F8P6N, STM32C071FBP6, STM32C071FBP6N, STM32C071FBY6TR, STM32C071G8U6, STM32C071G8U6N, STM32C071GBU6, STM32C071GBU6N, STM32C071K8T6, STM32C071K8T6N, STM32C071K8U6, STM32C071K8U6N, STM32C071KBT6, STM32C071KBT6N, STM32C071KBU6, STM32C071KBU6N, STM32C071R8T6, STM32C071R8T6N, STM32C071RBI6N, STM32C071RBT6, STM32C071RBT6N, STM32C091CBT6, STM32C091CBU6, STM32C091CCT6, STM32C091CCU6, STM32C091ECY6TR, STM32C091FBP6, STM32C091FCP6, STM32C091GBU6, STM32C091GCU6, STM32C091KBT6, STM32C091KBU6, STM32C091KCT6, STM32C091KCU6, STM32C091RBT6, STM32C091RCI6, STM32C091RCT6, STM32C092CBT6, STM32C092CBU6, STM32C092CCT6, STM32C092CCU6, STM32C092ECY6TR, STM32C092FBP6, STM32C092FCP6, STM32C092GBU6, STM32C092GCU6, STM32C092KBT6, STM32C092KBU6, STM32C092KCT6, STM32C092KCU6, STM32C092RBT6, STM32C092RCI6, STM32C092RCT6, STM32G071K8TXN, STM32G071K8UXN, STM32G081GBU6N, STM32G081KBT6N, STM32G081KBUXN, STM32G0B1CCT6N, STM32G0B1KCT6, STM32G0B1NEY6TR, STM32G0B1RCT6N, STM32G0C1CCT6, STM32G0C1CCT6N, STM32G0C1CCU6N, STM32G0C1CET6N, STM32G0C1CEU6N, STM32G0C1KCT6, STM32G0C1NEY6TR, STM32G0C1RCI6N, STM32G0C1RCT6N, STM32G0C1REI6N, STM32G0C1RET6N, STM32G0C1VCI6, STM32G0C1VEI6, STM32G411C6T3, STM32G411C6T6, STM32G411C6U3, STM32G411C6U6, STM32G411C8T3, STM32G411C8T6, STM32G411C8U3, STM32G411C8U6, STM32G411CBT3, STM32G411CBT6, STM32G411CBU3, STM32G411CBU6, STM32G411CCT3, STM32G411CCT6, STM32G411CCU3, STM32G411CCU6, STM32G411K6T3, STM32G411K6T6, STM32G411K6U3, STM32G411K6U6, STM32G411K8T3, STM32G411K8T6, STM32G411K8U3, STM32G411K8U6, STM32G411KBT3, STM32G411KBT6, STM32G411KBU3, STM32G411KBU6, STM32G411M6T3, STM32G411M6T6, STM32G411M8T3, STM32G411M8T6, STM32G411MBT3, STM32G411MBT6, STM32G411MCT3, STM32G411MCT6, STM32G411R6T3, STM32G411R6T6, STM32G411R8T3, STM32G411R8T6, STM32G411RBT3, STM32G411RBT6, STM32G411RCT3, STM32G411RCT6, STM32G414CBT3, STM32G414CBT6, STM32G414CBU3, STM32G414CBU6, STM32G414CCT3, STM32G414CCT6, STM32G414CCU3, STM32G414CCU6, STM32G414MBT3, STM32G414MBT6, STM32G414MCT3, STM32G414MCT6, STM32G414RBT3, STM32G414RBT6, STM32G414RCT3, STM32G414RCT6, STM32G414VBT3, STM32G414VBT6, STM32G414VCT3, STM32G414VCT6, STM32G431CBT3Z, STM32G431RBT3Z, STM32G471CCT6, STM32G471CCU6, STM32G471CET3, STM32G471CET6, STM32G471CEU3, STM32G471CEU6, STM32G471MCT6, STM32G471MET3, STM32G471MET6, STM32G471MEY6TR, STM32G471QCT6, STM32G471QET3, STM32G471RCT6, STM32G471RET3, STM32G471RET6, STM32G471VCH6, STM32G471VCI6, STM32G471VCT6, STM32G471VEH3, STM32G471VEH6, STM32G471VEI3, STM32G471VEI6, STM32G471VET3, STM32G471VET6, STM32G473QET3Z, STM32G473RET3Z, STM32G474CCT6, STM32G491RET3Z, STM32H503CBT6, STM32H503CBU6, STM32H503EBY6TR, STM32H503KBU6, STM32H503RBT6, STM32H523CCT6, STM32H523CCU6, STM32H523CET6, STM32H523CEU6, STM32H523HEY6TR, STM32H523RCT6, STM32H523RET6, STM32H523VCI6, STM32H523VCT6, STM32H523VEI6, STM32H523VET6, STM32H523ZCJ6, STM32H523ZCT6, STM32H523ZEJ6, STM32H523ZET6, STM32H533CET6, STM32H533CEU6, STM32H533HEY6TR, STM32H533RET6, STM32H533VEI6, STM32H533VET6, STM32H533ZEJ6, STM32H533ZET6, STM32H562AGI6, STM32H562AII6, STM32H562IGK6, STM32H562IGT6, STM32H562IIK6, STM32H562IIT6, STM32H562RGT6, STM32H562RGV6, STM32H562RIT6, STM32H562RIV6, STM32H562VGT6, STM32H562VIT6, STM32H562ZGT6, STM32H562ZIT6, STM32H563AGI6, STM32H563AII3Q, STM32H563AII6, STM32H563IGK6, STM32H563IGT6, STM32H563IIK3Q, STM32H563IIK6, STM32H563IIT3Q, STM32H563IIT6, STM32H563MIY3QTR, STM32H563RGT6, STM32H563RGV6, STM32H563RIT6, STM32H563RIV6, STM32H563VGT6, STM32H563VIT3Q, STM32H563VIT6, STM32H563ZGT6, STM32H563ZIT3Q, STM32H563ZIT6, STM32H573AII3Q, STM32H573AII6, STM32H573I-DK, STM32H573IIK3Q, STM32H573IIK6, STM32H573IIT3Q, STM32H573IIT6, STM32H573MIY3QTR, STM32H573RIT6, STM32H573RIV6, STM32H573VIT3Q, STM32H573VIT6, STM32H573ZIT3Q, STM32H573ZIT6, STM32H7R3A8I6, STM32H7R3I8K6, STM32H7R3I8T6, STM32H7R3L8H6, STM32H7R3L8H6H, STM32H7R3R8V6, STM32H7R3V8H6, STM32H7R3V8T6, STM32H7R3V8Y6TR, STM32H7R3Z8J6, STM32H7R3Z8T6, STM32H7R7A8I6, STM32H7R7I8K6, STM32H7R7I8T6, STM32H7R7L8H6, STM32H7R7L8H6H, STM32H7R7Z8J6, STM32H7S3A8I6, STM32H7S3I8K6, STM32H7S3I8T6, STM32H7S3L8H6, STM32H7S3L8H6H, STM32H7S3R8V6, STM32H7S3V8H6, STM32H7S3V8T6, STM32H7S3V8Y6TR, STM32H7S3Z8J6, STM32H7S3Z8T6, STM32H7S78-DK, STM32H7S7A8I6, STM32H7S7I8K6, STM32H7S7I8T6, STM32H7S7L8H6, STM32H7S7L8H6H, STM32H7S7Z8J6, STM32L4R5QGI6STR, STM32MP131AAE3, STM32MP131AAF3, STM32MP131AAG3, STM32MP131CAE3, STM32MP131CAF3, STM32MP131CAG3, STM32MP131DAE7, STM32MP131DAF7, STM32MP131DAG7, STM32MP131FAE7, STM32MP131FAF7, STM32MP131FAG7, STM32MP133AAE3, STM32MP133AAF3, STM32MP133AAG3, STM32MP133CAE3, STM32MP133CAF3, STM32MP133CAG3, STM32MP133DAE7, STM32MP133DAF7, STM32MP133DAG7, STM32MP133FAE7, STM32MP133FAF7, STM32MP133FAG7, STM32MP135AAE3, STM32MP135AAF3, STM32MP135AAG3, STM32MP135CAE3, STM32MP135CAF3, STM32MP135CAG3, STM32MP135DAE7, STM32MP135DAF7, STM32MP135DAG7, STM32MP135F-DK, STM32MP135FAE7, STM32MP135FAF7, STM32MP135FAF7T, STM32MP135FAF7U, STM32MP135FAG7, STM32MP231AAJ3, STM32MP231AAK3, STM32MP231AAL3, STM32MP231CAJ3, STM32MP231CAK3, STM32MP231CAL3, STM32MP231DAJ3, STM32MP231DAK3, STM32MP231DAL3, STM32MP231FAJ3, STM32MP231FAK3, STM32MP231FAL3, STM32MP233AAJ3, STM32MP233AAK3, STM32MP233AAL3, STM32MP233CAJ3, STM32MP233CAK3, STM32MP233CAL3, STM32MP233DAJ3, STM32MP233DAK3, STM32MP233DAL3, STM32MP233FAJ3, STM32MP233FAK3, STM32MP233FAL3, STM32MP235AAJ3, STM32MP235AAK3, STM32MP235AAL3, STM32MP235CAJ3, STM32MP235CAK3, STM32MP235CAL3, STM32MP235DAJ3, STM32MP235DAK3, STM32MP235DAL3, STM32MP235FAJ3, STM32MP235FAK3, STM32MP235FAL3, STM32MP251AAI3, STM32MP251AAJ3, STM32MP251AAK3, STM32MP251AAL3, STM32MP251CAI3, STM32MP251CAJ3, STM32MP251CAK3, STM32MP251CAL3, STM32MP251DAI3, STM32MP251DAJ3, STM32MP251DAK3, STM32MP251DAL3, STM32MP251FAI3, STM32MP251FAJ3, STM32MP251FAK3, STM32MP251FAL3, STM32MP253AAI3, STM32MP253AAJ3, STM32MP253AAK3, STM32MP253AAL3, STM32MP253CAI3, STM32MP253CAJ3, STM32MP253CAK3, STM32MP253CAL3, STM32MP253DAI3, STM32MP253DAJ3, STM32MP253DAK3, STM32MP253DAL3, STM32MP253FAI3, STM32MP253FAJ3, STM32MP253FAK3, STM32MP253FAL3, STM32MP255AAI3, STM32MP255AAJ3, STM32MP255AAK3, STM32MP255AAL3, STM32MP255CAI3, STM32MP255CAJ3, STM32MP255CAK3, STM32MP255CAL3, STM32MP255DAI3, STM32MP255DAJ3, STM32MP255DAK3, STM32MP255DAL3, STM32MP255FAI3, STM32MP255FAJ3, STM32MP255FAK3, STM32MP255FAL3, STM32MP257AAI3, STM32MP257AAJ3, STM32MP257AAK3, STM32MP257AAL3, STM32MP257CAI3, STM32MP257CAJ3, STM32MP257CAK3, STM32MP257CAL3, STM32MP257DAI3, STM32MP257DAJ3, STM32MP257DAK3, STM32MP257DAL3, STM32MP257F-DK, STM32MP257F-EV1, STM32MP257FAI3, STM32MP257FAJ3, STM32MP257FAK3, STM32MP257FAL3, STM32N645A0H3Q, STM32N645B0H3Q, STM32N645I0H3Q, STM32N645L0H3Q, STM32N645X0H3Q, STM32N645Z0H3Q, STM32N647A0H3Q, STM32N647B0H3Q, STM32N647I0H3Q, STM32N647L0H3Q, STM32N647X0H3Q, STM32N647Z0H3Q, STM32N655A0H3Q, STM32N655B0H3Q, STM32N655I0H3Q, STM32N655L0H3Q, STM32N655X0H3Q, STM32N655Z0H3Q, STM32N6570-DK, STM32N657A0H3Q, STM32N657B0H3Q, STM32N657I0H3Q, STM32N657L0H3Q, STM32N657X0H3Q, STM32N657Z0H3Q, STM32U031C6T6, STM32U031C6U6, STM32U031C8T6, STM32U031C8U6, STM32U031F4P6, STM32U031F6P6, STM32U031F8P6, STM32U031G6Y6TR, STM32U031G8Y6TR, STM32U031K4U6, STM32U031K6U6, STM32U031K8U6, STM32U031R6I6, STM32U031R6T6, STM32U031R8I6, STM32U031R8T6, STM32U073C8T6, STM32U073C8U6, STM32U073CBT6, STM32U073CBU6, STM32U073CCT6, STM32U073CCU6, STM32U073H8Y6TR, STM32U073HBY6TR, STM32U073HCY6TR, STM32U073K8U6, STM32U073KBU6, STM32U073KCU6, STM32U073M8I6, STM32U073M8T6, STM32U073MBI6, STM32U073MBT6, STM32U073MCI6, STM32U073MCT6, STM32U073R8I6, STM32U073R8T6, STM32U073RBI6, STM32U073RBT6, STM32U073RCI6, STM32U073RCT6, STM32U083C-DK, STM32U083CCT6, STM32U083CCU6, STM32U083HCY6TR, STM32U083KCU6, STM32U083MCI6, STM32U083MCT6, STM32U083RCI6, STM32U083RCT6, STM32U375CET6, STM32U375CET6Q, STM32U375CEU6, STM32U375CEU6Q, STM32U375CEY6QTR, STM32U375CGT6, STM32U375CGT6Q, STM32U375CGU6, STM32U375CGU6Q, STM32U375CGY6QTR, STM32U375KEU6, STM32U375KGU6, STM32U375REI6, STM32U375REI6Q, STM32U375RET6, STM32U375RET6Q, STM32U375REY6GTR, STM32U375REY6QTR, STM32U375RGI6, STM32U375RGI6Q, STM32U375RGT6, STM32U375RGT6Q, STM32U375RGY6GTR, STM32U375RGY6QTR, STM32U375VEI6, STM32U375VEI6Q, STM32U375VET6, STM32U375VET6Q, STM32U375VGI6, STM32U375VGI6Q, STM32U375VGT6, STM32U375VGT6Q, STM32U385CGT6, STM32U385CGT6Q, STM32U385CGU6, STM32U385CGU6Q, STM32U385CGY6QTR, STM32U385KGU6, STM32U385RGI6, STM32U385RGI6Q, STM32U385RGT6, STM32U385RGT6Q, STM32U385RGY6GTR, STM32U385RGY6QTR, STM32U385VGI6, STM32U385VGI6Q, STM32U385VGT6, STM32U385VGT6Q, STM32U535CBT6, STM32U535CBT6Q, STM32U535CBU6, STM32U535CBU6Q, STM32U535CCT6, STM32U535CCT6Q, STM32U535CCU6, STM32U535CCU6Q, STM32U535CET6, STM32U535CET6Q, STM32U535CEU6, STM32U535CEU6Q, STM32U535JEY6QTR, STM32U535NCY6QTR, STM32U535NEY6QTR, STM32U535RBI6, STM32U535RBI6Q, STM32U535RBT6, STM32U535RBT6Q, STM32U535RCI6, STM32U535RCI6Q, STM32U535RCT6, STM32U535RCT6Q, STM32U535REI6, STM32U535REI6Q, STM32U535RET6, STM32U535RET6Q, STM32U535VCI6, STM32U535VCI6Q, STM32U535VCT6, STM32U535VCT6Q, STM32U535VEI6, STM32U535VEI6Q, STM32U535VET6, STM32U535VET6Q, STM32U545CET6, STM32U545CET6Q, STM32U545CEU6, STM32U545CEU6Q, STM32U545JEY6QTR, STM32U545NEY6QTR, STM32U545REI6, STM32U545REI6Q, STM32U545RET6, STM32U545RET6Q, STM32U545VEI6, STM32U545VEI6Q, STM32U545VET6, STM32U545VET6Q, STM32U595AIH6, STM32U595AIH6Q, STM32U595AJH6, STM32U595AJH6Q, STM32U595QII6, STM32U595QII6Q, STM32U595QJI6, STM32U595QJI6Q, STM32U595RIT6, STM32U595RIT6Q, STM32U595RJT6, STM32U595RJT6Q, STM32U595VIT6, STM32U595VIT6Q, STM32U595VJT6, STM32U595VJT6Q, STM32U595ZIT6, STM32U595ZIT6Q, STM32U595ZIY6QTR, STM32U595ZJT6, STM32U595ZJT6Q, STM32U595ZJY6QTR, STM32U599BJY6QTR, STM32U599NIH6Q, STM32U599NJH6Q, STM32U599VIT6Q, STM32U599VJT6, STM32U599VJT6Q, STM32U599ZIT6Q, STM32U599ZIY6QTR, STM32U599ZJT6Q, STM32U599ZJY6QTR, STM32U5A5AJH6, STM32U5A5AJH6Q, STM32U5A5QII3Q , STM32U5A5QJI6, STM32U5A5QJI6Q, STM32U5A5RJT6, STM32U5A5RJT6Q, STM32U5A5VJT6, STM32U5A5VJT6Q, STM32U5A5ZJT6, STM32U5A5ZJT6Q, STM32U5A5ZJY6QTR, STM32U5A9BJY6QTR, STM32U5A9J-DK, STM32U5A9NJH6Q, STM32U5A9VJT6Q, STM32U5A9ZJT6Q, STM32U5A9ZJY6QTR, STM32U5F7VIT6, STM32U5F7VIT6Q, STM32U5F7VJT6, STM32U5F7VJT6Q, STM32U5F9BJY6QTR, STM32U5F9NJH6Q, STM32U5F9VIT6Q, STM32U5F9VJT6Q, STM32U5F9ZIJ6QTR, STM32U5F9ZIT6Q, STM32U5F9ZJJ6QTR, STM32U5F9ZJT6Q, STM32U5G7VJT6, STM32U5G7VJT6Q, STM32U5G9BJY6QTR, STM32U5G9J-DK1, STM32U5G9J-DK2, STM32U5G9NJH6Q, STM32U5G9VJT6Q, STM32U5G9ZJJ6QTR, STM32U5G9ZJT6Q, STM32WB05KZV6TR, STM32WB05KZV7TR, STM32WB05TZF6TR, STM32WB05TZF7TR, STM32WB06CCF6TR, STM32WB06CCF7TR, STM32WB06CCV6TR, STM32WB06CCV7TR, STM32WB06KCV6TR, STM32WB06KCV7TR, STM32WB07CCF6TR, STM32WB07CCF7TR, STM32WB07CCV6TR, STM32WB07CCV7TR, STM32WB07KCV6TR, STM32WB07KCV7TR, STM32WB09KEV6TR, STM32WB09KEV7TR, STM32WB09TEF6TR, STM32WB09TEF7TR, STM32WB1MMCH6, STM32WBA50KGU6, STM32WBA50KGU6TR, STM32WBA52CEU6, STM32WBA52CEU6TR, STM32WBA52CEU7, STM32WBA52CEU7TR, STM32WBA52CGU6, STM32WBA52CGU6TR, STM32WBA52CGU6U, STM32WBA52CGU7, STM32WBA52CGU7TR, STM32WBA52KEU6, STM32WBA52KEU6TR, STM32WBA52KGU6, STM32WBA52KGU6TR, STM32WBA54CEU6, STM32WBA54CEU6TR, STM32WBA54CEU7, STM32WBA54CEU7TR, STM32WBA54CGU6, STM32WBA54CGU6TR, STM32WBA54CGU7, STM32WBA54CGU7TR, STM32WBA54KEU6, STM32WBA54KEU6TR, STM32WBA54KEU7, STM32WBA54KEU7TR, STM32WBA54KGU6, STM32WBA54KGU6TR, STM32WBA54KGU7, STM32WBA54KGU7TR, STM32WBA55CEU6, STM32WBA55CEU6TR, STM32WBA55CEU7, STM32WBA55CEU7TR, STM32WBA55CGU6, STM32WBA55CGU6TR, STM32WBA55CGU6U, STM32WBA55CGU7, STM32WBA55CGU7TR, STM32WBA55G-DK1, STM32WBA55HEF6, STM32WBA55HEF7, STM32WBA55HGF6, STM32WBA55HGF7, STM32WBA55UEI6, STM32WBA55UEI6TR, STM32WBA55UEI7, STM32WBA55UEI7TR, STM32WBA55UGI6, STM32WBA55UGI6TR, STM32WBA55UGI7, STM32WBA55UGI7TR, STM32WBA5MJGH6TR, STM32WBA62CGU6, STM32WBA62CIU6, STM32WBA62MGF6, STM32WBA62MIF6, STM32WBA62PGI6, STM32WBA62PII6, STM32WBA63CGU6, STM32WBA63CGU7, STM32WBA63CIU6, STM32WBA63CIU7, STM32WBA64CGU6, STM32WBA64CGU7, STM32WBA64CIU6, STM32WBA64CIU7, STM32WBA65CGU6, STM32WBA65CGU7, STM32WBA65CIU6, STM32WBA65CIU7, STM32WBA65I-DK1, STM32WBA65MGF6, STM32WBA65MGF7, STM32WBA65MIF6, STM32WBA65MIF7, STM32WBA65PGI6, STM32WBA65PGI7, STM32WBA65PII6, STM32WBA65PII7, STM32WBA65RGV6, STM32WBA65RGV7, STM32WBA65RIV6, STM32WBA65RIV7, STM32WL30K8V6, STM32WL30KBV6, STM32WL31C8V6, STM32WL31CBV6, STM32WL31K8V6, STM32WL31KBV6, STM32WL33C8V6, STM32WL33C8V6TR, STM32WL33C8V7, STM32WL33C8V7TR, STM32WL33CBV6, STM32WL33CBV6TR, STM32WL33CBV7, STM32WL33CBV7TR, STM32WL33CCV6, STM32WL33CCV6TR, STM32WL33CCV7, STM32WL33CCV7A, STM32WL33CCV7ATR, STM32WL33CCV7TR, STM32WL33K8V6, STM32WL33K8V6TR, STM32WL33K8V7, STM32WL33K8V7TR, STM32WL33KBV6, STM32WL33KBV6TR, STM32WL33KBV7, STM32WL33KBV7TR, STM32WL33KCV6, STM32WL33KCV6TR, STM32WL33KCV7, STM32WL33KCV7TR, STM32WL5MOCH6, STM32WL5MOCH6TR]
2026-04-04 15:00:44,014 [INFO] DbMcus:218 - Found 5051 MCUs, 4964 are supported
2026-04-04 15:00:44,015 [INFO] ApiDb:423 - Load user favorites file /home/vatcraft/.stm32cubeide/favorites.mcus.txt: 0 item(s)
2026-04-04 15:00:44,015 [INFO] ApiDb:427 - User favorites MCUs=[]
2026-04-04 15:00:44,015 [INFO] DbMcus:224 - Set 0 / 0 favorites MCUs
2026-04-04 15:00:45,077 [INFO] BoardInfo:889 - No configuration file found for board NUCLEO-H5E5ZJ
2026-04-04 15:00:45,078 [INFO] DbBoards:161 - Board is not supported: NUCLEO-H5E5ZJ
2026-04-04 15:00:45,116 [INFO] BoardInfo:889 - No configuration file found for board NUCLEO-U3C5ZI-Q
2026-04-04 15:00:45,116 [INFO] DbBoards:161 - Board is not supported: NUCLEO-U3C5ZI-Q
2026-04-04 15:00:45,130 [INFO] BoardInfo:889 - No configuration file found for board NUCLEO-WBA25CE1
2026-04-04 15:00:45,130 [INFO] DbBoards:161 - Board is not supported: NUCLEO-WBA25CE1
2026-04-04 15:00:45,136 [INFO] BoardInfo:889 - No configuration file found for board NUCLEO-WL3RKB1
2026-04-04 15:00:45,136 [INFO] DbBoards:161 - Board is not supported: NUCLEO-WL3RKB1
2026-04-04 15:00:45,138 [INFO] BoardInfo:889 - No configuration file found for board NUCLEO-WL3RKB2
2026-04-04 15:00:45,138 [INFO] DbBoards:161 - Board is not supported: NUCLEO-WL3RKB2
2026-04-04 15:00:45,145 [INFO] BoardInfo:889 - No configuration file found for board P-NUCLEO-WB55
2026-04-04 15:00:45,146 [INFO] DbBoards:161 - Kit is not supported: P-NUCLEO-WB55
2026-04-04 15:00:45,151 [INFO] BoardInfo:889 - No configuration file found for board STEVAL-BFA001V1B
2026-04-04 15:00:45,151 [INFO] DbBoards:161 - Kit is not supported: STEVAL-BFA001V1B
2026-04-04 15:00:45,152 [INFO] BoardInfo:889 - No configuration file found for board STEVAL-BFA001V2B
2026-04-04 15:00:45,152 [INFO] DbBoards:161 - Kit is not supported: STEVAL-BFA001V2B
2026-04-04 15:00:45,232 [INFO] BoardInfo:889 - No configuration file found for board STM32H5F5J-DK
2026-04-04 15:00:45,232 [INFO] DbBoards:161 - Board is not supported: STM32H5F5J-DK
2026-04-04 15:00:45,271 [INFO] BoardInfo:889 - No configuration file found for board STM32MP215F-DK
2026-04-04 15:00:45,271 [INFO] DbBoards:161 - Board is not supported: STM32MP215F-DK
2026-04-04 15:00:45,284 [INFO] DbBoards:168 - Found 218 boards, 208 are supported
2026-04-04 15:00:45,284 [INFO] DbBoards:169 - Found 218 boards, 43 of them is supported for  Bsp
2026-04-04 15:00:45,288 [INFO] ApiDb:423 - Load user favorites file /home/vatcraft/.stm32cubeide/favorites.boards.txt: 0 item(s)
2026-04-04 15:00:45,288 [INFO] ApiDb:427 - User favorites Boards=[]
2026-04-04 15:00:45,288 [INFO] DbBoards:198 - Set 0 / 0 favorites Boards
2026-04-04 15:00:45,361 [INFO] UtilMem:75 - End LoadConfig() Used Memory: 920140488 Bytes (1073741824)
2026-04-04 15:00:45,574 [WARN] ThirdParty:833 - waiting for thirdparty lock release [change project]
2026-04-04 15:00:45,575 [INFO] ThirdParty:835 - entering critical section [change project]
2026-04-04 15:00:45,575 [INFO] ThirdParty:1030 - CMSIS Pack Vendor :STMicroelectronics X-CUBE-AZRTOS-H7 3.5.0
2026-04-04 15:00:45,575 [INFO] ThirdParty:1030 - CMSIS Pack Vendor :STMicroelectronics X-CUBE-PM33A1 1.0.0
2026-04-04 15:00:45,575 [INFO] ThirdParty:1030 - CMSIS Pack Vendor :STMicroelectronics USBPD 4.1
2026-04-04 15:00:45,575 [INFO] ThirdParty:1030 - CMSIS Pack Vendor :STMicroelectronics X-CUBE-NFC9 1.0.0
2026-04-04 15:00:45,575 [INFO] ThirdParty:1030 - CMSIS Pack Vendor :STMicroelectronics USB_HOST 2.0.0
2026-04-04 15:00:45,575 [INFO] ThirdParty:1030 - CMSIS Pack Vendor :STMicroelectronics X-CUBE-AZRTOS-F4 1.1.0
2026-04-04 15:00:45,575 [INFO] ThirdParty:1030 - CMSIS Pack Vendor :STMicroelectronics LIBJPEG 8.0.0
2026-04-04 15:00:45,576 [INFO] ThirdParty:1030 - CMSIS Pack Vendor :STMicroelectronics FP-ATR-ASTRA1 2.0.2
2026-04-04 15:00:45,576 [INFO] ThirdParty:1030 - CMSIS Pack Vendor :STMicroelectronics X-CUBE-BLE1 7.1.0
2026-04-04 15:00:45,576 [INFO] ThirdParty:1030 - CMSIS Pack Vendor :STMicroelectronics X-CUBE-SMBUS 2.1.0
2026-04-04 15:00:45,576 [INFO] ThirdParty:1030 - CMSIS Pack Vendor :wolfSSL I-CUBE-wolfMQTT 1.19.2
2026-04-04 15:00:45,576 [INFO] ThirdParty:1030 - CMSIS Pack Vendor :STMicroelectronics USB_DEVICE 3.0.0
2026-04-04 15:00:45,576 [INFO] ThirdParty:1030 - CMSIS Pack Vendor :STMicroelectronics X-CUBE-ISPU 2.1.0
2026-04-04 15:00:45,576 [INFO] ThirdParty:1030 - CMSIS Pack Vendor :STMicroelectronics X-CUBE-EEPRMA1 5.2.0
2026-04-04 15:00:45,576 [INFO] ThirdParty:1030 - CMSIS Pack Vendor :STMicroelectronics X-CUBE-BLEMGR 4.1.0
2026-04-04 15:00:45,576 [INFO] ThirdParty:1030 - CMSIS Pack Vendor :STMicroelectronics X-CUBE-AZRTOS-WB 2.0.0
2026-04-04 15:00:45,576 [INFO] ThirdParty:1030 - CMSIS Pack Vendor :wolfSSL I-CUBE-wolfSSL 5.8.4
2026-04-04 15:00:45,576 [INFO] ThirdParty:1030 - CMSIS Pack Vendor :Cesanta I-CUBE-Mongoose 7.20.0
2026-04-04 15:00:45,576 [INFO] ThirdParty:1030 - CMSIS Pack Vendor :STMicroelectronics X-CUBE-NFC12 1.0.0
2026-04-04 15:00:45,576 [INFO] ThirdParty:1030 - CMSIS Pack Vendor :STMicroelectronics X-CUBE-AZRTOS-F7 1.1.0
2026-04-04 15:00:45,576 [INFO] ThirdParty:1030 - CMSIS Pack Vendor :STMicroelectronics X-CUBE-AZRTOS-L5 2.0.0
2026-04-04 15:00:45,576 [INFO] ThirdParty:1030 - CMSIS Pack Vendor :STMicroelectronics USB_DEVICE 2.0.0
2026-04-04 15:00:45,576 [INFO] ThirdParty:1030 - CMSIS Pack Vendor :quantropi X-CUBE-qispace-sdk-base 2.1.0
2026-04-04 15:00:45,576 [INFO] ThirdParty:1030 - CMSIS Pack Vendor :STMicroelectronics X-CUBE-MEMS1 12.0.0
2026-04-04 15:00:45,577 [INFO] ThirdParty:1030 - CMSIS Pack Vendor :STMicroelectronics X-CUBE-STSE01 2.0.0
2026-04-04 15:00:45,577 [INFO] ThirdParty:1030 - CMSIS Pack Vendor :STMicroelectronics FreeRTOS 0.0.1
2026-04-04 15:00:45,577 [INFO] ThirdParty:1030 - CMSIS Pack Vendor :STMicroelectronics X-CUBE-AZRTOS-G0 1.1.0
2026-04-04 15:00:45,577 [INFO] ThirdParty:1030 - CMSIS Pack Vendor :STMicroelectronics X-CUBE-NFC4 3.0.0
2026-04-04 15:00:45,577 [INFO] ThirdParty:1030 - CMSIS Pack Vendor :STMicroelectronics X-CUBE-SUBG2 5.0.0
2026-04-04 15:00:45,577 [INFO] ThirdParty:1030 - CMSIS Pack Vendor :STMicroelectronics STM32_WPAN 1.0.0
2026-04-04 15:00:45,577 [INFO] ThirdParty:1030 - CMSIS Pack Vendor :EmbeddedOffice I-CUBE-FS-RTOS 1.0.1
2026-04-04 15:00:45,577 [INFO] ThirdParty:1030 - CMSIS Pack Vendor :STMicroelectronics lwIP 2.0.3
2026-04-04 15:00:45,577 [INFO] ThirdParty:1030 - CMSIS Pack Vendor :STMicroelectronics USB_HOST 1.0.0
2026-04-04 15:00:45,577 [INFO] ThirdParty:1030 - CMSIS Pack Vendor :STMicroelectronics X-CUBE-AZRTOS-G4 2.0.0
2026-04-04 15:00:45,577 [INFO] ThirdParty:1030 - CMSIS Pack Vendor :STMicroelectronics X-CUBE-WB05N 2.0.0
2026-04-04 15:00:45,577 [INFO] ThirdParty:1030 - CMSIS Pack Vendor :STMicroelectronics PDM2PCM 3.1.0
2026-04-04 15:00:45,577 [INFO] ThirdParty:1030 - CMSIS Pack Vendor :STMicroelectronics PDM2PCM 3.3.0
2026-04-04 15:00:45,577 [INFO] ThirdParty:1030 - CMSIS Pack Vendor :wolfSSL I-CUBE-wolfTPM 3.8.0
2026-04-04 15:00:45,578 [INFO] ThirdParty:1030 - CMSIS Pack Vendor :STMicroelectronics X-CUBE-DISPLAY 3.0.0
2026-04-04 15:00:45,578 [INFO] ThirdParty:1030 - CMSIS Pack Vendor :wolfSSL I-CUBE-wolfSSH 1.4.20
2026-04-04 15:00:45,578 [INFO] ThirdParty:1030 - CMSIS Pack Vendor :STMicroelectronics X-CUBE-NFC7 2.0.0
2026-04-04 15:00:45,578 [INFO] ThirdParty:1030 - CMSIS Pack Vendor :STMicroelectronics X-CUBE-TCPP 4.2.0
2026-04-04 15:00:45,578 [INFO] ThirdParty:1030 - CMSIS Pack Vendor :RealThread X-CUBE-RT-Thread_Nano 4.1.1
2026-04-04 15:00:45,578 [INFO] ThirdParty:1030 - CMSIS Pack Vendor :STMicroelectronics FP-ATR-SIGFOX1 3.2.0
2026-04-04 15:00:45,578 [INFO] ThirdParty:1030 - CMSIS Pack Vendor :STMicroelectronics X-CUBE-NFC10 1.0.0
2026-04-04 15:00:45,579 [INFO] ThirdParty:1030 - CMSIS Pack Vendor :STMicroelectronics HAL Drivers 0.0.0
2026-04-04 15:00:45,579 [INFO] ThirdParty:1030 - CMSIS Pack Vendor :STMicroelectronics MBEDTLS 2.16.2
2026-04-04 15:00:45,579 [INFO] ThirdParty:1030 - CMSIS Pack Vendor :STMicroelectronics X-CUBE-ST60 1.1.0
2026-04-04 15:00:45,579 [INFO] ThirdParty:1030 - CMSIS Pack Vendor :STMicroelectronics X-CUBE-ALS 1.0.2
2026-04-04 15:00:45,579 [INFO] ThirdParty:1030 - CMSIS Pack Vendor :emotas I-CUBE-CANOPEN 1.3.0
2026-04-04 15:00:45,579 [INFO] ThirdParty:1030 - CMSIS Pack Vendor :STMicroelectronics MBEDTLS 2.14.1
2026-04-04 15:00:45,579 [INFO] ThirdParty:1030 - CMSIS Pack Vendor :STMicroelectronics X-CUBE-GNSS1 7.1.0
2026-04-04 15:00:45,579 [INFO] ThirdParty:1030 - CMSIS Pack Vendor :ITTIA_DB I-CUBE-ITTIADB 8.9.0
2026-04-04 15:00:45,579 [INFO] ThirdParty:1030 - CMSIS Pack Vendor :STMicroelectronics X-CUBE-TOUCHGFX 4.26.1
2026-04-04 15:00:45,579 [INFO] ThirdParty:1030 - CMSIS Pack Vendor :STMicroelectronics X-CUBE-NFC6 3.2.0
2026-04-04 15:00:45,579 [INFO] ThirdParty:1030 - CMSIS Pack Vendor :STMicroelectronics X-CUBE-AI 10.2.0
2026-04-04 15:00:45,579 [INFO] ThirdParty:1030 - CMSIS Pack Vendor :STMicroelectronics FP-SNS-STAIOTCFT 1.0.0
2026-04-04 15:00:45,579 [INFO] ThirdParty:1030 - CMSIS Pack Vendor :STMicroelectronics ThreadX 1.0.0
2026-04-04 15:00:45,579 [INFO] ThirdParty:1030 - CMSIS Pack Vendor :STMicroelectronics FP-SNS-SMARTAG2 1.2.0
2026-04-04 15:00:45,579 [INFO] ThirdParty:1030 - CMSIS Pack Vendor :STMicroelectronics FP-SNS-FLIGHT1 5.1.0
2026-04-04 15:00:45,579 [INFO] ThirdParty:1030 - CMSIS Pack Vendor :STMicroelectronics X-CUBE-AZRTOS-WL 2.0.0
2026-04-04 15:00:45,579 [INFO] ThirdParty:1030 - CMSIS Pack Vendor :SEGGER I-CUBE-embOS 1.3.1
2026-04-04 15:00:45,579 [INFO] ThirdParty:1030 - CMSIS Pack Vendor :STMicroelectronics X-CUBE-ALGOBUILD 1.4.0
2026-04-04 15:00:45,579 [INFO] ThirdParty:1030 - CMSIS Pack Vendor :STMicroelectronics X-CUBE-DPower 1.3.0
2026-04-04 15:00:45,579 [INFO] ThirdParty:1030 - CMSIS Pack Vendor :STMicroelectronics USB_DEVICE 1.0.0
2026-04-04 15:00:45,580 [INFO] ThirdParty:1030 - CMSIS Pack Vendor :STMicroelectronics X-CUBE-AZRTOS-H7RS 1.2.0
2026-04-04 15:00:45,580 [INFO] ThirdParty:1030 - CMSIS Pack Vendor :STMicroelectronics X-CUBE-AZRTOS-L4 2.0.0
2026-04-04 15:00:45,580 [INFO] ThirdParty:1030 - CMSIS Pack Vendor :STMicroelectronics ThreadX 0.0.2
2026-04-04 15:00:45,580 [INFO] ThirdParty:1030 - CMSIS Pack Vendor :STMicroelectronics lwIP 2.1.2
2026-04-04 15:00:45,580 [INFO] ThirdParty:1030 - CMSIS Pack Vendor :STMicroelectronics X-CUBE-SFXS2LP1 4.0.0
2026-04-04 15:00:45,580 [INFO] ThirdParty:1030 - CMSIS Pack Vendor :STMicroelectronics X-CUBE-BLE2 3.3.0
2026-04-04 15:00:45,580 [INFO] ThirdParty:1030 - CMSIS Pack Vendor :Avnet-IOTCONNECT X-CUBE-iotc-st67-sdk 1.0.0
2026-04-04 15:00:45,580 [INFO] ThirdParty:1030 - CMSIS Pack Vendor :STMicroelectronics X-CUBE-TOF1 3.4.3
2026-04-04 15:00:45,580 [INFO] ThirdParty:1030 - CMSIS Pack Vendor :Infineon AIROC-Wi-Fi-Bluetooth-STM32 1.8.0
2026-04-04 15:00:45,580 [INFO] ThirdParty:1030 - CMSIS Pack Vendor :STMicroelectronics PDM2PCM 3.2.0
2026-04-04 15:00:45,580 [INFO] ThirdParty:841 - exiting critical section [change project]
2026-04-04 15:00:46,136 [INFO] PinOutPanel:1589 - setPackage(No Configuration,No Configuration)
2026-04-04 15:00:46,137 [INFO] PinOutPanel:1589 - setPackage(STM32F401RETx,LQFP64)
2026-04-04 15:00:46,965 [INFO] UtilMem:75 - Before build in PCC Used Memory: 438486312 Bytes (1073741824)
2026-04-04 15:00:48,206 [INFO] UtilMem:75 - After build in PCC Used Memory: 593236640 Bytes (1073741824)
2026-04-04 15:00:48,265 [INFO] IPUIPlugin:80 - create IPUIPlugin
2026-04-04 15:00:48,265 [INFO] IPUIPlugin:80 - create IPUIPlugin
2026-04-04 15:00:48,266 [INFO] IPUIPlugin:80 - create IPUIPlugin
2026-04-04 15:00:48,266 [INFO] IPUIPlugin:80 - create IPUIPlugin
2026-04-04 15:00:48,266 [INFO] IPUIPlugin:80 - create IPUIPlugin
2026-04-04 15:00:48,266 [INFO] IPUIPlugin:80 - create IPUIPlugin
2026-04-04 15:00:48,267 [INFO] IPUIPlugin:80 - create IPUIPlugin
2026-04-04 15:00:48,267 [INFO] IPUIPlugin:80 - create IPUIPlugin
2026-04-04 15:00:48,267 [INFO] IPUIPlugin:80 - create IPUIPlugin
2026-04-04 15:00:48,267 [INFO] IPUIPlugin:80 - create IPUIPlugin
2026-04-04 15:00:48,267 [INFO] IPUIPlugin:80 - create IPUIPlugin
2026-04-04 15:00:48,268 [INFO] IPUIPlugin:80 - create IPUIPlugin
2026-04-04 15:00:48,268 [INFO] IPUIPlugin:80 - create IPUIPlugin
2026-04-04 15:00:48,268 [INFO] IPUIPlugin:80 - create IPUIPlugin
2026-04-04 15:00:48,269 [INFO] IPUIPlugin:80 - create IPUIPlugin
2026-04-04 15:00:48,269 [INFO] IPUIPlugin:80 - create IPUIPlugin
2026-04-04 15:00:48,269 [INFO] IPUIPlugin:80 - create IPUIPlugin
2026-04-04 15:00:48,269 [INFO] IPUIPlugin:80 - create IPUIPlugin
2026-04-04 15:00:48,270 [INFO] IPUIPlugin:80 - create IPUIPlugin
2026-04-04 15:00:48,270 [INFO] IPUIPlugin:80 - create IPUIPlugin
2026-04-04 15:00:48,270 [INFO] IPUIPlugin:80 - create IPUIPlugin
2026-04-04 15:00:48,270 [INFO] IPUIPlugin:80 - create IPUIPlugin
2026-04-04 15:00:48,271 [INFO] IPUIPlugin:80 - create IPUIPlugin
2026-04-04 15:00:48,271 [INFO] IPUIPlugin:80 - create IPUIPlugin
2026-04-04 15:00:48,271 [INFO] IPUIPlugin:80 - create IPUIPlugin
2026-04-04 15:00:48,272 [INFO] IPUIPlugin:80 - create IPUIPlugin
2026-04-04 15:00:48,272 [INFO] IPUIPlugin:80 - create IPUIPlugin
2026-04-04 15:00:48,272 [INFO] IPUIPlugin:80 - create IPUIPlugin
2026-04-04 15:00:48,273 [INFO] IPUIPlugin:80 - create IPUIPlugin
2026-04-04 15:00:48,274 [INFO] IPUIPlugin:80 - create IPUIPlugin
2026-04-04 15:00:48,274 [INFO] IPUIPlugin:80 - create IPUIPlugin
2026-04-04 15:00:48,275 [INFO] IPUIPlugin:80 - create IPUIPlugin
2026-04-04 15:00:48,275 [INFO] IPUIPlugin:80 - create IPUIPlugin
2026-04-04 15:00:48,275 [INFO] IPUIPlugin:80 - create IPUIPlugin
2026-04-04 15:00:48,276 [INFO] IPUIPlugin:80 - create IPUIPlugin
2026-04-04 15:00:48,278 [INFO] IPUIPlugin:80 - create IPUIPlugin
2026-04-04 15:00:48,279 [INFO] IPUIPlugin:80 - create IPUIPlugin
2026-04-04 15:00:48,279 [INFO] IPUIPlugin:80 - create IPUIPlugin
2026-04-04 15:00:48,337 [INFO] ApiDbMcu:508 - Load IP Config File for PDM2PCM
2026-04-04 15:00:48,576 [INFO] CADModel:165 - CPN selected for project levelSTM32F401RET6
2026-04-04 15:00:48,576 [INFO] CADModel:114 - Register for checkConnection events
2026-04-04 15:00:48,649 [INFO] OpenFileManager:385 - Restore cursor
2026-04-04 15:07:48,193 [INFO] Activator:176 - 


2026-04-04 15:07:48,198 [INFO] Activator:177 - !SESSION log4j initialized
2026-04-04 15:07:53,140 [INFO] ApplicationProperties:184 - Using Application install path: /opt/st/stm32cubeide_1.18.1/plugins/com.st.stm32cube.common.mx_6.14.1.202504091515
2026-04-04 15:07:53,167 [INFO] DbMcusXml:78 - Set database path to: /opt/st/stm32cubeide_1.18.1/plugins/com.st.stm32cube.common.mx_6.14.1.202504091515//db//mcu/
2026-04-04 15:07:53,167 [INFO] ApiDb:274 - Set plugin database path to: /opt/st/stm32cubeide_1.18.1/plugins/com.st.stm32cube.common.mx_6.14.1.202504091515//db//plugins/boardmanager/
2026-04-04 15:07:53,168 [WARN] ApiDb:259 - Overriding images path with different value:  => /opt/st/stm32cubeide_1.18.1/plugins/com.st.stm32cube.common.mx_6.14.1.202504091515//db//plugins/mcufinder/images/
2026-04-04 15:07:53,177 [INFO] ApiDb:250 - Set database path to: /home/vatcraft/.stmcufinder/plugins/mcufinder//mcu/
2026-04-04 15:07:53,178 [INFO] DbMcusAds:125 - Set database path to: /home/vatcraft/.stmcufinder/plugins/mcufinder//mcu/
2026-04-04 15:07:54,189 [INFO] CrossReferenceDbSqlite:203 - Set database path to: /home/vatcraft/.stmcufinder/plugins/mcufinder//mcu/cs/
2026-04-04 15:07:54,404 [INFO] RulesReader:64 - Compatibility file has been processed (302 Rules)
2026-04-04 15:07:54,492 [INFO] DbMcusXml:78 - Set database path to: /opt/st/stm32cubeide_1.18.1/plugins/com.st.stm32cube.common.mx_6.14.1.202504091515//db//mcu/
2026-04-04 15:07:54,493 [INFO] ApiDb:274 - Set plugin database path to: /opt/st/stm32cubeide_1.18.1/plugins/com.st.stm32cube.common.mx_6.14.1.202504091515//db//plugins/boardmanager/
2026-04-04 15:07:54,494 [INFO] ApiDb:261 - Set plugin images path to: /opt/st/stm32cubeide_1.18.1/plugins/com.st.stm32cube.common.mx_6.14.1.202504091515//db//plugins/mcufinder/images/
2026-04-04 15:07:54,494 [WARN] DbFile:41 - Overriding database path with different value: /home/vatcraft/.stmcufinder/plugins/mcufinder/ => /home/vatcraft/.stmcufinder/plugins/mcufinder
2026-04-04 15:07:54,494 [INFO] ApiDb:250 - Set database path to: /home/vatcraft/.stmcufinder/plugins/mcufinder//mcu/
2026-04-04 15:07:54,495 [WARN] DbFile:41 - Overriding database path with different value: /home/vatcraft/.stmcufinder/plugins/mcufinder/ => /home/vatcraft/.stmcufinder/plugins/mcufinder
2026-04-04 15:07:54,495 [INFO] DbMcusAds:125 - Set database path to: /home/vatcraft/.stmcufinder/plugins/mcufinder//mcu/
2026-04-04 15:07:54,495 [WARN] DbFile:41 - Overriding database path with different value: /home/vatcraft/.stmcufinder/plugins/mcufinder/ => /home/vatcraft/.stmcufinder/plugins/mcufinder
2026-04-04 15:07:54,495 [WARN] DbFile:41 - Overriding database path with different value: /home/vatcraft/.stmcufinder/plugins/mcufinder/ => /home/vatcraft/.stmcufinder/plugins/mcufinder
2026-04-04 15:07:55,496 [INFO] CrossReferenceDbSqlite:203 - Set database path to: /home/vatcraft/.stmcufinder/plugins/mcufinder//mcu/cs/
2026-04-04 15:07:55,612 [INFO] MainPanel:272 - HeapMemory: 268435456
2026-04-04 15:07:55,879 [INFO] DbMcusXml:78 - Set database path to: /opt/st/stm32cubeide_1.18.1/plugins/com.st.stm32cube.common.mx_6.14.1.202504091515//db//mcu/
2026-04-04 15:07:55,879 [INFO] ApiDb:274 - Set plugin database path to: /opt/st/stm32cubeide_1.18.1/plugins/com.st.stm32cube.common.mx_6.14.1.202504091515//db//plugins/boardmanager/
2026-04-04 15:07:55,879 [INFO] ApiDb:261 - Set plugin images path to: /opt/st/stm32cubeide_1.18.1/plugins/com.st.stm32cube.common.mx_6.14.1.202504091515//db//plugins/mcufinder/images/
2026-04-04 15:07:55,880 [WARN] DbFile:41 - Overriding database path with different value: /home/vatcraft/.stmcufinder/plugins/mcufinder/ => /home/vatcraft/.stmcufinder/plugins/mcufinder
2026-04-04 15:07:55,880 [INFO] ApiDb:250 - Set database path to: /home/vatcraft/.stmcufinder/plugins/mcufinder//mcu/
2026-04-04 15:07:55,881 [WARN] DbFile:41 - Overriding database path with different value: /home/vatcraft/.stmcufinder/plugins/mcufinder/ => /home/vatcraft/.stmcufinder/plugins/mcufinder
2026-04-04 15:07:55,882 [INFO] DbMcusAds:125 - Set database path to: /home/vatcraft/.stmcufinder/plugins/mcufinder//mcu/
2026-04-04 15:07:55,882 [WARN] DbFile:41 - Overriding database path with different value: /home/vatcraft/.stmcufinder/plugins/mcufinder/ => /home/vatcraft/.stmcufinder/plugins/mcufinder
2026-04-04 15:07:55,884 [WARN] DbFile:41 - Overriding database path with different value: /home/vatcraft/.stmcufinder/plugins/mcufinder/ => /home/vatcraft/.stmcufinder/plugins/mcufinder
2026-04-04 15:07:56,885 [INFO] CrossReferenceDbSqlite:203 - Set database path to: /home/vatcraft/.stmcufinder/plugins/mcufinder//mcu/cs/
2026-04-04 15:07:56,921 [INFO] ApplicationProperties:184 - Using Application install path: /opt/st/stm32cubeide_1.18.1/plugins/com.st.stm32cube.common.mx_6.14.1.202504091515
2026-04-04 15:07:56,926 [INFO] PluginManage:196 - Search for loadable plugins [exclusion list=, ]
2026-04-04 15:07:56,930 [INFO] PluginManage:310 - Check plugin analytics
2026-04-04 15:07:58,814 [INFO] AnalyticsPlugin:253 - Accepted Software Licenses: 
2026-04-04 15:07:58,814 [INFO] AnalyticsPlugin:255 - Accepted CMSIS Pack Licenses: 
2026-04-04 15:07:58,815 [INFO] AnalyticsPlugin:257 - Accepted Firmware Licenses: FW.F4.1.28.0,FW.L4.1.18.0
2026-04-04 15:07:58,819 [INFO] PluginManage:359 - Loaded plugin analytics (category:tool,tabindex:-1)
2026-04-04 15:07:58,819 [INFO] PluginManage:310 - Check plugin cadmodel
2026-04-04 15:07:58,831 [INFO] CADModel:105 - Init CAD model plugin
2026-04-04 15:07:58,831 [INFO] PluginManage:359 - Loaded plugin cadmodel (category:power,tabindex:5)
2026-04-04 15:07:58,832 [INFO] PluginManage:310 - Check plugin clock
2026-04-04 15:07:58,863 [INFO] PluginManage:359 - Loaded plugin clock (category:base,tabindex:2)
2026-04-04 15:07:58,864 [INFO] PluginManage:310 - Check plugin ddr
2026-04-04 15:07:58,867 [INFO] PluginManage:359 - Loaded plugin ddr (category:tool,tabindex:6)
2026-04-04 15:07:58,868 [INFO] PluginManage:310 - Check plugin filemanager
2026-04-04 15:07:59,293 [INFO] PluginManage:359 - Loaded plugin filemanager (category:base,tabindex:10)
2026-04-04 15:07:59,294 [INFO] PluginManage:310 - Check plugin ipmanager
2026-04-04 15:07:59,314 [INFO] PluginManage:359 - Loaded plugin ipmanager (category:base,tabindex:5)
2026-04-04 15:07:59,314 [INFO] PluginManage:310 - Check plugin lpbam
2026-04-04 15:07:59,343 [INFO] PluginManage:359 - Loaded plugin lpbam (category:base,tabindex:0)
2026-04-04 15:07:59,343 [INFO] PluginManage:310 - Check plugin memorymap
2026-04-04 15:07:59,376 [INFO] PluginManage:359 - Loaded plugin memorymap (category:base,tabindex:4)
2026-04-04 15:07:59,376 [INFO] PluginManage:310 - Check plugin pinoutandconfiguration
2026-04-04 15:07:59,411 [INFO] PluginManage:359 - Loaded plugin pinoutandconfiguration (category:base,tabindex:1)
2026-04-04 15:07:59,418 [INFO] PluginManage:310 - Check plugin pinoutconfig
2026-04-04 15:07:59,914 [WARN] SupportedApi:132 - Cannot load RTOS API schema: s4s-elt-must-match.1: The content of 'definitions' must match (annotation?, (simpleType | complexType)?, (unique | key | keyref)*)). A problem was found starting at: attribute.
2026-04-04 15:08:00,452 [INFO] PluginManage:359 - Loaded plugin pinoutconfig (category:base,tabindex:0)
2026-04-04 15:08:00,453 [INFO] PluginManage:310 - Check plugin power
2026-04-04 15:08:00,482 [INFO] PluginManage:359 - Loaded plugin power (category:power,tabindex:4)
2026-04-04 15:08:00,483 [INFO] PluginManage:310 - Check plugin projectmanager
2026-04-04 15:08:00,575 [INFO] PluginManage:359 - Loaded plugin projectmanager (category:projectmanager,tabindex:4)
2026-04-04 15:08:00,578 [INFO] PluginManage:310 - Check plugin rif
2026-04-04 15:08:00,616 [INFO] PluginManage:359 - Loaded plugin rif (category:base,tabindex:3)
2026-04-04 15:08:00,616 [INFO] PluginManage:310 - Check plugin thirdparty
2026-04-04 15:08:01,158 [INFO] PluginManage:359 - Loaded plugin thirdparty (category:base,tabindex:-1)
2026-04-04 15:08:01,162 [INFO] PluginManage:310 - Check plugin tools
2026-04-04 15:08:01,163 [WARN] IntegrityCheckThread:84 - waiting for thirdparty lock release [integrity check]
2026-04-04 15:08:01,164 [INFO] IntegrityCheckThread:86 - entering critical section [integrity check]
2026-04-04 15:08:01,164 [INFO] ThirdPartyUpdaterWithRetryManager:70 - Updater plugin not ready yet. [1/15]
2026-04-04 15:08:01,166 [INFO] PluginManage:359 - Loaded plugin tools (category:base,tabindex:7)
2026-04-04 15:08:01,170 [INFO] PluginManage:310 - Check plugin tutovideos
2026-04-04 15:08:01,957 [INFO] PluginManage:359 - Loaded plugin tutovideos (category:base,tabindex:-1)
2026-04-04 15:08:01,958 [INFO] PluginManage:310 - Check plugin updater
2026-04-04 15:08:02,080 [INFO] PluginManage:359 - Loaded plugin updater (category:base,tabindex:12)
2026-04-04 15:08:02,081 [INFO] PluginManage:310 - Check plugin userauth
2026-04-04 15:08:02,103 [INFO] UserAuth:118 - Init User Auth plugin
2026-04-04 15:08:02,106 [INFO] PluginManage:359 - Loaded plugin userauth (category:base,tabindex:14)
2026-04-04 15:08:02,107 [INFO] PluginManage:283 - PluginManage : Loaded plugins [18]
2026-04-04 15:08:03,476 [INFO] PinOutPanel:1589 - setPackage(No Configuration,No Configuration)
2026-04-04 15:08:03,776 [INFO] CADModel:165 - CPN selected for project level
2026-04-04 15:08:03,776 [INFO] CADModel:114 - Register for checkConnection events
2026-04-04 15:08:03,837 [INFO] IPUIPlugin:80 - create IPUIPlugin
2026-04-04 15:08:03,838 [INFO] PluginManager:220 - loadIPPluginJar : add openamp
2026-04-04 15:08:03,881 [INFO] IPUIPlugin:80 - create IPUIPlugin
2026-04-04 15:08:03,881 [INFO] PluginManager:220 - loadIPPluginJar : add pdm2pcm
2026-04-04 15:08:03,900 [INFO] IPUIPlugin:80 - create IPUIPlugin
2026-04-04 15:08:03,903 [INFO] PluginManager:220 - loadIPPluginJar : add touchsensing
2026-04-04 15:08:03,958 [INFO] IPUIPlugin:80 - create IPUIPlugin
2026-04-04 15:08:03,989 [INFO] PluginManager:220 - loadIPPluginJar : add plateformsettings
2026-04-04 15:08:04,020 [INFO] IPUIPlugin:80 - create IPUIPlugin
2026-04-04 15:08:04,025 [INFO] PluginManager:220 - loadIPPluginJar : add resmgrutility
2026-04-04 15:08:04,045 [INFO] IPUIPlugin:80 - create IPUIPlugin
2026-04-04 15:08:04,048 [INFO] PluginManager:220 - loadIPPluginJar : add gic
2026-04-04 15:08:04,056 [INFO] IPUIPlugin:80 - create IPUIPlugin
2026-04-04 15:08:04,057 [INFO] PluginManager:220 - loadIPPluginJar : add genericplugin
2026-04-04 15:08:04,060 [INFO] IPUIPlugin:80 - create IPUIPlugin
2026-04-04 15:08:04,060 [INFO] PluginManager:220 - loadIPPluginJar : add tracer_emb
2026-04-04 15:08:04,080 [INFO] IPUIPlugin:80 - create IPUIPlugin
2026-04-04 15:08:04,081 [INFO] PluginManager:220 - loadIPPluginJar : add extmemmanager
2026-04-04 15:08:04,092 [INFO] IPUIPlugin:80 - create IPUIPlugin
2026-04-04 15:08:04,093 [INFO] PluginManager:220 - loadIPPluginJar : add spi
2026-04-04 15:08:04,111 [INFO] IPUIPlugin:80 - create IPUIPlugin
2026-04-04 15:08:04,112 [INFO] PluginManager:220 - loadIPPluginJar : add linkedlist
2026-04-04 15:08:04,115 [INFO] IPUIPlugin:80 - create IPUIPlugin
2026-04-04 15:08:04,117 [INFO] PluginManager:220 - loadIPPluginJar : add ucpd
2026-04-04 15:08:04,125 [INFO] IPUIPlugin:80 - create IPUIPlugin
2026-04-04 15:08:04,126 [INFO] PluginManager:220 - loadIPPluginJar : add i3c
2026-04-04 15:08:04,131 [INFO] IPUIPlugin:80 - create IPUIPlugin
2026-04-04 15:08:04,132 [INFO] PluginManager:220 - loadIPPluginJar : add hash
2026-04-04 15:08:04,143 [INFO] IPUIPlugin:80 - create IPUIPlugin
2026-04-04 15:08:04,143 [INFO] PluginManager:220 - loadIPPluginJar : add nvic
2026-04-04 15:08:04,149 [INFO] IPUIPlugin:80 - create IPUIPlugin
2026-04-04 15:08:04,150 [INFO] PluginManager:220 - loadIPPluginJar : add usbx
2026-04-04 15:08:04,157 [INFO] IPUIPlugin:80 - create IPUIPlugin
2026-04-04 15:08:04,158 [INFO] PluginManager:220 - loadIPPluginJar : add cryp
2026-04-04 15:08:04,161 [INFO] IPUIPlugin:80 - create IPUIPlugin
2026-04-04 15:08:04,162 [INFO] PluginManager:220 - loadIPPluginJar : add quadspi
2026-04-04 15:08:04,165 [INFO] ThirdPartyUpdaterWithRetryManager:70 - Updater plugin not ready yet. [2/15]
2026-04-04 15:08:04,165 [INFO] IPUIPlugin:80 - create IPUIPlugin
2026-04-04 15:08:04,167 [INFO] PluginManager:220 - loadIPPluginJar : add ts
2026-04-04 15:08:04,179 [INFO] IPUIPlugin:80 - create IPUIPlugin
2026-04-04 15:08:04,179 [INFO] PluginManager:220 - loadIPPluginJar : add i2c
2026-04-04 15:08:04,185 [INFO] IPUIPlugin:80 - create IPUIPlugin
2026-04-04 15:08:04,186 [INFO] PluginManager:220 - loadIPPluginJar : add ipddr
2026-04-04 15:08:04,196 [INFO] IPUIPlugin:80 - create IPUIPlugin
2026-04-04 15:08:04,196 [INFO] PluginManager:220 - loadIPPluginJar : add aes
2026-04-04 15:08:04,208 [INFO] IPUIPlugin:80 - create IPUIPlugin
2026-04-04 15:08:04,209 [INFO] PluginManager:220 - loadIPPluginJar : add sai
2026-04-04 15:08:04,216 [INFO] IPUIPlugin:80 - create IPUIPlugin
2026-04-04 15:08:04,217 [INFO] PluginManager:220 - loadIPPluginJar : add dma3
2026-04-04 15:08:04,234 [INFO] IPUIPlugin:80 - create IPUIPlugin
2026-04-04 15:08:04,236 [INFO] PluginManager:220 - loadIPPluginJar : add lorawan
2026-04-04 15:08:04,244 [INFO] IPUIPlugin:80 - create IPUIPlugin
2026-04-04 15:08:04,244 [INFO] PluginManager:220 - loadIPPluginJar : add dfsdm
2026-04-04 15:08:04,258 [INFO] IPUIPlugin:80 - create IPUIPlugin
2026-04-04 15:08:04,258 [INFO] PluginManager:220 - loadIPPluginJar : add gtzc
2026-04-04 15:08:04,268 [INFO] IPUIPlugin:80 - create IPUIPlugin
2026-04-04 15:08:04,270 [INFO] PluginManager:220 - loadIPPluginJar : add can
2026-04-04 15:08:04,299 [INFO] IPUIPlugin:80 - create IPUIPlugin
2026-04-04 15:08:04,305 [INFO] PluginManager:220 - loadIPPluginJar : add freertos
2026-04-04 15:08:04,314 [INFO] IPUIPlugin:80 - create IPUIPlugin
2026-04-04 15:08:04,314 [INFO] PluginManager:220 - loadIPPluginJar : add usart
2026-04-04 15:08:04,329 [INFO] IPUIPlugin:80 - create IPUIPlugin
2026-04-04 15:08:04,330 [INFO] PluginManager:220 - loadIPPluginJar : add fmc
2026-04-04 15:08:04,348 [INFO] IPUIPlugin:80 - create IPUIPlugin
2026-04-04 15:08:04,349 [INFO] PluginManager:220 - loadIPPluginJar : add gpio
2026-04-04 15:08:04,359 [INFO] IPUIPlugin:80 - create IPUIPlugin
2026-04-04 15:08:04,359 [INFO] PluginManager:220 - loadIPPluginJar : add i2s
2026-04-04 15:08:04,379 [INFO] IPUIPlugin:80 - create IPUIPlugin
2026-04-04 15:08:04,380 [INFO] PluginManager:220 - loadIPPluginJar : add mdma
2026-04-04 15:08:04,388 [INFO] IPUIPlugin:80 - create IPUIPlugin
2026-04-04 15:08:04,388 [INFO] PluginManager:220 - loadIPPluginJar : add ltdc
2026-04-04 15:08:04,402 [INFO] IPUIPlugin:80 - create IPUIPlugin
2026-04-04 15:08:04,402 [INFO] PluginManager:220 - loadIPPluginJar : add opamp
2026-04-04 15:08:04,424 [INFO] IPUIPlugin:80 - create IPUIPlugin
2026-04-04 15:08:04,425 [INFO] PluginManager:220 - loadIPPluginJar : add adc
2026-04-04 15:08:04,430 [INFO] IPUIPlugin:80 - create IPUIPlugin
2026-04-04 15:08:04,430 [INFO] PluginManager:220 - loadIPPluginJar : add ddr_ctrl_phy
2026-04-04 15:08:04,460 [INFO] IPUIPlugin:80 - create IPUIPlugin
2026-04-04 15:08:04,460 [INFO] PluginManager:220 - loadIPPluginJar : add stm32_wpan
2026-04-04 15:08:04,488 [INFO] IPUIPlugin:80 - create IPUIPlugin
2026-04-04 15:08:04,489 [INFO] PluginManager:220 - loadIPPluginJar : add dma
2026-04-04 15:08:04,492 [INFO] IPUIPlugin:80 - create IPUIPlugin
2026-04-04 15:08:04,494 [INFO] PluginManager:220 - loadIPPluginJar : add tsc
2026-04-04 15:08:04,500 [INFO] IPUIPlugin:80 - create IPUIPlugin
2026-04-04 15:08:04,500 [INFO] PluginManager:220 - loadIPPluginJar : add comp
2026-04-04 15:08:04,507 [INFO] IPUIPlugin:80 - create IPUIPlugin
2026-04-04 15:08:04,507 [INFO] PluginManager:220 - loadIPPluginJar : add fatfs
2026-04-04 15:08:04,513 [INFO] IPUIPlugin:80 - create IPUIPlugin
2026-04-04 15:08:04,513 [INFO] PluginManager:220 - loadIPPluginJar : add tim
2026-04-04 15:08:04,525 [INFO] IPUIPlugin:80 - create IPUIPlugin
2026-04-04 15:08:04,526 [INFO] PluginManager:220 - loadIPPluginJar : add gfxmmu
2026-04-04 15:08:04,531 [INFO] IPUIPlugin:80 - create IPUIPlugin
2026-04-04 15:08:04,537 [INFO] PluginManager:220 - loadIPPluginJar : add radio
2026-04-04 15:08:04,809 [FATAL] Updater:351 - Updater called before beeing initialized
2026-04-04 15:08:04,969 [INFO] RulesReader:64 - Compatibility file has been processed (302 Rules)
2026-04-04 15:08:05,079 [INFO] RulesReader:64 - Compatibility file has been processed (302 Rules)
2026-04-04 15:08:05,147 [INFO] CADModel:165 - CPN selected for project level
2026-04-04 15:08:05,147 [INFO] CADModel:114 - Register for checkConnection events
2026-04-04 15:08:05,148 [FATAL] Updater:351 - Updater called before beeing initialized
2026-04-04 15:08:05,148 [ERROR] CADModel:125 - Updater not yet initialized, retry later 
2026-04-04 15:08:05,892 [FATAL] Updater:351 - Updater called before beeing initialized
2026-04-04 15:08:05,909 [INFO] CADModel:165 - CPN selected for project level
2026-04-04 15:08:05,910 [INFO] CADModel:114 - Register for checkConnection events
2026-04-04 15:08:05,914 [FATAL] Updater:351 - Updater called before beeing initialized
2026-04-04 15:08:05,916 [ERROR] CADModel:125 - Updater not yet initialized, retry later 
2026-04-04 15:08:05,937 [FATAL] Updater:351 - Updater called before beeing initialized
2026-04-04 15:08:06,800 [FATAL] Updater:351 - Updater called before beeing initialized
2026-04-04 15:08:06,818 [INFO] DbMcusAds:53 - JSON generation date=Thu Mar 05 21:32:52 ICT 2026 (1772721172890)
2026-04-04 15:08:06,819 [FATAL] Updater:351 - Updater called before beeing initialized
2026-04-04 15:08:07,076 [WARN] DetailPanel:346 - Failed to get advertising image, set to default
2026-04-04 15:08:07,167 [INFO] ThirdPartyUpdaterWithRetryManager:70 - Updater plugin not ready yet. [3/15]
2026-04-04 15:08:08,064 [FATAL] Updater:351 - Updater called before beeing initialized
2026-04-04 15:08:08,076 [FATAL] Updater:351 - Updater called before beeing initialized
2026-04-04 15:08:08,079 [FATAL] Updater:351 - Updater called before beeing initialized
2026-04-04 15:08:08,080 [WARN] DetailPanel:346 - Failed to get advertising image, set to default
2026-04-04 15:08:08,102 [FATAL] Updater:351 - Updater called before beeing initialized
2026-04-04 15:08:08,382 [ERROR] Updater:1198 - MainUpdater not yet initialized. External WinMGr cannot be set.
2026-04-04 15:08:08,410 [INFO] Updater:1134 - Updater Version found : 6.14.1
2026-04-04 15:08:08,469 [INFO] ApplicationProperties:184 - Using Application install path: /opt/st/stm32cubeide_1.18.1/plugins/com.st.stm32cube.common.mx_6.14.1.202504091515
2026-04-04 15:08:10,172 [FATAL] Updater:351 - Updater called before beeing initialized
2026-04-04 15:08:10,173 [ERROR] IntegrityCheckThread:130 - Cannot retrieve database content from updater: error 21
2026-04-04 15:08:10,173 [INFO] ThirdParty:978 - Integrity check success = false
2026-04-04 15:08:10,173 [INFO] IntegrityCheckThread:100 - exiting critical section [integrity check]
2026-04-04 15:08:10,173 [INFO] IntegrityCheckThread:103 - End integrity checks thread
2026-04-04 15:08:10,783 [INFO] MainUpdater:2872 - connection check result : 10
2026-04-04 15:08:10,789 [INFO] MainUpdater:289 - Updater Check For Update Now.
2026-04-04 15:08:10,789 [INFO] MicroXplorer:498 - Change Database Version : DB.6.0.141
2026-04-04 15:08:11,328 [INFO] CheckServerUpdateThread:120 - End of CheckServer Thread
2026-04-04 15:08:11,453 [INFO] MainUpdater:2872 - connection check result : 10
2026-04-04 15:08:11,459 [INFO] MainUpdater:2872 - connection check result : 10
2026-04-04 15:20:54,809 [INFO] Activator:176 - 


2026-04-04 15:20:54,811 [INFO] Activator:177 - !SESSION log4j initialized
2026-04-04 15:20:57,023 [INFO] ApplicationProperties:184 - Using Application install path: /opt/st/stm32cubeide_1.18.1/plugins/com.st.stm32cube.common.mx_6.14.1.202504091515
2026-04-04 15:20:57,038 [INFO] DbMcusXml:78 - Set database path to: /opt/st/stm32cubeide_1.18.1/plugins/com.st.stm32cube.common.mx_6.14.1.202504091515//db//mcu/
2026-04-04 15:20:57,039 [INFO] ApiDb:274 - Set plugin database path to: /opt/st/stm32cubeide_1.18.1/plugins/com.st.stm32cube.common.mx_6.14.1.202504091515//db//plugins/boardmanager/
2026-04-04 15:20:57,039 [WARN] ApiDb:259 - Overriding images path with different value:  => /opt/st/stm32cubeide_1.18.1/plugins/com.st.stm32cube.common.mx_6.14.1.202504091515//db//plugins/mcufinder/images/
2026-04-04 15:20:57,045 [INFO] ApiDb:250 - Set database path to: /home/vatcraft/.stmcufinder/plugins/mcufinder//mcu/
2026-04-04 15:20:57,047 [INFO] DbMcusAds:125 - Set database path to: /home/vatcraft/.stmcufinder/plugins/mcufinder//mcu/
2026-04-04 15:20:58,059 [INFO] CrossReferenceDbSqlite:203 - Set database path to: /home/vatcraft/.stmcufinder/plugins/mcufinder//mcu/cs/
2026-04-04 15:20:58,222 [INFO] RulesReader:64 - Compatibility file has been processed (302 Rules)
2026-04-04 15:20:58,301 [INFO] DbMcusXml:78 - Set database path to: /opt/st/stm32cubeide_1.18.1/plugins/com.st.stm32cube.common.mx_6.14.1.202504091515//db//mcu/
2026-04-04 15:20:58,301 [INFO] ApiDb:274 - Set plugin database path to: /opt/st/stm32cubeide_1.18.1/plugins/com.st.stm32cube.common.mx_6.14.1.202504091515//db//plugins/boardmanager/
2026-04-04 15:20:58,301 [INFO] ApiDb:261 - Set plugin images path to: /opt/st/stm32cubeide_1.18.1/plugins/com.st.stm32cube.common.mx_6.14.1.202504091515//db//plugins/mcufinder/images/
2026-04-04 15:20:58,301 [WARN] DbFile:41 - Overriding database path with different value: /home/vatcraft/.stmcufinder/plugins/mcufinder/ => /home/vatcraft/.stmcufinder/plugins/mcufinder
2026-04-04 15:20:58,302 [INFO] ApiDb:250 - Set database path to: /home/vatcraft/.stmcufinder/plugins/mcufinder//mcu/
2026-04-04 15:20:58,302 [WARN] DbFile:41 - Overriding database path with different value: /home/vatcraft/.stmcufinder/plugins/mcufinder/ => /home/vatcraft/.stmcufinder/plugins/mcufinder
2026-04-04 15:20:58,302 [INFO] DbMcusAds:125 - Set database path to: /home/vatcraft/.stmcufinder/plugins/mcufinder//mcu/
2026-04-04 15:20:58,302 [WARN] DbFile:41 - Overriding database path with different value: /home/vatcraft/.stmcufinder/plugins/mcufinder/ => /home/vatcraft/.stmcufinder/plugins/mcufinder
2026-04-04 15:20:58,302 [WARN] DbFile:41 - Overriding database path with different value: /home/vatcraft/.stmcufinder/plugins/mcufinder/ => /home/vatcraft/.stmcufinder/plugins/mcufinder
2026-04-04 15:20:59,304 [INFO] CrossReferenceDbSqlite:203 - Set database path to: /home/vatcraft/.stmcufinder/plugins/mcufinder//mcu/cs/
2026-04-04 15:20:59,409 [INFO] MainPanel:272 - HeapMemory: 268435456
2026-04-04 15:20:59,554 [INFO] DbMcusXml:78 - Set database path to: /opt/st/stm32cubeide_1.18.1/plugins/com.st.stm32cube.common.mx_6.14.1.202504091515//db//mcu/
2026-04-04 15:20:59,554 [INFO] ApiDb:274 - Set plugin database path to: /opt/st/stm32cubeide_1.18.1/plugins/com.st.stm32cube.common.mx_6.14.1.202504091515//db//plugins/boardmanager/
2026-04-04 15:20:59,554 [INFO] ApiDb:261 - Set plugin images path to: /opt/st/stm32cubeide_1.18.1/plugins/com.st.stm32cube.common.mx_6.14.1.202504091515//db//plugins/mcufinder/images/
2026-04-04 15:20:59,555 [WARN] DbFile:41 - Overriding database path with different value: /home/vatcraft/.stmcufinder/plugins/mcufinder/ => /home/vatcraft/.stmcufinder/plugins/mcufinder
2026-04-04 15:20:59,555 [INFO] ApiDb:250 - Set database path to: /home/vatcraft/.stmcufinder/plugins/mcufinder//mcu/
2026-04-04 15:20:59,555 [WARN] DbFile:41 - Overriding database path with different value: /home/vatcraft/.stmcufinder/plugins/mcufinder/ => /home/vatcraft/.stmcufinder/plugins/mcufinder
2026-04-04 15:20:59,555 [INFO] DbMcusAds:125 - Set database path to: /home/vatcraft/.stmcufinder/plugins/mcufinder//mcu/
2026-04-04 15:20:59,555 [WARN] DbFile:41 - Overriding database path with different value: /home/vatcraft/.stmcufinder/plugins/mcufinder/ => /home/vatcraft/.stmcufinder/plugins/mcufinder
2026-04-04 15:20:59,555 [WARN] DbFile:41 - Overriding database path with different value: /home/vatcraft/.stmcufinder/plugins/mcufinder/ => /home/vatcraft/.stmcufinder/plugins/mcufinder
2026-04-04 15:21:00,556 [INFO] CrossReferenceDbSqlite:203 - Set database path to: /home/vatcraft/.stmcufinder/plugins/mcufinder//mcu/cs/
2026-04-04 15:21:00,594 [INFO] ApplicationProperties:184 - Using Application install path: /opt/st/stm32cubeide_1.18.1/plugins/com.st.stm32cube.common.mx_6.14.1.202504091515
2026-04-04 15:21:00,597 [INFO] PluginManage:196 - Search for loadable plugins [exclusion list=, ]
2026-04-04 15:21:00,599 [INFO] PluginManage:310 - Check plugin analytics
2026-04-04 15:21:02,047 [INFO] AnalyticsPlugin:253 - Accepted Software Licenses: 
2026-04-04 15:21:02,047 [INFO] AnalyticsPlugin:255 - Accepted CMSIS Pack Licenses: 
2026-04-04 15:21:02,047 [INFO] AnalyticsPlugin:257 - Accepted Firmware Licenses: FW.F4.1.28.0,FW.L4.1.18.0
2026-04-04 15:21:02,050 [INFO] PluginManage:359 - Loaded plugin analytics (category:tool,tabindex:-1)
2026-04-04 15:21:02,050 [INFO] PluginManage:310 - Check plugin cadmodel
2026-04-04 15:21:02,057 [INFO] CADModel:105 - Init CAD model plugin
2026-04-04 15:21:02,058 [INFO] PluginManage:359 - Loaded plugin cadmodel (category:power,tabindex:5)
2026-04-04 15:21:02,058 [INFO] PluginManage:310 - Check plugin clock
2026-04-04 15:21:02,072 [INFO] PluginManage:359 - Loaded plugin clock (category:base,tabindex:2)
2026-04-04 15:21:02,072 [INFO] PluginManage:310 - Check plugin ddr
2026-04-04 15:21:02,076 [INFO] PluginManage:359 - Loaded plugin ddr (category:tool,tabindex:6)
2026-04-04 15:21:02,076 [INFO] PluginManage:310 - Check plugin filemanager
2026-04-04 15:21:02,448 [INFO] PluginManage:359 - Loaded plugin filemanager (category:base,tabindex:10)
2026-04-04 15:21:02,452 [INFO] PluginManage:310 - Check plugin ipmanager
2026-04-04 15:21:02,465 [INFO] PluginManage:359 - Loaded plugin ipmanager (category:base,tabindex:5)
2026-04-04 15:21:02,466 [INFO] PluginManage:310 - Check plugin lpbam
2026-04-04 15:21:02,494 [INFO] PluginManage:359 - Loaded plugin lpbam (category:base,tabindex:0)
2026-04-04 15:21:02,495 [INFO] PluginManage:310 - Check plugin memorymap
2026-04-04 15:21:02,534 [INFO] PluginManage:359 - Loaded plugin memorymap (category:base,tabindex:4)
2026-04-04 15:21:02,535 [INFO] PluginManage:310 - Check plugin pinoutandconfiguration
2026-04-04 15:21:02,557 [INFO] PluginManage:359 - Loaded plugin pinoutandconfiguration (category:base,tabindex:1)
2026-04-04 15:21:02,557 [INFO] PluginManage:310 - Check plugin pinoutconfig
2026-04-04 15:21:02,795 [WARN] SupportedApi:132 - Cannot load RTOS API schema: s4s-elt-must-match.1: The content of 'definitions' must match (annotation?, (simpleType | complexType)?, (unique | key | keyref)*)). A problem was found starting at: attribute.
2026-04-04 15:21:03,491 [INFO] PluginManage:359 - Loaded plugin pinoutconfig (category:base,tabindex:0)
2026-04-04 15:21:03,491 [INFO] PluginManage:310 - Check plugin power
2026-04-04 15:21:03,506 [INFO] PluginManage:359 - Loaded plugin power (category:power,tabindex:4)
2026-04-04 15:21:03,506 [INFO] PluginManage:310 - Check plugin projectmanager
2026-04-04 15:21:03,529 [INFO] PluginManage:359 - Loaded plugin projectmanager (category:projectmanager,tabindex:4)
2026-04-04 15:21:03,530 [INFO] PluginManage:310 - Check plugin rif
2026-04-04 15:21:03,538 [INFO] PluginManage:359 - Loaded plugin rif (category:base,tabindex:3)
2026-04-04 15:21:03,539 [INFO] PluginManage:310 - Check plugin thirdparty
2026-04-04 15:21:03,676 [WARN] IntegrityCheckThread:84 - waiting for thirdparty lock release [integrity check]
2026-04-04 15:21:03,676 [INFO] PluginManage:359 - Loaded plugin thirdparty (category:base,tabindex:-1)
2026-04-04 15:21:03,676 [INFO] IntegrityCheckThread:86 - entering critical section [integrity check]
2026-04-04 15:21:03,676 [INFO] PluginManage:310 - Check plugin tools
2026-04-04 15:21:03,677 [INFO] ThirdPartyUpdaterWithRetryManager:70 - Updater plugin not ready yet. [1/15]
2026-04-04 15:21:03,680 [INFO] PluginManage:359 - Loaded plugin tools (category:base,tabindex:7)
2026-04-04 15:21:03,680 [INFO] PluginManage:310 - Check plugin tutovideos
2026-04-04 15:21:03,859 [INFO] PluginManage:359 - Loaded plugin tutovideos (category:base,tabindex:-1)
2026-04-04 15:21:03,859 [INFO] PluginManage:310 - Check plugin updater
2026-04-04 15:21:03,904 [INFO] PluginManage:359 - Loaded plugin updater (category:base,tabindex:12)
2026-04-04 15:21:03,905 [INFO] PluginManage:310 - Check plugin userauth
2026-04-04 15:21:03,910 [INFO] UserAuth:118 - Init User Auth plugin
2026-04-04 15:21:03,911 [INFO] PluginManage:359 - Loaded plugin userauth (category:base,tabindex:14)
2026-04-04 15:21:03,912 [INFO] PluginManage:283 - PluginManage : Loaded plugins [18]
2026-04-04 15:21:04,211 [INFO] PinOutPanel:1589 - setPackage(No Configuration,No Configuration)
2026-04-04 15:21:04,290 [INFO] CADModel:165 - CPN selected for project level
2026-04-04 15:21:04,290 [INFO] CADModel:114 - Register for checkConnection events
2026-04-04 15:21:04,302 [INFO] IPUIPlugin:80 - create IPUIPlugin
2026-04-04 15:21:04,303 [INFO] PluginManager:220 - loadIPPluginJar : add openamp
2026-04-04 15:21:04,308 [INFO] IPUIPlugin:80 - create IPUIPlugin
2026-04-04 15:21:04,308 [INFO] PluginManager:220 - loadIPPluginJar : add pdm2pcm
2026-04-04 15:21:04,312 [INFO] IPUIPlugin:80 - create IPUIPlugin
2026-04-04 15:21:04,312 [INFO] PluginManager:220 - loadIPPluginJar : add touchsensing
2026-04-04 15:21:04,320 [INFO] IPUIPlugin:80 - create IPUIPlugin
2026-04-04 15:21:04,324 [INFO] PluginManager:220 - loadIPPluginJar : add plateformsettings
2026-04-04 15:21:04,329 [INFO] IPUIPlugin:80 - create IPUIPlugin
2026-04-04 15:21:04,330 [INFO] PluginManager:220 - loadIPPluginJar : add resmgrutility
2026-04-04 15:21:04,336 [INFO] IPUIPlugin:80 - create IPUIPlugin
2026-04-04 15:21:04,337 [INFO] PluginManager:220 - loadIPPluginJar : add gic
2026-04-04 15:21:04,338 [INFO] IPUIPlugin:80 - create IPUIPlugin
2026-04-04 15:21:04,339 [INFO] PluginManager:220 - loadIPPluginJar : add genericplugin
2026-04-04 15:21:04,341 [INFO] IPUIPlugin:80 - create IPUIPlugin
2026-04-04 15:21:04,341 [INFO] PluginManager:220 - loadIPPluginJar : add tracer_emb
2026-04-04 15:21:04,343 [INFO] IPUIPlugin:80 - create IPUIPlugin
2026-04-04 15:21:04,344 [INFO] PluginManager:220 - loadIPPluginJar : add extmemmanager
2026-04-04 15:21:04,346 [INFO] IPUIPlugin:80 - create IPUIPlugin
2026-04-04 15:21:04,346 [INFO] PluginManager:220 - loadIPPluginJar : add spi
2026-04-04 15:21:04,352 [INFO] IPUIPlugin:80 - create IPUIPlugin
2026-04-04 15:21:04,352 [INFO] PluginManager:220 - loadIPPluginJar : add linkedlist
2026-04-04 15:21:04,354 [INFO] IPUIPlugin:80 - create IPUIPlugin
2026-04-04 15:21:04,354 [INFO] PluginManager:220 - loadIPPluginJar : add ucpd
2026-04-04 15:21:04,357 [INFO] IPUIPlugin:80 - create IPUIPlugin
2026-04-04 15:21:04,357 [INFO] PluginManager:220 - loadIPPluginJar : add i3c
2026-04-04 15:21:04,359 [INFO] IPUIPlugin:80 - create IPUIPlugin
2026-04-04 15:21:04,359 [INFO] PluginManager:220 - loadIPPluginJar : add hash
2026-04-04 15:21:04,363 [INFO] IPUIPlugin:80 - create IPUIPlugin
2026-04-04 15:21:04,363 [INFO] PluginManager:220 - loadIPPluginJar : add nvic
2026-04-04 15:21:04,367 [INFO] IPUIPlugin:80 - create IPUIPlugin
2026-04-04 15:21:04,367 [INFO] PluginManager:220 - loadIPPluginJar : add usbx
2026-04-04 15:21:04,369 [INFO] IPUIPlugin:80 - create IPUIPlugin
2026-04-04 15:21:04,369 [INFO] PluginManager:220 - loadIPPluginJar : add cryp
2026-04-04 15:21:04,371 [INFO] IPUIPlugin:80 - create IPUIPlugin
2026-04-04 15:21:04,371 [INFO] PluginManager:220 - loadIPPluginJar : add quadspi
2026-04-04 15:21:04,373 [INFO] IPUIPlugin:80 - create IPUIPlugin
2026-04-04 15:21:04,373 [INFO] PluginManager:220 - loadIPPluginJar : add ts
2026-04-04 15:21:04,376 [INFO] IPUIPlugin:80 - create IPUIPlugin
2026-04-04 15:21:04,376 [INFO] PluginManager:220 - loadIPPluginJar : add i2c
2026-04-04 15:21:04,379 [INFO] IPUIPlugin:80 - create IPUIPlugin
2026-04-04 15:21:04,379 [INFO] PluginManager:220 - loadIPPluginJar : add ipddr
2026-04-04 15:21:04,382 [INFO] IPUIPlugin:80 - create IPUIPlugin
2026-04-04 15:21:04,382 [INFO] PluginManager:220 - loadIPPluginJar : add aes
2026-04-04 15:21:04,385 [INFO] IPUIPlugin:80 - create IPUIPlugin
2026-04-04 15:21:04,385 [INFO] PluginManager:220 - loadIPPluginJar : add sai
2026-04-04 15:21:04,388 [INFO] IPUIPlugin:80 - create IPUIPlugin
2026-04-04 15:21:04,388 [INFO] PluginManager:220 - loadIPPluginJar : add dma3
2026-04-04 15:21:04,392 [INFO] IPUIPlugin:80 - create IPUIPlugin
2026-04-04 15:21:04,392 [INFO] PluginManager:220 - loadIPPluginJar : add lorawan
2026-04-04 15:21:04,394 [INFO] IPUIPlugin:80 - create IPUIPlugin
2026-04-04 15:21:04,395 [INFO] PluginManager:220 - loadIPPluginJar : add dfsdm
2026-04-04 15:21:04,398 [INFO] IPUIPlugin:80 - create IPUIPlugin
2026-04-04 15:21:04,398 [INFO] PluginManager:220 - loadIPPluginJar : add gtzc
2026-04-04 15:21:04,402 [INFO] IPUIPlugin:80 - create IPUIPlugin
2026-04-04 15:21:04,402 [INFO] PluginManager:220 - loadIPPluginJar : add can
2026-04-04 15:21:04,411 [INFO] IPUIPlugin:80 - create IPUIPlugin
2026-04-04 15:21:04,412 [INFO] PluginManager:220 - loadIPPluginJar : add freertos
2026-04-04 15:21:04,423 [INFO] IPUIPlugin:80 - create IPUIPlugin
2026-04-04 15:21:04,424 [INFO] PluginManager:220 - loadIPPluginJar : add usart
2026-04-04 15:21:04,435 [INFO] IPUIPlugin:80 - create IPUIPlugin
2026-04-04 15:21:04,435 [INFO] PluginManager:220 - loadIPPluginJar : add fmc
2026-04-04 15:21:04,444 [INFO] IPUIPlugin:80 - create IPUIPlugin
2026-04-04 15:21:04,444 [INFO] PluginManager:220 - loadIPPluginJar : add gpio
2026-04-04 15:21:04,453 [INFO] IPUIPlugin:80 - create IPUIPlugin
2026-04-04 15:21:04,453 [INFO] PluginManager:220 - loadIPPluginJar : add i2s
2026-04-04 15:21:04,480 [INFO] IPUIPlugin:80 - create IPUIPlugin
2026-04-04 15:21:04,482 [INFO] PluginManager:220 - loadIPPluginJar : add mdma
2026-04-04 15:21:04,493 [INFO] IPUIPlugin:80 - create IPUIPlugin
2026-04-04 15:21:04,493 [INFO] PluginManager:220 - loadIPPluginJar : add ltdc
2026-04-04 15:21:04,507 [INFO] IPUIPlugin:80 - create IPUIPlugin
2026-04-04 15:21:04,508 [INFO] PluginManager:220 - loadIPPluginJar : add opamp
2026-04-04 15:21:04,536 [INFO] IPUIPlugin:80 - create IPUIPlugin
2026-04-04 15:21:04,537 [INFO] PluginManager:220 - loadIPPluginJar : add adc
2026-04-04 15:21:04,543 [INFO] IPUIPlugin:80 - create IPUIPlugin
2026-04-04 15:21:04,543 [INFO] PluginManager:220 - loadIPPluginJar : add ddr_ctrl_phy
2026-04-04 15:21:04,572 [INFO] IPUIPlugin:80 - create IPUIPlugin
2026-04-04 15:21:04,572 [INFO] PluginManager:220 - loadIPPluginJar : add stm32_wpan
2026-04-04 15:21:04,622 [INFO] IPUIPlugin:80 - create IPUIPlugin
2026-04-04 15:21:04,623 [INFO] PluginManager:220 - loadIPPluginJar : add dma
2026-04-04 15:21:04,625 [INFO] IPUIPlugin:80 - create IPUIPlugin
2026-04-04 15:21:04,626 [INFO] PluginManager:220 - loadIPPluginJar : add tsc
2026-04-04 15:21:04,628 [INFO] IPUIPlugin:80 - create IPUIPlugin
2026-04-04 15:21:04,628 [INFO] PluginManager:220 - loadIPPluginJar : add comp
2026-04-04 15:21:04,635 [INFO] IPUIPlugin:80 - create IPUIPlugin
2026-04-04 15:21:04,635 [INFO] PluginManager:220 - loadIPPluginJar : add fatfs
2026-04-04 15:21:04,641 [INFO] IPUIPlugin:80 - create IPUIPlugin
2026-04-04 15:21:04,642 [INFO] PluginManager:220 - loadIPPluginJar : add tim
2026-04-04 15:21:04,649 [INFO] IPUIPlugin:80 - create IPUIPlugin
2026-04-04 15:21:04,650 [INFO] PluginManager:220 - loadIPPluginJar : add gfxmmu
2026-04-04 15:21:04,654 [INFO] IPUIPlugin:80 - create IPUIPlugin
2026-04-04 15:21:04,658 [INFO] PluginManager:220 - loadIPPluginJar : add radio
2026-04-04 15:21:04,784 [FATAL] Updater:351 - Updater called before beeing initialized
2026-04-04 15:21:04,816 [INFO] RulesReader:64 - Compatibility file has been processed (302 Rules)
2026-04-04 15:21:04,832 [INFO] RulesReader:64 - Compatibility file has been processed (302 Rules)
2026-04-04 15:21:04,842 [INFO] CADModel:165 - CPN selected for project level
2026-04-04 15:21:04,842 [INFO] CADModel:114 - Register for checkConnection events
2026-04-04 15:21:04,842 [FATAL] Updater:351 - Updater called before beeing initialized
2026-04-04 15:21:04,842 [ERROR] CADModel:125 - Updater not yet initialized, retry later 
2026-04-04 15:21:05,063 [FATAL] Updater:351 - Updater called before beeing initialized
2026-04-04 15:21:05,067 [INFO] CADModel:165 - CPN selected for project level
2026-04-04 15:21:05,068 [INFO] CADModel:114 - Register for checkConnection events
2026-04-04 15:21:05,068 [FATAL] Updater:351 - Updater called before beeing initialized
2026-04-04 15:21:05,068 [ERROR] CADModel:125 - Updater not yet initialized, retry later 
2026-04-04 15:21:05,073 [FATAL] Updater:351 - Updater called before beeing initialized
2026-04-04 15:21:05,205 [FATAL] Updater:351 - Updater called before beeing initialized
2026-04-04 15:21:05,210 [INFO] DbMcusAds:53 - JSON generation date=Thu Mar 05 21:32:52 ICT 2026 (1772721172890)
2026-04-04 15:21:05,210 [FATAL] Updater:351 - Updater called before beeing initialized
2026-04-04 15:21:05,255 [WARN] DetailPanel:346 - Failed to get advertising image, set to default
2026-04-04 15:21:05,512 [FATAL] Updater:351 - Updater called before beeing initialized
2026-04-04 15:21:05,514 [FATAL] Updater:351 - Updater called before beeing initialized
2026-04-04 15:21:05,514 [FATAL] Updater:351 - Updater called before beeing initialized
2026-04-04 15:21:05,514 [WARN] DetailPanel:346 - Failed to get advertising image, set to default
2026-04-04 15:21:05,516 [FATAL] Updater:351 - Updater called before beeing initialized
2026-04-04 15:21:05,555 [ERROR] Updater:1198 - MainUpdater not yet initialized. External WinMGr cannot be set.
2026-04-04 15:21:05,556 [INFO] Updater:1134 - Updater Version found : 6.14.1
2026-04-04 15:21:05,572 [INFO] ApplicationProperties:184 - Using Application install path: /opt/st/stm32cubeide_1.18.1/plugins/com.st.stm32cube.common.mx_6.14.1.202504091515
2026-04-04 15:21:05,958 [INFO] MainUpdater:2872 - connection check result : 10
2026-04-04 15:21:05,959 [INFO] MainUpdater:289 - Updater Check For Update Now.
2026-04-04 15:21:05,960 [INFO] MicroXplorer:498 - Change Database Version : DB.6.0.141
2026-04-04 15:21:06,282 [INFO] CheckServerUpdateThread:120 - End of CheckServer Thread
2026-04-04 15:21:06,412 [INFO] MainUpdater:2872 - connection check result : 10
2026-04-04 15:21:06,421 [INFO] MainUpdater:2872 - connection check result : 10
2026-04-04 15:21:07,207 [WARN] PackLoader:240 - Cannot read IP mode file for STMicroelectronics.X-CUBE-AZRTOS-H7.3.5.0
2026-04-04 15:21:07,252 [WARN] PackLoader:240 - Cannot read IP mode file for STMicroelectronics.FP-ATR-ASTRA1.2.0.2
2026-04-04 15:21:07,263 [WARN] PackLoader:240 - Cannot read IP mode file for STMicroelectronics.X-CUBE-SMBUS.2.1.0
2026-04-04 15:21:07,326 [WARN] PackLoader:240 - Cannot read IP mode file for STMicroelectronics.X-CUBE-AZRTOS-F7.1.1.0
2026-04-04 15:21:07,346 [ERROR] Engine:466 - /home/vatcraft/.stm32cubemx/thirdparties/pdsc/STMicroelectronics.FP-SNS-MOTENV1.5.1.0.pdsc: PDSC version is not supported
2026-04-04 15:21:07,352 [ERROR] Engine:466 - /home/vatcraft/.stm32cubemx/thirdparties/pdsc/WES.I-CUBE-Cesium.1.4.0.pdsc: PDSC version is not supported
2026-04-04 15:21:07,369 [WARN] PackLoader:240 - Cannot read IP mode file for STMicroelectronics.X-CUBE-DISPLAY.3.0.0
2026-04-04 15:21:07,383 [ERROR] Engine:466 - /home/vatcraft/.stm32cubemx/thirdparties/pdsc/STMicroelectronics.FP-SNS-MOTENVWB1.1.5.0.pdsc: PDSC version is not supported
2026-04-04 15:21:07,396 [WARN] PackLoader:240 - Cannot read IP mode file for STMicroelectronics.X-CUBE-NFC10.1.0.0
2026-04-04 15:21:07,408 [WARN] PackLoader:240 - Cannot read IP mode file for STMicroelectronics.X-CUBE-ST60.1.1.0
2026-04-04 15:21:07,415 [WARN] PackLoader:240 - Cannot read IP mode file for emotas.I-CUBE-CANOPEN.1.3.0
2026-04-04 15:21:07,440 [WARN] PackLoader:240 - Cannot read IP mode file for STMicroelectronics.X-CUBE-GNSS1.7.1.0
2026-04-04 15:21:07,448 [ERROR] Engine:466 - /home/vatcraft/.stm32cubemx/thirdparties/pdsc/STMicroelectronics.FP-SNS-STBOX1.2.1.0.pdsc: PDSC version is not supported
2026-04-04 15:21:07,453 [WARN] PackLoader:240 - Cannot read IP mode file for STMicroelectronics.FP-SNS-SMARTAG2.1.2.0
2026-04-04 15:21:07,458 [WARN] PackLoader:240 - Cannot read IP mode file for STMicroelectronics.FP-SNS-FLIGHT1.5.1.0
2026-04-04 15:21:07,468 [INFO] LogOutputStream:77 - [STDOUT_REDIRECT] 1 : Invalid condition id : UX_CORESTACK_Condition cause : null
2026-04-04 15:21:07,469 [INFO] LogOutputStream:77 - [STDOUT_REDIRECT] 1 : Invalid condition id : UX_CORESTACK_Condition cause : null
2026-04-04 15:21:07,469 [INFO] LogOutputStream:77 - [STDOUT_REDIRECT] 1 : Invalid condition id : UX_CORESTACK_Condition cause : null
2026-04-04 15:21:07,470 [INFO] LogOutputStream:77 - [STDOUT_REDIRECT] 1 : Invalid condition id : UX_CORESTACK_Condition cause : null
2026-04-04 15:21:07,470 [INFO] LogOutputStream:77 - [STDOUT_REDIRECT] 1 : Invalid condition id : UX_CORESTACK_Condition cause : null
2026-04-04 15:21:07,476 [WARN] PackLoader:240 - Cannot read IP mode file for STMicroelectronics.X-CUBE-AZRTOS-WL.2.0.0
2026-04-04 15:21:07,503 [WARN] PackLoader:240 - Cannot read IP mode file for STMicroelectronics.X-CUBE-AZRTOS-H7RS.1.2.0
2026-04-04 15:21:07,512 [WARN] PackLoader:240 - Cannot read IP mode file for STMicroelectronics.X-CUBE-BLE2.3.3.0
2026-04-04 15:21:07,551 [WARN] PackLoader:240 - Cannot read IP mode file for Infineon.AIROC-Wi-Fi-Bluetooth-STM32.1.8.0
2026-04-04 15:21:07,564 [WARN] PackLoader:240 - Cannot read IP mode file for STMicroelectronics.X-CUBE-NFC9.1.0.0
2026-04-04 15:21:07,570 [WARN] PackLoader:240 - Cannot read IP mode file for STMicroelectronics.X-CUBE-BLE1.7.1.0
2026-04-04 15:21:07,573 [WARN] PackLoader:240 - Cannot read IP mode file for wolfSSL.I-CUBE-wolfMQTT.1.19.2
2026-04-04 15:21:07,579 [WARN] PackLoader:240 - Cannot read IP mode file for STMicroelectronics.X-CUBE-EEPRMA1.5.2.0
2026-04-04 15:21:07,586 [WARN] PackLoader:240 - Cannot read IP mode file for wolfSSL.I-CUBE-wolfSSL.5.8.4
2026-04-04 15:21:07,588 [WARN] PackLoader:240 - Cannot read IP mode file for Cesanta.I-CUBE-Mongoose.7.20.0
2026-04-04 15:21:07,648 [WARN] PackLoader:240 - Cannot read IP mode file for STMicroelectronics.X-CUBE-MEMS1.12.0.0
2026-04-04 15:21:07,780 [WARN] PackLoader:240 - Cannot read IP mode file for STMicroelectronics.X-CUBE-AZRTOS-G0.1.1.0
2026-04-04 15:21:07,786 [WARN] PackLoader:240 - Cannot read IP mode file for STMicroelectronics.X-CUBE-NFC4.3.0.0
2026-04-04 15:21:07,794 [WARN] PackLoader:240 - Cannot read IP mode file for EmbeddedOffice.I-CUBE-FS-RTOS.1.0.1
2026-04-04 15:21:07,799 [WARN] PackLoader:240 - Cannot read IP mode file for STMicroelectronics.X-CUBE-WB05N.2.0.0
2026-04-04 15:21:07,803 [WARN] PackLoader:240 - Cannot read IP mode file for wolfSSL.I-CUBE-wolfTPM.3.8.0
2026-04-04 15:21:07,808 [WARN] PackLoader:240 - Cannot read IP mode file for STMicroelectronics.X-CUBE-TCPP.4.2.0
2026-04-04 15:21:07,812 [WARN] PackLoader:240 - Cannot read IP mode file for RealThread.X-CUBE-RT-Thread_Nano.4.1.1
2026-04-04 15:21:07,832 [WARN] PackLoader:240 - Cannot read IP mode file for STMicroelectronics.FP-ATR-SIGFOX1.3.2.0
2026-04-04 15:21:07,834 [ERROR] Engine:466 - /home/vatcraft/.stm32cubemx/thirdparties/pdsc/STMicroelectronics.X-CUBE-FREERTOS.1.5.0.pdsc: PDSC version is not supported
2026-04-04 15:21:07,839 [WARN] PackLoader:240 - Cannot read IP mode file for ITTIA_DB.I-CUBE-ITTIADB.8.9.0
2026-04-04 15:21:07,845 [WARN] PackLoader:240 - Cannot read IP mode file for STMicroelectronics.X-CUBE-NFC6.3.2.0
2026-04-04 15:21:07,851 [WARN] PackLoader:240 - Cannot read IP mode file for STMicroelectronics.X-CUBE-AI.10.2.0
2026-04-04 15:21:07,878 [WARN] PackLoader:240 - Cannot read IP mode file for SEGGER.I-CUBE-embOS.1.3.1
2026-04-04 15:21:07,915 [WARN] PackLoader:240 - Cannot read IP mode file for STMicroelectronics.X-CUBE-ALGOBUILD.1.4.0
2026-04-04 15:21:07,919 [WARN] PackLoader:240 - Cannot read IP mode file for STMicroelectronics.X-CUBE-PM33A1.1.0.0
2026-04-04 15:21:07,933 [WARN] PackLoader:240 - Cannot read IP mode file for STMicroelectronics.X-CUBE-AZRTOS-F4.1.1.0
2026-04-04 15:21:07,938 [WARN] PackLoader:240 - Cannot read IP mode file for STMicroelectronics.X-CUBE-ISPU.2.1.0
2026-04-04 15:21:07,945 [ERROR] Engine:466 - /home/vatcraft/.stm32cubemx/thirdparties/pdsc/STMicroelectronics.X-CUBE-IPS.3.2.0.pdsc: PDSC version is not supported
2026-04-04 15:21:07,954 [WARN] PackLoader:240 - Cannot read IP mode file for STMicroelectronics.X-CUBE-NFC12.1.0.0
2026-04-04 15:21:07,986 [WARN] PackLoader:240 - Cannot read IP mode file for STMicroelectronics.X-CUBE-AZRTOS-L5.2.0.0
2026-04-04 15:21:07,996 [WARN] PackLoader:240 - Cannot read IP mode file for STMicroelectronics.X-CUBE-TOUCHGFX.4.26.1
2026-04-04 15:21:08,003 [WARN] PackLoader:240 - Cannot read IP mode file for STMicroelectronics.FP-SNS-STAIOTCFT.1.0.0
2026-04-04 15:21:08,013 [WARN] PackLoader:240 - Cannot read IP mode file for STMicroelectronics.X-CUBE-DPower.1.3.0
2026-04-04 15:21:08,042 [WARN] ConditionMgr:438 - getConditionDescription Invalid condition id : LAN8742 Phy interface Condition cause : null
2026-04-04 15:21:08,043 [WARN] PackLoader:240 - Cannot read IP mode file for STMicroelectronics.X-CUBE-AZRTOS-L4.2.0.0
2026-04-04 15:21:08,046 [WARN] ConditionMgr:1044 - genDependencies : Invalid condition id : LAN8742 Phy interface Condition cause : null
2026-04-04 15:21:08,046 [WARN] ConditionMgr:1044 - genDependencies : Invalid condition id : LAN8742 Phy interface Condition cause : null
2026-04-04 15:21:08,048 [WARN] ConditionMgr:1044 - genDependencies : Invalid condition id : LAN8742 Phy interface Condition cause : null
2026-04-04 15:21:08,061 [WARN] PackLoader:240 - Cannot read IP mode file for STMicroelectronics.X-CUBE-SFXS2LP1.4.0.0
2026-04-04 15:21:08,068 [ERROR] Engine:466 - /home/vatcraft/.stm32cubemx/thirdparties/pdsc/STMicroelectronics.X-CUBE-ST67W61.1.2.0.pdsc: PDSC version is not supported
2026-04-04 15:21:08,098 [WARN] PackLoader:240 - Cannot read IP mode file for STMicroelectronics.X-CUBE-BLEMGR.4.1.0
2026-04-04 15:21:08,151 [WARN] ConditionMgr:438 - getConditionDescription Invalid condition id : UX DEVICE CLASS RTOS Condition cause : null
2026-04-04 15:21:08,151 [WARN] ConditionMgr:438 - getConditionDescription Invalid condition id : UX DEVICE CLASS RTOS Condition cause : null
2026-04-04 15:21:08,155 [WARN] PackLoader:240 - Cannot read IP mode file for STMicroelectronics.X-CUBE-AZRTOS-WB.2.0.0
2026-04-04 15:21:08,156 [WARN] ConditionMgr:1044 - genDependencies : Invalid condition id : UX DEVICE CLASS RTOS Condition cause : null
2026-04-04 15:21:08,156 [WARN] ConditionMgr:1044 - genDependencies : Invalid condition id : UX DEVICE CLASS RTOS Condition cause : null
2026-04-04 15:21:08,158 [WARN] ConditionMgr:1044 - genDependencies : Invalid condition id : UX DEVICE CLASS RTOS Condition cause : null
2026-04-04 15:21:08,158 [WARN] ConditionMgr:1044 - genDependencies : Invalid condition id : UX DEVICE CLASS RTOS Condition cause : null
2026-04-04 15:21:08,158 [WARN] ConditionMgr:1044 - genDependencies : Invalid condition id : UX DEVICE CLASS RTOS Condition cause : null
2026-04-04 15:21:08,164 [WARN] ConditionMgr:438 - getConditionDescription Invalid condition id : Cortex-A Device cause : null
2026-04-04 15:21:08,183 [WARN] ConditionMgr:1044 - genDependencies : Invalid condition id : Cortex-A Device cause : null
2026-04-04 15:21:08,184 [WARN] ConditionMgr:1044 - genDependencies : Invalid condition id : Cortex-A Device cause : null
2026-04-04 15:21:08,184 [WARN] ConditionMgr:1044 - genDependencies : Invalid condition id : Cortex-A Device cause : null
2026-04-04 15:21:08,199 [WARN] PackLoader:240 - Cannot read IP mode file for STMicroelectronics.X-CUBE-STSE01.2.0.0
2026-04-04 15:21:08,230 [WARN] PackLoader:240 - Cannot read IP mode file for STMicroelectronics.X-CUBE-SUBG2.5.0.0
2026-04-04 15:21:08,264 [WARN] PackLoader:240 - Cannot read IP mode file for STMicroelectronics.X-CUBE-AZRTOS-G4.2.0.0
2026-04-04 15:21:08,270 [WARN] PackLoader:240 - Cannot read IP mode file for wolfSSL.I-CUBE-wolfSSH.1.4.20
2026-04-04 15:21:08,275 [WARN] PackLoader:240 - Cannot read IP mode file for STMicroelectronics.X-CUBE-NFC7.2.0.0
2026-04-04 15:21:08,280 [WARN] PackLoader:240 - Cannot read IP mode file for STMicroelectronics.X-CUBE-ALS.1.0.2
2026-04-04 15:21:08,294 [WARN] PackLoader:240 - Cannot read IP mode file for STMicroelectronics.X-CUBE-TOF1.3.4.3
2026-04-04 15:21:08,312 [INFO] ThirdParty:978 - Integrity check success = true
2026-04-04 15:21:08,312 [INFO] IntegrityCheckThread:100 - exiting critical section [integrity check]
2026-04-04 15:21:08,312 [INFO] IntegrityCheckThread:103 - End integrity checks thread
