2026-04-06 08:29:29,999 [INFO] Activator:176 - 


2026-04-06 08:29:30,003 [INFO] Activator:177 - !SESSION log4j initialized
2026-04-06 08:29:35,354 [INFO] LogOutputStream:77 - [STDOUT_REDIRECT] 
2026-04-06 08:29:36,264 [INFO] ApplicationProperties:184 - Using Application install path: /opt/st/stm32cubeide_1.18.1/plugins/com.st.stm32cube.common.mx_6.14.1.202504091515
2026-04-06 08:29:36,279 [INFO] DbMcusXml:78 - Set database path to: /opt/st/stm32cubeide_1.18.1/plugins/com.st.stm32cube.common.mx_6.14.1.202504091515//db//mcu/
2026-04-06 08:29:36,279 [INFO] ApiDb:274 - Set plugin database path to: /opt/st/stm32cubeide_1.18.1/plugins/com.st.stm32cube.common.mx_6.14.1.202504091515//db//plugins/boardmanager/
2026-04-06 08:29:36,279 [WARN] ApiDb:259 - Overriding images path with different value:  => /opt/st/stm32cubeide_1.18.1/plugins/com.st.stm32cube.common.mx_6.14.1.202504091515//db//plugins/mcufinder/images/
2026-04-06 08:29:36,288 [INFO] ApiDb:250 - Set database path to: /home/vatcraft/.stmcufinder/plugins/mcufinder//mcu/
2026-04-06 08:29:36,289 [INFO] DbMcusAds:125 - Set database path to: /home/vatcraft/.stmcufinder/plugins/mcufinder//mcu/
2026-04-06 08:29:36,291 [INFO] CrossReferenceDbSqlite:203 - Set database path to: /home/vatcraft/.stmcufinder/plugins/mcufinder//mcu/cs/
2026-04-06 08:29:36,429 [INFO] RulesReader:64 - Compatibility file has been processed (302 Rules)
2026-04-06 08:29:36,490 [INFO] DbMcusXml:78 - Set database path to: /opt/st/stm32cubeide_1.18.1/plugins/com.st.stm32cube.common.mx_6.14.1.202504091515//db//mcu/
2026-04-06 08:29:36,490 [INFO] ApiDb:274 - Set plugin database path to: /opt/st/stm32cubeide_1.18.1/plugins/com.st.stm32cube.common.mx_6.14.1.202504091515//db//plugins/boardmanager/
2026-04-06 08:29:36,490 [INFO] ApiDb:261 - Set plugin images path to: /opt/st/stm32cubeide_1.18.1/plugins/com.st.stm32cube.common.mx_6.14.1.202504091515//db//plugins/mcufinder/images/
2026-04-06 08:29:36,491 [WARN] DbFile:41 - Overriding database path with different value: /home/vatcraft/.stmcufinder/plugins/mcufinder/ => /home/vatcraft/.stmcufinder/plugins/mcufinder
2026-04-06 08:29:36,491 [INFO] ApiDb:250 - Set database path to: /home/vatcraft/.stmcufinder/plugins/mcufinder//mcu/
2026-04-06 08:29:36,491 [WARN] DbFile:41 - Overriding database path with different value: /home/vatcraft/.stmcufinder/plugins/mcufinder/ => /home/vatcraft/.stmcufinder/plugins/mcufinder
2026-04-06 08:29:36,491 [INFO] DbMcusAds:125 - Set database path to: /home/vatcraft/.stmcufinder/plugins/mcufinder//mcu/
2026-04-06 08:29:36,491 [WARN] DbFile:41 - Overriding database path with different value: /home/vatcraft/.stmcufinder/plugins/mcufinder/ => /home/vatcraft/.stmcufinder/plugins/mcufinder
2026-04-06 08:29:36,491 [WARN] DbFile:41 - Overriding database path with different value: /home/vatcraft/.stmcufinder/plugins/mcufinder/ => /home/vatcraft/.stmcufinder/plugins/mcufinder
2026-04-06 08:29:36,491 [INFO] CrossReferenceDbSqlite:203 - Set database path to: /home/vatcraft/.stmcufinder/plugins/mcufinder//mcu/cs/
2026-04-06 08:29:36,562 [INFO] MainPanel:272 - HeapMemory: 268435456
2026-04-06 08:29:36,708 [INFO] DbMcusXml:78 - Set database path to: /opt/st/stm32cubeide_1.18.1/plugins/com.st.stm32cube.common.mx_6.14.1.202504091515//db//mcu/
2026-04-06 08:29:36,708 [INFO] ApiDb:274 - Set plugin database path to: /opt/st/stm32cubeide_1.18.1/plugins/com.st.stm32cube.common.mx_6.14.1.202504091515//db//plugins/boardmanager/
2026-04-06 08:29:36,708 [INFO] ApiDb:261 - Set plugin images path to: /opt/st/stm32cubeide_1.18.1/plugins/com.st.stm32cube.common.mx_6.14.1.202504091515//db//plugins/mcufinder/images/
2026-04-06 08:29:36,708 [WARN] DbFile:41 - Overriding database path with different value: /home/vatcraft/.stmcufinder/plugins/mcufinder/ => /home/vatcraft/.stmcufinder/plugins/mcufinder
2026-04-06 08:29:36,709 [INFO] ApiDb:250 - Set database path to: /home/vatcraft/.stmcufinder/plugins/mcufinder//mcu/
2026-04-06 08:29:36,709 [WARN] DbFile:41 - Overriding database path with different value: /home/vatcraft/.stmcufinder/plugins/mcufinder/ => /home/vatcraft/.stmcufinder/plugins/mcufinder
2026-04-06 08:29:36,709 [INFO] DbMcusAds:125 - Set database path to: /home/vatcraft/.stmcufinder/plugins/mcufinder//mcu/
2026-04-06 08:29:36,709 [WARN] DbFile:41 - Overriding database path with different value: /home/vatcraft/.stmcufinder/plugins/mcufinder/ => /home/vatcraft/.stmcufinder/plugins/mcufinder
2026-04-06 08:29:36,709 [WARN] DbFile:41 - Overriding database path with different value: /home/vatcraft/.stmcufinder/plugins/mcufinder/ => /home/vatcraft/.stmcufinder/plugins/mcufinder
2026-04-06 08:29:36,709 [INFO] CrossReferenceDbSqlite:203 - Set database path to: /home/vatcraft/.stmcufinder/plugins/mcufinder//mcu/cs/
2026-04-06 08:29:36,725 [INFO] ApplicationProperties:184 - Using Application install path: /opt/st/stm32cubeide_1.18.1/plugins/com.st.stm32cube.common.mx_6.14.1.202504091515
2026-04-06 08:29:36,727 [INFO] PluginManage:196 - Search for loadable plugins [exclusion list=, ]
2026-04-06 08:29:36,728 [INFO] PluginManage:310 - Check plugin analytics
2026-04-06 08:29:36,917 [INFO] AnalyticsPlugin:253 - Accepted Software Licenses: 
2026-04-06 08:29:36,917 [INFO] AnalyticsPlugin:255 - Accepted CMSIS Pack Licenses: 
2026-04-06 08:29:36,917 [INFO] AnalyticsPlugin:257 - Accepted Firmware Licenses: FW.F4.1.28.0,FW.L4.1.18.0
2026-04-06 08:29:36,921 [INFO] PluginManage:359 - Loaded plugin analytics (category:tool,tabindex:-1)
2026-04-06 08:29:36,921 [INFO] PluginManage:310 - Check plugin cadmodel
2026-04-06 08:29:36,928 [INFO] CADModel:105 - Init CAD model plugin
2026-04-06 08:29:36,928 [INFO] PluginManage:359 - Loaded plugin cadmodel (category:power,tabindex:5)
2026-04-06 08:29:36,928 [INFO] PluginManage:310 - Check plugin clock
2026-04-06 08:29:36,939 [INFO] PluginManage:359 - Loaded plugin clock (category:base,tabindex:2)
2026-04-06 08:29:36,939 [INFO] PluginManage:310 - Check plugin ddr
2026-04-06 08:29:36,942 [INFO] PluginManage:359 - Loaded plugin ddr (category:tool,tabindex:6)
2026-04-06 08:29:36,943 [INFO] PluginManage:310 - Check plugin filemanager
2026-04-06 08:29:37,106 [INFO] PluginManage:359 - Loaded plugin filemanager (category:base,tabindex:10)
2026-04-06 08:29:37,107 [INFO] PluginManage:310 - Check plugin ipmanager
2026-04-06 08:29:37,112 [INFO] PluginManage:359 - Loaded plugin ipmanager (category:base,tabindex:5)
2026-04-06 08:29:37,112 [INFO] PluginManage:310 - Check plugin lpbam
2026-04-06 08:29:37,122 [INFO] PluginManage:359 - Loaded plugin lpbam (category:base,tabindex:0)
2026-04-06 08:29:37,122 [INFO] PluginManage:310 - Check plugin memorymap
2026-04-06 08:29:37,133 [INFO] PluginManage:359 - Loaded plugin memorymap (category:base,tabindex:4)
2026-04-06 08:29:37,133 [INFO] PluginManage:310 - Check plugin pinoutandconfiguration
2026-04-06 08:29:37,142 [INFO] PluginManage:359 - Loaded plugin pinoutandconfiguration (category:base,tabindex:1)
2026-04-06 08:29:37,142 [INFO] PluginManage:310 - Check plugin pinoutconfig
2026-04-06 08:29:37,228 [WARN] SupportedApi:132 - Cannot load RTOS API schema: s4s-elt-must-match.1: The content of 'definitions' must match (annotation?, (simpleType | complexType)?, (unique | key | keyref)*)). A problem was found starting at: attribute.
2026-04-06 08:29:37,366 [INFO] PluginManage:359 - Loaded plugin pinoutconfig (category:base,tabindex:0)
2026-04-06 08:29:37,366 [INFO] PluginManage:310 - Check plugin power
2026-04-06 08:29:37,377 [INFO] PluginManage:359 - Loaded plugin power (category:power,tabindex:4)
2026-04-06 08:29:37,377 [INFO] PluginManage:310 - Check plugin projectmanager
2026-04-06 08:29:37,395 [INFO] PluginManage:359 - Loaded plugin projectmanager (category:projectmanager,tabindex:4)
2026-04-06 08:29:37,395 [INFO] PluginManage:310 - Check plugin rif
2026-04-06 08:29:37,403 [INFO] PluginManage:359 - Loaded plugin rif (category:base,tabindex:3)
2026-04-06 08:29:37,403 [INFO] PluginManage:310 - Check plugin thirdparty
2026-04-06 08:29:37,556 [INFO] PluginManage:359 - Loaded plugin thirdparty (category:base,tabindex:-1)
2026-04-06 08:29:37,556 [WARN] IntegrityCheckThread:84 - waiting for thirdparty lock release [integrity check]
2026-04-06 08:29:37,557 [INFO] IntegrityCheckThread:86 - entering critical section [integrity check]
2026-04-06 08:29:37,557 [INFO] ThirdPartyUpdaterWithRetryManager:70 - Updater plugin not ready yet. [1/15]
2026-04-06 08:29:37,558 [INFO] PluginManage:310 - Check plugin tools
2026-04-06 08:29:37,560 [INFO] PluginManage:359 - Loaded plugin tools (category:base,tabindex:7)
2026-04-06 08:29:37,560 [INFO] PluginManage:310 - Check plugin tutovideos
2026-04-06 08:29:37,730 [INFO] PluginManage:359 - Loaded plugin tutovideos (category:base,tabindex:-1)
2026-04-06 08:29:37,730 [INFO] PluginManage:310 - Check plugin updater
2026-04-06 08:29:37,751 [INFO] PluginManage:359 - Loaded plugin updater (category:base,tabindex:12)
2026-04-06 08:29:37,752 [INFO] PluginManage:310 - Check plugin userauth
2026-04-06 08:29:37,755 [INFO] UserAuth:118 - Init User Auth plugin
2026-04-06 08:29:37,756 [INFO] PluginManage:359 - Loaded plugin userauth (category:base,tabindex:14)
2026-04-06 08:29:37,757 [INFO] PluginManage:283 - PluginManage : Loaded plugins [18]
2026-04-06 08:29:37,923 [INFO] PinOutPanel:1589 - setPackage(No Configuration,No Configuration)
2026-04-06 08:29:37,992 [INFO] CADModel:165 - CPN selected for project level
2026-04-06 08:29:37,992 [INFO] CADModel:114 - Register for checkConnection events
2026-04-06 08:29:38,005 [INFO] IPUIPlugin:80 - create IPUIPlugin
2026-04-06 08:29:38,005 [INFO] PluginManager:220 - loadIPPluginJar : add openamp
2026-04-06 08:29:38,012 [INFO] IPUIPlugin:80 - create IPUIPlugin
2026-04-06 08:29:38,012 [INFO] PluginManager:220 - loadIPPluginJar : add pdm2pcm
2026-04-06 08:29:38,015 [INFO] IPUIPlugin:80 - create IPUIPlugin
2026-04-06 08:29:38,016 [INFO] PluginManager:220 - loadIPPluginJar : add touchsensing
2026-04-06 08:29:38,024 [INFO] IPUIPlugin:80 - create IPUIPlugin
2026-04-06 08:29:38,027 [INFO] PluginManager:220 - loadIPPluginJar : add plateformsettings
2026-04-06 08:29:38,032 [INFO] IPUIPlugin:80 - create IPUIPlugin
2026-04-06 08:29:38,033 [INFO] PluginManager:220 - loadIPPluginJar : add resmgrutility
2026-04-06 08:29:38,038 [INFO] IPUIPlugin:80 - create IPUIPlugin
2026-04-06 08:29:38,038 [INFO] PluginManager:220 - loadIPPluginJar : add gic
2026-04-06 08:29:38,040 [INFO] IPUIPlugin:80 - create IPUIPlugin
2026-04-06 08:29:38,040 [INFO] PluginManager:220 - loadIPPluginJar : add genericplugin
2026-04-06 08:29:38,042 [INFO] IPUIPlugin:80 - create IPUIPlugin
2026-04-06 08:29:38,042 [INFO] PluginManager:220 - loadIPPluginJar : add tracer_emb
2026-04-06 08:29:38,045 [INFO] IPUIPlugin:80 - create IPUIPlugin
2026-04-06 08:29:38,045 [INFO] PluginManager:220 - loadIPPluginJar : add extmemmanager
2026-04-06 08:29:38,048 [INFO] IPUIPlugin:80 - create IPUIPlugin
2026-04-06 08:29:38,048 [INFO] PluginManager:220 - loadIPPluginJar : add spi
2026-04-06 08:29:38,056 [INFO] IPUIPlugin:80 - create IPUIPlugin
2026-04-06 08:29:38,057 [INFO] PluginManager:220 - loadIPPluginJar : add linkedlist
2026-04-06 08:29:38,060 [INFO] IPUIPlugin:80 - create IPUIPlugin
2026-04-06 08:29:38,060 [INFO] PluginManager:220 - loadIPPluginJar : add ucpd
2026-04-06 08:29:38,063 [INFO] IPUIPlugin:80 - create IPUIPlugin
2026-04-06 08:29:38,064 [INFO] PluginManager:220 - loadIPPluginJar : add i3c
2026-04-06 08:29:38,067 [INFO] IPUIPlugin:80 - create IPUIPlugin
2026-04-06 08:29:38,067 [INFO] PluginManager:220 - loadIPPluginJar : add hash
2026-04-06 08:29:38,072 [INFO] IPUIPlugin:80 - create IPUIPlugin
2026-04-06 08:29:38,072 [INFO] PluginManager:220 - loadIPPluginJar : add nvic
2026-04-06 08:29:38,076 [INFO] IPUIPlugin:80 - create IPUIPlugin
2026-04-06 08:29:38,077 [INFO] PluginManager:220 - loadIPPluginJar : add usbx
2026-04-06 08:29:38,080 [INFO] IPUIPlugin:80 - create IPUIPlugin
2026-04-06 08:29:38,080 [INFO] PluginManager:220 - loadIPPluginJar : add cryp
2026-04-06 08:29:38,082 [INFO] IPUIPlugin:80 - create IPUIPlugin
2026-04-06 08:29:38,082 [INFO] PluginManager:220 - loadIPPluginJar : add quadspi
2026-04-06 08:29:38,085 [INFO] IPUIPlugin:80 - create IPUIPlugin
2026-04-06 08:29:38,085 [INFO] PluginManager:220 - loadIPPluginJar : add ts
2026-04-06 08:29:38,089 [INFO] IPUIPlugin:80 - create IPUIPlugin
2026-04-06 08:29:38,089 [INFO] PluginManager:220 - loadIPPluginJar : add i2c
2026-04-06 08:29:38,093 [INFO] IPUIPlugin:80 - create IPUIPlugin
2026-04-06 08:29:38,093 [INFO] PluginManager:220 - loadIPPluginJar : add ipddr
2026-04-06 08:29:38,096 [INFO] IPUIPlugin:80 - create IPUIPlugin
2026-04-06 08:29:38,096 [INFO] PluginManager:220 - loadIPPluginJar : add aes
2026-04-06 08:29:38,100 [INFO] IPUIPlugin:80 - create IPUIPlugin
2026-04-06 08:29:38,100 [INFO] PluginManager:220 - loadIPPluginJar : add sai
2026-04-06 08:29:38,103 [INFO] IPUIPlugin:80 - create IPUIPlugin
2026-04-06 08:29:38,104 [INFO] PluginManager:220 - loadIPPluginJar : add dma3
2026-04-06 08:29:38,107 [INFO] IPUIPlugin:80 - create IPUIPlugin
2026-04-06 08:29:38,107 [INFO] PluginManager:220 - loadIPPluginJar : add lorawan
2026-04-06 08:29:38,110 [INFO] IPUIPlugin:80 - create IPUIPlugin
2026-04-06 08:29:38,110 [INFO] PluginManager:220 - loadIPPluginJar : add dfsdm
2026-04-06 08:29:38,114 [INFO] IPUIPlugin:80 - create IPUIPlugin
2026-04-06 08:29:38,114 [INFO] PluginManager:220 - loadIPPluginJar : add gtzc
2026-04-06 08:29:38,117 [INFO] IPUIPlugin:80 - create IPUIPlugin
2026-04-06 08:29:38,117 [INFO] PluginManager:220 - loadIPPluginJar : add can
2026-04-06 08:29:38,124 [INFO] IPUIPlugin:80 - create IPUIPlugin
2026-04-06 08:29:38,124 [INFO] PluginManager:220 - loadIPPluginJar : add freertos
2026-04-06 08:29:38,127 [INFO] IPUIPlugin:80 - create IPUIPlugin
2026-04-06 08:29:38,128 [INFO] PluginManager:220 - loadIPPluginJar : add usart
2026-04-06 08:29:38,133 [INFO] IPUIPlugin:80 - create IPUIPlugin
2026-04-06 08:29:38,133 [INFO] PluginManager:220 - loadIPPluginJar : add fmc
2026-04-06 08:29:38,138 [INFO] IPUIPlugin:80 - create IPUIPlugin
2026-04-06 08:29:38,139 [INFO] PluginManager:220 - loadIPPluginJar : add gpio
2026-04-06 08:29:38,141 [INFO] IPUIPlugin:80 - create IPUIPlugin
2026-04-06 08:29:38,141 [INFO] PluginManager:220 - loadIPPluginJar : add i2s
2026-04-06 08:29:38,147 [INFO] IPUIPlugin:80 - create IPUIPlugin
2026-04-06 08:29:38,147 [INFO] PluginManager:220 - loadIPPluginJar : add mdma
2026-04-06 08:29:38,149 [INFO] IPUIPlugin:80 - create IPUIPlugin
2026-04-06 08:29:38,149 [INFO] PluginManager:220 - loadIPPluginJar : add ltdc
2026-04-06 08:29:38,152 [INFO] IPUIPlugin:80 - create IPUIPlugin
2026-04-06 08:29:38,152 [INFO] PluginManager:220 - loadIPPluginJar : add opamp
2026-04-06 08:29:38,159 [INFO] IPUIPlugin:80 - create IPUIPlugin
2026-04-06 08:29:38,159 [INFO] PluginManager:220 - loadIPPluginJar : add adc
2026-04-06 08:29:38,162 [INFO] IPUIPlugin:80 - create IPUIPlugin
2026-04-06 08:29:38,162 [INFO] PluginManager:220 - loadIPPluginJar : add ddr_ctrl_phy
2026-04-06 08:29:38,169 [INFO] IPUIPlugin:80 - create IPUIPlugin
2026-04-06 08:29:38,169 [INFO] PluginManager:220 - loadIPPluginJar : add stm32_wpan
2026-04-06 08:29:38,175 [INFO] IPUIPlugin:80 - create IPUIPlugin
2026-04-06 08:29:38,175 [INFO] PluginManager:220 - loadIPPluginJar : add dma
2026-04-06 08:29:38,177 [INFO] IPUIPlugin:80 - create IPUIPlugin
2026-04-06 08:29:38,177 [INFO] PluginManager:220 - loadIPPluginJar : add tsc
2026-04-06 08:29:38,178 [INFO] IPUIPlugin:80 - create IPUIPlugin
2026-04-06 08:29:38,179 [INFO] PluginManager:220 - loadIPPluginJar : add comp
2026-04-06 08:29:38,180 [INFO] IPUIPlugin:80 - create IPUIPlugin
2026-04-06 08:29:38,180 [INFO] PluginManager:220 - loadIPPluginJar : add fatfs
2026-04-06 08:29:38,182 [INFO] IPUIPlugin:80 - create IPUIPlugin
2026-04-06 08:29:38,182 [INFO] PluginManager:220 - loadIPPluginJar : add tim
2026-04-06 08:29:38,184 [INFO] IPUIPlugin:80 - create IPUIPlugin
2026-04-06 08:29:38,184 [INFO] PluginManager:220 - loadIPPluginJar : add gfxmmu
2026-04-06 08:29:38,186 [INFO] IPUIPlugin:80 - create IPUIPlugin
2026-04-06 08:29:38,187 [INFO] PluginManager:220 - loadIPPluginJar : add radio
2026-04-06 08:29:38,297 [FATAL] Updater:351 - Updater called before beeing initialized
2026-04-06 08:29:38,336 [INFO] RulesReader:64 - Compatibility file has been processed (302 Rules)
2026-04-06 08:29:38,356 [INFO] RulesReader:64 - Compatibility file has been processed (302 Rules)
2026-04-06 08:29:38,367 [INFO] CADModel:165 - CPN selected for project level
2026-04-06 08:29:38,367 [INFO] CADModel:114 - Register for checkConnection events
2026-04-06 08:29:38,367 [FATAL] Updater:351 - Updater called before beeing initialized
2026-04-06 08:29:38,368 [ERROR] CADModel:125 - Updater not yet initialized, retry later 
2026-04-06 08:29:38,517 [FATAL] Updater:351 - Updater called before beeing initialized
2026-04-06 08:29:38,519 [INFO] CADModel:165 - CPN selected for project level
2026-04-06 08:29:38,519 [INFO] CADModel:114 - Register for checkConnection events
2026-04-06 08:29:38,519 [FATAL] Updater:351 - Updater called before beeing initialized
2026-04-06 08:29:38,519 [ERROR] CADModel:125 - Updater not yet initialized, retry later 
2026-04-06 08:29:38,523 [FATAL] Updater:351 - Updater called before beeing initialized
2026-04-06 08:29:38,623 [FATAL] Updater:351 - Updater called before beeing initialized
2026-04-06 08:29:38,626 [INFO] DbMcusAds:53 - JSON generation date=Thu Mar 05 21:32:52 ICT 2026 (1772721172890)
2026-04-06 08:29:38,627 [FATAL] Updater:351 - Updater called before beeing initialized
2026-04-06 08:29:38,663 [WARN] DetailPanel:346 - Failed to get advertising image, set to default
2026-04-06 08:29:38,942 [FATAL] Updater:351 - Updater called before beeing initialized
2026-04-06 08:29:38,944 [FATAL] Updater:351 - Updater called before beeing initialized
2026-04-06 08:29:38,944 [FATAL] Updater:351 - Updater called before beeing initialized
2026-04-06 08:29:38,944 [WARN] DetailPanel:346 - Failed to get advertising image, set to default
2026-04-06 08:29:38,946 [FATAL] Updater:351 - Updater called before beeing initialized
2026-04-06 08:29:38,989 [ERROR] Updater:1198 - MainUpdater not yet initialized. External WinMGr cannot be set.
2026-04-06 08:29:38,991 [INFO] Updater:1134 - Updater Version found : 6.14.1
2026-04-06 08:29:39,012 [INFO] ApplicationProperties:184 - Using Application install path: /opt/st/stm32cubeide_1.18.1/plugins/com.st.stm32cube.common.mx_6.14.1.202504091515
2026-04-06 08:29:39,350 [INFO] MainUpdater:2872 - connection check result : 10
2026-04-06 08:29:39,351 [INFO] MainUpdater:289 - Updater Check For Update Now.
2026-04-06 08:29:39,352 [INFO] MicroXplorer:498 - Change Database Version : DB.6.0.141
2026-04-06 08:29:39,367 [INFO] McuFinderGlobals:63 - Set McuFinder mode to 2 (CubeIDE integrated)
2026-04-06 08:29:39,372 [INFO] UserAuth:484 - Internet connection configuration mode: 1
2026-04-06 08:29:39,415 [INFO] JxBrowserEngine:152 - Initiate JxBrowser Engine with user profile folder
2026-04-06 08:29:39,621 [INFO] CheckServerUpdateThread:120 - End of CheckServer Thread
2026-04-06 08:29:40,932 [WARN] PackLoader:240 - Cannot read IP mode file for STMicroelectronics.X-CUBE-AZRTOS-H7.3.5.0
2026-04-06 08:29:40,948 [WARN] PackLoader:240 - Cannot read IP mode file for STMicroelectronics.FP-ATR-ASTRA1.2.0.2
2026-04-06 08:29:40,959 [WARN] PackLoader:240 - Cannot read IP mode file for STMicroelectronics.X-CUBE-SMBUS.2.1.0
2026-04-06 08:29:40,967 [INFO] WebApp:169 - Instantiating new browser for Auth
2026-04-06 08:29:41,089 [WARN] PackLoader:240 - Cannot read IP mode file for STMicroelectronics.X-CUBE-AZRTOS-F7.1.1.0
2026-04-06 08:29:41,104 [ERROR] Engine:466 - /home/vatcraft/.stm32cubemx/thirdparties/pdsc/STMicroelectronics.FP-SNS-MOTENV1.5.1.0.pdsc: PDSC version is not supported
2026-04-06 08:29:41,110 [ERROR] Engine:466 - /home/vatcraft/.stm32cubemx/thirdparties/pdsc/WES.I-CUBE-Cesium.1.4.0.pdsc: PDSC version is not supported
2026-04-06 08:29:41,130 [WARN] PackLoader:240 - Cannot read IP mode file for STMicroelectronics.X-CUBE-DISPLAY.3.0.0
2026-04-06 08:29:41,151 [ERROR] Engine:466 - /home/vatcraft/.stm32cubemx/thirdparties/pdsc/STMicroelectronics.FP-SNS-MOTENVWB1.1.5.0.pdsc: PDSC version is not supported
2026-04-06 08:29:41,171 [WARN] PackLoader:240 - Cannot read IP mode file for STMicroelectronics.X-CUBE-NFC10.1.0.0
2026-04-06 08:29:41,180 [WARN] PackLoader:240 - Cannot read IP mode file for STMicroelectronics.X-CUBE-ST60.1.1.0
2026-04-06 08:29:41,187 [WARN] PackLoader:240 - Cannot read IP mode file for emotas.I-CUBE-CANOPEN.1.3.0
2026-04-06 08:29:41,198 [WARN] PackLoader:240 - Cannot read IP mode file for STMicroelectronics.X-CUBE-GNSS1.7.1.0
2026-04-06 08:29:41,207 [ERROR] Engine:466 - /home/vatcraft/.stm32cubemx/thirdparties/pdsc/STMicroelectronics.FP-SNS-STBOX1.2.1.0.pdsc: PDSC version is not supported
2026-04-06 08:29:41,212 [WARN] PackLoader:240 - Cannot read IP mode file for STMicroelectronics.FP-SNS-SMARTAG2.1.2.0
2026-04-06 08:29:41,217 [WARN] PackLoader:240 - Cannot read IP mode file for STMicroelectronics.FP-SNS-FLIGHT1.5.1.0
2026-04-06 08:29:41,231 [INFO] LogOutputStream:77 - [STDOUT_REDIRECT] 1 : Invalid condition id : UX_CORESTACK_Condition cause : null
2026-04-06 08:29:41,231 [INFO] LogOutputStream:77 - [STDOUT_REDIRECT] 1 : Invalid condition id : UX_CORESTACK_Condition cause : null
2026-04-06 08:29:41,233 [INFO] LogOutputStream:77 - [STDOUT_REDIRECT] 1 : Invalid condition id : UX_CORESTACK_Condition cause : null
2026-04-06 08:29:41,234 [INFO] LogOutputStream:77 - [STDOUT_REDIRECT] 1 : Invalid condition id : UX_CORESTACK_Condition cause : null
2026-04-06 08:29:41,235 [INFO] LogOutputStream:77 - [STDOUT_REDIRECT] 1 : Invalid condition id : UX_CORESTACK_Condition cause : null
2026-04-06 08:29:41,244 [WARN] PackLoader:240 - Cannot read IP mode file for STMicroelectronics.X-CUBE-AZRTOS-WL.2.0.0
2026-04-06 08:29:41,280 [WARN] PackLoader:240 - Cannot read IP mode file for STMicroelectronics.X-CUBE-AZRTOS-H7RS.1.2.0
2026-04-06 08:29:41,294 [WARN] PackLoader:240 - Cannot read IP mode file for STMicroelectronics.X-CUBE-BLE2.3.3.0
2026-04-06 08:29:41,386 [WARN] PackLoader:240 - Cannot read IP mode file for Infineon.AIROC-Wi-Fi-Bluetooth-STM32.1.8.0
2026-04-06 08:29:41,416 [WARN] PackLoader:240 - Cannot read IP mode file for STMicroelectronics.X-CUBE-NFC9.1.0.0
2026-04-06 08:29:41,432 [WARN] PackLoader:240 - Cannot read IP mode file for STMicroelectronics.X-CUBE-BLE1.7.1.0
2026-04-06 08:29:41,437 [WARN] PackLoader:240 - Cannot read IP mode file for wolfSSL.I-CUBE-wolfMQTT.1.19.2
2026-04-06 08:29:41,446 [WARN] PackLoader:240 - Cannot read IP mode file for STMicroelectronics.X-CUBE-EEPRMA1.5.2.0
2026-04-06 08:29:41,458 [WARN] PackLoader:240 - Cannot read IP mode file for wolfSSL.I-CUBE-wolfSSL.5.8.4
2026-04-06 08:29:41,466 [WARN] PackLoader:240 - Cannot read IP mode file for Cesanta.I-CUBE-Mongoose.7.20.0
2026-04-06 08:29:41,579 [WARN] PackLoader:240 - Cannot read IP mode file for STMicroelectronics.X-CUBE-MEMS1.12.0.0
2026-04-06 08:29:41,825 [WARN] PackLoader:240 - Cannot read IP mode file for STMicroelectronics.X-CUBE-AZRTOS-G0.1.1.0
2026-04-06 08:29:41,834 [WARN] PackLoader:240 - Cannot read IP mode file for STMicroelectronics.X-CUBE-NFC4.3.0.0
2026-04-06 08:29:41,851 [WARN] PackLoader:240 - Cannot read IP mode file for EmbeddedOffice.I-CUBE-FS-RTOS.1.0.1
2026-04-06 08:29:41,859 [WARN] PackLoader:240 - Cannot read IP mode file for STMicroelectronics.X-CUBE-WB05N.2.0.0
2026-04-06 08:29:41,865 [WARN] PackLoader:240 - Cannot read IP mode file for wolfSSL.I-CUBE-wolfTPM.3.8.0
2026-04-06 08:29:41,878 [WARN] PackLoader:240 - Cannot read IP mode file for STMicroelectronics.X-CUBE-TCPP.4.2.0
2026-04-06 08:29:41,893 [WARN] PackLoader:240 - Cannot read IP mode file for RealThread.X-CUBE-RT-Thread_Nano.4.1.1
2026-04-06 08:29:41,900 [WARN] PackLoader:240 - Cannot read IP mode file for STMicroelectronics.FP-ATR-SIGFOX1.3.2.0
2026-04-06 08:29:41,909 [ERROR] Engine:466 - /home/vatcraft/.stm32cubemx/thirdparties/pdsc/STMicroelectronics.X-CUBE-FREERTOS.1.5.0.pdsc: PDSC version is not supported
2026-04-06 08:29:41,920 [WARN] PackLoader:240 - Cannot read IP mode file for ITTIA_DB.I-CUBE-ITTIADB.8.9.0
2026-04-06 08:29:41,936 [WARN] PackLoader:240 - Cannot read IP mode file for STMicroelectronics.X-CUBE-NFC6.3.2.0
2026-04-06 08:29:41,950 [WARN] PackLoader:240 - Cannot read IP mode file for STMicroelectronics.X-CUBE-AI.10.2.0
2026-04-06 08:29:42,088 [WARN] PackLoader:240 - Cannot read IP mode file for SEGGER.I-CUBE-embOS.1.3.1
2026-04-06 08:29:42,232 [WARN] PackLoader:240 - Cannot read IP mode file for STMicroelectronics.X-CUBE-ALGOBUILD.1.4.0
2026-04-06 08:29:42,240 [WARN] PackLoader:240 - Cannot read IP mode file for STMicroelectronics.X-CUBE-PM33A1.1.0.0
2026-04-06 08:29:42,291 [WARN] PackLoader:240 - Cannot read IP mode file for STMicroelectronics.X-CUBE-AZRTOS-F4.1.1.0
2026-04-06 08:29:42,305 [WARN] PackLoader:240 - Cannot read IP mode file for STMicroelectronics.X-CUBE-ISPU.2.1.0
2026-04-06 08:29:42,314 [ERROR] Engine:466 - /home/vatcraft/.stm32cubemx/thirdparties/pdsc/STMicroelectronics.X-CUBE-IPS.3.2.0.pdsc: PDSC version is not supported
2026-04-06 08:29:42,316 [WARN] PackLoader:240 - Cannot read IP mode file for STMicroelectronics.eDS-WB_DPC_TT-BIDIR.2.1.1
2026-04-06 08:29:42,327 [WARN] PackLoader:240 - Cannot read IP mode file for STMicroelectronics.X-CUBE-NFC12.1.0.0
2026-04-06 08:29:42,364 [WARN] PackLoader:240 - Cannot read IP mode file for STMicroelectronics.X-CUBE-AZRTOS-L5.2.0.0
2026-04-06 08:29:42,373 [WARN] PackLoader:240 - Cannot read IP mode file for STMicroelectronics.eDS-WB_DPC_VIENNA.1.2.0
2026-04-06 08:29:42,376 [WARN] PackLoader:240 - Cannot read IP mode file for STMicroelectronics.eDS-WB_DPC_3PH2L-BIDIR.1.1.1
2026-04-06 08:29:42,382 [WARN] PackLoader:240 - Cannot read IP mode file for STMicroelectronics.X-CUBE-TOUCHGFX.4.26.1
2026-04-06 08:29:42,388 [WARN] PackLoader:240 - Cannot read IP mode file for STMicroelectronics.FP-SNS-STAIOTCFT.1.0.0
2026-04-06 08:29:42,400 [WARN] PackLoader:240 - Cannot read IP mode file for STMicroelectronics.X-CUBE-DPower.1.3.0
2026-04-06 08:29:42,440 [WARN] ConditionMgr:438 - getConditionDescription Invalid condition id : LAN8742 Phy interface Condition cause : null
2026-04-06 08:29:42,443 [WARN] PackLoader:240 - Cannot read IP mode file for STMicroelectronics.X-CUBE-AZRTOS-L4.2.0.0
2026-04-06 08:29:42,445 [WARN] ConditionMgr:1044 - genDependencies : Invalid condition id : LAN8742 Phy interface Condition cause : null
2026-04-06 08:29:42,445 [WARN] ConditionMgr:1044 - genDependencies : Invalid condition id : LAN8742 Phy interface Condition cause : null
2026-04-06 08:29:42,446 [WARN] ConditionMgr:1044 - genDependencies : Invalid condition id : LAN8742 Phy interface Condition cause : null
2026-04-06 08:29:42,460 [WARN] PackLoader:240 - Cannot read IP mode file for STMicroelectronics.X-CUBE-SFXS2LP1.4.0.0
2026-04-06 08:29:42,467 [ERROR] Engine:466 - /home/vatcraft/.stm32cubemx/thirdparties/pdsc/STMicroelectronics.X-CUBE-ST67W61.1.2.0.pdsc: PDSC version is not supported
2026-04-06 08:29:42,497 [WARN] PackLoader:240 - Cannot read IP mode file for STMicroelectronics.X-CUBE-BLEMGR.4.1.0
2026-04-06 08:29:42,525 [WARN] ConditionMgr:438 - getConditionDescription Invalid condition id : UX DEVICE CLASS RTOS Condition cause : null
2026-04-06 08:29:42,526 [WARN] ConditionMgr:438 - getConditionDescription Invalid condition id : UX DEVICE CLASS RTOS Condition cause : null
2026-04-06 08:29:42,530 [WARN] PackLoader:240 - Cannot read IP mode file for STMicroelectronics.X-CUBE-AZRTOS-WB.2.0.0
2026-04-06 08:29:42,531 [WARN] ConditionMgr:1044 - genDependencies : Invalid condition id : UX DEVICE CLASS RTOS Condition cause : null
2026-04-06 08:29:42,531 [WARN] ConditionMgr:1044 - genDependencies : Invalid condition id : UX DEVICE CLASS RTOS Condition cause : null
2026-04-06 08:29:42,532 [WARN] ConditionMgr:1044 - genDependencies : Invalid condition id : UX DEVICE CLASS RTOS Condition cause : null
2026-04-06 08:29:42,532 [WARN] ConditionMgr:1044 - genDependencies : Invalid condition id : UX DEVICE CLASS RTOS Condition cause : null
2026-04-06 08:29:42,532 [WARN] ConditionMgr:1044 - genDependencies : Invalid condition id : UX DEVICE CLASS RTOS Condition cause : null
2026-04-06 08:29:42,538 [WARN] ConditionMgr:438 - getConditionDescription Invalid condition id : Cortex-A Device cause : null
2026-04-06 08:29:42,550 [WARN] ConditionMgr:1044 - genDependencies : Invalid condition id : Cortex-A Device cause : null
2026-04-06 08:29:42,550 [WARN] ConditionMgr:1044 - genDependencies : Invalid condition id : Cortex-A Device cause : null
2026-04-06 08:29:42,550 [WARN] ConditionMgr:1044 - genDependencies : Invalid condition id : Cortex-A Device cause : null
2026-04-06 08:29:42,557 [WARN] PackLoader:240 - Cannot read IP mode file for STMicroelectronics.X-CUBE-STSE01.2.0.0
2026-04-06 08:29:42,578 [WARN] PackLoader:240 - Cannot read IP mode file for STMicroelectronics.X-CUBE-SUBG2.5.0.0
2026-04-06 08:29:42,604 [WARN] PackLoader:240 - Cannot read IP mode file for STMicroelectronics.X-CUBE-AZRTOS-G4.2.0.0
2026-04-06 08:29:42,610 [WARN] PackLoader:240 - Cannot read IP mode file for wolfSSL.I-CUBE-wolfSSH.1.4.20
2026-04-06 08:29:42,619 [WARN] PackLoader:240 - Cannot read IP mode file for STMicroelectronics.X-CUBE-NFC7.2.0.0
2026-04-06 08:29:42,629 [WARN] PackLoader:240 - Cannot read IP mode file for STMicroelectronics.X-CUBE-ALS.1.0.2
2026-04-06 08:29:42,648 [WARN] PackLoader:240 - Cannot read IP mode file for STMicroelectronics.X-CUBE-TOF1.3.4.3
2026-04-06 08:29:42,666 [INFO] ThirdParty:978 - Integrity check success = true
2026-04-06 08:29:42,666 [INFO] IntegrityCheckThread:100 - exiting critical section [integrity check]
2026-04-06 08:29:42,666 [INFO] IntegrityCheckThread:103 - End integrity checks thread
2026-04-06 08:29:42,729 [INFO] WebApp:463 - Apply proxy settings
2026-04-06 08:29:42,729 [INFO] WebApp:548 - Chromium requires no authentication
2026-04-06 08:29:42,747 [INFO] WebApp:491 - Direct internet connection detected
2026-04-06 08:29:42,783 [INFO] WebApp:894 - Register for checkConnection events
2026-04-06 08:29:42,784 [INFO] WebApp:463 - Apply proxy settings
2026-04-06 08:29:42,784 [INFO] WebApp:548 - Chromium requires no authentication
2026-04-06 08:29:42,784 [INFO] WebApp:491 - Direct internet connection detected
2026-04-06 08:29:42,974 [INFO] WebApp:225 - Starting web application
2026-04-06 08:29:42,974 [INFO] WebApp:593 - Web application path used /opt/st/stm32cubeide_1.18.1/plugins/com.st.stm32cube.common.mx_6.14.1.202504091515/db/plugins/mcufinder/reactClient1/index.html
2026-04-06 08:29:43,064 [INFO] WebApp:191 - Connection restablished
2026-04-06 08:29:43,175 [INFO] UserAuth:484 - Internet connection configuration mode: 1
2026-04-06 08:54:28,363 [INFO] McuFinderGlobals:63 - Set McuFinder mode to 2 (CubeIDE integrated)
2026-04-06 08:54:28,370 [INFO] MainUpdater:2872 - connection check result : 10
2026-04-06 08:54:28,382 [INFO] McuFinderGlobals:76 - Set McuFinderConnectedMode to true
2026-04-06 08:54:28,948 [INFO] ServerAccessManage:473 - Download File mcusAds.json._tmp_
2026-04-06 08:54:29,087 [INFO] LoadUrlFilesThread:156 - End of LoadUrlFiles Thread
2026-04-06 08:54:29,427 [INFO] ServerAccessManage:473 - Download File cube-finder-db.zip
2026-04-06 08:54:38,138 [INFO] FileExtend:242 - Unzip File : cube-finder-db.zip
2026-04-06 08:54:38,139 [INFO] FileExtend:257 - Standard Zip Deflate
2026-04-06 08:54:38,877 [INFO] LoadUrlFilesThread:156 - End of LoadUrlFiles Thread
2026-04-06 08:54:40,817 [INFO] ServerAccessManage:473 - Download File crdb.zip
2026-04-06 08:56:43,112 [INFO] FileExtend:242 - Unzip File : crdb.zip
2026-04-06 08:56:43,113 [INFO] FileExtend:257 - Standard Zip Deflate
2026-04-06 08:56:43,313 [INFO] LoadUrlFilesThread:156 - End of LoadUrlFiles Thread
2026-04-06 08:56:43,691 [INFO] ServerAccessManage:473 - Download File tutoVideoDB.zip
2026-04-06 08:56:44,321 [INFO] FileExtend:242 - Unzip File : tutoVideoDB.zip
2026-04-06 08:56:44,321 [INFO] FileExtend:257 - Standard Zip Deflate
2026-04-06 08:56:44,433 [INFO] LoadUrlFilesThread:156 - End of LoadUrlFiles Thread
2026-04-06 08:56:44,461 [WARN] DbFile:41 - Overriding database path with different value: /home/vatcraft/.stmcufinder/plugins/mcufinder/ => /home/vatcraft/.stmcufinder/plugins/mcufinder
2026-04-06 08:56:44,661 [INFO] ServerAccessManage:473 - Download File api_config.json
2026-04-06 08:56:44,769 [INFO] LoadUrlFilesThread:156 - End of LoadUrlFiles Thread
2026-04-06 08:56:44,789 [INFO] DbMcusAds:53 - JSON generation date=Thu Mar 05 21:32:52 ICT 2026 (1772721172890)
2026-04-06 08:56:44,928 [INFO] LoadUrlFilesThread:185 - End of LoadServerUrlFiles without Thread
2026-04-06 08:56:44,928 [INFO] TargetSelectorAdapter:259 - Refresh data is successful
2026-04-06 08:56:45,181 [INFO] ApiDb:581 - Connected to CubeFinder SQLite database (/home/vatcraft/.stmcufinder/plugins/mcufinder/mcu/cube-finder-db.db)
2026-04-06 08:56:45,307 [INFO] ApiDb:668 - CubeFinder database Data Model version=2.1
2026-04-06 08:56:45,307 [INFO] ApiDb:669 - CubeFinder database Configuration version=3.0.42
2026-04-06 08:56:45,309 [INFO] ApiDb:670 - CubeFinder database generation date=2026-03-11 (1773229989)
2026-04-06 08:56:45,310 [INFO] ApiDb:671 - CubeFinder database FW Pack versions=[FP-ATR-ASTRA1_V2.0.0, FP-SNS-FLIGHT1_V5.1.0, FP-SNS-MOTENV1_V5.1.0, FP-SNS-MOTENVWB1_V1.5.0, FP-SNS-SMARTAG2_V1.2.0, FP-SNS-STBOX1_V2.1.0, STM32Cube_FW_C0_V1.4.0, STM32Cube_FW_F4_V1.28.3, STM32Cube_FW_F7_V1.17.4, STM32Cube_FW_G0_V1.6.3, STM32Cube_FW_G4_V1.6.2, STM32Cube_FW_H5_V1.6.0, STM32Cube_FW_H7RS_V1.3.0, STM32Cube_FW_H7_V1.13.0, STM32Cube_FW_L0_V1.12.2, STM32Cube_FW_L4_V1.18.2, STM32Cube_FW_L5_V1.6.0, STM32Cube_FW_N6_V1.3.0, STM32Cube_FW_U0_V1.3.0, STM32Cube_FW_U3_V1.3.0, STM32Cube_FW_U5_V1.8.0, STM32Cube_FW_WB0_V1.4.0, STM32Cube_FW_WBA_V1.9.0, STM32Cube_FW_WB_V1.24.0, STM32Cube_FW_WL3_V1.4.0, STM32Cube_FW_WL_V1.5.0, X-CUBE-ALGOBUILD_V1.4.0, X-CUBE-ALS_V1.0.2, X-CUBE-AZRTOS-F4_V1.1.0, X-CUBE-AZRTOS-F7_V1.1.0, X-CUBE-AZRTOS-G0_V1.1.0, X-CUBE-AZRTOS-G4_V2.0.0, X-CUBE-AZRTOS-H7RS_V1.1.0, X-CUBE-AZRTOS-H7_V3.4.0, X-CUBE-AZRTOS-L4_V2.0.0, X-CUBE-AZRTOS-L5_V2.0.0, X-CUBE-AZRTOS-WB_V2.0.0, X-CUBE-AZRTOS-WL_V2.0.0, X-CUBE-BLE1_V7.1.0, X-CUBE-BLE2_V3.3.0, X-CUBE-BLEMGR_V4.1.0, X-CUBE-EEPRMA1_V5.2.0, X-CUBE-FREERTOS_V1.5.0, X-CUBE-GNSS1_V6.0.0, X-CUBE-MEMS1_V12.0.0, X-CUBE-NFC4_V3.0.0, X-CUBE-NFC7_V2.0.0, X-CUBE-SFXS2LP1_V4.0.0, X-CUBE-ST67W61_V1.2.0, X-CUBE-SUBG2_V5.0.0, X-CUBE-TOF1_V3.4.3]
2026-04-06 08:56:50,992 [INFO] ApiDb:240 - Found 895 in-development CPN: [B-G473E-ZEST1S, B-WB1M-WPAN1, B-WBA5M-WPAN, B-WL5M-SUBG1, NUCLEO-C031C6, NUCLEO-C051C8, NUCLEO-C071RB, NUCLEO-C092RC, NUCLEO-H503RB, NUCLEO-H533RE, NUCLEO-H563ZI, NUCLEO-H7S3L8, NUCLEO-N657X0-Q, NUCLEO-U031R8, NUCLEO-U083RC, NUCLEO-U385RG-Q, NUCLEO-U545RE-Q, NUCLEO-U5A5ZJ-Q, NUCLEO-WB05KZ, NUCLEO-WB07CC, NUCLEO-WB09KE, NUCLEO-WBA52CG, NUCLEO-WBA55CG, NUCLEO-WBA65RI, NUCLEO-WL33CC1, NUCLEO-WL33CC2, STEVAL-PROTEUS1, STEVAL-SMARTAG2, STEVAL-STWINBX1, STM320518-EVAL, STM32C0116-DK, STM32C011D6Y3TR, STM32C011D6Y6TR, STM32C011F4P3, STM32C011F4P6, STM32C011F4U3, STM32C011F4U6TR, STM32C011F6P3, STM32C011F6P6, STM32C011F6U3, STM32C011F6U6TR, STM32C011J4M3, STM32C011J4M6, STM32C011J6M3, STM32C011J6M6, STM32C0316-DK, STM32C031C4T3, STM32C031C4T6, STM32C031C4U3, STM32C031C4U6, STM32C031C6T3, STM32C031C6T6, STM32C031C6U3, STM32C031C6U6, STM32C031F4P3, STM32C031F4P6, STM32C031F6P3, STM32C031F6P6, STM32C031G4U3, STM32C031G4U6, STM32C031G6U3, STM32C031G6U6, STM32C031K4T3, STM32C031K4T6, STM32C031K4U3, STM32C031K4U6, STM32C031K6T3, STM32C031K6T6, STM32C031K6U3, STM32C031K6U6, STM32C051C6T6, STM32C051C6U6, STM32C051C8T6, STM32C051C8U6, STM32C051D8Y6TR, STM32C051F6P6, STM32C051F8P6, STM32C051G6U6, STM32C051G8U6, STM32C051K6T6, STM32C051K6U6, STM32C051K8T6, STM32C071C8T6, STM32C071C8T6N, STM32C071C8U6, STM32C071C8U6N, STM32C071CBT6, STM32C071CBT6N, STM32C071CBU6, STM32C071CBU6N, STM32C071F8P6, STM32C071F8P6N, STM32C071FBP6, STM32C071FBP6N, STM32C071FBY6TR, STM32C071G8U6, STM32C071G8U6N, STM32C071GBU6, STM32C071GBU6N, STM32C071K8T6, STM32C071K8T6N, STM32C071K8U6, STM32C071K8U6N, STM32C071KBT6, STM32C071KBT6N, STM32C071KBU6, STM32C071KBU6N, STM32C071R8T6, STM32C071R8T6N, STM32C071RBI6N, STM32C071RBT6, STM32C071RBT6N, STM32C091CBT6, STM32C091CBU6, STM32C091CCT6, STM32C091CCU6, STM32C091ECY6TR, STM32C091FBP6, STM32C091FCP6, STM32C091GBU6, STM32C091GCU6, STM32C091KBT6, STM32C091KBU6, STM32C091KCT6, STM32C091KCU6, STM32C091RBT6, STM32C091RCI6, STM32C091RCT6, STM32C092CBT6, STM32C092CBU6, STM32C092CCT6, STM32C092CCU6, STM32C092ECY6TR, STM32C092FBP6, STM32C092FCP6, STM32C092GBU6, STM32C092GCU6, STM32C092KBT6, STM32C092KBU6, STM32C092KCT6, STM32C092KCU6, STM32C092RBT6, STM32C092RCI6, STM32C092RCT6, STM32G071K8TXN, STM32G071K8UXN, STM32G081GBU6N, STM32G081KBT6N, STM32G081KBUXN, STM32G0B1CCT6N, STM32G0B1KCT6, STM32G0B1NEY6TR, STM32G0B1RCT6N, STM32G0C1CCT6, STM32G0C1CCT6N, STM32G0C1CCU6N, STM32G0C1CET6N, STM32G0C1CEU6N, STM32G0C1KCT6, STM32G0C1NEY6TR, STM32G0C1RCI6N, STM32G0C1RCT6N, STM32G0C1REI6N, STM32G0C1RET6N, STM32G0C1VCI6, STM32G0C1VEI6, STM32G411C6T3, STM32G411C6T6, STM32G411C6U3, STM32G411C6U6, STM32G411C8T3, STM32G411C8T6, STM32G411C8U3, STM32G411C8U6, STM32G411CBT3, STM32G411CBT6, STM32G411CBU3, STM32G411CBU6, STM32G411CCT3, STM32G411CCT6, STM32G411CCU3, STM32G411CCU6, STM32G411K6T3, STM32G411K6T6, STM32G411K6U3, STM32G411K6U6, STM32G411K8T3, STM32G411K8T6, STM32G411K8U3, STM32G411K8U6, STM32G411KBT3, STM32G411KBT6, STM32G411KBU3, STM32G411KBU6, STM32G411M6T3, STM32G411M6T6, STM32G411M8T3, STM32G411M8T6, STM32G411MBT3, STM32G411MBT6, STM32G411MCT3, STM32G411MCT6, STM32G411R6T3, STM32G411R6T6, STM32G411R8T3, STM32G411R8T6, STM32G411RBT3, STM32G411RBT6, STM32G411RCT3, STM32G411RCT6, STM32G414CBT3, STM32G414CBT6, STM32G414CBU3, STM32G414CBU6, STM32G414CCT3, STM32G414CCT6, STM32G414CCU3, STM32G414CCU6, STM32G414MBT3, STM32G414MBT6, STM32G414MCT3, STM32G414MCT6, STM32G414RBT3, STM32G414RBT6, STM32G414RCT3, STM32G414RCT6, STM32G414VBT3, STM32G414VBT6, STM32G414VCT3, STM32G414VCT6, STM32G431CBT3Z, STM32G431RBT3Z, STM32G471CCT6, STM32G471CCU6, STM32G471CET3, STM32G471CET6, STM32G471CEU3, STM32G471CEU6, STM32G471MCT6, STM32G471MET3, STM32G471MET6, STM32G471MEY6TR, STM32G471QCT6, STM32G471QET3, STM32G471RCT6, STM32G471RET3, STM32G471RET6, STM32G471VCH6, STM32G471VCI6, STM32G471VCT6, STM32G471VEH3, STM32G471VEH6, STM32G471VEI3, STM32G471VEI6, STM32G471VET3, STM32G471VET6, STM32G473QET3Z, STM32G473RET3Z, STM32G474CCT6, STM32G491RET3Z, STM32H503CBT6, STM32H503CBU6, STM32H503EBY6TR, STM32H503KBU6, STM32H503RBT6, STM32H523CCT6, STM32H523CCU6, STM32H523CET6, STM32H523CEU6, STM32H523HEY6TR, STM32H523RCT6, STM32H523RET6, STM32H523VCI6, STM32H523VCT6, STM32H523VEI6, STM32H523VET6, STM32H523ZCJ6, STM32H523ZCT6, STM32H523ZEJ6, STM32H523ZET6, STM32H533CET6, STM32H533CEU6, STM32H533HEY6TR, STM32H533RET6, STM32H533VEI6, STM32H533VET6, STM32H533ZEJ6, STM32H533ZET6, STM32H562AGI6, STM32H562AII6, STM32H562IGK6, STM32H562IGT6, STM32H562IIK6, STM32H562IIT6, STM32H562RGT6, STM32H562RGV6, STM32H562RIT6, STM32H562RIV6, STM32H562VGT6, STM32H562VIT6, STM32H562ZGT6, STM32H562ZIT6, STM32H563AGI6, STM32H563AII3Q, STM32H563AII6, STM32H563IGK6, STM32H563IGT6, STM32H563IIK3Q, STM32H563IIK6, STM32H563IIT3Q, STM32H563IIT6, STM32H563MIY3QTR, STM32H563RGT6, STM32H563RGV6, STM32H563RIT6, STM32H563RIV6, STM32H563VGT6, STM32H563VIT3Q, STM32H563VIT6, STM32H563ZGT6, STM32H563ZIT3Q, STM32H563ZIT6, STM32H573AII3Q, STM32H573AII6, STM32H573I-DK, STM32H573IIK3Q, STM32H573IIK6, STM32H573IIT3Q, STM32H573IIT6, STM32H573MIY3QTR, STM32H573RIT6, STM32H573RIV6, STM32H573VIT3Q, STM32H573VIT6, STM32H573ZIT3Q, STM32H573ZIT6, STM32H7R3A8I6, STM32H7R3I8K6, STM32H7R3I8T6, STM32H7R3L8H6, STM32H7R3L8H6H, STM32H7R3R8V6, STM32H7R3V8H6, STM32H7R3V8T6, STM32H7R3V8Y6TR, STM32H7R3Z8J6, STM32H7R3Z8T6, STM32H7R7A8I6, STM32H7R7I8K6, STM32H7R7I8T6, STM32H7R7L8H6, STM32H7R7L8H6H, STM32H7R7Z8J6, STM32H7S3A8I6, STM32H7S3I8K6, STM32H7S3I8T6, STM32H7S3L8H6, STM32H7S3L8H6H, STM32H7S3R8V6, STM32H7S3V8H6, STM32H7S3V8T6, STM32H7S3V8Y6TR, STM32H7S3Z8J6, STM32H7S3Z8T6, STM32H7S78-DK, STM32H7S7A8I6, STM32H7S7I8K6, STM32H7S7I8T6, STM32H7S7L8H6, STM32H7S7L8H6H, STM32H7S7Z8J6, STM32L4R5QGI6STR, STM32MP131AAE3, STM32MP131AAF3, STM32MP131AAG3, STM32MP131CAE3, STM32MP131CAF3, STM32MP131CAG3, STM32MP131DAE7, STM32MP131DAF7, STM32MP131DAG7, STM32MP131FAE7, STM32MP131FAF7, STM32MP131FAG7, STM32MP133AAE3, STM32MP133AAF3, STM32MP133AAG3, STM32MP133CAE3, STM32MP133CAF3, STM32MP133CAG3, STM32MP133DAE7, STM32MP133DAF7, STM32MP133DAG7, STM32MP133FAE7, STM32MP133FAF7, STM32MP133FAG7, STM32MP135AAE3, STM32MP135AAF3, STM32MP135AAG3, STM32MP135CAE3, STM32MP135CAF3, STM32MP135CAG3, STM32MP135DAE7, STM32MP135DAF7, STM32MP135DAG7, STM32MP135F-DK, STM32MP135FAE7, STM32MP135FAF7, STM32MP135FAF7T, STM32MP135FAF7U, STM32MP135FAG7, STM32MP231AAJ3, STM32MP231AAK3, STM32MP231AAL3, STM32MP231CAJ3, STM32MP231CAK3, STM32MP231CAL3, STM32MP231DAJ3, STM32MP231DAK3, STM32MP231DAL3, STM32MP231FAJ3, STM32MP231FAK3, STM32MP231FAL3, STM32MP233AAJ3, STM32MP233AAK3, STM32MP233AAL3, STM32MP233CAJ3, STM32MP233CAK3, STM32MP233CAL3, STM32MP233DAJ3, STM32MP233DAK3, STM32MP233DAL3, STM32MP233FAJ3, STM32MP233FAK3, STM32MP233FAL3, STM32MP235AAJ3, STM32MP235AAK3, STM32MP235AAL3, STM32MP235CAJ3, STM32MP235CAK3, STM32MP235CAL3, STM32MP235DAJ3, STM32MP235DAK3, STM32MP235DAL3, STM32MP235FAJ3, STM32MP235FAK3, STM32MP235FAL3, STM32MP251AAI3, STM32MP251AAJ3, STM32MP251AAK3, STM32MP251AAL3, STM32MP251CAI3, STM32MP251CAJ3, STM32MP251CAK3, STM32MP251CAL3, STM32MP251DAI3, STM32MP251DAJ3, STM32MP251DAK3, STM32MP251DAL3, STM32MP251FAI3, STM32MP251FAJ3, STM32MP251FAK3, STM32MP251FAL3, STM32MP253AAI3, STM32MP253AAJ3, STM32MP253AAK3, STM32MP253AAL3, STM32MP253CAI3, STM32MP253CAJ3, STM32MP253CAK3, STM32MP253CAL3, STM32MP253DAI3, STM32MP253DAJ3, STM32MP253DAK3, STM32MP253DAL3, STM32MP253FAI3, STM32MP253FAJ3, STM32MP253FAK3, STM32MP253FAL3, STM32MP255AAI3, STM32MP255AAJ3, STM32MP255AAK3, STM32MP255AAL3, STM32MP255CAI3, STM32MP255CAJ3, STM32MP255CAK3, STM32MP255CAL3, STM32MP255DAI3, STM32MP255DAJ3, STM32MP255DAK3, STM32MP255DAL3, STM32MP255FAI3, STM32MP255FAJ3, STM32MP255FAK3, STM32MP255FAL3, STM32MP257AAI3, STM32MP257AAJ3, STM32MP257AAK3, STM32MP257AAL3, STM32MP257CAI3, STM32MP257CAJ3, STM32MP257CAK3, STM32MP257CAL3, STM32MP257DAI3, STM32MP257DAJ3, STM32MP257DAK3, STM32MP257DAL3, STM32MP257F-DK, STM32MP257F-EV1, STM32MP257FAI3, STM32MP257FAJ3, STM32MP257FAK3, STM32MP257FAL3, STM32N645A0H3Q, STM32N645B0H3Q, STM32N645I0H3Q, STM32N645L0H3Q, STM32N645X0H3Q, STM32N645Z0H3Q, STM32N647A0H3Q, STM32N647B0H3Q, STM32N647I0H3Q, STM32N647L0H3Q, STM32N647X0H3Q, STM32N647Z0H3Q, STM32N655A0H3Q, STM32N655B0H3Q, STM32N655I0H3Q, STM32N655L0H3Q, STM32N655X0H3Q, STM32N655Z0H3Q, STM32N6570-DK, STM32N657A0H3Q, STM32N657B0H3Q, STM32N657I0H3Q, STM32N657L0H3Q, STM32N657X0H3Q, STM32N657Z0H3Q, STM32U031C6T6, STM32U031C6U6, STM32U031C8T6, STM32U031C8U6, STM32U031F4P6, STM32U031F6P6, STM32U031F8P6, STM32U031G6Y6TR, STM32U031G8Y6TR, STM32U031K4U6, STM32U031K6U6, STM32U031K8U6, STM32U031R6I6, STM32U031R6T6, STM32U031R8I6, STM32U031R8T6, STM32U073C8T6, STM32U073C8U6, STM32U073CBT6, STM32U073CBU6, STM32U073CCT6, STM32U073CCU6, STM32U073H8Y6TR, STM32U073HBY6TR, STM32U073HCY6TR, STM32U073K8U6, STM32U073KBU6, STM32U073KCU6, STM32U073M8I6, STM32U073M8T6, STM32U073MBI6, STM32U073MBT6, STM32U073MCI6, STM32U073MCT6, STM32U073R8I6, STM32U073R8T6, STM32U073RBI6, STM32U073RBT6, STM32U073RCI6, STM32U073RCT6, STM32U083C-DK, STM32U083CCT6, STM32U083CCU6, STM32U083HCY6TR, STM32U083KCU6, STM32U083MCI6, STM32U083MCT6, STM32U083RCI6, STM32U083RCT6, STM32U375CET6, STM32U375CET6Q, STM32U375CEU6, STM32U375CEU6Q, STM32U375CEY6QTR, STM32U375CGT6, STM32U375CGT6Q, STM32U375CGU6, STM32U375CGU6Q, STM32U375CGY6QTR, STM32U375KEU6, STM32U375KGU6, STM32U375REI6, STM32U375REI6Q, STM32U375RET6, STM32U375RET6Q, STM32U375REY6GTR, STM32U375REY6QTR, STM32U375RGI6, STM32U375RGI6Q, STM32U375RGT6, STM32U375RGT6Q, STM32U375RGY6GTR, STM32U375RGY6QTR, STM32U375VEI6, STM32U375VEI6Q, STM32U375VET6, STM32U375VET6Q, STM32U375VGI6, STM32U375VGI6Q, STM32U375VGT6, STM32U375VGT6Q, STM32U385CGT6, STM32U385CGT6Q, STM32U385CGU6, STM32U385CGU6Q, STM32U385CGY6QTR, STM32U385KGU6, STM32U385RGI6, STM32U385RGI6Q, STM32U385RGT6, STM32U385RGT6Q, STM32U385RGY6GTR, STM32U385RGY6QTR, STM32U385VGI6, STM32U385VGI6Q, STM32U385VGT6, STM32U385VGT6Q, STM32U535CBT6, STM32U535CBT6Q, STM32U535CBU6, STM32U535CBU6Q, STM32U535CCT6, STM32U535CCT6Q, STM32U535CCU6, STM32U535CCU6Q, STM32U535CET6, STM32U535CET6Q, STM32U535CEU6, STM32U535CEU6Q, STM32U535JEY6QTR, STM32U535NCY6QTR, STM32U535NEY6QTR, STM32U535RBI6, STM32U535RBI6Q, STM32U535RBT6, STM32U535RBT6Q, STM32U535RCI6, STM32U535RCI6Q, STM32U535RCT6, STM32U535RCT6Q, STM32U535REI6, STM32U535REI6Q, STM32U535RET6, STM32U535RET6Q, STM32U535VCI6, STM32U535VCI6Q, STM32U535VCT6, STM32U535VCT6Q, STM32U535VEI6, STM32U535VEI6Q, STM32U535VET6, STM32U535VET6Q, STM32U545CET6, STM32U545CET6Q, STM32U545CEU6, STM32U545CEU6Q, STM32U545JEY6QTR, STM32U545NEY6QTR, STM32U545REI6, STM32U545REI6Q, STM32U545RET6, STM32U545RET6Q, STM32U545VEI6, STM32U545VEI6Q, STM32U545VET6, STM32U545VET6Q, STM32U595AIH6, STM32U595AIH6Q, STM32U595AJH6, STM32U595AJH6Q, STM32U595QII6, STM32U595QII6Q, STM32U595QJI6, STM32U595QJI6Q, STM32U595RIT6, STM32U595RIT6Q, STM32U595RJT6, STM32U595RJT6Q, STM32U595VIT6, STM32U595VIT6Q, STM32U595VJT6, STM32U595VJT6Q, STM32U595ZIT6, STM32U595ZIT6Q, STM32U595ZIY6QTR, STM32U595ZJT6, STM32U595ZJT6Q, STM32U595ZJY6QTR, STM32U599BJY6QTR, STM32U599NIH6Q, STM32U599NJH6Q, STM32U599VIT6Q, STM32U599VJT6, STM32U599VJT6Q, STM32U599ZIT6Q, STM32U599ZIY6QTR, STM32U599ZJT6Q, STM32U599ZJY6QTR, STM32U5A5AJH6, STM32U5A5AJH6Q, STM32U5A5QII3Q , STM32U5A5QJI6, STM32U5A5QJI6Q, STM32U5A5RJT6, STM32U5A5RJT6Q, STM32U5A5VJT6, STM32U5A5VJT6Q, STM32U5A5ZJT6, STM32U5A5ZJT6Q, STM32U5A5ZJY6QTR, STM32U5A9BJY6QTR, STM32U5A9J-DK, STM32U5A9NJH6Q, STM32U5A9VJT6Q, STM32U5A9ZJT6Q, STM32U5A9ZJY6QTR, STM32U5F7VIT6, STM32U5F7VIT6Q, STM32U5F7VJT6, STM32U5F7VJT6Q, STM32U5F9BJY6QTR, STM32U5F9NJH6Q, STM32U5F9VIT6Q, STM32U5F9VJT6Q, STM32U5F9ZIJ6QTR, STM32U5F9ZIT6Q, STM32U5F9ZJJ6QTR, STM32U5F9ZJT6Q, STM32U5G7VJT6, STM32U5G7VJT6Q, STM32U5G9BJY6QTR, STM32U5G9J-DK1, STM32U5G9J-DK2, STM32U5G9NJH6Q, STM32U5G9VJT6Q, STM32U5G9ZJJ6QTR, STM32U5G9ZJT6Q, STM32WB05KZV6TR, STM32WB05KZV7TR, STM32WB05TZF6TR, STM32WB05TZF7TR, STM32WB06CCF6TR, STM32WB06CCF7TR, STM32WB06CCV6TR, STM32WB06CCV7TR, STM32WB06KCV6TR, STM32WB06KCV7TR, STM32WB07CCF6TR, STM32WB07CCF7TR, STM32WB07CCV6TR, STM32WB07CCV7TR, STM32WB07KCV6TR, STM32WB07KCV7TR, STM32WB09KEV6TR, STM32WB09KEV7TR, STM32WB09TEF6TR, STM32WB09TEF7TR, STM32WB1MMCH6, STM32WBA50KGU6, STM32WBA50KGU6TR, STM32WBA52CEU6, STM32WBA52CEU6TR, STM32WBA52CEU7, STM32WBA52CEU7TR, STM32WBA52CGU6, STM32WBA52CGU6TR, STM32WBA52CGU6U, STM32WBA52CGU7, STM32WBA52CGU7TR, STM32WBA52KEU6, STM32WBA52KEU6TR, STM32WBA52KGU6, STM32WBA52KGU6TR, STM32WBA54CEU6, STM32WBA54CEU6TR, STM32WBA54CEU7, STM32WBA54CEU7TR, STM32WBA54CGU6, STM32WBA54CGU6TR, STM32WBA54CGU7, STM32WBA54CGU7TR, STM32WBA54KEU6, STM32WBA54KEU6TR, STM32WBA54KEU7, STM32WBA54KEU7TR, STM32WBA54KGU6, STM32WBA54KGU6TR, STM32WBA54KGU7, STM32WBA54KGU7TR, STM32WBA55CEU6, STM32WBA55CEU6TR, STM32WBA55CEU7, STM32WBA55CEU7TR, STM32WBA55CGU6, STM32WBA55CGU6TR, STM32WBA55CGU6U, STM32WBA55CGU7, STM32WBA55CGU7TR, STM32WBA55G-DK1, STM32WBA55HEF6, STM32WBA55HEF7, STM32WBA55HGF6, STM32WBA55HGF7, STM32WBA55UEI6, STM32WBA55UEI6TR, STM32WBA55UEI7, STM32WBA55UEI7TR, STM32WBA55UGI6, STM32WBA55UGI6TR, STM32WBA55UGI7, STM32WBA55UGI7TR, STM32WBA5MJGH6TR, STM32WBA62CGU6, STM32WBA62CIU6, STM32WBA62MGF6, STM32WBA62MIF6, STM32WBA62PGI6, STM32WBA62PII6, STM32WBA63CGU6, STM32WBA63CGU7, STM32WBA63CIU6, STM32WBA63CIU7, STM32WBA64CGU6, STM32WBA64CGU7, STM32WBA64CIU6, STM32WBA64CIU7, STM32WBA65CGU6, STM32WBA65CGU7, STM32WBA65CIU6, STM32WBA65CIU7, STM32WBA65I-DK1, STM32WBA65MGF6, STM32WBA65MGF7, STM32WBA65MIF6, STM32WBA65MIF7, STM32WBA65PGI6, STM32WBA65PGI7, STM32WBA65PII6, STM32WBA65PII7, STM32WBA65RGV6, STM32WBA65RGV7, STM32WBA65RIV6, STM32WBA65RIV7, STM32WL30K8V6, STM32WL30KBV6, STM32WL31C8V6, STM32WL31CBV6, STM32WL31K8V6, STM32WL31KBV6, STM32WL33C8V6, STM32WL33C8V6TR, STM32WL33C8V7, STM32WL33C8V7TR, STM32WL33CBV6, STM32WL33CBV6TR, STM32WL33CBV7, STM32WL33CBV7TR, STM32WL33CCV6, STM32WL33CCV6TR, STM32WL33CCV7, STM32WL33CCV7A, STM32WL33CCV7ATR, STM32WL33CCV7TR, STM32WL33K8V6, STM32WL33K8V6TR, STM32WL33K8V7, STM32WL33K8V7TR, STM32WL33KBV6, STM32WL33KBV6TR, STM32WL33KBV7, STM32WL33KBV7TR, STM32WL33KCV6, STM32WL33KCV6TR, STM32WL33KCV7, STM32WL33KCV7TR, STM32WL5MOCH6, STM32WL5MOCH6TR]
2026-04-06 08:56:51,000 [INFO] DbMcus:218 - Found 5051 MCUs, 4964 are supported
2026-04-06 08:56:51,005 [INFO] ApiDb:423 - Load user favorites file /home/vatcraft/.stm32cubeide/favorites.mcus.txt: 0 item(s)
2026-04-06 08:56:51,007 [INFO] ApiDb:427 - User favorites MCUs=[]
2026-04-06 08:56:51,008 [INFO] DbMcus:224 - Set 0 / 0 favorites MCUs
2026-04-06 08:56:53,928 [INFO] ApiDb:668 - CubeFinder database Data Model version=2.1
2026-04-06 08:56:53,928 [INFO] ApiDb:669 - CubeFinder database Configuration version=3.0.42
2026-04-06 08:56:53,928 [INFO] ApiDb:670 - CubeFinder database generation date=2026-03-11 (1773229989)
2026-04-06 08:56:53,928 [INFO] ApiDb:671 - CubeFinder database FW Pack versions=[FP-ATR-ASTRA1_V2.0.0, FP-SNS-FLIGHT1_V5.1.0, FP-SNS-MOTENV1_V5.1.0, FP-SNS-MOTENVWB1_V1.5.0, FP-SNS-SMARTAG2_V1.2.0, FP-SNS-STBOX1_V2.1.0, STM32Cube_FW_C0_V1.4.0, STM32Cube_FW_F4_V1.28.3, STM32Cube_FW_F7_V1.17.4, STM32Cube_FW_G0_V1.6.3, STM32Cube_FW_G4_V1.6.2, STM32Cube_FW_H5_V1.6.0, STM32Cube_FW_H7RS_V1.3.0, STM32Cube_FW_H7_V1.13.0, STM32Cube_FW_L0_V1.12.2, STM32Cube_FW_L4_V1.18.2, STM32Cube_FW_L5_V1.6.0, STM32Cube_FW_N6_V1.3.0, STM32Cube_FW_U0_V1.3.0, STM32Cube_FW_U3_V1.3.0, STM32Cube_FW_U5_V1.8.0, STM32Cube_FW_WB0_V1.4.0, STM32Cube_FW_WBA_V1.9.0, STM32Cube_FW_WB_V1.24.0, STM32Cube_FW_WL3_V1.4.0, STM32Cube_FW_WL_V1.5.0, X-CUBE-ALGOBUILD_V1.4.0, X-CUBE-ALS_V1.0.2, X-CUBE-AZRTOS-F4_V1.1.0, X-CUBE-AZRTOS-F7_V1.1.0, X-CUBE-AZRTOS-G0_V1.1.0, X-CUBE-AZRTOS-G4_V2.0.0, X-CUBE-AZRTOS-H7RS_V1.1.0, X-CUBE-AZRTOS-H7_V3.4.0, X-CUBE-AZRTOS-L4_V2.0.0, X-CUBE-AZRTOS-L5_V2.0.0, X-CUBE-AZRTOS-WB_V2.0.0, X-CUBE-AZRTOS-WL_V2.0.0, X-CUBE-BLE1_V7.1.0, X-CUBE-BLE2_V3.3.0, X-CUBE-BLEMGR_V4.1.0, X-CUBE-EEPRMA1_V5.2.0, X-CUBE-FREERTOS_V1.5.0, X-CUBE-GNSS1_V6.0.0, X-CUBE-MEMS1_V12.0.0, X-CUBE-NFC4_V3.0.0, X-CUBE-NFC7_V2.0.0, X-CUBE-SFXS2LP1_V4.0.0, X-CUBE-ST67W61_V1.2.0, X-CUBE-SUBG2_V5.0.0, X-CUBE-TOF1_V3.4.3]
2026-04-06 08:56:54,025 [INFO] DbBoardsSqlite:226 - include board P-NUCLEO-WB55-NUCLEO as a kit item of type 'Nucleo-64'
2026-04-06 08:56:54,027 [INFO] DbBoardsSqlite:226 - include board P-NUCLEO-WB55-USBDONGLE as a kit item of type 'Nucleo USB Dongle'
2026-04-06 08:56:54,028 [INFO] DbBoardsSqlite:226 - include board STEVAL-IDP005V1 as a kit item of type 'Evaluation Board'
2026-04-06 08:56:54,028 [INFO] DbBoardsSqlite:226 - include board STEVAL-IDP005V2 as a kit item of type 'Evaluation Board'
2026-04-06 08:56:54,129 [INFO] ApiDb:240 - Found 895 in-development CPN: [B-G473E-ZEST1S, B-WB1M-WPAN1, B-WBA5M-WPAN, B-WL5M-SUBG1, NUCLEO-C031C6, NUCLEO-C051C8, NUCLEO-C071RB, NUCLEO-C092RC, NUCLEO-H503RB, NUCLEO-H533RE, NUCLEO-H563ZI, NUCLEO-H7S3L8, NUCLEO-N657X0-Q, NUCLEO-U031R8, NUCLEO-U083RC, NUCLEO-U385RG-Q, NUCLEO-U545RE-Q, NUCLEO-U5A5ZJ-Q, NUCLEO-WB05KZ, NUCLEO-WB07CC, NUCLEO-WB09KE, NUCLEO-WBA52CG, NUCLEO-WBA55CG, NUCLEO-WBA65RI, NUCLEO-WL33CC1, NUCLEO-WL33CC2, STEVAL-PROTEUS1, STEVAL-SMARTAG2, STEVAL-STWINBX1, STM320518-EVAL, STM32C0116-DK, STM32C011D6Y3TR, STM32C011D6Y6TR, STM32C011F4P3, STM32C011F4P6, STM32C011F4U3, STM32C011F4U6TR, STM32C011F6P3, STM32C011F6P6, STM32C011F6U3, STM32C011F6U6TR, STM32C011J4M3, STM32C011J4M6, STM32C011J6M3, STM32C011J6M6, STM32C0316-DK, STM32C031C4T3, STM32C031C4T6, STM32C031C4U3, STM32C031C4U6, STM32C031C6T3, STM32C031C6T6, STM32C031C6U3, STM32C031C6U6, STM32C031F4P3, STM32C031F4P6, STM32C031F6P3, STM32C031F6P6, STM32C031G4U3, STM32C031G4U6, STM32C031G6U3, STM32C031G6U6, STM32C031K4T3, STM32C031K4T6, STM32C031K4U3, STM32C031K4U6, STM32C031K6T3, STM32C031K6T6, STM32C031K6U3, STM32C031K6U6, STM32C051C6T6, STM32C051C6U6, STM32C051C8T6, STM32C051C8U6, STM32C051D8Y6TR, STM32C051F6P6, STM32C051F8P6, STM32C051G6U6, STM32C051G8U6, STM32C051K6T6, STM32C051K6U6, STM32C051K8T6, STM32C071C8T6, STM32C071C8T6N, STM32C071C8U6, STM32C071C8U6N, STM32C071CBT6, STM32C071CBT6N, STM32C071CBU6, STM32C071CBU6N, STM32C071F8P6, STM32C071F8P6N, STM32C071FBP6, STM32C071FBP6N, STM32C071FBY6TR, STM32C071G8U6, STM32C071G8U6N, STM32C071GBU6, STM32C071GBU6N, STM32C071K8T6, STM32C071K8T6N, STM32C071K8U6, STM32C071K8U6N, STM32C071KBT6, STM32C071KBT6N, STM32C071KBU6, STM32C071KBU6N, STM32C071R8T6, STM32C071R8T6N, STM32C071RBI6N, STM32C071RBT6, STM32C071RBT6N, STM32C091CBT6, STM32C091CBU6, STM32C091CCT6, STM32C091CCU6, STM32C091ECY6TR, STM32C091FBP6, STM32C091FCP6, STM32C091GBU6, STM32C091GCU6, STM32C091KBT6, STM32C091KBU6, STM32C091KCT6, STM32C091KCU6, STM32C091RBT6, STM32C091RCI6, STM32C091RCT6, STM32C092CBT6, STM32C092CBU6, STM32C092CCT6, STM32C092CCU6, STM32C092ECY6TR, STM32C092FBP6, STM32C092FCP6, STM32C092GBU6, STM32C092GCU6, STM32C092KBT6, STM32C092KBU6, STM32C092KCT6, STM32C092KCU6, STM32C092RBT6, STM32C092RCI6, STM32C092RCT6, STM32G071K8TXN, STM32G071K8UXN, STM32G081GBU6N, STM32G081KBT6N, STM32G081KBUXN, STM32G0B1CCT6N, STM32G0B1KCT6, STM32G0B1NEY6TR, STM32G0B1RCT6N, STM32G0C1CCT6, STM32G0C1CCT6N, STM32G0C1CCU6N, STM32G0C1CET6N, STM32G0C1CEU6N, STM32G0C1KCT6, STM32G0C1NEY6TR, STM32G0C1RCI6N, STM32G0C1RCT6N, STM32G0C1REI6N, STM32G0C1RET6N, STM32G0C1VCI6, STM32G0C1VEI6, STM32G411C6T3, STM32G411C6T6, STM32G411C6U3, STM32G411C6U6, STM32G411C8T3, STM32G411C8T6, STM32G411C8U3, STM32G411C8U6, STM32G411CBT3, STM32G411CBT6, STM32G411CBU3, STM32G411CBU6, STM32G411CCT3, STM32G411CCT6, STM32G411CCU3, STM32G411CCU6, STM32G411K6T3, STM32G411K6T6, STM32G411K6U3, STM32G411K6U6, STM32G411K8T3, STM32G411K8T6, STM32G411K8U3, STM32G411K8U6, STM32G411KBT3, STM32G411KBT6, STM32G411KBU3, STM32G411KBU6, STM32G411M6T3, STM32G411M6T6, STM32G411M8T3, STM32G411M8T6, STM32G411MBT3, STM32G411MBT6, STM32G411MCT3, STM32G411MCT6, STM32G411R6T3, STM32G411R6T6, STM32G411R8T3, STM32G411R8T6, STM32G411RBT3, STM32G411RBT6, STM32G411RCT3, STM32G411RCT6, STM32G414CBT3, STM32G414CBT6, STM32G414CBU3, STM32G414CBU6, STM32G414CCT3, STM32G414CCT6, STM32G414CCU3, STM32G414CCU6, STM32G414MBT3, STM32G414MBT6, STM32G414MCT3, STM32G414MCT6, STM32G414RBT3, STM32G414RBT6, STM32G414RCT3, STM32G414RCT6, STM32G414VBT3, STM32G414VBT6, STM32G414VCT3, STM32G414VCT6, STM32G431CBT3Z, STM32G431RBT3Z, STM32G471CCT6, STM32G471CCU6, STM32G471CET3, STM32G471CET6, STM32G471CEU3, STM32G471CEU6, STM32G471MCT6, STM32G471MET3, STM32G471MET6, STM32G471MEY6TR, STM32G471QCT6, STM32G471QET3, STM32G471RCT6, STM32G471RET3, STM32G471RET6, STM32G471VCH6, STM32G471VCI6, STM32G471VCT6, STM32G471VEH3, STM32G471VEH6, STM32G471VEI3, STM32G471VEI6, STM32G471VET3, STM32G471VET6, STM32G473QET3Z, STM32G473RET3Z, STM32G474CCT6, STM32G491RET3Z, STM32H503CBT6, STM32H503CBU6, STM32H503EBY6TR, STM32H503KBU6, STM32H503RBT6, STM32H523CCT6, STM32H523CCU6, STM32H523CET6, STM32H523CEU6, STM32H523HEY6TR, STM32H523RCT6, STM32H523RET6, STM32H523VCI6, STM32H523VCT6, STM32H523VEI6, STM32H523VET6, STM32H523ZCJ6, STM32H523ZCT6, STM32H523ZEJ6, STM32H523ZET6, STM32H533CET6, STM32H533CEU6, STM32H533HEY6TR, STM32H533RET6, STM32H533VEI6, STM32H533VET6, STM32H533ZEJ6, STM32H533ZET6, STM32H562AGI6, STM32H562AII6, STM32H562IGK6, STM32H562IGT6, STM32H562IIK6, STM32H562IIT6, STM32H562RGT6, STM32H562RGV6, STM32H562RIT6, STM32H562RIV6, STM32H562VGT6, STM32H562VIT6, STM32H562ZGT6, STM32H562ZIT6, STM32H563AGI6, STM32H563AII3Q, STM32H563AII6, STM32H563IGK6, STM32H563IGT6, STM32H563IIK3Q, STM32H563IIK6, STM32H563IIT3Q, STM32H563IIT6, STM32H563MIY3QTR, STM32H563RGT6, STM32H563RGV6, STM32H563RIT6, STM32H563RIV6, STM32H563VGT6, STM32H563VIT3Q, STM32H563VIT6, STM32H563ZGT6, STM32H563ZIT3Q, STM32H563ZIT6, STM32H573AII3Q, STM32H573AII6, STM32H573I-DK, STM32H573IIK3Q, STM32H573IIK6, STM32H573IIT3Q, STM32H573IIT6, STM32H573MIY3QTR, STM32H573RIT6, STM32H573RIV6, STM32H573VIT3Q, STM32H573VIT6, STM32H573ZIT3Q, STM32H573ZIT6, STM32H7R3A8I6, STM32H7R3I8K6, STM32H7R3I8T6, STM32H7R3L8H6, STM32H7R3L8H6H, STM32H7R3R8V6, STM32H7R3V8H6, STM32H7R3V8T6, STM32H7R3V8Y6TR, STM32H7R3Z8J6, STM32H7R3Z8T6, STM32H7R7A8I6, STM32H7R7I8K6, STM32H7R7I8T6, STM32H7R7L8H6, STM32H7R7L8H6H, STM32H7R7Z8J6, STM32H7S3A8I6, STM32H7S3I8K6, STM32H7S3I8T6, STM32H7S3L8H6, STM32H7S3L8H6H, STM32H7S3R8V6, STM32H7S3V8H6, STM32H7S3V8T6, STM32H7S3V8Y6TR, STM32H7S3Z8J6, STM32H7S3Z8T6, STM32H7S78-DK, STM32H7S7A8I6, STM32H7S7I8K6, STM32H7S7I8T6, STM32H7S7L8H6, STM32H7S7L8H6H, STM32H7S7Z8J6, STM32L4R5QGI6STR, STM32MP131AAE3, STM32MP131AAF3, STM32MP131AAG3, STM32MP131CAE3, STM32MP131CAF3, STM32MP131CAG3, STM32MP131DAE7, STM32MP131DAF7, STM32MP131DAG7, STM32MP131FAE7, STM32MP131FAF7, STM32MP131FAG7, STM32MP133AAE3, STM32MP133AAF3, STM32MP133AAG3, STM32MP133CAE3, STM32MP133CAF3, STM32MP133CAG3, STM32MP133DAE7, STM32MP133DAF7, STM32MP133DAG7, STM32MP133FAE7, STM32MP133FAF7, STM32MP133FAG7, STM32MP135AAE3, STM32MP135AAF3, STM32MP135AAG3, STM32MP135CAE3, STM32MP135CAF3, STM32MP135CAG3, STM32MP135DAE7, STM32MP135DAF7, STM32MP135DAG7, STM32MP135F-DK, STM32MP135FAE7, STM32MP135FAF7, STM32MP135FAF7T, STM32MP135FAF7U, STM32MP135FAG7, STM32MP231AAJ3, STM32MP231AAK3, STM32MP231AAL3, STM32MP231CAJ3, STM32MP231CAK3, STM32MP231CAL3, STM32MP231DAJ3, STM32MP231DAK3, STM32MP231DAL3, STM32MP231FAJ3, STM32MP231FAK3, STM32MP231FAL3, STM32MP233AAJ3, STM32MP233AAK3, STM32MP233AAL3, STM32MP233CAJ3, STM32MP233CAK3, STM32MP233CAL3, STM32MP233DAJ3, STM32MP233DAK3, STM32MP233DAL3, STM32MP233FAJ3, STM32MP233FAK3, STM32MP233FAL3, STM32MP235AAJ3, STM32MP235AAK3, STM32MP235AAL3, STM32MP235CAJ3, STM32MP235CAK3, STM32MP235CAL3, STM32MP235DAJ3, STM32MP235DAK3, STM32MP235DAL3, STM32MP235FAJ3, STM32MP235FAK3, STM32MP235FAL3, STM32MP251AAI3, STM32MP251AAJ3, STM32MP251AAK3, STM32MP251AAL3, STM32MP251CAI3, STM32MP251CAJ3, STM32MP251CAK3, STM32MP251CAL3, STM32MP251DAI3, STM32MP251DAJ3, STM32MP251DAK3, STM32MP251DAL3, STM32MP251FAI3, STM32MP251FAJ3, STM32MP251FAK3, STM32MP251FAL3, STM32MP253AAI3, STM32MP253AAJ3, STM32MP253AAK3, STM32MP253AAL3, STM32MP253CAI3, STM32MP253CAJ3, STM32MP253CAK3, STM32MP253CAL3, STM32MP253DAI3, STM32MP253DAJ3, STM32MP253DAK3, STM32MP253DAL3, STM32MP253FAI3, STM32MP253FAJ3, STM32MP253FAK3, STM32MP253FAL3, STM32MP255AAI3, STM32MP255AAJ3, STM32MP255AAK3, STM32MP255AAL3, STM32MP255CAI3, STM32MP255CAJ3, STM32MP255CAK3, STM32MP255CAL3, STM32MP255DAI3, STM32MP255DAJ3, STM32MP255DAK3, STM32MP255DAL3, STM32MP255FAI3, STM32MP255FAJ3, STM32MP255FAK3, STM32MP255FAL3, STM32MP257AAI3, STM32MP257AAJ3, STM32MP257AAK3, STM32MP257AAL3, STM32MP257CAI3, STM32MP257CAJ3, STM32MP257CAK3, STM32MP257CAL3, STM32MP257DAI3, STM32MP257DAJ3, STM32MP257DAK3, STM32MP257DAL3, STM32MP257F-DK, STM32MP257F-EV1, STM32MP257FAI3, STM32MP257FAJ3, STM32MP257FAK3, STM32MP257FAL3, STM32N645A0H3Q, STM32N645B0H3Q, STM32N645I0H3Q, STM32N645L0H3Q, STM32N645X0H3Q, STM32N645Z0H3Q, STM32N647A0H3Q, STM32N647B0H3Q, STM32N647I0H3Q, STM32N647L0H3Q, STM32N647X0H3Q, STM32N647Z0H3Q, STM32N655A0H3Q, STM32N655B0H3Q, STM32N655I0H3Q, STM32N655L0H3Q, STM32N655X0H3Q, STM32N655Z0H3Q, STM32N6570-DK, STM32N657A0H3Q, STM32N657B0H3Q, STM32N657I0H3Q, STM32N657L0H3Q, STM32N657X0H3Q, STM32N657Z0H3Q, STM32U031C6T6, STM32U031C6U6, STM32U031C8T6, STM32U031C8U6, STM32U031F4P6, STM32U031F6P6, STM32U031F8P6, STM32U031G6Y6TR, STM32U031G8Y6TR, STM32U031K4U6, STM32U031K6U6, STM32U031K8U6, STM32U031R6I6, STM32U031R6T6, STM32U031R8I6, STM32U031R8T6, STM32U073C8T6, STM32U073C8U6, STM32U073CBT6, STM32U073CBU6, STM32U073CCT6, STM32U073CCU6, STM32U073H8Y6TR, STM32U073HBY6TR, STM32U073HCY6TR, STM32U073K8U6, STM32U073KBU6, STM32U073KCU6, STM32U073M8I6, STM32U073M8T6, STM32U073MBI6, STM32U073MBT6, STM32U073MCI6, STM32U073MCT6, STM32U073R8I6, STM32U073R8T6, STM32U073RBI6, STM32U073RBT6, STM32U073RCI6, STM32U073RCT6, STM32U083C-DK, STM32U083CCT6, STM32U083CCU6, STM32U083HCY6TR, STM32U083KCU6, STM32U083MCI6, STM32U083MCT6, STM32U083RCI6, STM32U083RCT6, STM32U375CET6, STM32U375CET6Q, STM32U375CEU6, STM32U375CEU6Q, STM32U375CEY6QTR, STM32U375CGT6, STM32U375CGT6Q, STM32U375CGU6, STM32U375CGU6Q, STM32U375CGY6QTR, STM32U375KEU6, STM32U375KGU6, STM32U375REI6, STM32U375REI6Q, STM32U375RET6, STM32U375RET6Q, STM32U375REY6GTR, STM32U375REY6QTR, STM32U375RGI6, STM32U375RGI6Q, STM32U375RGT6, STM32U375RGT6Q, STM32U375RGY6GTR, STM32U375RGY6QTR, STM32U375VEI6, STM32U375VEI6Q, STM32U375VET6, STM32U375VET6Q, STM32U375VGI6, STM32U375VGI6Q, STM32U375VGT6, STM32U375VGT6Q, STM32U385CGT6, STM32U385CGT6Q, STM32U385CGU6, STM32U385CGU6Q, STM32U385CGY6QTR, STM32U385KGU6, STM32U385RGI6, STM32U385RGI6Q, STM32U385RGT6, STM32U385RGT6Q, STM32U385RGY6GTR, STM32U385RGY6QTR, STM32U385VGI6, STM32U385VGI6Q, STM32U385VGT6, STM32U385VGT6Q, STM32U535CBT6, STM32U535CBT6Q, STM32U535CBU6, STM32U535CBU6Q, STM32U535CCT6, STM32U535CCT6Q, STM32U535CCU6, STM32U535CCU6Q, STM32U535CET6, STM32U535CET6Q, STM32U535CEU6, STM32U535CEU6Q, STM32U535JEY6QTR, STM32U535NCY6QTR, STM32U535NEY6QTR, STM32U535RBI6, STM32U535RBI6Q, STM32U535RBT6, STM32U535RBT6Q, STM32U535RCI6, STM32U535RCI6Q, STM32U535RCT6, STM32U535RCT6Q, STM32U535REI6, STM32U535REI6Q, STM32U535RET6, STM32U535RET6Q, STM32U535VCI6, STM32U535VCI6Q, STM32U535VCT6, STM32U535VCT6Q, STM32U535VEI6, STM32U535VEI6Q, STM32U535VET6, STM32U535VET6Q, STM32U545CET6, STM32U545CET6Q, STM32U545CEU6, STM32U545CEU6Q, STM32U545JEY6QTR, STM32U545NEY6QTR, STM32U545REI6, STM32U545REI6Q, STM32U545RET6, STM32U545RET6Q, STM32U545VEI6, STM32U545VEI6Q, STM32U545VET6, STM32U545VET6Q, STM32U595AIH6, STM32U595AIH6Q, STM32U595AJH6, STM32U595AJH6Q, STM32U595QII6, STM32U595QII6Q, STM32U595QJI6, STM32U595QJI6Q, STM32U595RIT6, STM32U595RIT6Q, STM32U595RJT6, STM32U595RJT6Q, STM32U595VIT6, STM32U595VIT6Q, STM32U595VJT6, STM32U595VJT6Q, STM32U595ZIT6, STM32U595ZIT6Q, STM32U595ZIY6QTR, STM32U595ZJT6, STM32U595ZJT6Q, STM32U595ZJY6QTR, STM32U599BJY6QTR, STM32U599NIH6Q, STM32U599NJH6Q, STM32U599VIT6Q, STM32U599VJT6, STM32U599VJT6Q, STM32U599ZIT6Q, STM32U599ZIY6QTR, STM32U599ZJT6Q, STM32U599ZJY6QTR, STM32U5A5AJH6, STM32U5A5AJH6Q, STM32U5A5QII3Q , STM32U5A5QJI6, STM32U5A5QJI6Q, STM32U5A5RJT6, STM32U5A5RJT6Q, STM32U5A5VJT6, STM32U5A5VJT6Q, STM32U5A5ZJT6, STM32U5A5ZJT6Q, STM32U5A5ZJY6QTR, STM32U5A9BJY6QTR, STM32U5A9J-DK, STM32U5A9NJH6Q, STM32U5A9VJT6Q, STM32U5A9ZJT6Q, STM32U5A9ZJY6QTR, STM32U5F7VIT6, STM32U5F7VIT6Q, STM32U5F7VJT6, STM32U5F7VJT6Q, STM32U5F9BJY6QTR, STM32U5F9NJH6Q, STM32U5F9VIT6Q, STM32U5F9VJT6Q, STM32U5F9ZIJ6QTR, STM32U5F9ZIT6Q, STM32U5F9ZJJ6QTR, STM32U5F9ZJT6Q, STM32U5G7VJT6, STM32U5G7VJT6Q, STM32U5G9BJY6QTR, STM32U5G9J-DK1, STM32U5G9J-DK2, STM32U5G9NJH6Q, STM32U5G9VJT6Q, STM32U5G9ZJJ6QTR, STM32U5G9ZJT6Q, STM32WB05KZV6TR, STM32WB05KZV7TR, STM32WB05TZF6TR, STM32WB05TZF7TR, STM32WB06CCF6TR, STM32WB06CCF7TR, STM32WB06CCV6TR, STM32WB06CCV7TR, STM32WB06KCV6TR, STM32WB06KCV7TR, STM32WB07CCF6TR, STM32WB07CCF7TR, STM32WB07CCV6TR, STM32WB07CCV7TR, STM32WB07KCV6TR, STM32WB07KCV7TR, STM32WB09KEV6TR, STM32WB09KEV7TR, STM32WB09TEF6TR, STM32WB09TEF7TR, STM32WB1MMCH6, STM32WBA50KGU6, STM32WBA50KGU6TR, STM32WBA52CEU6, STM32WBA52CEU6TR, STM32WBA52CEU7, STM32WBA52CEU7TR, STM32WBA52CGU6, STM32WBA52CGU6TR, STM32WBA52CGU6U, STM32WBA52CGU7, STM32WBA52CGU7TR, STM32WBA52KEU6, STM32WBA52KEU6TR, STM32WBA52KGU6, STM32WBA52KGU6TR, STM32WBA54CEU6, STM32WBA54CEU6TR, STM32WBA54CEU7, STM32WBA54CEU7TR, STM32WBA54CGU6, STM32WBA54CGU6TR, STM32WBA54CGU7, STM32WBA54CGU7TR, STM32WBA54KEU6, STM32WBA54KEU6TR, STM32WBA54KEU7, STM32WBA54KEU7TR, STM32WBA54KGU6, STM32WBA54KGU6TR, STM32WBA54KGU7, STM32WBA54KGU7TR, STM32WBA55CEU6, STM32WBA55CEU6TR, STM32WBA55CEU7, STM32WBA55CEU7TR, STM32WBA55CGU6, STM32WBA55CGU6TR, STM32WBA55CGU6U, STM32WBA55CGU7, STM32WBA55CGU7TR, STM32WBA55G-DK1, STM32WBA55HEF6, STM32WBA55HEF7, STM32WBA55HGF6, STM32WBA55HGF7, STM32WBA55UEI6, STM32WBA55UEI6TR, STM32WBA55UEI7, STM32WBA55UEI7TR, STM32WBA55UGI6, STM32WBA55UGI6TR, STM32WBA55UGI7, STM32WBA55UGI7TR, STM32WBA5MJGH6TR, STM32WBA62CGU6, STM32WBA62CIU6, STM32WBA62MGF6, STM32WBA62MIF6, STM32WBA62PGI6, STM32WBA62PII6, STM32WBA63CGU6, STM32WBA63CGU7, STM32WBA63CIU6, STM32WBA63CIU7, STM32WBA64CGU6, STM32WBA64CGU7, STM32WBA64CIU6, STM32WBA64CIU7, STM32WBA65CGU6, STM32WBA65CGU7, STM32WBA65CIU6, STM32WBA65CIU7, STM32WBA65I-DK1, STM32WBA65MGF6, STM32WBA65MGF7, STM32WBA65MIF6, STM32WBA65MIF7, STM32WBA65PGI6, STM32WBA65PGI7, STM32WBA65PII6, STM32WBA65PII7, STM32WBA65RGV6, STM32WBA65RGV7, STM32WBA65RIV6, STM32WBA65RIV7, STM32WL30K8V6, STM32WL30KBV6, STM32WL31C8V6, STM32WL31CBV6, STM32WL31K8V6, STM32WL31KBV6, STM32WL33C8V6, STM32WL33C8V6TR, STM32WL33C8V7, STM32WL33C8V7TR, STM32WL33CBV6, STM32WL33CBV6TR, STM32WL33CBV7, STM32WL33CBV7TR, STM32WL33CCV6, STM32WL33CCV6TR, STM32WL33CCV7, STM32WL33CCV7A, STM32WL33CCV7ATR, STM32WL33CCV7TR, STM32WL33K8V6, STM32WL33K8V6TR, STM32WL33K8V7, STM32WL33K8V7TR, STM32WL33KBV6, STM32WL33KBV6TR, STM32WL33KBV7, STM32WL33KBV7TR, STM32WL33KCV6, STM32WL33KCV6TR, STM32WL33KCV7, STM32WL33KCV7TR, STM32WL5MOCH6, STM32WL5MOCH6TR]
2026-04-06 08:56:54,251 [INFO] BoardInfo:889 - No configuration file found for board NUCLEO-H5E5ZJ
2026-04-06 08:56:54,252 [INFO] DbBoards:161 - Board is not supported: NUCLEO-H5E5ZJ
2026-04-06 08:56:54,350 [INFO] BoardInfo:889 - No configuration file found for board NUCLEO-U3C5ZI-Q
2026-04-06 08:56:54,351 [INFO] DbBoards:161 - Board is not supported: NUCLEO-U3C5ZI-Q
2026-04-06 08:56:54,372 [INFO] BoardInfo:889 - No configuration file found for board NUCLEO-WBA25CE1
2026-04-06 08:56:54,373 [INFO] DbBoards:161 - Board is not supported: NUCLEO-WBA25CE1
2026-04-06 08:56:54,380 [INFO] BoardInfo:889 - No configuration file found for board NUCLEO-WL3RKB1
2026-04-06 08:56:54,381 [INFO] DbBoards:161 - Board is not supported: NUCLEO-WL3RKB1
2026-04-06 08:56:54,382 [INFO] BoardInfo:889 - No configuration file found for board NUCLEO-WL3RKB2
2026-04-06 08:56:54,382 [INFO] DbBoards:161 - Board is not supported: NUCLEO-WL3RKB2
2026-04-06 08:56:54,394 [INFO] BoardInfo:889 - No configuration file found for board P-NUCLEO-WB55
2026-04-06 08:56:54,394 [INFO] DbBoards:161 - Kit is not supported: P-NUCLEO-WB55
2026-04-06 08:56:54,401 [INFO] BoardInfo:889 - No configuration file found for board STEVAL-BFA001V1B
2026-04-06 08:56:54,403 [INFO] DbBoards:161 - Kit is not supported: STEVAL-BFA001V1B
2026-04-06 08:56:54,405 [INFO] BoardInfo:889 - No configuration file found for board STEVAL-BFA001V2B
2026-04-06 08:56:54,406 [INFO] DbBoards:161 - Kit is not supported: STEVAL-BFA001V2B
2026-04-06 08:56:54,507 [INFO] BoardInfo:889 - No configuration file found for board STM32H5F5J-DK
2026-04-06 08:56:54,508 [INFO] DbBoards:161 - Board is not supported: STM32H5F5J-DK
2026-04-06 08:56:54,648 [INFO] BoardInfo:889 - No configuration file found for board STM32MP215F-DK
2026-04-06 08:56:54,649 [INFO] DbBoards:161 - Board is not supported: STM32MP215F-DK
2026-04-06 08:56:54,665 [INFO] DbBoards:168 - Found 218 boards, 208 are supported
2026-04-06 08:56:54,665 [INFO] DbBoards:169 - Found 218 boards, 43 of them is supported for  Bsp
2026-04-06 08:56:54,675 [INFO] ApiDb:423 - Load user favorites file /home/vatcraft/.stm32cubeide/favorites.boards.txt: 0 item(s)
2026-04-06 08:56:54,675 [INFO] ApiDb:427 - User favorites Boards=[]
2026-04-06 08:56:54,675 [INFO] DbBoards:198 - Set 0 / 0 favorites Boards
2026-04-06 08:56:54,679 [INFO] ApiDb:668 - CubeFinder database Data Model version=2.1
2026-04-06 08:56:54,680 [INFO] ApiDb:669 - CubeFinder database Configuration version=3.0.42
2026-04-06 08:56:54,680 [INFO] ApiDb:670 - CubeFinder database generation date=2026-03-11 (1773229989)
2026-04-06 08:56:54,680 [INFO] ApiDb:671 - CubeFinder database FW Pack versions=[FP-ATR-ASTRA1_V2.0.0, FP-SNS-FLIGHT1_V5.1.0, FP-SNS-MOTENV1_V5.1.0, FP-SNS-MOTENVWB1_V1.5.0, FP-SNS-SMARTAG2_V1.2.0, FP-SNS-STBOX1_V2.1.0, STM32Cube_FW_C0_V1.4.0, STM32Cube_FW_F4_V1.28.3, STM32Cube_FW_F7_V1.17.4, STM32Cube_FW_G0_V1.6.3, STM32Cube_FW_G4_V1.6.2, STM32Cube_FW_H5_V1.6.0, STM32Cube_FW_H7RS_V1.3.0, STM32Cube_FW_H7_V1.13.0, STM32Cube_FW_L0_V1.12.2, STM32Cube_FW_L4_V1.18.2, STM32Cube_FW_L5_V1.6.0, STM32Cube_FW_N6_V1.3.0, STM32Cube_FW_U0_V1.3.0, STM32Cube_FW_U3_V1.3.0, STM32Cube_FW_U5_V1.8.0, STM32Cube_FW_WB0_V1.4.0, STM32Cube_FW_WBA_V1.9.0, STM32Cube_FW_WB_V1.24.0, STM32Cube_FW_WL3_V1.4.0, STM32Cube_FW_WL_V1.5.0, X-CUBE-ALGOBUILD_V1.4.0, X-CUBE-ALS_V1.0.2, X-CUBE-AZRTOS-F4_V1.1.0, X-CUBE-AZRTOS-F7_V1.1.0, X-CUBE-AZRTOS-G0_V1.1.0, X-CUBE-AZRTOS-G4_V2.0.0, X-CUBE-AZRTOS-H7RS_V1.1.0, X-CUBE-AZRTOS-H7_V3.4.0, X-CUBE-AZRTOS-L4_V2.0.0, X-CUBE-AZRTOS-L5_V2.0.0, X-CUBE-AZRTOS-WB_V2.0.0, X-CUBE-AZRTOS-WL_V2.0.0, X-CUBE-BLE1_V7.1.0, X-CUBE-BLE2_V3.3.0, X-CUBE-BLEMGR_V4.1.0, X-CUBE-EEPRMA1_V5.2.0, X-CUBE-FREERTOS_V1.5.0, X-CUBE-GNSS1_V6.0.0, X-CUBE-MEMS1_V12.0.0, X-CUBE-NFC4_V3.0.0, X-CUBE-NFC7_V2.0.0, X-CUBE-SFXS2LP1_V4.0.0, X-CUBE-ST67W61_V1.2.0, X-CUBE-SUBG2_V5.0.0, X-CUBE-TOF1_V3.4.3]
2026-04-06 08:56:55,647 [ERROR] DbExamplesSqlite:437 - Missing JSON key: board_cpn
2026-04-06 08:56:55,647 [ERROR] DbExamplesSqlite:437 - Missing JSON key: board_cpn
2026-04-06 08:56:55,648 [ERROR] DbExamplesSqlite:437 - Missing JSON key: board_cpn
2026-04-06 08:56:55,648 [ERROR] DbExamplesSqlite:437 - Missing JSON key: board_cpn
2026-04-06 08:56:56,769 [ERROR] DbExamplesSqlite:437 - Missing JSON key: board_cpn
2026-04-06 08:56:56,770 [ERROR] DbExamplesSqlite:437 - Missing JSON key: board_cpn
2026-04-06 08:56:56,899 [INFO] DbExamplesSqlite:395 - Ignored 39 examples not supported by CubeIDE
2026-04-06 08:56:56,900 [INFO] DbExamplesSqlite:396 - Found 11210 examples active
2026-04-06 08:56:56,901 [INFO] DbExamplesSqlite:397 - Found 0 examples obsolete
2026-04-06 08:56:56,902 [INFO] DbExamplesSqlite:398 - Found 0 examples under development
2026-04-06 08:56:56,903 [INFO] DbExamplesSqlite:399 - Found 76 examples not building
2026-04-06 08:56:56,909 [INFO] DbExamples:125 - Found 11247 examples
2026-04-06 08:56:57,209 [ERROR] DbExamples:208 - Found 377 examples with invalid data (board or MCU)
2026-04-06 08:56:57,210 [INFO] DbExamples:222 - Found 140 boards with related examples
2026-04-06 08:56:57,218 [INFO] DbExamples:235 - Found 114 MCUs with related examples
2026-04-06 08:56:57,265 [INFO] ApiDb:423 - Load user favorites file /home/vatcraft/.stm32cubeide/favorites.examples.txt: 0 item(s)
2026-04-06 08:56:57,265 [INFO] ApiDb:427 - User favorites Examples=[]
2026-04-06 08:56:57,267 [INFO] DbExamples:250 - Set 0 / 0 favorites Examples
2026-04-06 08:56:57,661 [INFO] McuFinderGlobals:76 - Set McuFinderConnectedMode to true
2026-04-06 08:56:57,682 [INFO] MultiScanPanel:200 - Auto-refresh data requested => check proxy status ongoing
2026-04-06 08:56:57,690 [INFO] FinderPluginLoader:95 - Searching for filters in installed packs
2026-04-06 08:57:02,079 [INFO] LoadUrlFilesThread:185 - End of LoadServerUrlFiles without Thread
2026-04-06 08:57:02,104 [INFO] DetailPanel:341 - Set advertising image to /home/vatcraft/STM32Cube/Repository//en.prom-stm32c5-0326.jpg
2026-04-06 08:57:09,363 [INFO] MultiScanPanel:200 - Auto-refresh data requested => check proxy status ongoing
2026-04-06 08:57:09,640 [INFO] LoadUrlFilesThread:185 - End of LoadServerUrlFiles without Thread
2026-04-06 08:57:09,640 [INFO] DetailPanel:341 - Set advertising image to /home/vatcraft/STM32Cube/Repository//en.prom-stm32c5-0326.jpg
2026-04-06 08:57:09,658 [INFO] DbBoards:642 - Loading board mini-images...
2026-04-06 08:57:12,801 [INFO] DbBoards:665 - Loaded 218 board mini-images
2026-04-06 08:57:42,360 [INFO] MainUpdater:2872 - connection check result : 10
2026-04-06 08:57:42,361 [INFO] MainUpdater:2872 - connection check result : 10
2026-04-06 08:57:42,382 [INFO] MicroXplorer:468 - Change Database Path : 
2026-04-06 08:57:42,382 [INFO] MicroXplorer:498 - Change Database Version : DB.6.0.141
2026-04-06 08:57:42,394 [WARN] ThirdParty:871 - waiting for thirdparty lock release [close project]
2026-04-06 08:57:42,395 [INFO] ThirdParty:873 - entering critical section [close project]
2026-04-06 08:57:42,397 [INFO] ThirdParty:883 - exiting critical section [close project]
2026-04-06 08:57:42,401 [INFO] PinOutPanel:1589 - setPackage(No Configuration,No Configuration)
2026-04-06 08:57:42,413 [INFO] UtilMem:75 - Begin LoadConfig() Used Memory: 980339392 Bytes (1073741824)
2026-04-06 08:57:42,432 [INFO] MicroXplorer:468 - Change Database Path : 
2026-04-06 08:57:42,433 [INFO] MicroXplorer:498 - Change Database Version : DB.6.0.141
2026-04-06 08:57:42,434 [INFO] OpenFileManager:354 - Change cursor
2026-04-06 08:57:42,546 [INFO] Mcu:2011 - Initializing MCU STM32F401R(D-E)Tx STM32F401RETx STM32F401RET6
2026-04-06 08:57:44,800 [INFO] Context:756 - Trying to add GPIOservice into a context  which must be forbidden
2026-04-06 08:57:45,322 [INFO] Rule:225 - rule Adapt Old IOC before rework replace old CORTEX_M33/CORTEX_M55 attributes by the new one. is applicable
2026-04-06 08:57:45,322 [INFO] Rule:225 - rule Rename parametre of RCC RCC_APBDBG_DIV2 to RCC_TIMPRES_DIV2 is applicable
2026-04-06 08:57:45,322 [INFO] Rule:225 - rule Rename DIE493 pin PA10 [PA12] -> PA10 is applicable
2026-04-06 08:57:45,323 [INFO] Rule:225 - rule Rename DIE493 pin PA9 [PA11] -> PA9 is applicable
2026-04-06 08:57:45,323 [INFO] Rule:225 - rule Adapt Old IOC CSI. is applicable
2026-04-06 08:57:45,323 [INFO] DbConfProperties:307 - Apply Compatibility (0/5 Rules)
2026-04-06 08:57:45,362 [INFO] ImportTextPane:218 - (OptionalMessage_ERROR) Pin12 (VP_RIF_VS_RIF1) cannot be retrieved for this MCU
2026-04-06 08:57:45,705 [INFO] RtosManager:558 - Registered RTOS mode: class=CMSIS, group=RTOS, mode=CMSIS_V1, owner=FREERTOS
2026-04-06 08:57:45,705 [INFO] RtosManager:558 - Registered RTOS mode: class=CMSIS, group=RTOS2, mode=CMSIS_V2, owner=FREERTOS
2026-04-06 08:57:45,705 [INFO] RtosManager:558 - Registered RTOS mode: class=RTOS, group=Core, mode=CMSIS_V1, owner=FREERTOS
2026-04-06 08:57:45,705 [INFO] RtosManager:558 - Registered RTOS mode: class=RTOS, group=Core, mode=CMSIS_V2, owner=FREERTOS
2026-04-06 08:57:45,705 [WARN] ModelIntegratedComponent:184 - Missing modes for component STMicroelectronics:FreeRTOS:0.0.1:STMicroelectronics:RTOS:FreeRTOS:Core:::10.2.0:
2026-04-06 08:57:45,730 [WARN] ModelIntegratedComponent:63 - No mode defined for component null
2026-04-06 08:57:45,731 [WARN] ModelIntegratedComponent:63 - No mode defined for component null
2026-04-06 08:57:45,731 [WARN] ModelIntegratedComponent:63 - No mode defined for component null
2026-04-06 08:57:45,731 [WARN] ModelIntegratedComponent:63 - No mode defined for component null
2026-04-06 08:57:45,731 [WARN] ModelIntegratedComponent:63 - No mode defined for component null
2026-04-06 08:57:45,731 [WARN] ModelIntegratedComponent:63 - No mode defined for component null
2026-04-06 08:57:45,731 [WARN] ModelIntegratedComponent:63 - No mode defined for component null
2026-04-06 08:57:45,731 [WARN] ModelIntegratedComponent:63 - No mode defined for component null
2026-04-06 08:57:45,731 [WARN] ModelIntegratedComponent:63 - No mode defined for component null
2026-04-06 08:57:45,731 [WARN] ModelIntegratedComponent:63 - No mode defined for component null
2026-04-06 08:57:45,731 [WARN] ModelIntegratedComponent:63 - No mode defined for component null
2026-04-06 08:57:45,731 [WARN] ModelIntegratedComponent:63 - No mode defined for component null
2026-04-06 08:57:45,732 [WARN] ModelIntegratedComponent:63 - No mode defined for component null
2026-04-06 08:57:45,732 [WARN] ModelIntegratedComponent:63 - No mode defined for component null
2026-04-06 08:57:45,732 [WARN] ModelIntegratedComponent:63 - No mode defined for component null
2026-04-06 08:57:45,732 [WARN] ModelIntegratedComponent:63 - No mode defined for component null
2026-04-06 08:57:45,732 [WARN] ModelIntegratedComponent:63 - No mode defined for component null
2026-04-06 08:57:45,732 [WARN] ModelIntegratedComponent:63 - No mode defined for component null
2026-04-06 08:57:45,732 [WARN] ModelIntegratedComponent:63 - No mode defined for component null
2026-04-06 08:57:45,732 [WARN] ModelIntegratedComponent:63 - No mode defined for component null
2026-04-06 08:57:45,732 [WARN] ModelIntegratedComponent:63 - No mode defined for component null
2026-04-06 08:57:45,732 [WARN] ModelIntegratedComponent:63 - No mode defined for component null
2026-04-06 08:57:45,732 [WARN] ModelIntegratedComponent:63 - No mode defined for component null
2026-04-06 08:57:45,732 [WARN] ModelIntegratedComponent:63 - No mode defined for component null
2026-04-06 08:57:45,732 [WARN] ModelIntegratedComponent:63 - No mode defined for component null
2026-04-06 08:57:45,732 [WARN] ModelIntegratedComponent:63 - No mode defined for component null
2026-04-06 08:57:45,732 [WARN] ModelIntegratedComponent:63 - No mode defined for component null
2026-04-06 08:57:45,733 [WARN] ModelIntegratedComponent:63 - No mode defined for component null
2026-04-06 08:57:45,733 [WARN] ModelIntegratedComponent:63 - No mode defined for component null
2026-04-06 08:57:45,733 [WARN] ModelIntegratedComponent:63 - No mode defined for component null
2026-04-06 08:57:45,733 [WARN] ModelIntegratedComponent:63 - No mode defined for component null
2026-04-06 08:57:45,733 [WARN] ModelIntegratedComponent:63 - No mode defined for component null
2026-04-06 08:57:45,733 [WARN] ModelIntegratedComponent:63 - No mode defined for component null
2026-04-06 08:57:45,733 [WARN] ModelIntegratedComponent:63 - No mode defined for component null
2026-04-06 08:57:45,733 [WARN] ModelIntegratedComponent:63 - No mode defined for component null
2026-04-06 08:57:45,733 [WARN] ModelPack:524 - Component already loaded: STMicroelectronics:HAL Drivers:0.0.0:STMicroelectronics:Device:STMicro_Driver:XSPI:HAL::0.0.1:HAL_XSPI
2026-04-06 08:57:45,774 [INFO] ThirdPartyModel:298 - Start build external matchings
2026-04-06 08:57:46,237 [INFO] ThirdPartyModel:316 - End build external matchings
2026-04-06 08:57:46,252 [INFO] ImportTextPane:218 - (OptionalMessage_ERROR) IP (RCC) : Parameter (RTCHSEDivFreq_Value) has invalid value (4000000)
2026-04-06 08:57:46,601 [INFO] UtilMem:75 - End LoadConfig() Used Memory: 558768480 Bytes (1073741824)
2026-04-06 08:57:46,856 [WARN] ThirdParty:833 - waiting for thirdparty lock release [change project]
2026-04-06 08:57:46,857 [INFO] ThirdParty:835 - entering critical section [change project]
2026-04-06 08:57:46,857 [INFO] ThirdParty:1030 - CMSIS Pack Vendor :STMicroelectronics X-CUBE-AZRTOS-H7 3.5.0
2026-04-06 08:57:46,857 [INFO] ThirdParty:1030 - CMSIS Pack Vendor :STMicroelectronics X-CUBE-PM33A1 1.0.0
2026-04-06 08:57:46,857 [INFO] ThirdParty:1030 - CMSIS Pack Vendor :STMicroelectronics USBPD 4.1
2026-04-06 08:57:46,857 [INFO] ThirdParty:1030 - CMSIS Pack Vendor :STMicroelectronics X-CUBE-NFC9 1.0.0
2026-04-06 08:57:46,857 [INFO] ThirdParty:1030 - CMSIS Pack Vendor :STMicroelectronics USB_HOST 2.0.0
2026-04-06 08:57:46,858 [INFO] ThirdParty:1030 - CMSIS Pack Vendor :STMicroelectronics X-CUBE-AZRTOS-F4 1.1.0
2026-04-06 08:57:46,858 [INFO] ThirdParty:1030 - CMSIS Pack Vendor :STMicroelectronics LIBJPEG 8.0.0
2026-04-06 08:57:46,858 [INFO] ThirdParty:1030 - CMSIS Pack Vendor :STMicroelectronics FP-ATR-ASTRA1 2.0.2
2026-04-06 08:57:46,858 [INFO] ThirdParty:1030 - CMSIS Pack Vendor :STMicroelectronics X-CUBE-BLE1 7.1.0
2026-04-06 08:57:46,858 [INFO] ThirdParty:1030 - CMSIS Pack Vendor :STMicroelectronics X-CUBE-SMBUS 2.1.0
2026-04-06 08:57:46,858 [INFO] ThirdParty:1030 - CMSIS Pack Vendor :wolfSSL I-CUBE-wolfMQTT 1.19.2
2026-04-06 08:57:46,858 [INFO] ThirdParty:1030 - CMSIS Pack Vendor :STMicroelectronics USB_DEVICE 3.0.0
2026-04-06 08:57:46,858 [INFO] ThirdParty:1030 - CMSIS Pack Vendor :STMicroelectronics X-CUBE-ISPU 2.1.0
2026-04-06 08:57:46,858 [INFO] ThirdParty:1030 - CMSIS Pack Vendor :STMicroelectronics X-CUBE-EEPRMA1 5.2.0
2026-04-06 08:57:46,858 [INFO] ThirdParty:1030 - CMSIS Pack Vendor :STMicroelectronics X-CUBE-BLEMGR 4.1.0
2026-04-06 08:57:46,858 [INFO] ThirdParty:1030 - CMSIS Pack Vendor :STMicroelectronics eDS-WB_DPC_TT-BIDIR 2.1.1
2026-04-06 08:57:46,858 [INFO] ThirdParty:1030 - CMSIS Pack Vendor :STMicroelectronics X-CUBE-AZRTOS-WB 2.0.0
2026-04-06 08:57:46,858 [INFO] ThirdParty:1030 - CMSIS Pack Vendor :wolfSSL I-CUBE-wolfSSL 5.8.4
2026-04-06 08:57:46,858 [INFO] ThirdParty:1030 - CMSIS Pack Vendor :Cesanta I-CUBE-Mongoose 7.20.0
2026-04-06 08:57:46,858 [INFO] ThirdParty:1030 - CMSIS Pack Vendor :STMicroelectronics X-CUBE-NFC12 1.0.0
2026-04-06 08:57:46,858 [INFO] ThirdParty:1030 - CMSIS Pack Vendor :STMicroelectronics X-CUBE-AZRTOS-F7 1.1.0
2026-04-06 08:57:46,859 [INFO] ThirdParty:1030 - CMSIS Pack Vendor :STMicroelectronics X-CUBE-AZRTOS-L5 2.0.0
2026-04-06 08:57:46,859 [INFO] ThirdParty:1030 - CMSIS Pack Vendor :STMicroelectronics USB_DEVICE 2.0.0
2026-04-06 08:57:46,859 [INFO] ThirdParty:1030 - CMSIS Pack Vendor :quantropi X-CUBE-qispace-sdk-base 2.1.0
2026-04-06 08:57:46,859 [INFO] ThirdParty:1030 - CMSIS Pack Vendor :STMicroelectronics X-CUBE-MEMS1 12.0.0
2026-04-06 08:57:46,860 [INFO] ThirdParty:1030 - CMSIS Pack Vendor :STMicroelectronics X-CUBE-STSE01 2.0.0
2026-04-06 08:57:46,860 [INFO] ThirdParty:1030 - CMSIS Pack Vendor :STMicroelectronics FreeRTOS 0.0.1
2026-04-06 08:57:46,860 [INFO] ThirdParty:1030 - CMSIS Pack Vendor :STMicroelectronics X-CUBE-AZRTOS-G0 1.1.0
2026-04-06 08:57:46,860 [INFO] ThirdParty:1030 - CMSIS Pack Vendor :STMicroelectronics X-CUBE-NFC4 3.0.0
2026-04-06 08:57:46,860 [INFO] ThirdParty:1030 - CMSIS Pack Vendor :STMicroelectronics X-CUBE-SUBG2 5.0.0
2026-04-06 08:57:46,860 [INFO] ThirdParty:1030 - CMSIS Pack Vendor :STMicroelectronics STM32_WPAN 1.0.0
2026-04-06 08:57:46,860 [INFO] ThirdParty:1030 - CMSIS Pack Vendor :STMicroelectronics eDS-WB_DPC_VIENNA 1.2.0
2026-04-06 08:57:46,860 [INFO] ThirdParty:1030 - CMSIS Pack Vendor :EmbeddedOffice I-CUBE-FS-RTOS 1.0.1
2026-04-06 08:57:46,860 [INFO] ThirdParty:1030 - CMSIS Pack Vendor :STMicroelectronics lwIP 2.0.3
2026-04-06 08:57:46,860 [INFO] ThirdParty:1030 - CMSIS Pack Vendor :STMicroelectronics eDS-WB_DPC_3PH2L-BIDIR 1.1.1
2026-04-06 08:57:46,860 [INFO] ThirdParty:1030 - CMSIS Pack Vendor :STMicroelectronics USB_HOST 1.0.0
2026-04-06 08:57:46,861 [INFO] ThirdParty:1030 - CMSIS Pack Vendor :STMicroelectronics X-CUBE-AZRTOS-G4 2.0.0
2026-04-06 08:57:46,861 [INFO] ThirdParty:1030 - CMSIS Pack Vendor :STMicroelectronics X-CUBE-WB05N 2.0.0
2026-04-06 08:57:46,861 [INFO] ThirdParty:1030 - CMSIS Pack Vendor :STMicroelectronics PDM2PCM 3.1.0
2026-04-06 08:57:46,861 [INFO] ThirdParty:1030 - CMSIS Pack Vendor :STMicroelectronics PDM2PCM 3.3.0
2026-04-06 08:57:46,861 [INFO] ThirdParty:1030 - CMSIS Pack Vendor :wolfSSL I-CUBE-wolfTPM 3.8.0
2026-04-06 08:57:46,861 [INFO] ThirdParty:1030 - CMSIS Pack Vendor :STMicroelectronics X-CUBE-DISPLAY 3.0.0
2026-04-06 08:57:46,861 [INFO] ThirdParty:1030 - CMSIS Pack Vendor :wolfSSL I-CUBE-wolfSSH 1.4.20
2026-04-06 08:57:46,861 [INFO] ThirdParty:1030 - CMSIS Pack Vendor :STMicroelectronics X-CUBE-NFC7 2.0.0
2026-04-06 08:57:46,861 [INFO] ThirdParty:1030 - CMSIS Pack Vendor :STMicroelectronics X-CUBE-TCPP 4.2.0
2026-04-06 08:57:46,861 [INFO] ThirdParty:1030 - CMSIS Pack Vendor :RealThread X-CUBE-RT-Thread_Nano 4.1.1
2026-04-06 08:57:46,861 [INFO] ThirdParty:1030 - CMSIS Pack Vendor :STMicroelectronics FP-ATR-SIGFOX1 3.2.0
2026-04-06 08:57:46,863 [INFO] ThirdParty:1030 - CMSIS Pack Vendor :STMicroelectronics X-CUBE-NFC10 1.0.0
2026-04-06 08:57:46,863 [INFO] ThirdParty:1030 - CMSIS Pack Vendor :STMicroelectronics HAL Drivers 0.0.0
2026-04-06 08:57:46,863 [INFO] ThirdParty:1030 - CMSIS Pack Vendor :STMicroelectronics MBEDTLS 2.16.2
2026-04-06 08:57:46,863 [INFO] ThirdParty:1030 - CMSIS Pack Vendor :STMicroelectronics X-CUBE-ST60 1.1.0
2026-04-06 08:57:46,863 [INFO] ThirdParty:1030 - CMSIS Pack Vendor :STMicroelectronics X-CUBE-ALS 1.0.2
2026-04-06 08:57:46,864 [INFO] ThirdParty:1030 - CMSIS Pack Vendor :emotas I-CUBE-CANOPEN 1.3.0
2026-04-06 08:57:46,864 [INFO] ThirdParty:1030 - CMSIS Pack Vendor :STMicroelectronics MBEDTLS 2.14.1
2026-04-06 08:57:46,864 [INFO] ThirdParty:1030 - CMSIS Pack Vendor :STMicroelectronics X-CUBE-GNSS1 7.1.0
2026-04-06 08:57:46,864 [INFO] ThirdParty:1030 - CMSIS Pack Vendor :ITTIA_DB I-CUBE-ITTIADB 8.9.0
2026-04-06 08:57:46,864 [INFO] ThirdParty:1030 - CMSIS Pack Vendor :STMicroelectronics X-CUBE-TOUCHGFX 4.26.1
2026-04-06 08:57:46,864 [INFO] ThirdParty:1030 - CMSIS Pack Vendor :STMicroelectronics X-CUBE-NFC6 3.2.0
2026-04-06 08:57:46,864 [INFO] ThirdParty:1030 - CMSIS Pack Vendor :STMicroelectronics X-CUBE-AI 10.2.0
2026-04-06 08:57:46,864 [INFO] ThirdParty:1030 - CMSIS Pack Vendor :STMicroelectronics FP-SNS-STAIOTCFT 1.0.0
2026-04-06 08:57:46,864 [INFO] ThirdParty:1030 - CMSIS Pack Vendor :STMicroelectronics ThreadX 1.0.0
2026-04-06 08:57:46,864 [INFO] ThirdParty:1030 - CMSIS Pack Vendor :STMicroelectronics FP-SNS-SMARTAG2 1.2.0
2026-04-06 08:57:46,864 [INFO] ThirdParty:1030 - CMSIS Pack Vendor :STMicroelectronics FP-SNS-FLIGHT1 5.1.0
2026-04-06 08:57:46,864 [INFO] ThirdParty:1030 - CMSIS Pack Vendor :STMicroelectronics X-CUBE-AZRTOS-WL 2.0.0
2026-04-06 08:57:46,864 [INFO] ThirdParty:1030 - CMSIS Pack Vendor :SEGGER I-CUBE-embOS 1.3.1
2026-04-06 08:57:46,864 [INFO] ThirdParty:1030 - CMSIS Pack Vendor :STMicroelectronics X-CUBE-ALGOBUILD 1.4.0
2026-04-06 08:57:46,864 [INFO] ThirdParty:1030 - CMSIS Pack Vendor :STMicroelectronics X-CUBE-DPower 1.3.0
2026-04-06 08:57:46,865 [INFO] ThirdParty:1030 - CMSIS Pack Vendor :STMicroelectronics USB_DEVICE 1.0.0
2026-04-06 08:57:46,865 [INFO] ThirdParty:1030 - CMSIS Pack Vendor :STMicroelectronics X-CUBE-AZRTOS-H7RS 1.2.0
2026-04-06 08:57:46,865 [INFO] ThirdParty:1030 - CMSIS Pack Vendor :STMicroelectronics X-CUBE-AZRTOS-L4 2.0.0
2026-04-06 08:57:46,865 [INFO] ThirdParty:1030 - CMSIS Pack Vendor :STMicroelectronics ThreadX 0.0.2
2026-04-06 08:57:46,865 [INFO] ThirdParty:1030 - CMSIS Pack Vendor :STMicroelectronics lwIP 2.1.2
2026-04-06 08:57:46,865 [INFO] ThirdParty:1030 - CMSIS Pack Vendor :STMicroelectronics X-CUBE-SFXS2LP1 4.0.0
2026-04-06 08:57:46,865 [INFO] ThirdParty:1030 - CMSIS Pack Vendor :STMicroelectronics X-CUBE-BLE2 3.3.0
2026-04-06 08:57:46,865 [INFO] ThirdParty:1030 - CMSIS Pack Vendor :Avnet-IOTCONNECT X-CUBE-iotc-st67-sdk 1.0.0
2026-04-06 08:57:46,865 [INFO] ThirdParty:1030 - CMSIS Pack Vendor :STMicroelectronics X-CUBE-TOF1 3.4.3
2026-04-06 08:57:46,865 [INFO] ThirdParty:1030 - CMSIS Pack Vendor :Infineon AIROC-Wi-Fi-Bluetooth-STM32 1.8.0
2026-04-06 08:57:46,865 [INFO] ThirdParty:1030 - CMSIS Pack Vendor :STMicroelectronics PDM2PCM 3.2.0
2026-04-06 08:57:46,865 [INFO] ThirdParty:841 - exiting critical section [change project]
2026-04-06 08:57:47,398 [INFO] PinOutPanel:1589 - setPackage(No Configuration,No Configuration)
2026-04-06 08:57:47,400 [INFO] PinOutPanel:1589 - setPackage(STM32F401RETx,LQFP64)
2026-04-06 08:57:48,376 [INFO] UtilMem:75 - Before build in PCC Used Memory: 588772824 Bytes (1073741824)
2026-04-06 08:57:49,799 [INFO] UtilMem:75 - After build in PCC Used Memory: 741329376 Bytes (1073741824)
2026-04-06 08:57:49,865 [INFO] IPUIPlugin:80 - create IPUIPlugin
2026-04-06 08:57:49,866 [INFO] IPUIPlugin:80 - create IPUIPlugin
2026-04-06 08:57:49,866 [INFO] IPUIPlugin:80 - create IPUIPlugin
2026-04-06 08:57:49,866 [INFO] IPUIPlugin:80 - create IPUIPlugin
2026-04-06 08:57:49,867 [INFO] IPUIPlugin:80 - create IPUIPlugin
2026-04-06 08:57:49,867 [INFO] IPUIPlugin:80 - create IPUIPlugin
2026-04-06 08:57:49,867 [INFO] IPUIPlugin:80 - create IPUIPlugin
2026-04-06 08:57:49,867 [INFO] IPUIPlugin:80 - create IPUIPlugin
2026-04-06 08:57:49,867 [INFO] IPUIPlugin:80 - create IPUIPlugin
2026-04-06 08:57:49,868 [INFO] IPUIPlugin:80 - create IPUIPlugin
2026-04-06 08:57:49,868 [INFO] IPUIPlugin:80 - create IPUIPlugin
2026-04-06 08:57:49,868 [INFO] IPUIPlugin:80 - create IPUIPlugin
2026-04-06 08:57:49,869 [INFO] IPUIPlugin:80 - create IPUIPlugin
2026-04-06 08:57:49,869 [INFO] IPUIPlugin:80 - create IPUIPlugin
2026-04-06 08:57:49,869 [INFO] IPUIPlugin:80 - create IPUIPlugin
2026-04-06 08:57:49,869 [INFO] IPUIPlugin:80 - create IPUIPlugin
2026-04-06 08:57:49,870 [INFO] IPUIPlugin:80 - create IPUIPlugin
2026-04-06 08:57:49,870 [INFO] IPUIPlugin:80 - create IPUIPlugin
2026-04-06 08:57:49,870 [INFO] IPUIPlugin:80 - create IPUIPlugin
2026-04-06 08:57:49,871 [INFO] IPUIPlugin:80 - create IPUIPlugin
2026-04-06 08:57:49,871 [INFO] IPUIPlugin:80 - create IPUIPlugin
2026-04-06 08:57:49,871 [INFO] IPUIPlugin:80 - create IPUIPlugin
2026-04-06 08:57:49,871 [INFO] IPUIPlugin:80 - create IPUIPlugin
2026-04-06 08:57:49,872 [INFO] IPUIPlugin:80 - create IPUIPlugin
2026-04-06 08:57:49,872 [INFO] IPUIPlugin:80 - create IPUIPlugin
2026-04-06 08:57:49,872 [INFO] IPUIPlugin:80 - create IPUIPlugin
2026-04-06 08:57:49,873 [INFO] IPUIPlugin:80 - create IPUIPlugin
2026-04-06 08:57:49,873 [INFO] IPUIPlugin:80 - create IPUIPlugin
2026-04-06 08:57:49,873 [INFO] IPUIPlugin:80 - create IPUIPlugin
2026-04-06 08:57:49,874 [INFO] IPUIPlugin:80 - create IPUIPlugin
2026-04-06 08:57:49,874 [INFO] IPUIPlugin:80 - create IPUIPlugin
2026-04-06 08:57:49,874 [INFO] IPUIPlugin:80 - create IPUIPlugin
2026-04-06 08:57:49,875 [INFO] IPUIPlugin:80 - create IPUIPlugin
2026-04-06 08:57:49,875 [INFO] IPUIPlugin:80 - create IPUIPlugin
2026-04-06 08:57:49,875 [INFO] IPUIPlugin:80 - create IPUIPlugin
2026-04-06 08:57:49,876 [INFO] IPUIPlugin:80 - create IPUIPlugin
2026-04-06 08:57:49,877 [INFO] IPUIPlugin:80 - create IPUIPlugin
2026-04-06 08:57:49,879 [INFO] IPUIPlugin:80 - create IPUIPlugin
2026-04-06 08:57:49,943 [INFO] ApiDbMcu:508 - Load IP Config File for PDM2PCM
2026-04-06 08:57:50,187 [INFO] CADModel:165 - CPN selected for project levelSTM32F401RET6
2026-04-06 08:57:50,188 [INFO] CADModel:114 - Register for checkConnection events
2026-04-06 08:57:50,250 [INFO] OpenFileManager:385 - Restore cursor
2026-04-06 08:57:50,954 [INFO] UtilMem:75 - End SaveConfig() Used Memory: 875027424 Bytes (1073741824)
2026-04-06 08:57:51,064 [INFO] UtilMem:75 - End SaveConfig() Used Memory: 892853272 Bytes (1073741824)
2026-04-06 08:57:51,914 [INFO] BlockDiagram:2775 - set Specific Code input for plugin: NVIC
2026-04-06 08:57:51,914 [INFO] BlockDiagram:2775 - set Specific Code input for plugin: USART
2026-04-06 08:57:51,914 [INFO] BlockDiagram:2775 - set Specific Code input for plugin: SYS
2026-04-06 08:57:51,915 [INFO] BlockDiagram:2775 - set Specific Code input for plugin: GPIO
2026-04-06 08:57:51,915 [INFO] BlockDiagram:2775 - set Specific Code input for plugin: RCC
2026-04-06 08:57:51,916 [INFO] CodeGenerator:882 - code generatio: config db path: /opt/st/stm32cubeide_1.18.1/plugins/com.st.stm32cube.common.mx_6.14.1.202504091515//db/
2026-04-06 08:57:52,291 [INFO] CodeEngine:263 - oldGeneratedFile, /home/vatcraft/Desktop/FET/ELT3240/Project/Environmental_Data_Logger_HAL/MXTmpFiles/license.tmp_save
2026-04-06 08:57:52,824 [INFO] CodeEngine:287 - Generated code: /home/vatcraft/Desktop/FET/ELT3240/Project/Environmental_Data_Logger_HAL/MXTmpFiles/license.tmp
2026-04-06 08:57:52,884 [INFO] CodeEngine:263 - oldGeneratedFile, /home/vatcraft/Desktop/FET/ELT3240/Project/Environmental_Data_Logger_HAL/MXTmpFiles/gpio.tmp_save
2026-04-06 08:57:53,058 [INFO] CodeEngine:287 - Generated code: /home/vatcraft/Desktop/FET/ELT3240/Project/Environmental_Data_Logger_HAL/MXTmpFiles/gpio.tmp
2026-04-06 08:57:53,166 [INFO] CodeEngine:263 - oldGeneratedFile, /home/vatcraft/Desktop/FET/ELT3240/Project/Environmental_Data_Logger_HAL/Core/Src/stm32f4xx_it.c_save
2026-04-06 08:57:53,364 [INFO] CodeEngine:287 - Generated code: /home/vatcraft/Desktop/FET/ELT3240/Project/Environmental_Data_Logger_HAL/Core/Src/stm32f4xx_it.c
2026-04-06 08:57:53,374 [INFO] CodeEngine:263 - oldGeneratedFile, /home/vatcraft/Desktop/FET/ELT3240/Project/Environmental_Data_Logger_HAL/Core/Inc/stm32f4xx_it.h_save
2026-04-06 08:57:53,491 [INFO] CodeEngine:287 - Generated code: /home/vatcraft/Desktop/FET/ELT3240/Project/Environmental_Data_Logger_HAL/Core/Inc/stm32f4xx_it.h
2026-04-06 08:57:53,507 [INFO] CodeEngine:263 - oldGeneratedFile, /home/vatcraft/Desktop/FET/ELT3240/Project/Environmental_Data_Logger_HAL/Core/Src/stm32f4xx_hal_msp.c_save
2026-04-06 08:57:53,716 [INFO] CodeEngine:287 - Generated code: /home/vatcraft/Desktop/FET/ELT3240/Project/Environmental_Data_Logger_HAL/Core/Src/stm32f4xx_hal_msp.c
2026-04-06 08:57:53,726 [INFO] CodeEngine:263 - oldGeneratedFile, /home/vatcraft/Desktop/FET/ELT3240/Project/Environmental_Data_Logger_HAL/MXTmpFiles/system.tmp_save
2026-04-06 08:57:53,839 [INFO] CodeEngine:287 - Generated code: /home/vatcraft/Desktop/FET/ELT3240/Project/Environmental_Data_Logger_HAL/MXTmpFiles/system.tmp
2026-04-06 08:57:53,854 [INFO] CodeEngine:319 - oldGeneratedFile, /home/vatcraft/Desktop/FET/ELT3240/Project/Environmental_Data_Logger_HAL/Core/Inc/stm32f4xx_hal_conf.h_save
2026-04-06 08:57:53,965 [INFO] CodeEngine:343 - Generated code: /home/vatcraft/Desktop/FET/ELT3240/Project/Environmental_Data_Logger_HAL/Core/Inc/stm32f4xx_hal_conf.h
2026-04-06 08:57:54,048 [INFO] ApiDbMcu:508 - Load IP Config File for USART2
2026-04-06 08:57:54,057 [INFO] ApiDbMcu:508 - Load IP Config File for RCC
2026-04-06 08:57:54,072 [INFO] CodeEngine:263 - oldGeneratedFile, /home/vatcraft/Desktop/FET/ELT3240/Project/Environmental_Data_Logger_HAL/Core/Inc/main.h_save
2026-04-06 08:57:54,204 [INFO] CodeEngine:287 - Generated code: /home/vatcraft/Desktop/FET/ELT3240/Project/Environmental_Data_Logger_HAL/Core/Inc/main.h
2026-04-06 08:57:54,206 [INFO] CodeEngine:263 - oldGeneratedFile, /home/vatcraft/Desktop/FET/ELT3240/Project/Environmental_Data_Logger_HAL/Core/Src/main.c_save
2026-04-06 08:57:54,396 [INFO] CodeEngine:287 - Generated code: /home/vatcraft/Desktop/FET/ELT3240/Project/Environmental_Data_Logger_HAL/Core/Src/main.c
2026-04-06 08:57:54,830 [INFO] ProjectBuilder:3324 - Time for Copy HAL[1] : 97mS.
2026-04-06 08:57:54,839 [INFO] ProjectBuilder:4912 - Project Generator version: 4.6.0.1-B1
2026-04-06 08:57:54,997 [INFO] ConfigFileManager:1590 - The Die is : DIE433
2026-04-06 08:57:55,012 [INFO] ApiDbMcu:508 - Load IP Config File for FATFS
2026-04-06 08:57:55,048 [INFO] ApiDbMcu:508 - Load IP Config File for FREERTOS
2026-04-06 08:57:55,054 [INFO] ApiDbMcu:508 - Load IP Config File for LIBJPEG
2026-04-06 08:57:55,102 [INFO] ApiDbMcu:508 - Load IP Config File for MBEDTLS
2026-04-06 08:57:55,153 [INFO] ApiDbMcu:508 - Load IP Config File for USB_DEVICE
2026-04-06 08:57:55,168 [INFO] ApiDbMcu:508 - Load IP Config File for USB_HOST
2026-04-06 08:57:55,658 [INFO] LogOutputStream:77 - [STDOUT_REDIRECT] 
2026-04-06 08:57:57,957 [INFO] ProjectBuilder:5191 - Time for Generating toolchain IDE Files: 3118mS.
2026-04-06 08:57:57,957 [INFO] ProjectBuilder:3181 - Time for Copy CMSIS : 0mS.
2026-04-06 08:57:57,965 [INFO] ProjectBuilder:3181 - Time for Copy CMSIS : 0mS.
2026-04-06 08:57:59,119 [INFO] McuFinderGlobals:76 - Set McuFinderConnectedMode to true
2026-04-06 08:57:59,126 [INFO] ApiDb:448 - Save user favorites file /home/vatcraft/.stm32cubeide/favorites.mcus.txt: 0 item(s)
2026-04-06 08:57:59,126 [INFO] ApiDb:452 - User favorites MCUs=[]
2026-04-06 08:57:59,136 [INFO] ApiDb:448 - Save user favorites file /home/vatcraft/.stm32cubeide/favorites.boards.txt: 0 item(s)
2026-04-06 08:57:59,136 [INFO] ApiDb:452 - User favorites Boards=[]
2026-04-06 08:59:22,838 [INFO] UtilMem:75 - End SaveConfig() Used Memory: 649589376 Bytes (1073741824)
2026-04-06 08:59:25,417 [INFO] UtilMem:75 - End SaveConfig() Used Memory: 682621568 Bytes (1073741824)
2026-04-06 08:59:28,810 [INFO] UtilMem:75 - End SaveConfig() Used Memory: 777515648 Bytes (1073741824)
2026-04-06 08:59:29,024 [INFO] BlockDiagram:2775 - set Specific Code input for plugin: NVIC
2026-04-06 08:59:29,025 [INFO] BlockDiagram:2775 - set Specific Code input for plugin: USART
2026-04-06 08:59:29,025 [INFO] BlockDiagram:2775 - set Specific Code input for plugin: SYS
2026-04-06 08:59:29,025 [INFO] BlockDiagram:2775 - set Specific Code input for plugin: GPIO
2026-04-06 08:59:29,025 [INFO] BlockDiagram:2775 - set Specific Code input for plugin: RCC
2026-04-06 08:59:29,026 [INFO] CodeGenerator:882 - code generatio: config db path: /opt/st/stm32cubeide_1.18.1/plugins/com.st.stm32cube.common.mx_6.14.1.202504091515//db/
2026-04-06 08:59:29,178 [INFO] CodeEngine:263 - oldGeneratedFile, /home/vatcraft/Desktop/FET/ELT3240/Project/Environmental_Data_Logger_HAL/MXTmpFiles/license.tmp_save
2026-04-06 08:59:29,308 [INFO] CodeEngine:287 - Generated code: /home/vatcraft/Desktop/FET/ELT3240/Project/Environmental_Data_Logger_HAL/MXTmpFiles/license.tmp
2026-04-06 08:59:29,341 [INFO] CodeEngine:263 - oldGeneratedFile, /home/vatcraft/Desktop/FET/ELT3240/Project/Environmental_Data_Logger_HAL/MXTmpFiles/gpio.tmp_save
2026-04-06 08:59:29,475 [INFO] CodeEngine:287 - Generated code: /home/vatcraft/Desktop/FET/ELT3240/Project/Environmental_Data_Logger_HAL/MXTmpFiles/gpio.tmp
2026-04-06 08:59:29,555 [INFO] CodeEngine:263 - oldGeneratedFile, /home/vatcraft/Desktop/FET/ELT3240/Project/Environmental_Data_Logger_HAL/Core/Src/stm32f4xx_it.c_save
2026-04-06 08:59:29,681 [INFO] CodeEngine:287 - Generated code: /home/vatcraft/Desktop/FET/ELT3240/Project/Environmental_Data_Logger_HAL/Core/Src/stm32f4xx_it.c
2026-04-06 08:59:29,683 [INFO] CodeEngine:263 - oldGeneratedFile, /home/vatcraft/Desktop/FET/ELT3240/Project/Environmental_Data_Logger_HAL/Core/Inc/stm32f4xx_it.h_save
2026-04-06 08:59:29,796 [INFO] CodeEngine:287 - Generated code: /home/vatcraft/Desktop/FET/ELT3240/Project/Environmental_Data_Logger_HAL/Core/Inc/stm32f4xx_it.h
2026-04-06 08:59:29,804 [INFO] CodeEngine:263 - oldGeneratedFile, /home/vatcraft/Desktop/FET/ELT3240/Project/Environmental_Data_Logger_HAL/Core/Src/stm32f4xx_hal_msp.c_save
2026-04-06 08:59:29,977 [INFO] CodeEngine:287 - Generated code: /home/vatcraft/Desktop/FET/ELT3240/Project/Environmental_Data_Logger_HAL/Core/Src/stm32f4xx_hal_msp.c
2026-04-06 08:59:29,979 [INFO] CodeEngine:263 - oldGeneratedFile, /home/vatcraft/Desktop/FET/ELT3240/Project/Environmental_Data_Logger_HAL/MXTmpFiles/system.tmp_save
2026-04-06 08:59:30,082 [INFO] CodeEngine:287 - Generated code: /home/vatcraft/Desktop/FET/ELT3240/Project/Environmental_Data_Logger_HAL/MXTmpFiles/system.tmp
2026-04-06 08:59:30,087 [INFO] CodeEngine:319 - oldGeneratedFile, /home/vatcraft/Desktop/FET/ELT3240/Project/Environmental_Data_Logger_HAL/Core/Inc/stm32f4xx_hal_conf.h_save
2026-04-06 08:59:30,236 [INFO] CodeEngine:343 - Generated code: /home/vatcraft/Desktop/FET/ELT3240/Project/Environmental_Data_Logger_HAL/Core/Inc/stm32f4xx_hal_conf.h
2026-04-06 08:59:30,283 [INFO] CodeEngine:263 - oldGeneratedFile, /home/vatcraft/Desktop/FET/ELT3240/Project/Environmental_Data_Logger_HAL/Core/Inc/main.h_save
2026-04-06 08:59:30,400 [INFO] CodeEngine:287 - Generated code: /home/vatcraft/Desktop/FET/ELT3240/Project/Environmental_Data_Logger_HAL/Core/Inc/main.h
2026-04-06 08:59:30,404 [INFO] CodeEngine:263 - oldGeneratedFile, /home/vatcraft/Desktop/FET/ELT3240/Project/Environmental_Data_Logger_HAL/Core/Src/main.c_save
2026-04-06 08:59:30,579 [INFO] CodeEngine:287 - Generated code: /home/vatcraft/Desktop/FET/ELT3240/Project/Environmental_Data_Logger_HAL/Core/Src/main.c
2026-04-06 08:59:30,857 [INFO] ProjectBuilder:3324 - Time for Copy HAL[1] : 25mS.
2026-04-06 08:59:30,859 [INFO] ProjectBuilder:4912 - Project Generator version: 4.6.0.1-B1
2026-04-06 08:59:30,990 [INFO] ConfigFileManager:1590 - The Die is : DIE433
2026-04-06 08:59:32,168 [INFO] ProjectBuilder:5191 - Time for Generating toolchain IDE Files: 1309mS.
2026-04-06 08:59:32,169 [INFO] ProjectBuilder:3181 - Time for Copy CMSIS : 0mS.
2026-04-06 08:59:32,170 [INFO] ProjectBuilder:3181 - Time for Copy CMSIS : 1mS.
2026-04-06 09:11:32,822 [INFO] WebApp:194 - Connection lost
2026-04-06 09:11:46,383 [INFO] WebApp:191 - Connection restablished
2026-04-06 09:25:10,490 [ERROR] LogOutputStream:75 - [STDERR_REDIRECT] Exception in thread "AWT-EventQueue-0" java.awt.IllegalComponentStateException: component must be showing on the screen to determine its location
2026-04-06 09:25:10,491 [ERROR] LogOutputStream:75 - [STDERR_REDIRECT] 	at java.desktop/java.awt.Component.getLocationOnScreen_NoTreeLock(Component.java:2113)
2026-04-06 09:25:10,492 [ERROR] LogOutputStream:75 - [STDERR_REDIRECT] 	at java.desktop/java.awt.Component.getLocationOnScreen(Component.java:2087)
2026-04-06 09:25:10,492 [ERROR] LogOutputStream:75 - [STDERR_REDIRECT] 	at java.desktop/javax.swing.JPopupMenu.show(JPopupMenu.java:982)
2026-04-06 09:25:10,493 [ERROR] LogOutputStream:75 - [STDERR_REDIRECT] 	at java.desktop/javax.swing.plaf.basic.BasicComboPopup.show(BasicComboPopup.java:235)
2026-04-06 09:25:10,493 [ERROR] LogOutputStream:75 - [STDERR_REDIRECT] 	at java.desktop/javax.swing.plaf.basic.BasicComboPopup.togglePopup(BasicComboPopup.java:1265)
2026-04-06 09:25:10,493 [ERROR] LogOutputStream:75 - [STDERR_REDIRECT] 	at java.desktop/javax.swing.plaf.basic.BasicComboPopup$Handler.mousePressed(BasicComboPopup.java:936)
2026-04-06 09:25:10,494 [ERROR] LogOutputStream:75 - [STDERR_REDIRECT] 	at java.desktop/java.awt.Component.processMouseEvent(Component.java:6618)
2026-04-06 09:25:10,494 [ERROR] LogOutputStream:75 - [STDERR_REDIRECT] 	at java.desktop/javax.swing.JComponent.processMouseEvent(JComponent.java:3398)
2026-04-06 09:25:10,494 [ERROR] LogOutputStream:75 - [STDERR_REDIRECT] 	at java.desktop/java.awt.Component.processEvent(Component.java:6386)
2026-04-06 09:25:10,494 [ERROR] LogOutputStream:75 - [STDERR_REDIRECT] 	at java.desktop/java.awt.Container.processEvent(Container.java:2266)
2026-04-06 09:25:10,494 [ERROR] LogOutputStream:75 - [STDERR_REDIRECT] 	at java.desktop/java.awt.Component.dispatchEventImpl(Component.java:4996)
2026-04-06 09:25:10,495 [ERROR] LogOutputStream:75 - [STDERR_REDIRECT] 	at java.desktop/java.awt.Container.dispatchEventImpl(Container.java:2324)
2026-04-06 09:25:10,495 [ERROR] LogOutputStream:75 - [STDERR_REDIRECT] 	at java.desktop/java.awt.Component.dispatchEvent(Component.java:4828)
2026-04-06 09:25:10,495 [ERROR] LogOutputStream:75 - [STDERR_REDIRECT] 	at java.desktop/javax.swing.plaf.basic.BasicTableUI$Handler.repostEvent(BasicTableUI.java:978)
2026-04-06 09:25:10,495 [ERROR] LogOutputStream:75 - [STDERR_REDIRECT] 	at java.desktop/javax.swing.plaf.basic.BasicTableUI$Handler.adjustSelection(BasicTableUI.java:1140)
2026-04-06 09:25:10,495 [ERROR] LogOutputStream:75 - [STDERR_REDIRECT] 	at java.desktop/javax.swing.plaf.basic.BasicTableUI$Handler.mousePressed(BasicTableUI.java:1068)
2026-04-06 09:25:10,495 [ERROR] LogOutputStream:75 - [STDERR_REDIRECT] 	at java.desktop/java.awt.AWTEventMulticaster.mousePressed(AWTEventMulticaster.java:288)
2026-04-06 09:25:10,496 [ERROR] LogOutputStream:75 - [STDERR_REDIRECT] 	at java.desktop/java.awt.AWTEventMulticaster.mousePressed(AWTEventMulticaster.java:287)
2026-04-06 09:25:10,497 [ERROR] LogOutputStream:75 - [STDERR_REDIRECT] 	at java.desktop/java.awt.AWTEventMulticaster.mousePressed(AWTEventMulticaster.java:287)
2026-04-06 09:25:10,498 [ERROR] LogOutputStream:75 - [STDERR_REDIRECT] 	at java.desktop/java.awt.AWTEventMulticaster.mousePressed(AWTEventMulticaster.java:287)
2026-04-06 09:25:10,498 [ERROR] LogOutputStream:75 - [STDERR_REDIRECT] 	at java.desktop/java.awt.Component.processMouseEvent(Component.java:6618)
2026-04-06 09:25:10,499 [ERROR] LogOutputStream:75 - [STDERR_REDIRECT] 	at java.desktop/javax.swing.JComponent.processMouseEvent(JComponent.java:3398)
2026-04-06 09:25:10,499 [ERROR] LogOutputStream:75 - [STDERR_REDIRECT] 	at java.desktop/java.awt.Component.processEvent(Component.java:6386)
2026-04-06 09:25:10,499 [ERROR] LogOutputStream:75 - [STDERR_REDIRECT] 	at java.desktop/java.awt.Container.processEvent(Container.java:2266)
2026-04-06 09:25:10,499 [ERROR] LogOutputStream:75 - [STDERR_REDIRECT] 	at java.desktop/java.awt.Component.dispatchEventImpl(Component.java:4996)
2026-04-06 09:25:10,499 [ERROR] LogOutputStream:75 - [STDERR_REDIRECT] 	at java.desktop/java.awt.Container.dispatchEventImpl(Container.java:2324)
2026-04-06 09:25:10,500 [ERROR] LogOutputStream:75 - [STDERR_REDIRECT] 	at java.desktop/java.awt.Component.dispatchEvent(Component.java:4828)
2026-04-06 09:25:10,500 [ERROR] LogOutputStream:75 - [STDERR_REDIRECT] 	at java.desktop/java.awt.LightweightDispatcher.retargetMouseEvent(Container.java:4948)
2026-04-06 09:25:10,500 [ERROR] LogOutputStream:75 - [STDERR_REDIRECT] 	at java.desktop/java.awt.LightweightDispatcher.processMouseEvent(Container.java:4572)
2026-04-06 09:25:10,501 [ERROR] LogOutputStream:75 - [STDERR_REDIRECT] 	at java.desktop/java.awt.LightweightDispatcher.dispatchEvent(Container.java:4516)
2026-04-06 09:25:10,501 [ERROR] LogOutputStream:75 - [STDERR_REDIRECT] 	at java.desktop/java.awt.Container.dispatchEventImpl(Container.java:2310)
2026-04-06 09:25:10,501 [ERROR] LogOutputStream:75 - [STDERR_REDIRECT] 	at java.desktop/java.awt.Component.dispatchEvent(Component.java:4828)
2026-04-06 09:25:10,502 [ERROR] LogOutputStream:75 - [STDERR_REDIRECT] 	at java.desktop/java.awt.EventQueue.dispatchEventImpl(EventQueue.java:775)
2026-04-06 09:25:10,502 [ERROR] LogOutputStream:75 - [STDERR_REDIRECT] 	at java.desktop/java.awt.EventQueue$4.run(EventQueue.java:720)
2026-04-06 09:25:10,502 [ERROR] LogOutputStream:75 - [STDERR_REDIRECT] 	at java.desktop/java.awt.EventQueue$4.run(EventQueue.java:714)
2026-04-06 09:25:10,502 [ERROR] LogOutputStream:75 - [STDERR_REDIRECT] 	at java.base/java.security.AccessController.doPrivileged(AccessController.java:400)
2026-04-06 09:25:10,502 [ERROR] LogOutputStream:75 - [STDERR_REDIRECT] 	at java.base/java.security.ProtectionDomain$JavaSecurityAccessImpl.doIntersectionPrivilege(ProtectionDomain.java:87)
2026-04-06 09:25:10,502 [ERROR] LogOutputStream:75 - [STDERR_REDIRECT] 	at java.base/java.security.ProtectionDomain$JavaSecurityAccessImpl.doIntersectionPrivilege(ProtectionDomain.java:98)
2026-04-06 09:25:10,503 [ERROR] LogOutputStream:75 - [STDERR_REDIRECT] 	at java.desktop/java.awt.EventQueue$5.run(EventQueue.java:747)
2026-04-06 09:25:10,503 [ERROR] LogOutputStream:75 - [STDERR_REDIRECT] 	at java.desktop/java.awt.EventQueue$5.run(EventQueue.java:745)
2026-04-06 09:25:10,503 [ERROR] LogOutputStream:75 - [STDERR_REDIRECT] 	at java.base/java.security.AccessController.doPrivileged(AccessController.java:400)
2026-04-06 09:25:10,503 [ERROR] LogOutputStream:75 - [STDERR_REDIRECT] 	at java.base/java.security.ProtectionDomain$JavaSecurityAccessImpl.doIntersectionPrivilege(ProtectionDomain.java:87)
2026-04-06 09:25:10,503 [ERROR] LogOutputStream:75 - [STDERR_REDIRECT] 	at java.desktop/java.awt.EventQueue.dispatchEvent(EventQueue.java:744)
2026-04-06 09:25:10,503 [ERROR] LogOutputStream:75 - [STDERR_REDIRECT] 	at java.desktop/java.awt.EventDispatchThread.pumpOneEventForFilters(EventDispatchThread.java:203)
2026-04-06 09:25:10,503 [ERROR] LogOutputStream:75 - [STDERR_REDIRECT] 	at java.desktop/java.awt.EventDispatchThread.pumpEventsForFilter(EventDispatchThread.java:124)
2026-04-06 09:25:10,504 [ERROR] LogOutputStream:75 - [STDERR_REDIRECT] 	at java.desktop/java.awt.EventDispatchThread.pumpEventsForHierarchy(EventDispatchThread.java:113)
2026-04-06 09:25:10,504 [ERROR] LogOutputStream:75 - [STDERR_REDIRECT] 	at java.desktop/java.awt.EventDispatchThread.pumpEvents(EventDispatchThread.java:109)
2026-04-06 09:25:10,504 [ERROR] LogOutputStream:75 - [STDERR_REDIRECT] 	at java.desktop/java.awt.EventDispatchThread.pumpEvents(EventDispatchThread.java:101)
2026-04-06 09:25:10,504 [ERROR] LogOutputStream:75 - [STDERR_REDIRECT] 	at java.desktop/java.awt.EventDispatchThread.run(EventDispatchThread.java:90)
2026-04-06 09:25:26,802 [INFO] NvicIntPanel:101 - NVIC parent = com.st.microxplorer.plugins.ip.nvic.MultiNvicIntPanel[,0,0,0x0,invalid,layout=javax.swing.BoxLayout,alignmentX=0.0,alignmentY=0.0,border=,flags=9,maximumSize=,minimumSize=,preferredSize=]
2026-04-06 09:25:40,303 [INFO] NvicIntPanel:101 - NVIC parent = com.st.microxplorer.plugins.ip.nvic.MultiNvicIntPanel[,0,0,0x0,invalid,layout=javax.swing.BoxLayout,alignmentX=0.0,alignmentY=0.0,border=,flags=9,maximumSize=,minimumSize=,preferredSize=]
2026-04-06 09:26:14,648 [INFO] NvicIntPanel:101 - NVIC parent = com.st.microxplorer.plugins.ip.nvic.MultiNvicIntPanel[,0,0,0x0,invalid,layout=javax.swing.BoxLayout,alignmentX=0.0,alignmentY=0.0,border=,flags=9,maximumSize=,minimumSize=,preferredSize=]
2026-04-06 09:27:06,617 [INFO] Gpio:277 - dependency for GPIO [RCC, SYS, USART2]
2026-04-06 09:27:45,092 [INFO] Gpio:277 - dependency for GPIO [RCC, SYS, USART2]
2026-04-06 09:27:45,218 [INFO] NvicIntPanel:101 - NVIC parent = com.st.microxplorer.plugins.ip.nvic.MultiNvicIntPanel[,0,0,0x0,invalid,layout=javax.swing.BoxLayout,alignmentX=0.0,alignmentY=0.0,border=,flags=9,maximumSize=,minimumSize=,preferredSize=]
2026-04-06 09:28:45,001 [INFO] UtilMem:75 - End SaveConfig() Used Memory: 485621032 Bytes (843055104)
2026-04-06 09:28:47,458 [INFO] UtilMem:75 - End SaveConfig() Used Memory: 539087936 Bytes (843055104)
2026-04-06 09:28:50,508 [INFO] UtilMem:75 - End SaveConfig() Used Memory: 675925056 Bytes (843055104)
2026-04-06 09:28:51,249 [INFO] BlockDiagram:2775 - set Specific Code input for plugin: NVIC
2026-04-06 09:28:51,249 [INFO] BlockDiagram:2775 - set Specific Code input for plugin: USART
2026-04-06 09:28:51,249 [INFO] BlockDiagram:2775 - set Specific Code input for plugin: TIM1_8
2026-04-06 09:28:51,250 [INFO] BlockDiagram:2775 - set Specific Code input for plugin: SYS
2026-04-06 09:28:51,250 [INFO] BlockDiagram:2775 - set Specific Code input for plugin: GPIO
2026-04-06 09:28:51,250 [INFO] BlockDiagram:2775 - set Specific Code input for plugin: RCC
2026-04-06 09:28:51,253 [INFO] CodeGenerator:882 - code generatio: config db path: /opt/st/stm32cubeide_1.18.1/plugins/com.st.stm32cube.common.mx_6.14.1.202504091515//db/
2026-04-06 09:28:51,434 [INFO] CodeEngine:263 - oldGeneratedFile, /home/vatcraft/Desktop/FET/ELT3240/Project/Environmental_Data_Logger_HAL/MXTmpFiles/license.tmp_save
2026-04-06 09:28:51,843 [INFO] CodeEngine:287 - Generated code: /home/vatcraft/Desktop/FET/ELT3240/Project/Environmental_Data_Logger_HAL/MXTmpFiles/license.tmp
2026-04-06 09:28:51,884 [INFO] CodeEngine:263 - oldGeneratedFile, /home/vatcraft/Desktop/FET/ELT3240/Project/Environmental_Data_Logger_HAL/MXTmpFiles/gpio.tmp_save
2026-04-06 09:28:52,075 [INFO] CodeEngine:287 - Generated code: /home/vatcraft/Desktop/FET/ELT3240/Project/Environmental_Data_Logger_HAL/MXTmpFiles/gpio.tmp
2026-04-06 09:28:52,404 [INFO] CodeEngine:263 - oldGeneratedFile, /home/vatcraft/Desktop/FET/ELT3240/Project/Environmental_Data_Logger_HAL/Core/Src/stm32f4xx_it.c_save
2026-04-06 09:28:52,874 [INFO] CodeEngine:287 - Generated code: /home/vatcraft/Desktop/FET/ELT3240/Project/Environmental_Data_Logger_HAL/Core/Src/stm32f4xx_it.c
2026-04-06 09:28:52,877 [INFO] CodeEngine:263 - oldGeneratedFile, /home/vatcraft/Desktop/FET/ELT3240/Project/Environmental_Data_Logger_HAL/Core/Inc/stm32f4xx_it.h_save
2026-04-06 09:28:53,020 [INFO] CodeEngine:287 - Generated code: /home/vatcraft/Desktop/FET/ELT3240/Project/Environmental_Data_Logger_HAL/Core/Inc/stm32f4xx_it.h
2026-04-06 09:28:53,028 [INFO] CodeEngine:263 - oldGeneratedFile, /home/vatcraft/Desktop/FET/ELT3240/Project/Environmental_Data_Logger_HAL/Core/Src/stm32f4xx_hal_msp.c_save
2026-04-06 09:28:53,265 [INFO] CodeEngine:287 - Generated code: /home/vatcraft/Desktop/FET/ELT3240/Project/Environmental_Data_Logger_HAL/Core/Src/stm32f4xx_hal_msp.c
2026-04-06 09:28:53,269 [INFO] CodeEngine:263 - oldGeneratedFile, /home/vatcraft/Desktop/FET/ELT3240/Project/Environmental_Data_Logger_HAL/MXTmpFiles/system.tmp_save
2026-04-06 09:28:53,379 [INFO] CodeEngine:287 - Generated code: /home/vatcraft/Desktop/FET/ELT3240/Project/Environmental_Data_Logger_HAL/MXTmpFiles/system.tmp
2026-04-06 09:28:53,386 [INFO] CodeEngine:319 - oldGeneratedFile, /home/vatcraft/Desktop/FET/ELT3240/Project/Environmental_Data_Logger_HAL/Core/Inc/stm32f4xx_hal_conf.h_save
2026-04-06 09:28:53,550 [INFO] CodeEngine:343 - Generated code: /home/vatcraft/Desktop/FET/ELT3240/Project/Environmental_Data_Logger_HAL/Core/Inc/stm32f4xx_hal_conf.h
2026-04-06 09:28:53,633 [INFO] ApiDbMcu:508 - Load IP Config File for TIM2
2026-04-06 09:28:53,636 [WARN] IPConfigManager:3790 - IP not found : TIM
2026-04-06 09:28:53,639 [WARN] CodeGenerator:4198 - IP not found : null
2026-04-06 09:28:53,642 [INFO] CodeEngine:263 - oldGeneratedFile, /home/vatcraft/Desktop/FET/ELT3240/Project/Environmental_Data_Logger_HAL/Core/Inc/main.h_save
2026-04-06 09:28:53,847 [INFO] CodeEngine:287 - Generated code: /home/vatcraft/Desktop/FET/ELT3240/Project/Environmental_Data_Logger_HAL/Core/Inc/main.h
2026-04-06 09:28:53,851 [INFO] CodeEngine:263 - oldGeneratedFile, /home/vatcraft/Desktop/FET/ELT3240/Project/Environmental_Data_Logger_HAL/Core/Src/main.c_save
2026-04-06 09:28:54,071 [INFO] CodeEngine:287 - Generated code: /home/vatcraft/Desktop/FET/ELT3240/Project/Environmental_Data_Logger_HAL/Core/Src/main.c
2026-04-06 09:28:54,475 [INFO] ProjectBuilder:3324 - Time for Copy HAL[1] : 47mS.
2026-04-06 09:28:54,478 [INFO] ProjectBuilder:4912 - Project Generator version: 4.6.0.1-B1
2026-04-06 09:28:54,663 [INFO] ConfigFileManager:1590 - The Die is : DIE433
2026-04-06 09:28:56,840 [INFO] ProjectBuilder:5191 - Time for Generating toolchain IDE Files: 2363mS.
2026-04-06 09:28:56,840 [INFO] ProjectBuilder:3181 - Time for Copy CMSIS : 0mS.
2026-04-06 09:28:56,841 [INFO] ProjectBuilder:3181 - Time for Copy CMSIS : 0mS.
2026-04-06 09:37:24,410 [ERROR] AdobePublisher:187 - Exception while getting the server answer: java.net.SocketTimeoutException: Read timed out
2026-04-06 09:37:26,416 [ERROR] ConfigurationRetriever:142 - IOException on connection: Read timed out
2026-04-06 09:37:31,221 [ERROR] AdobePublisher:162 - Exception while opening the connection: java.net.SocketTimeoutException: Read timed out
2026-04-06 09:53:54,409 [ERROR] ConfigurationRetriever:142 - IOException on connection: sw-center.st.com
2026-04-06 09:53:54,414 [ERROR] ConfigurationRetriever:142 - IOException on connection: sw-center.st.com
2026-04-06 09:53:54,417 [ERROR] ConfigurationRetriever:142 - IOException on connection: sw-center.st.com
2026-04-06 09:53:54,545 [ERROR] ConfigurationRetriever:142 - IOException on connection: sw-center.st.com
2026-04-06 09:53:54,546 [ERROR] ConfigurationRetriever:142 - IOException on connection: sw-center.st.com
2026-04-06 09:53:54,546 [ERROR] ConfigurationRetriever:142 - IOException on connection: sw-center.st.com
2026-04-06 09:59:19,670 [ERROR] ConfigurationRetriever:142 - IOException on connection: Read timed out
2026-04-06 09:59:24,795 [ERROR] ConfigurationRetriever:142 - IOException on connection: Read timed out
2026-04-06 10:01:00,868 [ERROR] ConfigurationRetriever:142 - IOException on connection: Read timed out
2026-04-06 10:02:40,541 [ERROR] ConfigurationRetriever:142 - IOException on connection: Connect timed out
2026-04-06 10:06:00,907 [ERROR] ConfigurationRetriever:142 - IOException on connection: Read timed out
2026-04-06 10:06:16,903 [ERROR] AdobePublisher:187 - Exception while getting the server answer: java.net.SocketTimeoutException: Read timed out
2026-04-06 10:06:20,134 [ERROR] ConfigurationRetriever:142 - IOException on connection: Read timed out
2026-04-06 10:11:41,498 [ERROR] ConfigurationRetriever:142 - IOException on connection: Read timed out
2026-04-06 10:11:43,504 [ERROR] ConfigurationRetriever:142 - IOException on connection: Connect timed out
2026-04-06 10:11:45,508 [ERROR] ConfigurationRetriever:142 - IOException on connection: Connect timed out
2026-04-06 10:47:37,323 [ERROR] ConfigurationRetriever:142 - IOException on connection: Read timed out
2026-04-06 10:47:39,484 [ERROR] ConfigurationRetriever:142 - IOException on connection: Read timed out
2026-04-06 10:48:41,232 [ERROR] ConfigurationRetriever:142 - IOException on connection: Connect timed out
2026-04-06 10:51:47,224 [ERROR] ConfigurationRetriever:142 - IOException on connection: Connect timed out
2026-04-06 10:51:49,235 [ERROR] ConfigurationRetriever:142 - IOException on connection: Connect timed out
2026-04-06 11:08:10,431 [INFO] Gpio:277 - dependency for GPIO [RCC, SYS, USART2]
2026-04-06 11:08:10,645 [INFO] NvicIntPanel:101 - NVIC parent = com.st.microxplorer.plugins.ip.nvic.MultiNvicIntPanel[,0,0,0x0,invalid,layout=javax.swing.BoxLayout,alignmentX=0.0,alignmentY=0.0,border=,flags=9,maximumSize=,minimumSize=,preferredSize=]
2026-04-06 11:08:15,559 [INFO] Gpio:277 - dependency for GPIO [RCC, SYS, USART2]
2026-04-06 11:21:15,420 [INFO] MainUpdater:2872 - connection check result : 10
2026-04-06 11:21:15,716 [INFO] McuFinderGlobals:76 - Set McuFinderConnectedMode to true
2026-04-06 11:21:15,719 [INFO] MultiScanPanel:200 - Auto-refresh data requested => check proxy status ongoing
2026-04-06 11:21:15,720 [INFO] FinderPluginLoader:95 - Searching for filters in installed packs
2026-04-06 11:21:18,247 [INFO] LoadUrlFilesThread:185 - End of LoadServerUrlFiles without Thread
2026-04-06 11:21:18,248 [INFO] DetailPanel:341 - Set advertising image to /home/vatcraft/STM32Cube/Repository//en.prom-stm32c5-0326.jpg
2026-04-06 11:21:21,778 [INFO] McuFinderGlobals:76 - Set McuFinderConnectedMode to true
2026-04-06 11:21:26,519 [INFO] ApiDb:448 - Save user favorites file /home/vatcraft/.stm32cubeide/favorites.mcus.txt: 0 item(s)
2026-04-06 11:21:26,520 [INFO] ApiDb:452 - User favorites MCUs=[]
2026-04-06 11:21:26,931 [ERROR] LogOutputStream:75 - [STDERR_REDIRECT] Exception in thread "AWT-EventQueue-0" java.lang.NullPointerException: Cannot invoke "com.st.stm32cube.common.mx.targetselector.IdeMcuFinder.cleanUp(boolean)" because "this.this$0.mcuFinder" is null
2026-04-06 11:21:26,931 [ERROR] LogOutputStream:75 - [STDERR_REDIRECT] 	at com.st.stm32cube.common.mx.targetselector.TargetSelectorAdapter$7.run(TargetSelectorAdapter.java:353)
2026-04-06 11:21:26,932 [ERROR] LogOutputStream:75 - [STDERR_REDIRECT] 	at com.st.stm32cube.common.mx.oss.core.awtswtbridge.AwtEnvironment$2.run(AwtEnvironment.java:166)
2026-04-06 11:21:26,932 [ERROR] LogOutputStream:75 - [STDERR_REDIRECT] 	at java.desktop/java.awt.event.InvocationEvent.dispatch(InvocationEvent.java:318)
2026-04-06 11:21:26,932 [ERROR] LogOutputStream:75 - [STDERR_REDIRECT] 	at java.desktop/java.awt.EventQueue.dispatchEventImpl(EventQueue.java:773)
2026-04-06 11:21:26,933 [ERROR] LogOutputStream:75 - [STDERR_REDIRECT] 	at java.desktop/java.awt.EventQueue$4.run(EventQueue.java:720)
2026-04-06 11:21:26,933 [ERROR] LogOutputStream:75 - [STDERR_REDIRECT] 	at java.desktop/java.awt.EventQueue$4.run(EventQueue.java:714)
2026-04-06 11:21:26,933 [ERROR] LogOutputStream:75 - [STDERR_REDIRECT] 	at java.base/java.security.AccessController.doPrivileged(AccessController.java:400)
2026-04-06 11:21:26,934 [ERROR] LogOutputStream:75 - [STDERR_REDIRECT] 	at java.base/java.security.ProtectionDomain$JavaSecurityAccessImpl.doIntersectionPrivilege(ProtectionDomain.java:87)
2026-04-06 11:21:26,934 [ERROR] LogOutputStream:75 - [STDERR_REDIRECT] 	at java.desktop/java.awt.EventQueue.dispatchEvent(EventQueue.java:742)
2026-04-06 11:21:26,934 [ERROR] LogOutputStream:75 - [STDERR_REDIRECT] 	at java.desktop/java.awt.EventDispatchThread.pumpOneEventForFilters(EventDispatchThread.java:203)
2026-04-06 11:21:26,935 [ERROR] LogOutputStream:75 - [STDERR_REDIRECT] 	at java.desktop/java.awt.EventDispatchThread.pumpEventsForFilter(EventDispatchThread.java:124)
2026-04-06 11:21:26,935 [ERROR] LogOutputStream:75 - [STDERR_REDIRECT] 	at java.desktop/java.awt.EventDispatchThread.pumpEventsForHierarchy(EventDispatchThread.java:113)
2026-04-06 11:21:26,935 [ERROR] LogOutputStream:75 - [STDERR_REDIRECT] 	at java.desktop/java.awt.EventDispatchThread.pumpEvents(EventDispatchThread.java:109)
2026-04-06 11:21:26,935 [ERROR] LogOutputStream:75 - [STDERR_REDIRECT] 	at java.desktop/java.awt.EventDispatchThread.pumpEvents(EventDispatchThread.java:101)
2026-04-06 11:21:26,936 [ERROR] LogOutputStream:75 - [STDERR_REDIRECT] 	at java.desktop/java.awt.EventDispatchThread.run(EventDispatchThread.java:90)
2026-04-06 11:21:31,435 [INFO] MainUpdater:2872 - connection check result : 10
2026-04-06 11:21:31,616 [INFO] McuFinderGlobals:76 - Set McuFinderConnectedMode to true
2026-04-06 11:21:31,617 [INFO] MultiScanPanel:200 - Auto-refresh data requested => check proxy status ongoing
2026-04-06 11:21:31,619 [INFO] FinderPluginLoader:95 - Searching for filters in installed packs
2026-04-06 11:21:32,713 [INFO] LoadUrlFilesThread:185 - End of LoadServerUrlFiles without Thread
2026-04-06 11:21:32,713 [INFO] DetailPanel:341 - Set advertising image to /home/vatcraft/STM32Cube/Repository//en.prom-stm32c5-0326.jpg
2026-04-06 11:21:36,471 [INFO] MultiScanPanel:200 - Auto-refresh data requested => check proxy status ongoing
2026-04-06 11:21:36,559 [INFO] LoadUrlFilesThread:185 - End of LoadServerUrlFiles without Thread
2026-04-06 11:21:36,559 [INFO] DetailPanel:341 - Set advertising image to /home/vatcraft/STM32Cube/Repository//en.prom-stm32c5-0326.jpg
2026-04-06 11:21:39,169 [INFO] ApiDb:581 - Connected to CubeFinder SQLite database (/home/vatcraft/.stmcufinder/plugins/mcufinder/mcu/cube-finder-db.db)
2026-04-06 11:22:10,748 [INFO] UtilMem:75 - End SaveConfig() Used Memory: 454526584 Bytes (807403520)
2026-04-06 11:22:15,503 [INFO] UtilMem:75 - End SaveConfig() Used Memory: 473923192 Bytes (807403520)
2026-04-06 11:22:15,790 [INFO] UtilMem:75 - End SaveConfig() Used Memory: 493323896 Bytes (807403520)
2026-04-06 11:22:16,292 [INFO] BlockDiagram:2775 - set Specific Code input for plugin: NVIC
2026-04-06 11:22:16,293 [INFO] BlockDiagram:2775 - set Specific Code input for plugin: USART
2026-04-06 11:22:16,293 [INFO] BlockDiagram:2775 - set Specific Code input for plugin: TIM1_8
2026-04-06 11:22:16,293 [INFO] BlockDiagram:2775 - set Specific Code input for plugin: SYS
2026-04-06 11:22:16,293 [INFO] BlockDiagram:2775 - set Specific Code input for plugin: GPIO
2026-04-06 11:22:16,293 [INFO] BlockDiagram:2775 - set Specific Code input for plugin: RCC
2026-04-06 11:22:16,294 [INFO] CodeGenerator:882 - code generatio: config db path: /opt/st/stm32cubeide_1.18.1/plugins/com.st.stm32cube.common.mx_6.14.1.202504091515//db/
2026-04-06 11:22:16,416 [INFO] CodeEngine:263 - oldGeneratedFile, /home/vatcraft/Desktop/FET/ELT3240/Project/Environmental_Data_Logger_HAL/MXTmpFiles/license.tmp_save
2026-04-06 11:22:16,760 [INFO] CodeEngine:287 - Generated code: /home/vatcraft/Desktop/FET/ELT3240/Project/Environmental_Data_Logger_HAL/MXTmpFiles/license.tmp
2026-04-06 11:22:16,798 [INFO] CodeEngine:263 - oldGeneratedFile, /home/vatcraft/Desktop/FET/ELT3240/Project/Environmental_Data_Logger_HAL/MXTmpFiles/gpio.tmp_save
2026-04-06 11:22:16,994 [INFO] CodeEngine:287 - Generated code: /home/vatcraft/Desktop/FET/ELT3240/Project/Environmental_Data_Logger_HAL/MXTmpFiles/gpio.tmp
2026-04-06 11:22:17,252 [INFO] CodeEngine:263 - oldGeneratedFile, /home/vatcraft/Desktop/FET/ELT3240/Project/Environmental_Data_Logger_HAL/Core/Src/stm32f4xx_it.c_save
2026-04-06 11:22:17,745 [INFO] CodeEngine:287 - Generated code: /home/vatcraft/Desktop/FET/ELT3240/Project/Environmental_Data_Logger_HAL/Core/Src/stm32f4xx_it.c
2026-04-06 11:22:17,746 [INFO] CodeEngine:263 - oldGeneratedFile, /home/vatcraft/Desktop/FET/ELT3240/Project/Environmental_Data_Logger_HAL/Core/Inc/stm32f4xx_it.h_save
2026-04-06 11:22:17,888 [INFO] CodeEngine:287 - Generated code: /home/vatcraft/Desktop/FET/ELT3240/Project/Environmental_Data_Logger_HAL/Core/Inc/stm32f4xx_it.h
2026-04-06 11:22:17,893 [INFO] CodeEngine:263 - oldGeneratedFile, /home/vatcraft/Desktop/FET/ELT3240/Project/Environmental_Data_Logger_HAL/Core/Src/stm32f4xx_hal_msp.c_save
2026-04-06 11:22:18,142 [INFO] CodeEngine:287 - Generated code: /home/vatcraft/Desktop/FET/ELT3240/Project/Environmental_Data_Logger_HAL/Core/Src/stm32f4xx_hal_msp.c
2026-04-06 11:22:18,143 [INFO] CodeEngine:263 - oldGeneratedFile, /home/vatcraft/Desktop/FET/ELT3240/Project/Environmental_Data_Logger_HAL/MXTmpFiles/system.tmp_save
2026-04-06 11:22:18,277 [INFO] CodeEngine:287 - Generated code: /home/vatcraft/Desktop/FET/ELT3240/Project/Environmental_Data_Logger_HAL/MXTmpFiles/system.tmp
2026-04-06 11:22:18,281 [INFO] CodeEngine:319 - oldGeneratedFile, /home/vatcraft/Desktop/FET/ELT3240/Project/Environmental_Data_Logger_HAL/Core/Inc/stm32f4xx_hal_conf.h_save
2026-04-06 11:22:18,433 [INFO] CodeEngine:343 - Generated code: /home/vatcraft/Desktop/FET/ELT3240/Project/Environmental_Data_Logger_HAL/Core/Inc/stm32f4xx_hal_conf.h
2026-04-06 11:22:18,482 [WARN] IPConfigManager:3790 - IP not found : TIM
2026-04-06 11:22:18,483 [WARN] CodeGenerator:4198 - IP not found : null
2026-04-06 11:22:18,485 [INFO] CodeEngine:263 - oldGeneratedFile, /home/vatcraft/Desktop/FET/ELT3240/Project/Environmental_Data_Logger_HAL/Core/Inc/main.h_save
2026-04-06 11:22:18,681 [INFO] CodeEngine:287 - Generated code: /home/vatcraft/Desktop/FET/ELT3240/Project/Environmental_Data_Logger_HAL/Core/Inc/main.h
2026-04-06 11:22:18,682 [INFO] CodeEngine:263 - oldGeneratedFile, /home/vatcraft/Desktop/FET/ELT3240/Project/Environmental_Data_Logger_HAL/Core/Src/main.c_save
2026-04-06 11:22:18,874 [INFO] CodeEngine:287 - Generated code: /home/vatcraft/Desktop/FET/ELT3240/Project/Environmental_Data_Logger_HAL/Core/Src/main.c
2026-04-06 11:22:19,185 [INFO] ProjectBuilder:3324 - Time for Copy HAL[1] : 34mS.
2026-04-06 11:22:19,186 [INFO] ProjectBuilder:4912 - Project Generator version: 4.6.0.1-B1
2026-04-06 11:22:19,340 [INFO] ConfigFileManager:1590 - The Die is : DIE433
2026-04-06 11:22:20,536 [INFO] ProjectBuilder:5191 - Time for Generating toolchain IDE Files: 1350mS.
2026-04-06 11:22:20,537 [INFO] ProjectBuilder:3181 - Time for Copy CMSIS : 0mS.
2026-04-06 11:22:20,537 [INFO] ProjectBuilder:3181 - Time for Copy CMSIS : 0mS.
2026-04-06 11:22:21,265 [INFO] MainUpdater:2872 - connection check result : 10
2026-04-06 11:22:21,266 [INFO] MainUpdater:2872 - connection check result : 10
2026-04-06 11:22:21,339 [INFO] MicroXplorer:468 - Change Database Path : 
2026-04-06 11:22:21,339 [INFO] MicroXplorer:498 - Change Database Version : DB.6.0.141
2026-04-06 11:22:21,359 [ERROR] ProjectManagerView:395 - 
java.lang.NullPointerException: Cannot invoke "javax.swing.JTextField.getText()" because the return value of "java.util.List.get(int)" is null
	at com.st.microxplorer.plugins.projectmanager.gui.ProjectChoiceTab$9.caretUpdate(ProjectChoiceTab.java:2678) ~[filemanager.jar:?]
	at javax.swing.text.JTextComponent.fireCaretUpdate(JTextComponent.java:408) ~[?:?]
	at javax.swing.text.JTextComponent$MutableCaretEvent.fire(JTextComponent.java:4484) ~[?:?]
	at javax.swing.text.JTextComponent$MutableCaretEvent.stateChanged(JTextComponent.java:4506) ~[?:?]
	at javax.swing.text.DefaultCaret.fireStateChanged(DefaultCaret.java:857) ~[?:?]
	at javax.swing.text.DefaultCaret.changeCaretPosition(DefaultCaret.java:1343) ~[?:?]
	at javax.swing.text.DefaultCaret.handleSetDot(DefaultCaret.java:1242) ~[?:?]
	at javax.swing.text.DefaultCaret.setDot(DefaultCaret.java:1223) ~[?:?]
	at javax.swing.text.DefaultCaret$Handler.insertUpdate(DefaultCaret.java:1819) ~[?:?]
	at javax.swing.text.AbstractDocument.fireInsertUpdate(AbstractDocument.java:227) ~[?:?]
	at javax.swing.text.AbstractDocument.handleInsertString(AbstractDocument.java:781) ~[?:?]
	at javax.swing.text.AbstractDocument.insertString(AbstractDocument.java:740) ~[?:?]
	at javax.swing.text.PlainDocument.insertString(PlainDocument.java:131) ~[?:?]
	at javax.swing.text.AbstractDocument.replace(AbstractDocument.java:699) ~[?:?]
	at javax.swing.text.JTextComponent.setText(JTextComponent.java:1725) ~[?:?]
	at com.st.microxplorer.plugins.projectmanager.gui.ProjectChoiceTab.createHeapStackFields(ProjectChoiceTab.java:979) ~[filemanager.jar:?]
	at com.st.microxplorer.plugins.projectmanager.gui.ProjectChoiceTab.buildLinkSettingsPanel(ProjectChoiceTab.java:3766) ~[filemanager.jar:?]
	at com.st.microxplorer.plugins.projectmanager.gui.ProjectChoiceTab.defineWindowsFields(ProjectChoiceTab.java:1962) ~[filemanager.jar:?]
	at com.st.microxplorer.plugins.projectmanager.gui.ProjectChoiceTab.updateSettings(ProjectChoiceTab.java:555) ~[filemanager.jar:?]
	at com.st.microxplorer.plugins.projectmanager.gui.ProjectSettingsPanel.UpdateDialog(ProjectSettingsPanel.java:245) ~[filemanager.jar:?]
	at com.st.microxplorer.plugins.projectmanager.ProjectManagerView.propertyChange(ProjectManagerView.java:392) ~[filemanager.jar:?]
	at java.beans.PropertyChangeSupport.fire(PropertyChangeSupport.java:343) ~[?:?]
	at java.beans.PropertyChangeSupport.firePropertyChange(PropertyChangeSupport.java:335) ~[?:?]
	at java.beans.PropertyChangeSupport.firePropertyChange(PropertyChangeSupport.java:268) ~[?:?]
	at com.st.microxplorer.util.MXPropertyChangeSupport.firePropertyChange(MXPropertyChangeSupport.java:54) ~[STM32CubeMX.jar:?]
	at com.st.microxplorer.mxsystem.MxSystem.closeConfig(MxSystem.java:899) ~[STM32CubeMX.jar:?]
	at com.st.microxplorer.maingui.MainPanel.closeConfig(MainPanel.java:789) ~[STM32CubeMX.jar:?]
	at com.st.microxplorer.plugins.filemanager.engine.OpenFileManager.loadConfigurationFile(OpenFileManager.java:287) ~[filemanager.jar:?]
	at com.st.microxplorer.plugins.filemanager.engine.MainFileManager.userLoadConfig(MainFileManager.java:341) ~[filemanager.jar:?]
	at com.st.microxplorer.plugins.filemanager.FileManagerView.getSpecificTask(FileManagerView.java:250) ~[filemanager.jar:?]
	at com.st.stm32cube.common.mx.editor.CubeMxEditor.getMxTabbedPaneInstance(CubeMxEditor.java:1191) ~[com.st.stm32cube.common.mx_6.14.1.202504091515/:?]
	at com.st.stm32cube.common.mx.editor.CubeMxEditor$12$1.createSwingComponent(CubeMxEditor.java:1068) ~[com.st.stm32cube.common.mx_6.14.1.202504091515/:?]
	at com.st.stm32cube.common.mx.oss.core.awtswtbridge.EmbeddedSwingComposite.doComponentCreation(EmbeddedSwingComposite.java:492) ~[com.st.stm32cube.common.mx.oss_6.14.1.202504091515/:?]
	at com.st.stm32cube.common.mx.oss.core.awtswtbridge.EmbeddedSwingComposite$4.run(EmbeddedSwingComposite.java:291) ~[com.st.stm32cube.common.mx.oss_6.14.1.202504091515/:?]
	at com.st.stm32cube.common.mx.oss.core.awtswtbridge.AwtEnvironment$2.run(AwtEnvironment.java:166) ~[com.st.stm32cube.common.mx.oss_6.14.1.202504091515/:?]
	at java.awt.event.InvocationEvent.dispatch(InvocationEvent.java:318) ~[?:?]
	at java.awt.EventQueue.dispatchEventImpl(EventQueue.java:773) ~[?:?]
	at java.awt.EventQueue$4.run(EventQueue.java:720) ~[?:?]
	at java.awt.EventQueue$4.run(EventQueue.java:714) ~[?:?]
	at java.security.AccessController.doPrivileged(AccessController.java:400) ~[?:?]
	at java.security.ProtectionDomain$JavaSecurityAccessImpl.doIntersectionPrivilege(ProtectionDomain.java:87) ~[?:?]
	at java.awt.EventQueue.dispatchEvent(EventQueue.java:742) ~[?:?]
	at java.awt.EventDispatchThread.pumpOneEventForFilters(EventDispatchThread.java:203) ~[?:?]
	at java.awt.EventDispatchThread.pumpEventsForFilter(EventDispatchThread.java:124) ~[?:?]
	at java.awt.EventDispatchThread.pumpEventsForHierarchy(EventDispatchThread.java:113) ~[?:?]
	at java.awt.EventDispatchThread.pumpEvents(EventDispatchThread.java:109) ~[?:?]
	at java.awt.EventDispatchThread.pumpEvents(EventDispatchThread.java:101) ~[?:?]
	at java.awt.EventDispatchThread.run(EventDispatchThread.java:90) ~[?:?]
2026-04-06 11:22:21,385 [WARN] ThirdParty:871 - waiting for thirdparty lock release [close project]
2026-04-06 11:22:21,385 [INFO] ThirdParty:873 - entering critical section [close project]
2026-04-06 11:22:21,385 [INFO] ThirdParty:883 - exiting critical section [close project]
2026-04-06 11:22:21,390 [INFO] PinOutPanel:1589 - setPackage(No Configuration,No Configuration)
2026-04-06 11:22:21,414 [WARN] IpParametersView:155 - Warning: This peripheral hasn't parameters
2026-04-06 11:22:21,422 [WARN] MainPanel:289 - <html><b><center>Warning: This peripheral has no parameters to be configured<br></b></html>
2026-04-06 11:22:21,431 [INFO] UtilMem:75 - Begin LoadConfig() Used Memory: 571629224 Bytes (940572672)
2026-04-06 11:22:21,434 [INFO] MicroXplorer:468 - Change Database Path : 
2026-04-06 11:22:21,434 [INFO] MicroXplorer:498 - Change Database Version : DB.6.0.141
2026-04-06 11:22:21,434 [INFO] OpenFileManager:354 - Change cursor
2026-04-06 11:22:21,495 [INFO] RulesReader:64 - Compatibility file has been processed (302 Rules)
2026-04-06 11:22:21,504 [INFO] Mcu:2011 - Initializing MCU STM32F401R(D-E)Tx STM32F401RETx STM32F401RET6
2026-04-06 11:22:22,498 [INFO] Context:756 - Trying to add GPIOservice into a context  which must be forbidden
2026-04-06 11:22:22,746 [ERROR] ConfigurationRetriever:142 - IOException on connection: Read timed out
2026-04-06 11:22:22,816 [INFO] Rule:225 - rule Adapt Old IOC before rework replace old CORTEX_M33/CORTEX_M55 attributes by the new one. is applicable
2026-04-06 11:22:22,816 [INFO] Rule:225 - rule Rename parametre of RCC RCC_APBDBG_DIV2 to RCC_TIMPRES_DIV2 is applicable
2026-04-06 11:22:22,816 [INFO] Rule:225 - rule Rename DIE493 pin PA10 [PA12] -> PA10 is applicable
2026-04-06 11:22:22,816 [INFO] Rule:225 - rule Rename DIE493 pin PA9 [PA11] -> PA9 is applicable
2026-04-06 11:22:22,816 [INFO] Rule:225 - rule Adapt Old IOC CSI. is applicable
2026-04-06 11:22:22,817 [INFO] DbConfProperties:307 - Apply Compatibility (0/5 Rules)
2026-04-06 11:22:22,840 [INFO] ImportTextPane:218 - (OptionalMessage_ERROR) Pin12 (VP_RIF_VS_RIF1) cannot be retrieved for this MCU
2026-04-06 11:22:23,041 [INFO] RtosManager:558 - Registered RTOS mode: class=CMSIS, group=RTOS, mode=CMSIS_V1, owner=FREERTOS
2026-04-06 11:22:23,041 [INFO] RtosManager:558 - Registered RTOS mode: class=CMSIS, group=RTOS2, mode=CMSIS_V2, owner=FREERTOS
2026-04-06 11:22:23,041 [INFO] RtosManager:558 - Registered RTOS mode: class=RTOS, group=Core, mode=CMSIS_V1, owner=FREERTOS
2026-04-06 11:22:23,041 [INFO] RtosManager:558 - Registered RTOS mode: class=RTOS, group=Core, mode=CMSIS_V2, owner=FREERTOS
2026-04-06 11:22:23,041 [WARN] ModelIntegratedComponent:184 - Missing modes for component STMicroelectronics:FreeRTOS:0.0.1:STMicroelectronics:RTOS:FreeRTOS:Core:::10.2.0:
2026-04-06 11:22:23,046 [WARN] ModelIntegratedComponent:63 - No mode defined for component null
2026-04-06 11:22:23,047 [WARN] ModelIntegratedComponent:63 - No mode defined for component null
2026-04-06 11:22:23,047 [WARN] ModelIntegratedComponent:63 - No mode defined for component null
2026-04-06 11:22:23,047 [WARN] ModelIntegratedComponent:63 - No mode defined for component null
2026-04-06 11:22:23,047 [WARN] ModelIntegratedComponent:63 - No mode defined for component null
2026-04-06 11:22:23,047 [WARN] ModelIntegratedComponent:63 - No mode defined for component null
2026-04-06 11:22:23,047 [WARN] ModelIntegratedComponent:63 - No mode defined for component null
2026-04-06 11:22:23,047 [WARN] ModelIntegratedComponent:63 - No mode defined for component null
2026-04-06 11:22:23,047 [WARN] ModelIntegratedComponent:63 - No mode defined for component null
2026-04-06 11:22:23,047 [WARN] ModelIntegratedComponent:63 - No mode defined for component null
2026-04-06 11:22:23,048 [WARN] ModelIntegratedComponent:63 - No mode defined for component null
2026-04-06 11:22:23,048 [WARN] ModelIntegratedComponent:63 - No mode defined for component null
2026-04-06 11:22:23,048 [WARN] ModelIntegratedComponent:63 - No mode defined for component null
2026-04-06 11:22:23,048 [WARN] ModelIntegratedComponent:63 - No mode defined for component null
2026-04-06 11:22:23,048 [WARN] ModelIntegratedComponent:63 - No mode defined for component null
2026-04-06 11:22:23,048 [WARN] ModelIntegratedComponent:63 - No mode defined for component null
2026-04-06 11:22:23,048 [WARN] ModelIntegratedComponent:63 - No mode defined for component null
2026-04-06 11:22:23,048 [WARN] ModelIntegratedComponent:63 - No mode defined for component null
2026-04-06 11:22:23,048 [WARN] ModelIntegratedComponent:63 - No mode defined for component null
2026-04-06 11:22:23,048 [WARN] ModelIntegratedComponent:63 - No mode defined for component null
2026-04-06 11:22:23,048 [WARN] ModelIntegratedComponent:63 - No mode defined for component null
2026-04-06 11:22:23,048 [WARN] ModelIntegratedComponent:63 - No mode defined for component null
2026-04-06 11:22:23,048 [WARN] ModelIntegratedComponent:63 - No mode defined for component null
2026-04-06 11:22:23,048 [WARN] ModelIntegratedComponent:63 - No mode defined for component null
2026-04-06 11:22:23,048 [WARN] ModelIntegratedComponent:63 - No mode defined for component null
2026-04-06 11:22:23,048 [WARN] ModelIntegratedComponent:63 - No mode defined for component null
2026-04-06 11:22:23,049 [WARN] ModelIntegratedComponent:63 - No mode defined for component null
2026-04-06 11:22:23,049 [WARN] ModelIntegratedComponent:63 - No mode defined for component null
2026-04-06 11:22:23,049 [WARN] ModelIntegratedComponent:63 - No mode defined for component null
2026-04-06 11:22:23,049 [WARN] ModelIntegratedComponent:63 - No mode defined for component null
2026-04-06 11:22:23,049 [WARN] ModelIntegratedComponent:63 - No mode defined for component null
2026-04-06 11:22:23,049 [WARN] ModelIntegratedComponent:63 - No mode defined for component null
2026-04-06 11:22:23,049 [WARN] ModelIntegratedComponent:63 - No mode defined for component null
2026-04-06 11:22:23,049 [WARN] ModelIntegratedComponent:63 - No mode defined for component null
2026-04-06 11:22:23,049 [WARN] ModelIntegratedComponent:63 - No mode defined for component null
2026-04-06 11:22:23,049 [WARN] ModelPack:524 - Component already loaded: STMicroelectronics:HAL Drivers:0.0.0:STMicroelectronics:Device:STMicro_Driver:XSPI:HAL::0.0.1:HAL_XSPI
2026-04-06 11:22:23,072 [INFO] ThirdPartyModel:298 - Start build external matchings
2026-04-06 11:22:23,577 [INFO] ThirdPartyModel:316 - End build external matchings
2026-04-06 11:22:23,597 [INFO] ImportTextPane:218 - (OptionalMessage_ERROR) IP (RCC) : Parameter (RTCHSEDivFreq_Value) has invalid value (4000000)
2026-04-06 11:22:23,873 [INFO] UtilMem:75 - End LoadConfig() Used Memory: 474341080 Bytes (940572672)
2026-04-06 11:22:23,938 [WARN] ThirdParty:833 - waiting for thirdparty lock release [change project]
2026-04-06 11:22:23,938 [INFO] ThirdParty:835 - entering critical section [change project]
2026-04-06 11:22:23,938 [INFO] ThirdParty:1030 - CMSIS Pack Vendor :STMicroelectronics X-CUBE-AZRTOS-H7 3.5.0
2026-04-06 11:22:23,938 [INFO] ThirdParty:1030 - CMSIS Pack Vendor :STMicroelectronics X-CUBE-PM33A1 1.0.0
2026-04-06 11:22:23,938 [INFO] ThirdParty:1030 - CMSIS Pack Vendor :STMicroelectronics USBPD 4.1
2026-04-06 11:22:23,938 [INFO] ThirdParty:1030 - CMSIS Pack Vendor :STMicroelectronics X-CUBE-NFC9 1.0.0
2026-04-06 11:22:23,938 [INFO] ThirdParty:1030 - CMSIS Pack Vendor :STMicroelectronics USB_HOST 2.0.0
2026-04-06 11:22:23,939 [INFO] ThirdParty:1030 - CMSIS Pack Vendor :STMicroelectronics X-CUBE-AZRTOS-F4 1.1.0
2026-04-06 11:22:23,940 [INFO] ThirdParty:1030 - CMSIS Pack Vendor :STMicroelectronics LIBJPEG 8.0.0
2026-04-06 11:22:23,940 [INFO] ThirdParty:1030 - CMSIS Pack Vendor :STMicroelectronics FP-ATR-ASTRA1 2.0.2
2026-04-06 11:22:23,941 [INFO] ThirdParty:1030 - CMSIS Pack Vendor :STMicroelectronics X-CUBE-BLE1 7.1.0
2026-04-06 11:22:23,941 [INFO] ThirdParty:1030 - CMSIS Pack Vendor :STMicroelectronics X-CUBE-SMBUS 2.1.0
2026-04-06 11:22:23,942 [INFO] ThirdParty:1030 - CMSIS Pack Vendor :wolfSSL I-CUBE-wolfMQTT 1.19.2
2026-04-06 11:22:23,943 [INFO] ThirdParty:1030 - CMSIS Pack Vendor :STMicroelectronics USB_DEVICE 3.0.0
2026-04-06 11:22:23,943 [INFO] ThirdParty:1030 - CMSIS Pack Vendor :STMicroelectronics X-CUBE-ISPU 2.1.0
2026-04-06 11:22:23,943 [INFO] ThirdParty:1030 - CMSIS Pack Vendor :STMicroelectronics X-CUBE-EEPRMA1 5.2.0
2026-04-06 11:22:23,943 [INFO] ThirdParty:1030 - CMSIS Pack Vendor :STMicroelectronics X-CUBE-BLEMGR 4.1.0
2026-04-06 11:22:23,943 [INFO] ThirdParty:1030 - CMSIS Pack Vendor :STMicroelectronics eDS-WB_DPC_TT-BIDIR 2.1.1
2026-04-06 11:22:23,943 [INFO] ThirdParty:1030 - CMSIS Pack Vendor :STMicroelectronics X-CUBE-AZRTOS-WB 2.0.0
2026-04-06 11:22:23,943 [INFO] ThirdParty:1030 - CMSIS Pack Vendor :wolfSSL I-CUBE-wolfSSL 5.8.4
2026-04-06 11:22:23,944 [INFO] ThirdParty:1030 - CMSIS Pack Vendor :Cesanta I-CUBE-Mongoose 7.20.0
2026-04-06 11:22:23,944 [INFO] ThirdParty:1030 - CMSIS Pack Vendor :STMicroelectronics X-CUBE-NFC12 1.0.0
2026-04-06 11:22:23,944 [INFO] ThirdParty:1030 - CMSIS Pack Vendor :STMicroelectronics X-CUBE-AZRTOS-F7 1.1.0
2026-04-06 11:22:23,944 [INFO] ThirdParty:1030 - CMSIS Pack Vendor :STMicroelectronics X-CUBE-AZRTOS-L5 2.0.0
2026-04-06 11:22:23,944 [INFO] ThirdParty:1030 - CMSIS Pack Vendor :STMicroelectronics USB_DEVICE 2.0.0
2026-04-06 11:22:23,944 [INFO] ThirdParty:1030 - CMSIS Pack Vendor :quantropi X-CUBE-qispace-sdk-base 2.1.0
2026-04-06 11:22:23,944 [INFO] ThirdParty:1030 - CMSIS Pack Vendor :STMicroelectronics X-CUBE-MEMS1 12.0.0
2026-04-06 11:22:23,944 [INFO] ThirdParty:1030 - CMSIS Pack Vendor :STMicroelectronics X-CUBE-STSE01 2.0.0
2026-04-06 11:22:23,944 [INFO] ThirdParty:1030 - CMSIS Pack Vendor :STMicroelectronics FreeRTOS 0.0.1
2026-04-06 11:22:23,944 [INFO] ThirdParty:1030 - CMSIS Pack Vendor :STMicroelectronics X-CUBE-AZRTOS-G0 1.1.0
2026-04-06 11:22:23,945 [INFO] ThirdParty:1030 - CMSIS Pack Vendor :STMicroelectronics X-CUBE-NFC4 3.0.0
2026-04-06 11:22:23,946 [INFO] ThirdParty:1030 - CMSIS Pack Vendor :STMicroelectronics X-CUBE-SUBG2 5.0.0
2026-04-06 11:22:23,947 [INFO] ThirdParty:1030 - CMSIS Pack Vendor :STMicroelectronics STM32_WPAN 1.0.0
2026-04-06 11:22:23,947 [INFO] ThirdParty:1030 - CMSIS Pack Vendor :STMicroelectronics eDS-WB_DPC_VIENNA 1.2.0
2026-04-06 11:22:23,947 [INFO] ThirdParty:1030 - CMSIS Pack Vendor :EmbeddedOffice I-CUBE-FS-RTOS 1.0.1
2026-04-06 11:22:23,947 [INFO] ThirdParty:1030 - CMSIS Pack Vendor :STMicroelectronics lwIP 2.0.3
2026-04-06 11:22:23,947 [INFO] ThirdParty:1030 - CMSIS Pack Vendor :STMicroelectronics eDS-WB_DPC_3PH2L-BIDIR 1.1.1
2026-04-06 11:22:23,947 [INFO] ThirdParty:1030 - CMSIS Pack Vendor :STMicroelectronics USB_HOST 1.0.0
2026-04-06 11:22:23,947 [INFO] ThirdParty:1030 - CMSIS Pack Vendor :STMicroelectronics X-CUBE-AZRTOS-G4 2.0.0
2026-04-06 11:22:23,947 [INFO] ThirdParty:1030 - CMSIS Pack Vendor :STMicroelectronics X-CUBE-WB05N 2.0.0
2026-04-06 11:22:23,947 [INFO] ThirdParty:1030 - CMSIS Pack Vendor :STMicroelectronics PDM2PCM 3.1.0
2026-04-06 11:22:23,947 [INFO] ThirdParty:1030 - CMSIS Pack Vendor :STMicroelectronics PDM2PCM 3.3.0
2026-04-06 11:22:23,947 [INFO] ThirdParty:1030 - CMSIS Pack Vendor :wolfSSL I-CUBE-wolfTPM 3.8.0
2026-04-06 11:22:23,947 [INFO] ThirdParty:1030 - CMSIS Pack Vendor :STMicroelectronics X-CUBE-DISPLAY 3.0.0
2026-04-06 11:22:23,947 [INFO] ThirdParty:1030 - CMSIS Pack Vendor :wolfSSL I-CUBE-wolfSSH 1.4.20
2026-04-06 11:22:23,947 [INFO] ThirdParty:1030 - CMSIS Pack Vendor :STMicroelectronics X-CUBE-NFC7 2.0.0
2026-04-06 11:22:23,947 [INFO] ThirdParty:1030 - CMSIS Pack Vendor :STMicroelectronics X-CUBE-TCPP 4.2.0
2026-04-06 11:22:23,948 [INFO] ThirdParty:1030 - CMSIS Pack Vendor :RealThread X-CUBE-RT-Thread_Nano 4.1.1
2026-04-06 11:22:23,948 [INFO] ThirdParty:1030 - CMSIS Pack Vendor :STMicroelectronics FP-ATR-SIGFOX1 3.2.0
2026-04-06 11:22:23,948 [INFO] ThirdParty:1030 - CMSIS Pack Vendor :STMicroelectronics X-CUBE-NFC10 1.0.0
2026-04-06 11:22:23,948 [INFO] ThirdParty:1030 - CMSIS Pack Vendor :STMicroelectronics HAL Drivers 0.0.0
2026-04-06 11:22:23,949 [INFO] ThirdParty:1030 - CMSIS Pack Vendor :STMicroelectronics MBEDTLS 2.16.2
2026-04-06 11:22:23,949 [INFO] ThirdParty:1030 - CMSIS Pack Vendor :STMicroelectronics X-CUBE-ST60 1.1.0
2026-04-06 11:22:23,949 [INFO] ThirdParty:1030 - CMSIS Pack Vendor :STMicroelectronics X-CUBE-ALS 1.0.2
2026-04-06 11:22:23,950 [INFO] ThirdParty:1030 - CMSIS Pack Vendor :emotas I-CUBE-CANOPEN 1.3.0
2026-04-06 11:22:23,951 [INFO] ThirdParty:1030 - CMSIS Pack Vendor :STMicroelectronics MBEDTLS 2.14.1
2026-04-06 11:22:23,951 [INFO] ThirdParty:1030 - CMSIS Pack Vendor :STMicroelectronics X-CUBE-GNSS1 7.1.0
2026-04-06 11:22:23,951 [INFO] ThirdParty:1030 - CMSIS Pack Vendor :ITTIA_DB I-CUBE-ITTIADB 8.9.0
2026-04-06 11:22:23,953 [INFO] ThirdParty:1030 - CMSIS Pack Vendor :STMicroelectronics X-CUBE-TOUCHGFX 4.26.1
2026-04-06 11:22:23,953 [INFO] ThirdParty:1030 - CMSIS Pack Vendor :STMicroelectronics X-CUBE-NFC6 3.2.0
2026-04-06 11:22:23,953 [INFO] ThirdParty:1030 - CMSIS Pack Vendor :STMicroelectronics X-CUBE-AI 10.2.0
2026-04-06 11:22:23,953 [INFO] ThirdParty:1030 - CMSIS Pack Vendor :STMicroelectronics FP-SNS-STAIOTCFT 1.0.0
2026-04-06 11:22:23,953 [INFO] ThirdParty:1030 - CMSIS Pack Vendor :STMicroelectronics ThreadX 1.0.0
2026-04-06 11:22:23,953 [INFO] ThirdParty:1030 - CMSIS Pack Vendor :STMicroelectronics FP-SNS-SMARTAG2 1.2.0
2026-04-06 11:22:23,953 [INFO] ThirdParty:1030 - CMSIS Pack Vendor :STMicroelectronics FP-SNS-FLIGHT1 5.1.0
2026-04-06 11:22:23,953 [INFO] ThirdParty:1030 - CMSIS Pack Vendor :STMicroelectronics X-CUBE-AZRTOS-WL 2.0.0
2026-04-06 11:22:23,953 [INFO] ThirdParty:1030 - CMSIS Pack Vendor :SEGGER I-CUBE-embOS 1.3.1
2026-04-06 11:22:23,953 [INFO] ThirdParty:1030 - CMSIS Pack Vendor :STMicroelectronics X-CUBE-ALGOBUILD 1.4.0
2026-04-06 11:22:23,955 [INFO] ThirdParty:1030 - CMSIS Pack Vendor :STMicroelectronics X-CUBE-DPower 1.3.0
2026-04-06 11:22:23,955 [INFO] ThirdParty:1030 - CMSIS Pack Vendor :STMicroelectronics USB_DEVICE 1.0.0
2026-04-06 11:22:23,955 [INFO] ThirdParty:1030 - CMSIS Pack Vendor :STMicroelectronics X-CUBE-AZRTOS-H7RS 1.2.0
2026-04-06 11:22:23,955 [INFO] ThirdParty:1030 - CMSIS Pack Vendor :STMicroelectronics X-CUBE-AZRTOS-L4 2.0.0
2026-04-06 11:22:23,955 [INFO] ThirdParty:1030 - CMSIS Pack Vendor :STMicroelectronics ThreadX 0.0.2
2026-04-06 11:22:23,955 [INFO] ThirdParty:1030 - CMSIS Pack Vendor :STMicroelectronics lwIP 2.1.2
2026-04-06 11:22:23,955 [INFO] ThirdParty:1030 - CMSIS Pack Vendor :STMicroelectronics X-CUBE-SFXS2LP1 4.0.0
2026-04-06 11:22:23,955 [INFO] ThirdParty:1030 - CMSIS Pack Vendor :STMicroelectronics X-CUBE-BLE2 3.3.0
2026-04-06 11:22:23,955 [INFO] ThirdParty:1030 - CMSIS Pack Vendor :Avnet-IOTCONNECT X-CUBE-iotc-st67-sdk 1.0.0
2026-04-06 11:22:23,955 [INFO] ThirdParty:1030 - CMSIS Pack Vendor :STMicroelectronics X-CUBE-TOF1 3.4.3
2026-04-06 11:22:23,955 [INFO] ThirdParty:1030 - CMSIS Pack Vendor :Infineon AIROC-Wi-Fi-Bluetooth-STM32 1.8.0
2026-04-06 11:22:23,955 [INFO] ThirdParty:1030 - CMSIS Pack Vendor :STMicroelectronics PDM2PCM 3.2.0
2026-04-06 11:22:23,956 [INFO] ThirdParty:841 - exiting critical section [change project]
2026-04-06 11:22:24,334 [INFO] PinOutPanel:1589 - setPackage(No Configuration,No Configuration)
2026-04-06 11:22:24,335 [INFO] PinOutPanel:1589 - setPackage(STM32F401RETx,LQFP64)
2026-04-06 11:22:24,610 [ERROR] ConfigurationRetriever:142 - IOException on connection: Read timed out
2026-04-06 11:22:24,749 [ERROR] ConfigurationRetriever:142 - IOException on connection: Connect timed out
2026-04-06 11:22:25,057 [INFO] UtilMem:75 - Before build in PCC Used Memory: 616724568 Bytes (940572672)
2026-04-06 11:22:25,333 [INFO] UtilMem:75 - After build in PCC Used Memory: 663388248 Bytes (940572672)
2026-04-06 11:22:25,356 [INFO] IPUIPlugin:80 - create IPUIPlugin
2026-04-06 11:22:25,356 [INFO] IPUIPlugin:80 - create IPUIPlugin
2026-04-06 11:22:25,357 [INFO] IPUIPlugin:80 - create IPUIPlugin
2026-04-06 11:22:25,357 [INFO] IPUIPlugin:80 - create IPUIPlugin
2026-04-06 11:22:25,357 [INFO] IPUIPlugin:80 - create IPUIPlugin
2026-04-06 11:22:25,357 [INFO] IPUIPlugin:80 - create IPUIPlugin
2026-04-06 11:22:25,357 [INFO] IPUIPlugin:80 - create IPUIPlugin
2026-04-06 11:22:25,357 [INFO] IPUIPlugin:80 - create IPUIPlugin
2026-04-06 11:22:25,357 [INFO] IPUIPlugin:80 - create IPUIPlugin
2026-04-06 11:22:25,357 [INFO] IPUIPlugin:80 - create IPUIPlugin
2026-04-06 11:22:25,358 [INFO] IPUIPlugin:80 - create IPUIPlugin
2026-04-06 11:22:25,358 [INFO] IPUIPlugin:80 - create IPUIPlugin
2026-04-06 11:22:25,358 [INFO] IPUIPlugin:80 - create IPUIPlugin
2026-04-06 11:22:25,358 [INFO] IPUIPlugin:80 - create IPUIPlugin
2026-04-06 11:22:25,358 [INFO] IPUIPlugin:80 - create IPUIPlugin
2026-04-06 11:22:25,358 [INFO] IPUIPlugin:80 - create IPUIPlugin
2026-04-06 11:22:25,359 [INFO] IPUIPlugin:80 - create IPUIPlugin
2026-04-06 11:22:25,359 [INFO] IPUIPlugin:80 - create IPUIPlugin
2026-04-06 11:22:25,359 [INFO] IPUIPlugin:80 - create IPUIPlugin
2026-04-06 11:22:25,359 [INFO] IPUIPlugin:80 - create IPUIPlugin
2026-04-06 11:22:25,359 [INFO] IPUIPlugin:80 - create IPUIPlugin
2026-04-06 11:22:25,359 [INFO] IPUIPlugin:80 - create IPUIPlugin
2026-04-06 11:22:25,359 [INFO] IPUIPlugin:80 - create IPUIPlugin
2026-04-06 11:22:25,360 [INFO] IPUIPlugin:80 - create IPUIPlugin
2026-04-06 11:22:25,360 [INFO] IPUIPlugin:80 - create IPUIPlugin
2026-04-06 11:22:25,360 [INFO] IPUIPlugin:80 - create IPUIPlugin
2026-04-06 11:22:25,360 [INFO] IPUIPlugin:80 - create IPUIPlugin
2026-04-06 11:22:25,360 [INFO] IPUIPlugin:80 - create IPUIPlugin
2026-04-06 11:22:25,360 [INFO] IPUIPlugin:80 - create IPUIPlugin
2026-04-06 11:22:25,361 [INFO] IPUIPlugin:80 - create IPUIPlugin
2026-04-06 11:22:25,361 [INFO] IPUIPlugin:80 - create IPUIPlugin
2026-04-06 11:22:25,361 [INFO] IPUIPlugin:80 - create IPUIPlugin
2026-04-06 11:22:25,361 [INFO] IPUIPlugin:80 - create IPUIPlugin
2026-04-06 11:22:25,361 [INFO] IPUIPlugin:80 - create IPUIPlugin
2026-04-06 11:22:25,361 [INFO] IPUIPlugin:80 - create IPUIPlugin
2026-04-06 11:22:25,362 [INFO] IPUIPlugin:80 - create IPUIPlugin
2026-04-06 11:22:25,362 [INFO] IPUIPlugin:80 - create IPUIPlugin
2026-04-06 11:22:25,362 [INFO] IPUIPlugin:80 - create IPUIPlugin
2026-04-06 11:22:25,365 [INFO] ApiDbMcu:508 - Load IP Config File for PDM2PCM
2026-04-06 11:22:25,426 [INFO] CADModel:165 - CPN selected for project levelSTM32F401RET6
2026-04-06 11:22:25,426 [INFO] CADModel:114 - Register for checkConnection events
2026-04-06 11:22:25,465 [INFO] OpenFileManager:385 - Restore cursor
2026-04-06 11:22:25,885 [INFO] UtilMem:75 - End SaveConfig() Used Memory: 757760088 Bytes (940572672)
2026-04-06 11:22:25,957 [INFO] UtilMem:75 - End SaveConfig() Used Memory: 772440152 Bytes (940572672)
2026-04-06 11:22:26,093 [INFO] BlockDiagram:2775 - set Specific Code input for plugin: NVIC
2026-04-06 11:22:26,093 [INFO] BlockDiagram:2775 - set Specific Code input for plugin: USART
2026-04-06 11:22:26,093 [INFO] BlockDiagram:2775 - set Specific Code input for plugin: SYS
2026-04-06 11:22:26,093 [INFO] BlockDiagram:2775 - set Specific Code input for plugin: GPIO
2026-04-06 11:22:26,093 [INFO] BlockDiagram:2775 - set Specific Code input for plugin: RCC
2026-04-06 11:22:26,094 [INFO] CodeGenerator:882 - code generatio: config db path: /opt/st/stm32cubeide_1.18.1/plugins/com.st.stm32cube.common.mx_6.14.1.202504091515//db/
2026-04-06 11:22:26,209 [INFO] CodeEngine:263 - oldGeneratedFile, /home/vatcraft/Desktop/FET/ELT3240/Project/ultrasound_sensor/MXTmpFiles/license.tmp_save
2026-04-06 11:22:26,276 [INFO] CodeEngine:287 - Generated code: /home/vatcraft/Desktop/FET/ELT3240/Project/ultrasound_sensor/MXTmpFiles/license.tmp
2026-04-06 11:22:26,294 [INFO] CodeEngine:263 - oldGeneratedFile, /home/vatcraft/Desktop/FET/ELT3240/Project/ultrasound_sensor/MXTmpFiles/gpio.tmp_save
2026-04-06 11:22:26,409 [INFO] CodeEngine:287 - Generated code: /home/vatcraft/Desktop/FET/ELT3240/Project/ultrasound_sensor/MXTmpFiles/gpio.tmp
2026-04-06 11:22:26,440 [INFO] CodeEngine:263 - oldGeneratedFile, /home/vatcraft/Desktop/FET/ELT3240/Project/ultrasound_sensor/Core/Src/stm32f4xx_it.c_save
2026-04-06 11:22:26,512 [INFO] CodeEngine:287 - Generated code: /home/vatcraft/Desktop/FET/ELT3240/Project/ultrasound_sensor/Core/Src/stm32f4xx_it.c
2026-04-06 11:22:26,513 [INFO] CodeEngine:263 - oldGeneratedFile, /home/vatcraft/Desktop/FET/ELT3240/Project/ultrasound_sensor/Core/Inc/stm32f4xx_it.h_save
2026-04-06 11:22:26,574 [INFO] CodeEngine:287 - Generated code: /home/vatcraft/Desktop/FET/ELT3240/Project/ultrasound_sensor/Core/Inc/stm32f4xx_it.h
2026-04-06 11:22:26,578 [INFO] CodeEngine:263 - oldGeneratedFile, /home/vatcraft/Desktop/FET/ELT3240/Project/ultrasound_sensor/Core/Src/stm32f4xx_hal_msp.c_save
2026-04-06 11:22:26,670 [INFO] CodeEngine:287 - Generated code: /home/vatcraft/Desktop/FET/ELT3240/Project/ultrasound_sensor/Core/Src/stm32f4xx_hal_msp.c
2026-04-06 11:22:26,672 [INFO] CodeEngine:263 - oldGeneratedFile, /home/vatcraft/Desktop/FET/ELT3240/Project/ultrasound_sensor/MXTmpFiles/system.tmp_save
2026-04-06 11:22:26,732 [INFO] CodeEngine:287 - Generated code: /home/vatcraft/Desktop/FET/ELT3240/Project/ultrasound_sensor/MXTmpFiles/system.tmp
2026-04-06 11:22:26,735 [INFO] CodeEngine:319 - oldGeneratedFile, /home/vatcraft/Desktop/FET/ELT3240/Project/ultrasound_sensor/Core/Inc/stm32f4xx_hal_conf.h_save
2026-04-06 11:22:26,752 [ERROR] ConfigurationRetriever:142 - IOException on connection: Connect timed out
2026-04-06 11:22:26,816 [INFO] CodeEngine:343 - Generated code: /home/vatcraft/Desktop/FET/ELT3240/Project/ultrasound_sensor/Core/Inc/stm32f4xx_hal_conf.h
2026-04-06 11:22:26,839 [INFO] ApiDbMcu:508 - Load IP Config File for USART2
2026-04-06 11:22:26,843 [INFO] ApiDbMcu:508 - Load IP Config File for RCC
2026-04-06 11:22:26,847 [INFO] CodeEngine:263 - oldGeneratedFile, /home/vatcraft/Desktop/FET/ELT3240/Project/ultrasound_sensor/Core/Inc/main.h_save
2026-04-06 11:22:26,924 [INFO] CodeEngine:287 - Generated code: /home/vatcraft/Desktop/FET/ELT3240/Project/ultrasound_sensor/Core/Inc/main.h
2026-04-06 11:22:26,926 [INFO] CodeEngine:263 - oldGeneratedFile, /home/vatcraft/Desktop/FET/ELT3240/Project/ultrasound_sensor/Core/Src/main.c_save
2026-04-06 11:22:27,017 [INFO] CodeEngine:287 - Generated code: /home/vatcraft/Desktop/FET/ELT3240/Project/ultrasound_sensor/Core/Src/main.c
2026-04-06 11:22:27,287 [INFO] ProjectBuilder:3324 - Time for Copy HAL[1] : 19mS.
2026-04-06 11:22:27,290 [INFO] ProjectBuilder:4912 - Project Generator version: 4.6.0.1-B1
2026-04-06 11:22:27,408 [INFO] ConfigFileManager:1590 - The Die is : DIE433
2026-04-06 11:22:27,417 [INFO] ApiDbMcu:508 - Load IP Config File for FATFS
2026-04-06 11:22:27,422 [INFO] ApiDbMcu:508 - Load IP Config File for FREERTOS
2026-04-06 11:22:27,424 [INFO] ApiDbMcu:508 - Load IP Config File for LIBJPEG
2026-04-06 11:22:27,429 [INFO] ApiDbMcu:508 - Load IP Config File for MBEDTLS
2026-04-06 11:22:27,438 [INFO] ApiDbMcu:508 - Load IP Config File for USB_DEVICE
2026-04-06 11:22:27,442 [INFO] ApiDbMcu:508 - Load IP Config File for USB_HOST
2026-04-06 11:22:28,872 [INFO] ProjectBuilder:5191 - Time for Generating toolchain IDE Files: 1582mS.
2026-04-06 11:22:28,873 [INFO] ProjectBuilder:3181 - Time for Copy CMSIS : 0mS.
2026-04-06 11:22:28,874 [INFO] ProjectBuilder:3181 - Time for Copy CMSIS : 0mS.
2026-04-06 11:22:29,526 [INFO] McuFinderGlobals:76 - Set McuFinderConnectedMode to true
2026-04-06 11:22:29,529 [INFO] ApiDb:448 - Save user favorites file /home/vatcraft/.stm32cubeide/favorites.mcus.txt: 0 item(s)
2026-04-06 11:22:29,530 [INFO] ApiDb:452 - User favorites MCUs=[]
2026-04-06 11:22:29,531 [INFO] ApiDb:448 - Save user favorites file /home/vatcraft/.stm32cubeide/favorites.boards.txt: 0 item(s)
2026-04-06 11:22:29,531 [INFO] ApiDb:452 - User favorites Boards=[]
2026-04-06 11:24:28,114 [INFO] UtilMem:75 - End SaveConfig() Used Memory: 281665216 Bytes (856686592)
2026-04-06 11:24:28,302 [INFO] UtilMem:75 - End SaveConfig() Used Memory: 297350104 Bytes (856686592)
2026-04-06 11:24:32,036 [INFO] UtilMem:75 - End SaveConfig() Used Memory: 517956544 Bytes (856686592)
2026-04-06 11:24:33,123 [INFO] BlockDiagram:2775 - set Specific Code input for plugin: NVIC
2026-04-06 11:24:33,123 [INFO] BlockDiagram:2775 - set Specific Code input for plugin: USART
2026-04-06 11:24:33,123 [INFO] BlockDiagram:2775 - set Specific Code input for plugin: SYS
2026-04-06 11:24:33,124 [INFO] BlockDiagram:2775 - set Specific Code input for plugin: GPIO
2026-04-06 11:24:33,124 [INFO] BlockDiagram:2775 - set Specific Code input for plugin: RCC
2026-04-06 11:24:33,124 [INFO] CodeGenerator:882 - code generatio: config db path: /opt/st/stm32cubeide_1.18.1/plugins/com.st.stm32cube.common.mx_6.14.1.202504091515//db/
2026-04-06 11:24:33,735 [INFO] CodeEngine:263 - oldGeneratedFile, /home/vatcraft/Desktop/FET/ELT3240/Project/ultrasound_sensor/MXTmpFiles/license.tmp_save
2026-04-06 11:24:33,967 [INFO] CodeEngine:287 - Generated code: /home/vatcraft/Desktop/FET/ELT3240/Project/ultrasound_sensor/MXTmpFiles/license.tmp
2026-04-06 11:24:34,009 [INFO] CodeEngine:263 - oldGeneratedFile, /home/vatcraft/Desktop/FET/ELT3240/Project/ultrasound_sensor/MXTmpFiles/gpio.tmp_save
2026-04-06 11:24:34,146 [INFO] CodeEngine:287 - Generated code: /home/vatcraft/Desktop/FET/ELT3240/Project/ultrasound_sensor/MXTmpFiles/gpio.tmp
2026-04-06 11:24:34,230 [INFO] CodeEngine:263 - oldGeneratedFile, /home/vatcraft/Desktop/FET/ELT3240/Project/ultrasound_sensor/Core/Src/stm32f4xx_it.c_save
2026-04-06 11:24:34,356 [INFO] CodeEngine:287 - Generated code: /home/vatcraft/Desktop/FET/ELT3240/Project/ultrasound_sensor/Core/Src/stm32f4xx_it.c
2026-04-06 11:24:34,358 [INFO] CodeEngine:263 - oldGeneratedFile, /home/vatcraft/Desktop/FET/ELT3240/Project/ultrasound_sensor/Core/Inc/stm32f4xx_it.h_save
2026-04-06 11:24:34,471 [INFO] CodeEngine:287 - Generated code: /home/vatcraft/Desktop/FET/ELT3240/Project/ultrasound_sensor/Core/Inc/stm32f4xx_it.h
2026-04-06 11:24:34,476 [INFO] CodeEngine:263 - oldGeneratedFile, /home/vatcraft/Desktop/FET/ELT3240/Project/ultrasound_sensor/Core/Src/stm32f4xx_hal_msp.c_save
2026-04-06 11:24:34,629 [INFO] CodeEngine:287 - Generated code: /home/vatcraft/Desktop/FET/ELT3240/Project/ultrasound_sensor/Core/Src/stm32f4xx_hal_msp.c
2026-04-06 11:24:34,631 [INFO] CodeEngine:263 - oldGeneratedFile, /home/vatcraft/Desktop/FET/ELT3240/Project/ultrasound_sensor/MXTmpFiles/system.tmp_save
2026-04-06 11:24:34,731 [INFO] CodeEngine:287 - Generated code: /home/vatcraft/Desktop/FET/ELT3240/Project/ultrasound_sensor/MXTmpFiles/system.tmp
2026-04-06 11:24:34,736 [INFO] CodeEngine:319 - oldGeneratedFile, /home/vatcraft/Desktop/FET/ELT3240/Project/ultrasound_sensor/Core/Inc/stm32f4xx_hal_conf.h_save
2026-04-06 11:24:34,849 [INFO] CodeEngine:343 - Generated code: /home/vatcraft/Desktop/FET/ELT3240/Project/ultrasound_sensor/Core/Inc/stm32f4xx_hal_conf.h
2026-04-06 11:24:34,900 [INFO] CodeEngine:263 - oldGeneratedFile, /home/vatcraft/Desktop/FET/ELT3240/Project/ultrasound_sensor/Core/Inc/main.h_save
2026-04-06 11:24:35,012 [INFO] CodeEngine:287 - Generated code: /home/vatcraft/Desktop/FET/ELT3240/Project/ultrasound_sensor/Core/Inc/main.h
2026-04-06 11:24:35,013 [INFO] CodeEngine:263 - oldGeneratedFile, /home/vatcraft/Desktop/FET/ELT3240/Project/ultrasound_sensor/Core/Src/main.c_save
2026-04-06 11:24:35,164 [INFO] CodeEngine:287 - Generated code: /home/vatcraft/Desktop/FET/ELT3240/Project/ultrasound_sensor/Core/Src/main.c
2026-04-06 11:24:36,858 [INFO] ProjectBuilder:3324 - Time for Copy HAL[1] : 27mS.
2026-04-06 11:24:36,860 [INFO] ProjectBuilder:4912 - Project Generator version: 4.6.0.1-B1
2026-04-06 11:24:36,972 [INFO] ConfigFileManager:1590 - The Die is : DIE433
2026-04-06 11:24:37,069 [ERROR] ConfigurationRetriever:142 - IOException on connection: Connect timed out
2026-04-06 11:24:38,142 [INFO] ProjectBuilder:5191 - Time for Generating toolchain IDE Files: 1282mS.
2026-04-06 11:24:38,143 [INFO] ProjectBuilder:3181 - Time for Copy CMSIS : 1mS.
2026-04-06 11:24:38,144 [INFO] ProjectBuilder:3181 - Time for Copy CMSIS : 0mS.
2026-04-06 11:24:40,178 [ERROR] ConfigurationRetriever:142 - IOException on connection: Read timed out
2026-04-06 11:24:44,641 [ERROR] ConfigurationRetriever:142 - IOException on connection: Read timed out
2026-04-06 11:24:47,437 [ERROR] AdobePublisher:162 - Exception while opening the connection: java.net.SocketTimeoutException: Read timed out
2026-04-06 11:24:49,440 [ERROR] AdobePublisher:162 - Exception while opening the connection: java.net.SocketTimeoutException: Connect timed out
2026-04-06 11:24:51,962 [ERROR] AdobePublisher:162 - Exception while opening the connection: java.net.SocketTimeoutException: Read timed out
2026-04-06 11:26:18,466 [INFO] NvicIntPanel:101 - NVIC parent = com.st.microxplorer.plugins.ip.nvic.MultiNvicIntPanel[,0,0,0x0,invalid,layout=javax.swing.BoxLayout,alignmentX=0.0,alignmentY=0.0,border=,flags=9,maximumSize=,minimumSize=,preferredSize=]
2026-04-06 11:26:21,297 [INFO] UtilMem:75 - End SaveConfig() Used Memory: 434281520 Bytes (856686592)
2026-04-06 11:26:21,511 [INFO] UtilMem:75 - End SaveConfig() Used Memory: 449487920 Bytes (856686592)
2026-04-06 11:26:23,886 [INFO] UtilMem:75 - End SaveConfig() Used Memory: 483564592 Bytes (856686592)
2026-04-06 11:26:24,051 [INFO] BlockDiagram:2775 - set Specific Code input for plugin: NVIC
2026-04-06 11:26:24,051 [INFO] BlockDiagram:2775 - set Specific Code input for plugin: USART
2026-04-06 11:26:24,051 [INFO] BlockDiagram:2775 - set Specific Code input for plugin: TIM1_8
2026-04-06 11:26:24,051 [INFO] BlockDiagram:2775 - set Specific Code input for plugin: SYS
2026-04-06 11:26:24,052 [INFO] BlockDiagram:2775 - set Specific Code input for plugin: GPIO
2026-04-06 11:26:24,052 [INFO] BlockDiagram:2775 - set Specific Code input for plugin: RCC
2026-04-06 11:26:24,053 [INFO] CodeGenerator:882 - code generatio: config db path: /opt/st/stm32cubeide_1.18.1/plugins/com.st.stm32cube.common.mx_6.14.1.202504091515//db/
2026-04-06 11:26:24,198 [INFO] CodeEngine:263 - oldGeneratedFile, /home/vatcraft/Desktop/FET/ELT3240/Project/ultrasound_sensor/MXTmpFiles/license.tmp_save
2026-04-06 11:26:24,284 [INFO] CodeEngine:287 - Generated code: /home/vatcraft/Desktop/FET/ELT3240/Project/ultrasound_sensor/MXTmpFiles/license.tmp
2026-04-06 11:26:24,299 [INFO] CodeEngine:263 - oldGeneratedFile, /home/vatcraft/Desktop/FET/ELT3240/Project/ultrasound_sensor/MXTmpFiles/gpio.tmp_save
2026-04-06 11:26:24,379 [INFO] CodeEngine:287 - Generated code: /home/vatcraft/Desktop/FET/ELT3240/Project/ultrasound_sensor/MXTmpFiles/gpio.tmp
2026-04-06 11:26:24,450 [INFO] CodeEngine:263 - oldGeneratedFile, /home/vatcraft/Desktop/FET/ELT3240/Project/ultrasound_sensor/Core/Src/stm32f4xx_it.c_save
2026-04-06 11:26:24,551 [INFO] CodeEngine:287 - Generated code: /home/vatcraft/Desktop/FET/ELT3240/Project/ultrasound_sensor/Core/Src/stm32f4xx_it.c
2026-04-06 11:26:24,552 [INFO] CodeEngine:263 - oldGeneratedFile, /home/vatcraft/Desktop/FET/ELT3240/Project/ultrasound_sensor/Core/Inc/stm32f4xx_it.h_save
2026-04-06 11:26:24,635 [INFO] CodeEngine:287 - Generated code: /home/vatcraft/Desktop/FET/ELT3240/Project/ultrasound_sensor/Core/Inc/stm32f4xx_it.h
2026-04-06 11:26:24,639 [INFO] CodeEngine:263 - oldGeneratedFile, /home/vatcraft/Desktop/FET/ELT3240/Project/ultrasound_sensor/Core/Src/stm32f4xx_hal_msp.c_save
2026-04-06 11:26:24,784 [INFO] CodeEngine:287 - Generated code: /home/vatcraft/Desktop/FET/ELT3240/Project/ultrasound_sensor/Core/Src/stm32f4xx_hal_msp.c
2026-04-06 11:26:24,785 [INFO] CodeEngine:263 - oldGeneratedFile, /home/vatcraft/Desktop/FET/ELT3240/Project/ultrasound_sensor/MXTmpFiles/system.tmp_save
2026-04-06 11:26:24,866 [INFO] CodeEngine:287 - Generated code: /home/vatcraft/Desktop/FET/ELT3240/Project/ultrasound_sensor/MXTmpFiles/system.tmp
2026-04-06 11:26:24,868 [INFO] CodeEngine:319 - oldGeneratedFile, /home/vatcraft/Desktop/FET/ELT3240/Project/ultrasound_sensor/Core/Inc/stm32f4xx_hal_conf.h_save
2026-04-06 11:26:24,966 [INFO] CodeEngine:343 - Generated code: /home/vatcraft/Desktop/FET/ELT3240/Project/ultrasound_sensor/Core/Inc/stm32f4xx_hal_conf.h
2026-04-06 11:26:25,000 [INFO] ApiDbMcu:508 - Load IP Config File for TIM2
2026-04-06 11:26:25,001 [WARN] IPConfigManager:3790 - IP not found : TIM
2026-04-06 11:26:25,001 [WARN] CodeGenerator:4198 - IP not found : null
2026-04-06 11:26:25,004 [INFO] CodeEngine:263 - oldGeneratedFile, /home/vatcraft/Desktop/FET/ELT3240/Project/ultrasound_sensor/Core/Inc/main.h_save
2026-04-06 11:26:25,104 [INFO] CodeEngine:287 - Generated code: /home/vatcraft/Desktop/FET/ELT3240/Project/ultrasound_sensor/Core/Inc/main.h
2026-04-06 11:26:25,107 [INFO] CodeEngine:263 - oldGeneratedFile, /home/vatcraft/Desktop/FET/ELT3240/Project/ultrasound_sensor/Core/Src/main.c_save
2026-04-06 11:26:25,258 [INFO] CodeEngine:287 - Generated code: /home/vatcraft/Desktop/FET/ELT3240/Project/ultrasound_sensor/Core/Src/main.c
2026-04-06 11:26:25,559 [INFO] ProjectBuilder:3324 - Time for Copy HAL[1] : 26mS.
2026-04-06 11:26:25,561 [INFO] ProjectBuilder:4912 - Project Generator version: 4.6.0.1-B1
2026-04-06 11:26:25,701 [INFO] ConfigFileManager:1590 - The Die is : DIE433
2026-04-06 11:26:26,610 [INFO] ProjectBuilder:5191 - Time for Generating toolchain IDE Files: 1048mS.
2026-04-06 11:26:26,611 [INFO] ProjectBuilder:3181 - Time for Copy CMSIS : 0mS.
2026-04-06 11:26:26,614 [INFO] ProjectBuilder:3181 - Time for Copy CMSIS : 0mS.
2026-04-06 11:26:29,350 [ERROR] ConfigurationRetriever:142 - IOException on connection: Read timed out
2026-04-06 12:19:18,283 [ERROR] ConfigurationRetriever:142 - IOException on connection: Connect timed out
2026-04-06 12:36:34,870 [ERROR] ConfigurationRetriever:142 - IOException on connection: Read timed out
2026-04-06 12:36:41,304 [ERROR] ConfigurationRetriever:142 - IOException on connection: Read timed out
2026-04-06 12:36:43,409 [ERROR] ConfigurationRetriever:142 - IOException on connection: Read timed out
2026-04-06 12:49:22,953 [ERROR] LogOutputStream:75 - [STDERR_REDIRECT] 
2026-04-06 16:06:16,741 [INFO] Activator:176 - 


2026-04-06 16:06:16,745 [INFO] Activator:177 - !SESSION log4j initialized
2026-04-06 16:06:21,874 [INFO] LogOutputStream:77 - [STDOUT_REDIRECT] 
2026-04-06 16:06:22,769 [INFO] ApplicationProperties:184 - Using Application install path: /opt/st/stm32cubeide_1.18.1/plugins/com.st.stm32cube.common.mx_6.14.1.202504091515
2026-04-06 16:06:22,788 [INFO] DbMcusXml:78 - Set database path to: /opt/st/stm32cubeide_1.18.1/plugins/com.st.stm32cube.common.mx_6.14.1.202504091515//db//mcu/
2026-04-06 16:06:22,788 [INFO] ApiDb:274 - Set plugin database path to: /opt/st/stm32cubeide_1.18.1/plugins/com.st.stm32cube.common.mx_6.14.1.202504091515//db//plugins/boardmanager/
2026-04-06 16:06:22,788 [WARN] ApiDb:259 - Overriding images path with different value:  => /opt/st/stm32cubeide_1.18.1/plugins/com.st.stm32cube.common.mx_6.14.1.202504091515//db//plugins/mcufinder/images/
2026-04-06 16:06:22,796 [INFO] ApiDb:250 - Set database path to: /home/vatcraft/.stmcufinder/plugins/mcufinder//mcu/
2026-04-06 16:06:22,797 [INFO] DbMcusAds:125 - Set database path to: /home/vatcraft/.stmcufinder/plugins/mcufinder//mcu/
2026-04-06 16:06:22,799 [INFO] CrossReferenceDbSqlite:203 - Set database path to: /home/vatcraft/.stmcufinder/plugins/mcufinder//mcu/cs/
2026-04-06 16:06:22,933 [INFO] RulesReader:64 - Compatibility file has been processed (302 Rules)
2026-04-06 16:06:23,063 [INFO] DbMcusXml:78 - Set database path to: /opt/st/stm32cubeide_1.18.1/plugins/com.st.stm32cube.common.mx_6.14.1.202504091515//db//mcu/
2026-04-06 16:06:23,063 [INFO] ApiDb:274 - Set plugin database path to: /opt/st/stm32cubeide_1.18.1/plugins/com.st.stm32cube.common.mx_6.14.1.202504091515//db//plugins/boardmanager/
2026-04-06 16:06:23,063 [INFO] ApiDb:261 - Set plugin images path to: /opt/st/stm32cubeide_1.18.1/plugins/com.st.stm32cube.common.mx_6.14.1.202504091515//db//plugins/mcufinder/images/
2026-04-06 16:06:23,064 [WARN] DbFile:41 - Overriding database path with different value: /home/vatcraft/.stmcufinder/plugins/mcufinder/ => /home/vatcraft/.stmcufinder/plugins/mcufinder
2026-04-06 16:06:23,064 [INFO] ApiDb:250 - Set database path to: /home/vatcraft/.stmcufinder/plugins/mcufinder//mcu/
2026-04-06 16:06:23,064 [WARN] DbFile:41 - Overriding database path with different value: /home/vatcraft/.stmcufinder/plugins/mcufinder/ => /home/vatcraft/.stmcufinder/plugins/mcufinder
2026-04-06 16:06:23,064 [INFO] DbMcusAds:125 - Set database path to: /home/vatcraft/.stmcufinder/plugins/mcufinder//mcu/
2026-04-06 16:06:23,065 [WARN] DbFile:41 - Overriding database path with different value: /home/vatcraft/.stmcufinder/plugins/mcufinder/ => /home/vatcraft/.stmcufinder/plugins/mcufinder
2026-04-06 16:06:23,065 [WARN] DbFile:41 - Overriding database path with different value: /home/vatcraft/.stmcufinder/plugins/mcufinder/ => /home/vatcraft/.stmcufinder/plugins/mcufinder
2026-04-06 16:06:23,065 [INFO] CrossReferenceDbSqlite:203 - Set database path to: /home/vatcraft/.stmcufinder/plugins/mcufinder//mcu/cs/
2026-04-06 16:06:23,157 [INFO] MainPanel:272 - HeapMemory: 268435456
2026-04-06 16:06:23,303 [INFO] DbMcusXml:78 - Set database path to: /opt/st/stm32cubeide_1.18.1/plugins/com.st.stm32cube.common.mx_6.14.1.202504091515//db//mcu/
2026-04-06 16:06:23,303 [INFO] ApiDb:274 - Set plugin database path to: /opt/st/stm32cubeide_1.18.1/plugins/com.st.stm32cube.common.mx_6.14.1.202504091515//db//plugins/boardmanager/
2026-04-06 16:06:23,304 [INFO] ApiDb:261 - Set plugin images path to: /opt/st/stm32cubeide_1.18.1/plugins/com.st.stm32cube.common.mx_6.14.1.202504091515//db//plugins/mcufinder/images/
2026-04-06 16:06:23,304 [WARN] DbFile:41 - Overriding database path with different value: /home/vatcraft/.stmcufinder/plugins/mcufinder/ => /home/vatcraft/.stmcufinder/plugins/mcufinder
2026-04-06 16:06:23,304 [INFO] ApiDb:250 - Set database path to: /home/vatcraft/.stmcufinder/plugins/mcufinder//mcu/
2026-04-06 16:06:23,305 [WARN] DbFile:41 - Overriding database path with different value: /home/vatcraft/.stmcufinder/plugins/mcufinder/ => /home/vatcraft/.stmcufinder/plugins/mcufinder
2026-04-06 16:06:23,305 [INFO] DbMcusAds:125 - Set database path to: /home/vatcraft/.stmcufinder/plugins/mcufinder//mcu/
2026-04-06 16:06:23,305 [WARN] DbFile:41 - Overriding database path with different value: /home/vatcraft/.stmcufinder/plugins/mcufinder/ => /home/vatcraft/.stmcufinder/plugins/mcufinder
2026-04-06 16:06:23,305 [WARN] DbFile:41 - Overriding database path with different value: /home/vatcraft/.stmcufinder/plugins/mcufinder/ => /home/vatcraft/.stmcufinder/plugins/mcufinder
2026-04-06 16:06:23,305 [INFO] CrossReferenceDbSqlite:203 - Set database path to: /home/vatcraft/.stmcufinder/plugins/mcufinder//mcu/cs/
2026-04-06 16:06:23,325 [INFO] ApplicationProperties:184 - Using Application install path: /opt/st/stm32cubeide_1.18.1/plugins/com.st.stm32cube.common.mx_6.14.1.202504091515
2026-04-06 16:06:23,327 [INFO] PluginManage:196 - Search for loadable plugins [exclusion list=, ]
2026-04-06 16:06:23,329 [INFO] PluginManage:310 - Check plugin analytics
2026-04-06 16:06:23,517 [INFO] AnalyticsPlugin:253 - Accepted Software Licenses: 
2026-04-06 16:06:23,517 [INFO] AnalyticsPlugin:255 - Accepted CMSIS Pack Licenses: 
2026-04-06 16:06:23,517 [INFO] AnalyticsPlugin:257 - Accepted Firmware Licenses: FW.F4.1.28.0,FW.L4.1.18.0
2026-04-06 16:06:23,524 [INFO] PluginManage:359 - Loaded plugin analytics (category:tool,tabindex:-1)
2026-04-06 16:06:23,524 [INFO] PluginManage:310 - Check plugin cadmodel
2026-04-06 16:06:23,530 [INFO] CADModel:105 - Init CAD model plugin
2026-04-06 16:06:23,530 [INFO] PluginManage:359 - Loaded plugin cadmodel (category:power,tabindex:5)
2026-04-06 16:06:23,531 [INFO] PluginManage:310 - Check plugin clock
2026-04-06 16:06:23,543 [INFO] PluginManage:359 - Loaded plugin clock (category:base,tabindex:2)
2026-04-06 16:06:23,544 [INFO] PluginManage:310 - Check plugin ddr
2026-04-06 16:06:23,546 [INFO] PluginManage:359 - Loaded plugin ddr (category:tool,tabindex:6)
2026-04-06 16:06:23,547 [INFO] PluginManage:310 - Check plugin filemanager
2026-04-06 16:06:23,716 [INFO] PluginManage:359 - Loaded plugin filemanager (category:base,tabindex:10)
2026-04-06 16:06:23,716 [INFO] PluginManage:310 - Check plugin ipmanager
2026-04-06 16:06:23,722 [INFO] PluginManage:359 - Loaded plugin ipmanager (category:base,tabindex:5)
2026-04-06 16:06:23,722 [INFO] PluginManage:310 - Check plugin lpbam
2026-04-06 16:06:23,732 [INFO] PluginManage:359 - Loaded plugin lpbam (category:base,tabindex:0)
2026-04-06 16:06:23,732 [INFO] PluginManage:310 - Check plugin memorymap
2026-04-06 16:06:23,742 [INFO] PluginManage:359 - Loaded plugin memorymap (category:base,tabindex:4)
2026-04-06 16:06:23,743 [INFO] PluginManage:310 - Check plugin pinoutandconfiguration
2026-04-06 16:06:23,751 [INFO] PluginManage:359 - Loaded plugin pinoutandconfiguration (category:base,tabindex:1)
2026-04-06 16:06:23,751 [INFO] PluginManage:310 - Check plugin pinoutconfig
2026-04-06 16:06:23,853 [WARN] SupportedApi:132 - Cannot load RTOS API schema: s4s-elt-must-match.1: The content of 'definitions' must match (annotation?, (simpleType | complexType)?, (unique | key | keyref)*)). A problem was found starting at: attribute.
2026-04-06 16:06:23,998 [INFO] PluginManage:359 - Loaded plugin pinoutconfig (category:base,tabindex:0)
2026-04-06 16:06:23,998 [INFO] PluginManage:310 - Check plugin power
2026-04-06 16:06:24,008 [INFO] PluginManage:359 - Loaded plugin power (category:power,tabindex:4)
2026-04-06 16:06:24,008 [INFO] PluginManage:310 - Check plugin projectmanager
2026-04-06 16:06:24,027 [INFO] PluginManage:359 - Loaded plugin projectmanager (category:projectmanager,tabindex:4)
2026-04-06 16:06:24,027 [INFO] PluginManage:310 - Check plugin rif
2026-04-06 16:06:24,036 [INFO] PluginManage:359 - Loaded plugin rif (category:base,tabindex:3)
2026-04-06 16:06:24,036 [INFO] PluginManage:310 - Check plugin thirdparty
2026-04-06 16:06:24,173 [INFO] PluginManage:359 - Loaded plugin thirdparty (category:base,tabindex:-1)
2026-04-06 16:06:24,174 [INFO] PluginManage:310 - Check plugin tools
2026-04-06 16:06:24,174 [WARN] IntegrityCheckThread:84 - waiting for thirdparty lock release [integrity check]
2026-04-06 16:06:24,175 [INFO] IntegrityCheckThread:86 - entering critical section [integrity check]
2026-04-06 16:06:24,175 [INFO] ThirdPartyUpdaterWithRetryManager:70 - Updater plugin not ready yet. [1/15]
2026-04-06 16:06:24,177 [INFO] PluginManage:359 - Loaded plugin tools (category:base,tabindex:7)
2026-04-06 16:06:24,177 [INFO] PluginManage:310 - Check plugin tutovideos
2026-04-06 16:06:24,360 [INFO] PluginManage:359 - Loaded plugin tutovideos (category:base,tabindex:-1)
2026-04-06 16:06:24,361 [INFO] PluginManage:310 - Check plugin updater
2026-04-06 16:06:24,386 [INFO] PluginManage:359 - Loaded plugin updater (category:base,tabindex:12)
2026-04-06 16:06:24,387 [INFO] PluginManage:310 - Check plugin userauth
2026-04-06 16:06:24,391 [INFO] UserAuth:118 - Init User Auth plugin
2026-04-06 16:06:24,392 [INFO] PluginManage:359 - Loaded plugin userauth (category:base,tabindex:14)
2026-04-06 16:06:24,392 [INFO] PluginManage:283 - PluginManage : Loaded plugins [18]
2026-04-06 16:06:24,589 [INFO] PinOutPanel:1589 - setPackage(No Configuration,No Configuration)
2026-04-06 16:06:24,673 [INFO] CADModel:165 - CPN selected for project level
2026-04-06 16:06:24,673 [INFO] CADModel:114 - Register for checkConnection events
2026-04-06 16:06:24,685 [INFO] IPUIPlugin:80 - create IPUIPlugin
2026-04-06 16:06:24,685 [INFO] PluginManager:220 - loadIPPluginJar : add openamp
2026-04-06 16:06:24,691 [INFO] IPUIPlugin:80 - create IPUIPlugin
2026-04-06 16:06:24,691 [INFO] PluginManager:220 - loadIPPluginJar : add pdm2pcm
2026-04-06 16:06:24,695 [INFO] IPUIPlugin:80 - create IPUIPlugin
2026-04-06 16:06:24,695 [INFO] PluginManager:220 - loadIPPluginJar : add touchsensing
2026-04-06 16:06:24,703 [INFO] IPUIPlugin:80 - create IPUIPlugin
2026-04-06 16:06:24,707 [INFO] PluginManager:220 - loadIPPluginJar : add plateformsettings
2026-04-06 16:06:24,713 [INFO] IPUIPlugin:80 - create IPUIPlugin
2026-04-06 16:06:24,713 [INFO] PluginManager:220 - loadIPPluginJar : add resmgrutility
2026-04-06 16:06:24,719 [INFO] IPUIPlugin:80 - create IPUIPlugin
2026-04-06 16:06:24,719 [INFO] PluginManager:220 - loadIPPluginJar : add gic
2026-04-06 16:06:24,721 [INFO] IPUIPlugin:80 - create IPUIPlugin
2026-04-06 16:06:24,721 [INFO] PluginManager:220 - loadIPPluginJar : add genericplugin
2026-04-06 16:06:24,723 [INFO] IPUIPlugin:80 - create IPUIPlugin
2026-04-06 16:06:24,724 [INFO] PluginManager:220 - loadIPPluginJar : add tracer_emb
2026-04-06 16:06:24,726 [INFO] IPUIPlugin:80 - create IPUIPlugin
2026-04-06 16:06:24,727 [INFO] PluginManager:220 - loadIPPluginJar : add extmemmanager
2026-04-06 16:06:24,729 [INFO] IPUIPlugin:80 - create IPUIPlugin
2026-04-06 16:06:24,729 [INFO] PluginManager:220 - loadIPPluginJar : add spi
2026-04-06 16:06:24,736 [INFO] IPUIPlugin:80 - create IPUIPlugin
2026-04-06 16:06:24,736 [INFO] PluginManager:220 - loadIPPluginJar : add linkedlist
2026-04-06 16:06:24,738 [INFO] IPUIPlugin:80 - create IPUIPlugin
2026-04-06 16:06:24,738 [INFO] PluginManager:220 - loadIPPluginJar : add ucpd
2026-04-06 16:06:24,741 [INFO] IPUIPlugin:80 - create IPUIPlugin
2026-04-06 16:06:24,741 [INFO] PluginManager:220 - loadIPPluginJar : add i3c
2026-04-06 16:06:24,743 [INFO] IPUIPlugin:80 - create IPUIPlugin
2026-04-06 16:06:24,743 [INFO] PluginManager:220 - loadIPPluginJar : add hash
2026-04-06 16:06:24,747 [INFO] IPUIPlugin:80 - create IPUIPlugin
2026-04-06 16:06:24,748 [INFO] PluginManager:220 - loadIPPluginJar : add nvic
2026-04-06 16:06:24,751 [INFO] IPUIPlugin:80 - create IPUIPlugin
2026-04-06 16:06:24,751 [INFO] PluginManager:220 - loadIPPluginJar : add usbx
2026-04-06 16:06:24,753 [INFO] IPUIPlugin:80 - create IPUIPlugin
2026-04-06 16:06:24,754 [INFO] PluginManager:220 - loadIPPluginJar : add cryp
2026-04-06 16:06:24,755 [INFO] IPUIPlugin:80 - create IPUIPlugin
2026-04-06 16:06:24,755 [INFO] PluginManager:220 - loadIPPluginJar : add quadspi
2026-04-06 16:06:24,757 [INFO] IPUIPlugin:80 - create IPUIPlugin
2026-04-06 16:06:24,757 [INFO] PluginManager:220 - loadIPPluginJar : add ts
2026-04-06 16:06:24,760 [INFO] IPUIPlugin:80 - create IPUIPlugin
2026-04-06 16:06:24,760 [INFO] PluginManager:220 - loadIPPluginJar : add i2c
2026-04-06 16:06:24,763 [INFO] IPUIPlugin:80 - create IPUIPlugin
2026-04-06 16:06:24,763 [INFO] PluginManager:220 - loadIPPluginJar : add ipddr
2026-04-06 16:06:24,766 [INFO] IPUIPlugin:80 - create IPUIPlugin
2026-04-06 16:06:24,766 [INFO] PluginManager:220 - loadIPPluginJar : add aes
2026-04-06 16:06:24,769 [INFO] IPUIPlugin:80 - create IPUIPlugin
2026-04-06 16:06:24,769 [INFO] PluginManager:220 - loadIPPluginJar : add sai
2026-04-06 16:06:24,772 [INFO] IPUIPlugin:80 - create IPUIPlugin
2026-04-06 16:06:24,772 [INFO] PluginManager:220 - loadIPPluginJar : add dma3
2026-04-06 16:06:24,775 [INFO] IPUIPlugin:80 - create IPUIPlugin
2026-04-06 16:06:24,775 [INFO] PluginManager:220 - loadIPPluginJar : add lorawan
2026-04-06 16:06:24,778 [INFO] IPUIPlugin:80 - create IPUIPlugin
2026-04-06 16:06:24,778 [INFO] PluginManager:220 - loadIPPluginJar : add dfsdm
2026-04-06 16:06:24,780 [INFO] IPUIPlugin:80 - create IPUIPlugin
2026-04-06 16:06:24,780 [INFO] PluginManager:220 - loadIPPluginJar : add gtzc
2026-04-06 16:06:24,784 [INFO] IPUIPlugin:80 - create IPUIPlugin
2026-04-06 16:06:24,784 [INFO] PluginManager:220 - loadIPPluginJar : add can
2026-04-06 16:06:24,790 [INFO] IPUIPlugin:80 - create IPUIPlugin
2026-04-06 16:06:24,790 [INFO] PluginManager:220 - loadIPPluginJar : add freertos
2026-04-06 16:06:24,794 [INFO] IPUIPlugin:80 - create IPUIPlugin
2026-04-06 16:06:24,794 [INFO] PluginManager:220 - loadIPPluginJar : add usart
2026-04-06 16:06:24,799 [INFO] IPUIPlugin:80 - create IPUIPlugin
2026-04-06 16:06:24,799 [INFO] PluginManager:220 - loadIPPluginJar : add fmc
2026-04-06 16:06:24,803 [INFO] IPUIPlugin:80 - create IPUIPlugin
2026-04-06 16:06:24,803 [INFO] PluginManager:220 - loadIPPluginJar : add gpio
2026-04-06 16:06:24,806 [INFO] IPUIPlugin:80 - create IPUIPlugin
2026-04-06 16:06:24,806 [INFO] PluginManager:220 - loadIPPluginJar : add i2s
2026-04-06 16:06:24,812 [INFO] IPUIPlugin:80 - create IPUIPlugin
2026-04-06 16:06:24,812 [INFO] PluginManager:220 - loadIPPluginJar : add mdma
2026-04-06 16:06:24,813 [INFO] IPUIPlugin:80 - create IPUIPlugin
2026-04-06 16:06:24,813 [INFO] PluginManager:220 - loadIPPluginJar : add ltdc
2026-04-06 16:06:24,816 [INFO] IPUIPlugin:80 - create IPUIPlugin
2026-04-06 16:06:24,816 [INFO] PluginManager:220 - loadIPPluginJar : add opamp
2026-04-06 16:06:24,823 [INFO] IPUIPlugin:80 - create IPUIPlugin
2026-04-06 16:06:24,823 [INFO] PluginManager:220 - loadIPPluginJar : add adc
2026-04-06 16:06:24,826 [INFO] IPUIPlugin:80 - create IPUIPlugin
2026-04-06 16:06:24,826 [INFO] PluginManager:220 - loadIPPluginJar : add ddr_ctrl_phy
2026-04-06 16:06:24,832 [INFO] IPUIPlugin:80 - create IPUIPlugin
2026-04-06 16:06:24,832 [INFO] PluginManager:220 - loadIPPluginJar : add stm32_wpan
2026-04-06 16:06:24,839 [INFO] IPUIPlugin:80 - create IPUIPlugin
2026-04-06 16:06:24,839 [INFO] PluginManager:220 - loadIPPluginJar : add dma
2026-04-06 16:06:24,841 [INFO] IPUIPlugin:80 - create IPUIPlugin
2026-04-06 16:06:24,841 [INFO] PluginManager:220 - loadIPPluginJar : add tsc
2026-04-06 16:06:24,842 [INFO] IPUIPlugin:80 - create IPUIPlugin
2026-04-06 16:06:24,843 [INFO] PluginManager:220 - loadIPPluginJar : add comp
2026-04-06 16:06:24,844 [INFO] IPUIPlugin:80 - create IPUIPlugin
2026-04-06 16:06:24,844 [INFO] PluginManager:220 - loadIPPluginJar : add fatfs
2026-04-06 16:06:24,846 [INFO] IPUIPlugin:80 - create IPUIPlugin
2026-04-06 16:06:24,846 [INFO] PluginManager:220 - loadIPPluginJar : add tim
2026-04-06 16:06:24,848 [INFO] IPUIPlugin:80 - create IPUIPlugin
2026-04-06 16:06:24,849 [INFO] PluginManager:220 - loadIPPluginJar : add gfxmmu
2026-04-06 16:06:24,850 [INFO] IPUIPlugin:80 - create IPUIPlugin
2026-04-06 16:06:24,851 [INFO] PluginManager:220 - loadIPPluginJar : add radio
2026-04-06 16:06:24,968 [FATAL] Updater:351 - Updater called before beeing initialized
2026-04-06 16:06:25,032 [INFO] RulesReader:64 - Compatibility file has been processed (302 Rules)
2026-04-06 16:06:25,053 [INFO] RulesReader:64 - Compatibility file has been processed (302 Rules)
2026-04-06 16:06:25,065 [INFO] CADModel:165 - CPN selected for project level
2026-04-06 16:06:25,066 [INFO] CADModel:114 - Register for checkConnection events
2026-04-06 16:06:25,066 [FATAL] Updater:351 - Updater called before beeing initialized
2026-04-06 16:06:25,066 [ERROR] CADModel:125 - Updater not yet initialized, retry later 
2026-04-06 16:06:25,260 [FATAL] Updater:351 - Updater called before beeing initialized
2026-04-06 16:06:25,263 [INFO] CADModel:165 - CPN selected for project level
2026-04-06 16:06:25,263 [INFO] CADModel:114 - Register for checkConnection events
2026-04-06 16:06:25,264 [FATAL] Updater:351 - Updater called before beeing initialized
2026-04-06 16:06:25,264 [ERROR] CADModel:125 - Updater not yet initialized, retry later 
2026-04-06 16:06:25,269 [FATAL] Updater:351 - Updater called before beeing initialized
2026-04-06 16:06:25,422 [FATAL] Updater:351 - Updater called before beeing initialized
2026-04-06 16:06:25,428 [INFO] DbMcusAds:53 - JSON generation date=Thu Mar 05 21:32:52 ICT 2026 (1772721172890)
2026-04-06 16:06:25,428 [FATAL] Updater:351 - Updater called before beeing initialized
2026-04-06 16:06:25,470 [WARN] DetailPanel:346 - Failed to get advertising image, set to default
2026-04-06 16:06:25,721 [FATAL] Updater:351 - Updater called before beeing initialized
2026-04-06 16:06:25,722 [FATAL] Updater:351 - Updater called before beeing initialized
2026-04-06 16:06:25,723 [FATAL] Updater:351 - Updater called before beeing initialized
2026-04-06 16:06:25,723 [WARN] DetailPanel:346 - Failed to get advertising image, set to default
2026-04-06 16:06:25,724 [FATAL] Updater:351 - Updater called before beeing initialized
2026-04-06 16:06:25,766 [ERROR] Updater:1198 - MainUpdater not yet initialized. External WinMGr cannot be set.
2026-04-06 16:06:25,768 [INFO] Updater:1134 - Updater Version found : 6.14.1
2026-04-06 16:06:25,789 [INFO] ApplicationProperties:184 - Using Application install path: /opt/st/stm32cubeide_1.18.1/plugins/com.st.stm32cube.common.mx_6.14.1.202504091515
2026-04-06 16:06:26,083 [INFO] MainUpdater:2872 - connection check result : 10
2026-04-06 16:06:26,084 [INFO] MainUpdater:289 - Updater Check For Update Now.
2026-04-06 16:06:26,084 [INFO] MicroXplorer:498 - Change Database Version : DB.6.0.141
2026-04-06 16:06:26,096 [INFO] McuFinderGlobals:63 - Set McuFinder mode to 2 (CubeIDE integrated)
2026-04-06 16:06:26,097 [INFO] UserAuth:484 - Internet connection configuration mode: 1
2026-04-06 16:06:26,133 [INFO] JxBrowserEngine:152 - Initiate JxBrowser Engine with user profile folder
2026-04-06 16:06:26,306 [INFO] CheckServerUpdateThread:120 - End of CheckServer Thread
2026-04-06 16:06:27,379 [INFO] WebApp:169 - Instantiating new browser for Auth
2026-04-06 16:06:27,500 [WARN] PackLoader:240 - Cannot read IP mode file for STMicroelectronics.X-CUBE-AZRTOS-H7.3.5.0
2026-04-06 16:06:27,514 [WARN] PackLoader:240 - Cannot read IP mode file for STMicroelectronics.FP-ATR-ASTRA1.2.0.2
2026-04-06 16:06:27,522 [WARN] PackLoader:240 - Cannot read IP mode file for STMicroelectronics.X-CUBE-SMBUS.2.1.0
2026-04-06 16:06:27,567 [WARN] PackLoader:240 - Cannot read IP mode file for STMicroelectronics.X-CUBE-AZRTOS-F7.1.1.0
2026-04-06 16:06:27,576 [ERROR] Engine:466 - /home/vatcraft/.stm32cubemx/thirdparties/pdsc/STMicroelectronics.FP-SNS-MOTENV1.5.1.0.pdsc: PDSC version is not supported
2026-04-06 16:06:27,584 [ERROR] Engine:466 - /home/vatcraft/.stm32cubemx/thirdparties/pdsc/WES.I-CUBE-Cesium.1.4.0.pdsc: PDSC version is not supported
2026-04-06 16:06:27,593 [WARN] PackLoader:240 - Cannot read IP mode file for STMicroelectronics.X-CUBE-DISPLAY.3.0.0
2026-04-06 16:06:27,611 [ERROR] Engine:466 - /home/vatcraft/.stm32cubemx/thirdparties/pdsc/STMicroelectronics.FP-SNS-MOTENVWB1.1.5.0.pdsc: PDSC version is not supported
2026-04-06 16:06:27,621 [WARN] PackLoader:240 - Cannot read IP mode file for STMicroelectronics.X-CUBE-NFC10.1.0.0
2026-04-06 16:06:27,634 [WARN] PackLoader:240 - Cannot read IP mode file for STMicroelectronics.X-CUBE-ST60.1.1.0
2026-04-06 16:06:27,646 [WARN] PackLoader:240 - Cannot read IP mode file for emotas.I-CUBE-CANOPEN.1.3.0
2026-04-06 16:06:27,653 [WARN] PackLoader:240 - Cannot read IP mode file for STMicroelectronics.X-CUBE-GNSS1.7.1.0
2026-04-06 16:06:27,664 [ERROR] Engine:466 - /home/vatcraft/.stm32cubemx/thirdparties/pdsc/STMicroelectronics.FP-SNS-STBOX1.2.1.0.pdsc: PDSC version is not supported
2026-04-06 16:06:27,675 [WARN] PackLoader:240 - Cannot read IP mode file for STMicroelectronics.FP-SNS-SMARTAG2.1.2.0
2026-04-06 16:06:27,684 [WARN] PackLoader:240 - Cannot read IP mode file for STMicroelectronics.FP-SNS-FLIGHT1.5.1.0
2026-04-06 16:06:27,707 [INFO] LogOutputStream:77 - [STDOUT_REDIRECT] 1 : Invalid condition id : UX_CORESTACK_Condition cause : null
2026-04-06 16:06:27,710 [INFO] LogOutputStream:77 - [STDOUT_REDIRECT] 1 : Invalid condition id : UX_CORESTACK_Condition cause : null
2026-04-06 16:06:27,710 [INFO] LogOutputStream:77 - [STDOUT_REDIRECT] 1 : Invalid condition id : UX_CORESTACK_Condition cause : null
2026-04-06 16:06:27,711 [INFO] LogOutputStream:77 - [STDOUT_REDIRECT] 1 : Invalid condition id : UX_CORESTACK_Condition cause : null
2026-04-06 16:06:27,711 [INFO] LogOutputStream:77 - [STDOUT_REDIRECT] 1 : Invalid condition id : UX_CORESTACK_Condition cause : null
2026-04-06 16:06:27,721 [WARN] PackLoader:240 - Cannot read IP mode file for STMicroelectronics.X-CUBE-AZRTOS-WL.2.0.0
2026-04-06 16:06:27,772 [WARN] PackLoader:240 - Cannot read IP mode file for STMicroelectronics.X-CUBE-AZRTOS-H7RS.1.2.0
2026-04-06 16:06:27,788 [WARN] PackLoader:240 - Cannot read IP mode file for STMicroelectronics.X-CUBE-BLE2.3.3.0
2026-04-06 16:06:27,863 [WARN] PackLoader:240 - Cannot read IP mode file for Infineon.AIROC-Wi-Fi-Bluetooth-STM32.1.8.0
2026-04-06 16:06:27,879 [WARN] PackLoader:240 - Cannot read IP mode file for STMicroelectronics.X-CUBE-NFC9.1.0.0
2026-04-06 16:06:27,912 [WARN] PackLoader:240 - Cannot read IP mode file for STMicroelectronics.X-CUBE-BLE1.7.1.0
2026-04-06 16:06:27,921 [WARN] PackLoader:240 - Cannot read IP mode file for wolfSSL.I-CUBE-wolfMQTT.1.19.2
2026-04-06 16:06:27,929 [WARN] PackLoader:240 - Cannot read IP mode file for STMicroelectronics.X-CUBE-EEPRMA1.5.2.0
2026-04-06 16:06:27,940 [WARN] PackLoader:240 - Cannot read IP mode file for wolfSSL.I-CUBE-wolfSSL.5.8.4
2026-04-06 16:06:27,945 [WARN] PackLoader:240 - Cannot read IP mode file for Cesanta.I-CUBE-Mongoose.7.20.0
2026-04-06 16:06:28,092 [WARN] PackLoader:240 - Cannot read IP mode file for STMicroelectronics.X-CUBE-MEMS1.12.0.0
2026-04-06 16:06:28,328 [WARN] PackLoader:240 - Cannot read IP mode file for STMicroelectronics.X-CUBE-AZRTOS-G0.1.1.0
2026-04-06 16:06:28,336 [WARN] PackLoader:240 - Cannot read IP mode file for STMicroelectronics.X-CUBE-NFC4.3.0.0
2026-04-06 16:06:28,347 [WARN] PackLoader:240 - Cannot read IP mode file for EmbeddedOffice.I-CUBE-FS-RTOS.1.0.1
2026-04-06 16:06:28,353 [WARN] PackLoader:240 - Cannot read IP mode file for STMicroelectronics.X-CUBE-WB05N.2.0.0
2026-04-06 16:06:28,358 [WARN] PackLoader:240 - Cannot read IP mode file for wolfSSL.I-CUBE-wolfTPM.3.8.0
2026-04-06 16:06:28,364 [WARN] PackLoader:240 - Cannot read IP mode file for STMicroelectronics.X-CUBE-TCPP.4.2.0
2026-04-06 16:06:28,370 [WARN] PackLoader:240 - Cannot read IP mode file for RealThread.X-CUBE-RT-Thread_Nano.4.1.1
2026-04-06 16:06:28,375 [WARN] PackLoader:240 - Cannot read IP mode file for STMicroelectronics.FP-ATR-SIGFOX1.3.2.0
2026-04-06 16:06:28,378 [ERROR] Engine:466 - /home/vatcraft/.stm32cubemx/thirdparties/pdsc/STMicroelectronics.X-CUBE-FREERTOS.1.5.0.pdsc: PDSC version is not supported
2026-04-06 16:06:28,384 [WARN] PackLoader:240 - Cannot read IP mode file for ITTIA_DB.I-CUBE-ITTIADB.8.9.0
2026-04-06 16:06:28,397 [WARN] PackLoader:240 - Cannot read IP mode file for STMicroelectronics.X-CUBE-NFC6.3.2.0
2026-04-06 16:06:28,405 [WARN] PackLoader:240 - Cannot read IP mode file for STMicroelectronics.X-CUBE-AI.10.2.0
2026-04-06 16:06:28,475 [WARN] PackLoader:240 - Cannot read IP mode file for SEGGER.I-CUBE-embOS.1.3.1
2026-04-06 16:06:28,554 [WARN] PackLoader:240 - Cannot read IP mode file for STMicroelectronics.X-CUBE-ALGOBUILD.1.4.0
2026-04-06 16:06:28,558 [WARN] PackLoader:240 - Cannot read IP mode file for STMicroelectronics.X-CUBE-PM33A1.1.0.0
2026-04-06 16:06:28,579 [WARN] PackLoader:240 - Cannot read IP mode file for STMicroelectronics.X-CUBE-AZRTOS-F4.1.1.0
2026-04-06 16:06:28,586 [WARN] PackLoader:240 - Cannot read IP mode file for STMicroelectronics.X-CUBE-ISPU.2.1.0
2026-04-06 16:06:28,594 [ERROR] Engine:466 - /home/vatcraft/.stm32cubemx/thirdparties/pdsc/STMicroelectronics.X-CUBE-IPS.3.2.0.pdsc: PDSC version is not supported
2026-04-06 16:06:28,599 [WARN] PackLoader:240 - Cannot read IP mode file for STMicroelectronics.eDS-WB_DPC_TT-BIDIR.2.1.1
2026-04-06 16:06:28,614 [WARN] PackLoader:240 - Cannot read IP mode file for STMicroelectronics.X-CUBE-NFC12.1.0.0
2026-04-06 16:06:28,647 [WARN] PackLoader:240 - Cannot read IP mode file for STMicroelectronics.X-CUBE-AZRTOS-L5.2.0.0
2026-04-06 16:06:28,660 [WARN] PackLoader:240 - Cannot read IP mode file for STMicroelectronics.eDS-WB_DPC_VIENNA.1.2.0
2026-04-06 16:06:28,732 [WARN] PackLoader:240 - Cannot read IP mode file for STMicroelectronics.eDS-WB_DPC_3PH2L-BIDIR.1.1.1
2026-04-06 16:06:28,753 [WARN] PackLoader:240 - Cannot read IP mode file for STMicroelectronics.X-CUBE-TOUCHGFX.4.26.1
2026-04-06 16:06:28,765 [WARN] PackLoader:240 - Cannot read IP mode file for STMicroelectronics.FP-SNS-STAIOTCFT.1.0.0
2026-04-06 16:06:28,782 [WARN] PackLoader:240 - Cannot read IP mode file for STMicroelectronics.X-CUBE-DPower.1.3.0
2026-04-06 16:06:28,825 [WARN] ConditionMgr:438 - getConditionDescription Invalid condition id : LAN8742 Phy interface Condition cause : null
2026-04-06 16:06:28,826 [WARN] PackLoader:240 - Cannot read IP mode file for STMicroelectronics.X-CUBE-AZRTOS-L4.2.0.0
2026-04-06 16:06:28,829 [WARN] ConditionMgr:1044 - genDependencies : Invalid condition id : LAN8742 Phy interface Condition cause : null
2026-04-06 16:06:28,829 [WARN] ConditionMgr:1044 - genDependencies : Invalid condition id : LAN8742 Phy interface Condition cause : null
2026-04-06 16:06:28,831 [WARN] ConditionMgr:1044 - genDependencies : Invalid condition id : LAN8742 Phy interface Condition cause : null
2026-04-06 16:06:28,847 [WARN] PackLoader:240 - Cannot read IP mode file for STMicroelectronics.X-CUBE-SFXS2LP1.4.0.0
2026-04-06 16:06:28,857 [ERROR] Engine:466 - /home/vatcraft/.stm32cubemx/thirdparties/pdsc/STMicroelectronics.X-CUBE-ST67W61.1.2.0.pdsc: PDSC version is not supported
2026-04-06 16:06:28,878 [WARN] PackLoader:240 - Cannot read IP mode file for STMicroelectronics.X-CUBE-BLEMGR.4.1.0
2026-04-06 16:06:28,922 [WARN] ConditionMgr:438 - getConditionDescription Invalid condition id : UX DEVICE CLASS RTOS Condition cause : null
2026-04-06 16:06:28,922 [WARN] ConditionMgr:438 - getConditionDescription Invalid condition id : UX DEVICE CLASS RTOS Condition cause : null
2026-04-06 16:06:28,929 [WARN] PackLoader:240 - Cannot read IP mode file for STMicroelectronics.X-CUBE-AZRTOS-WB.2.0.0
2026-04-06 16:06:28,933 [WARN] ConditionMgr:1044 - genDependencies : Invalid condition id : UX DEVICE CLASS RTOS Condition cause : null
2026-04-06 16:06:28,933 [WARN] ConditionMgr:1044 - genDependencies : Invalid condition id : UX DEVICE CLASS RTOS Condition cause : null
2026-04-06 16:06:28,934 [WARN] ConditionMgr:1044 - genDependencies : Invalid condition id : UX DEVICE CLASS RTOS Condition cause : null
2026-04-06 16:06:28,934 [WARN] ConditionMgr:1044 - genDependencies : Invalid condition id : UX DEVICE CLASS RTOS Condition cause : null
2026-04-06 16:06:28,935 [WARN] ConditionMgr:1044 - genDependencies : Invalid condition id : UX DEVICE CLASS RTOS Condition cause : null
2026-04-06 16:06:28,944 [WARN] ConditionMgr:438 - getConditionDescription Invalid condition id : Cortex-A Device cause : null
2026-04-06 16:06:28,965 [WARN] ConditionMgr:1044 - genDependencies : Invalid condition id : Cortex-A Device cause : null
2026-04-06 16:06:28,966 [WARN] ConditionMgr:1044 - genDependencies : Invalid condition id : Cortex-A Device cause : null
2026-04-06 16:06:28,969 [WARN] ConditionMgr:1044 - genDependencies : Invalid condition id : Cortex-A Device cause : null
2026-04-06 16:06:28,985 [WARN] PackLoader:240 - Cannot read IP mode file for STMicroelectronics.X-CUBE-STSE01.2.0.0
2026-04-06 16:06:29,000 [WARN] PackLoader:240 - Cannot read IP mode file for STMicroelectronics.X-CUBE-SUBG2.5.0.0
2026-04-06 16:06:29,023 [INFO] WebApp:463 - Apply proxy settings
2026-04-06 16:06:29,023 [INFO] WebApp:548 - Chromium requires no authentication
2026-04-06 16:06:29,038 [WARN] PackLoader:240 - Cannot read IP mode file for STMicroelectronics.X-CUBE-AZRTOS-G4.2.0.0
2026-04-06 16:06:29,043 [INFO] WebApp:491 - Direct internet connection detected
2026-04-06 16:06:29,044 [WARN] PackLoader:240 - Cannot read IP mode file for wolfSSL.I-CUBE-wolfSSH.1.4.20
2026-04-06 16:06:29,060 [WARN] PackLoader:240 - Cannot read IP mode file for STMicroelectronics.X-CUBE-NFC7.2.0.0
2026-04-06 16:06:29,072 [WARN] PackLoader:240 - Cannot read IP mode file for STMicroelectronics.X-CUBE-ALS.1.0.2
2026-04-06 16:06:29,093 [INFO] WebApp:894 - Register for checkConnection events
2026-04-06 16:06:29,094 [WARN] PackLoader:240 - Cannot read IP mode file for STMicroelectronics.X-CUBE-TOF1.3.4.3
2026-04-06 16:06:29,094 [INFO] WebApp:463 - Apply proxy settings
2026-04-06 16:06:29,094 [INFO] WebApp:548 - Chromium requires no authentication
2026-04-06 16:06:29,097 [INFO] WebApp:491 - Direct internet connection detected
2026-04-06 16:06:29,141 [INFO] ThirdParty:978 - Integrity check success = true
2026-04-06 16:06:29,141 [INFO] IntegrityCheckThread:100 - exiting critical section [integrity check]
2026-04-06 16:06:29,142 [INFO] IntegrityCheckThread:103 - End integrity checks thread
2026-04-06 16:06:29,397 [INFO] WebApp:225 - Starting web application
2026-04-06 16:06:29,398 [INFO] WebApp:593 - Web application path used /opt/st/stm32cubeide_1.18.1/plugins/com.st.stm32cube.common.mx_6.14.1.202504091515/db/plugins/mcufinder/reactClient1/index.html
2026-04-06 16:06:29,397 [INFO] WebApp:191 - Connection restablished
2026-04-06 16:06:29,614 [INFO] UserAuth:484 - Internet connection configuration mode: 1
2026-04-06 16:20:00,906 [INFO] WebApp:194 - Connection lost
2026-04-06 16:20:01,110 [INFO] WebApp:191 - Connection restablished
2026-04-06 16:25:27,533 [INFO] WebApp:194 - Connection lost
2026-04-06 16:25:27,881 [INFO] WebApp:191 - Connection restablished
2026-04-06 16:27:03,050 [INFO] WebApp:194 - Connection lost
2026-04-06 16:27:03,424 [INFO] WebApp:191 - Connection restablished
2026-04-06 16:30:20,365 [ERROR] LogOutputStream:75 - [STDERR_REDIRECT] 
